,object id,district,street,year,month,hour of day,weekday,category,accident type,accident type 2,light situation,bike involved,car involved,pedestrian involved,motor bike involved,big track involved,other vehicle involved,road condition,district name,category name,accident detail,accident type detail,light condition,road condition detail
251,50148,3,Schönholz,2019,1,16,6,3,0,6,2,0,1,0,0,0,1,1,Pankow,Accident with minor injuries,Others,Collision involving vehicles going in the same way,Dark,Wet/moist/slippery
252,50151,4,Brabanter Platz,2019,1,17,3,3,2,6,0,0,1,0,0,0,0,0,Charlottenburg - Wilmersdorf,Accident with minor injuries,Collision with the vehicle in front/waiting vehicle,Collision involving vehicles going in the same way,Daylight,Dry
253,50152,7,Dennewitzplatz,2019,10,16,3,2,6,4,0,0,1,1,0,0,0,1,Tempelhof-Schöneberg,Accident with serious injuries,Collision between vehicle and pedestrian,Pedestrian crossing accident,Daylight,Wet/moist/slippery
254,50153,1,Nördlicher Landwehrkanal,2019,6,18,5,3,2,6,0,0,1,0,0,0,0,0,Mitte,Accident with minor injuries,Collision with the vehicle in front/waiting vehicle,Collision involving vehicles going in the same way,Daylight,Dry
255,50154,11,Rüdigerstraße,2019,9,7,2,3,9,1,0,0,1,0,0,0,0,0,Lichtenberg,Accident with minor injuries,Departure from the roadway to the left,Driving accident,Daylight,Dry
256,50155,4,Güterbahnhof Grunewald,2019,12,23,5,3,8,1,2,0,1,0,0,0,0,1,Charlottenburg - Wilmersdorf,Accident with minor injuries,Departure from the roadway to the right,Driving accident,Dark,Wet/moist/slippery
257,50156,7,Manteuffelstraße,2019,6,1,7,3,5,3,2,1,1,0,0,0,0,0,Tempelhof-Schöneberg,Accident with minor injuries,Collision with a turning/crossing vehicle,Turning/Crossing accident,Dark,Dry
258,50157,1,Reinickendorfer Straße,2019,5,17,4,3,2,7,0,0,1,0,0,0,0,0,Mitte,Accident with minor injuries,Collision with the vehicle in front/waiting vehicle,Others,Daylight,Dry
259,50158,4,Paul-Hertz-Siedlung,2019,11,2,1,3,9,1,2,0,1,0,0,0,0,1,Charlottenburg - Wilmersdorf,Accident with minor injuries,Departure from the roadway to the left,Driving accident,Dark,Wet/moist/slippery
260,50159,3,Erich-Weinert-Straße,2019,6,8,6,3,6,4,0,1,0,1,0,0,0,0,Pankow,Accident with minor injuries,Collision between vehicle and pedestrian,Pedestrian crossing accident,Daylight,Dry
261,50160,7,Volkspark (Rudolf-Wilde-Park),2019,11,14,5,2,5,2,0,1,1,0,0,0,0,0,Tempelhof-Schöneberg,Accident with serious injuries,Collision with a turning/crossing vehicle,Turning accident,Daylight,Dry
262,50161,2,Samariterviertel,2019,8,16,5,3,4,6,0,1,0,0,0,0,1,0,Friedrichshain - Kreuzberg,Accident with minor injuries,Collision with oncoming vehicle,Collision involving vehicles going in the same way,Daylight,Dry
263,50162,6,Wannsee,2019,5,13,4,2,0,7,0,0,1,0,0,0,0,0,Steglitz-Zehlendorf,Accident with serious injuries,Others,Others,Daylight,Dry
264,50163,4,Königin-Elisabeth-Straße,2019,10,8,1,2,1,1,0,0,1,0,0,0,0,0,Charlottenburg - Wilmersdorf,Accident with serious injuries,Collision with a moving/standing/parked vehicle,Driving accident,Daylight,Dry
265,50164,4,Ernst-Reuter-Platz,2019,9,16,2,3,5,2,0,0,1,0,1,0,0,0,Charlottenburg - Wilmersdorf,Accident with minor injuries,Collision with a turning/crossing vehicle,Turning accident,Daylight,Dry
266,50166,4,Königin-Elisabeth-Straße,2019,6,14,6,2,6,7,0,0,1,1,0,0,0,0,Charlottenburg - Wilmersdorf,Accident with serious injuries,Collision between vehicle and pedestrian,Others,Daylight,Dry
267,50167,2,Gleisdreieck/Entwicklungsgebiet,2019,8,16,5,3,3,6,0,0,0,0,0,0,1,0,Friedrichshain - Kreuzberg,Accident with minor injuries,Collision with a vehicle traveling laterally in the same direction,Collision involving vehicles going in the same way,Daylight,Dry
268,50168,4,Schloßstraße,2019,5,13,4,3,2,6,0,0,1,0,0,0,0,0,Charlottenburg - Wilmersdorf,Accident with minor injuries,Collision with the vehicle in front/waiting vehicle,Collision involving vehicles going in the same way,Daylight,Dry
269,50169,7,Rathaus Tempelhof,2019,6,16,7,3,5,3,0,0,1,0,0,0,0,0,Tempelhof-Schöneberg,Accident with minor injuries,Collision with a turning/crossing vehicle,Turning/Crossing accident,Daylight,Dry
270,50170,7,Fritz-Werner-Straße,2019,9,10,2,2,5,2,0,0,1,0,1,0,0,0,Tempelhof-Schöneberg,Accident with serious injuries,Collision with a turning/crossing vehicle,Turning accident,Daylight,Dry
271,50171,6,Botanischer Garten,2019,12,16,1,3,5,3,2,0,1,0,0,0,0,1,Steglitz-Zehlendorf,Accident with minor injuries,Collision with a turning/crossing vehicle,Turning/Crossing accident,Dark,Wet/moist/slippery
272,50172,5,Weinmeisterhornweg,2019,6,13,6,3,2,6,0,0,0,0,1,1,0,0,Spandau,Accident with minor injuries,Collision with the vehicle in front/waiting vehicle,Collision involving vehicles going in the same way,Daylight,Dry
273,50173,6,Nikolassee,2019,8,15,5,3,0,3,0,1,1,0,0,0,0,0,Steglitz-Zehlendorf,Accident with minor injuries,Others,Turning/Crossing accident,Daylight,Dry
274,50174,3,Greifswalder Straße,2019,11,16,2,3,5,2,0,0,1,0,0,0,0,0,Pankow,Accident with minor injuries,Collision with a turning/crossing vehicle,Turning accident,Daylight,Dry
275,50175,4,Schloßstraße,2019,8,16,5,3,0,3,0,1,1,0,0,0,0,0,Charlottenburg - Wilmersdorf,Accident with minor injuries,Others,Turning/Crossing accident,Daylight,Dry
276,50176,4,Ernst-Reuter-Platz,2019,5,12,4,3,2,6,0,0,1,0,1,0,0,0,Charlottenburg - Wilmersdorf,Accident with minor injuries,Collision with the vehicle in front/waiting vehicle,Collision involving vehicles going in the same way,Daylight,Dry
277,50177,11,Rüdigerstraße,2019,10,13,1,3,3,6,0,0,1,0,1,0,0,0,Lichtenberg,Accident with minor injuries,Collision with a vehicle traveling laterally in the same direction,Collision involving vehicles going in the same way,Daylight,Dry
278,50178,7,Dennewitzplatz,2019,9,17,7,3,3,6,0,0,1,0,0,0,0,0,Tempelhof-Schöneberg,Accident with minor injuries,Collision with a vehicle traveling laterally in the same direction,Collision involving vehicles going in the same way,Daylight,Dry
279,50180,12,Waldidyll/Flughafensee,2019,6,14,6,3,2,6,0,0,1,0,0,0,1,0,Reinickendorf,Accident with minor injuries,Collision with the vehicle in front/waiting vehicle,Collision involving vehicles going in the same way,Daylight,Dry
280,50181,2,Samariterviertel,2019,8,14,5,3,0,1,0,1,1,0,0,0,0,0,Friedrichshain - Kreuzberg,Accident with minor injuries,Others,Driving accident,Daylight,Dry
281,50182,2,Hausburgviertel,2019,5,11,4,3,0,6,0,0,1,0,1,0,0,0,Friedrichshain - Kreuzberg,Accident with minor injuries,Others,Collision involving vehicles going in the same way,Daylight,Dry
282,50183,4,Schloßstraße,2019,11,15,3,3,3,6,0,0,1,0,0,1,0,0,Charlottenburg - Wilmersdorf,Accident with minor injuries,Collision with a vehicle traveling laterally in the same direction,Collision involving vehicles going in the same way,Daylight,Dry
283,50184,7,Kettinger Straße/Schillerstraße,2019,6,9,4,3,2,6,0,0,1,0,0,0,0,0,Tempelhof-Schöneberg,Accident with minor injuries,Collision with the vehicle in front/waiting vehicle,Collision involving vehicles going in the same way,Daylight,Dry
284,50185,4,Kranzallee,2019,9,17,7,3,0,1,0,1,0,0,0,0,0,0,Charlottenburg - Wilmersdorf,Accident with minor injuries,Others,Driving accident,Daylight,Dry
285,50186,5,Weinmeisterhornweg,2019,12,23,7,3,5,2,2,0,1,0,0,0,0,1,Spandau,Accident with minor injuries,Collision with a turning/crossing vehicle,Turning accident,Dark,Wet/moist/slippery
286,50187,4,Schloßstraße,2019,8,12,5,3,2,6,0,0,1,0,0,0,1,0,Charlottenburg - Wilmersdorf,Accident with minor injuries,Collision with the vehicle in front/waiting vehicle,Collision involving vehicles going in the same way,Daylight,Dry
287,50188,3,Arnimplatz,2019,10,17,3,3,2,6,2,0,1,0,0,0,0,0,Pankow,Accident with minor injuries,Collision with the vehicle in front/waiting vehicle,Collision involving vehicles going in the same way,Dark,Dry
288,50189,2,Wriezener Bahnhof/Entwicklungsgebiet,2019,9,19,7,2,0,7,2,1,0,0,0,0,0,0,Friedrichshain - Kreuzberg,Accident with serious injuries,Others,Others,Dark,Dry
289,50190,6,Berlepschstraße,2019,8,9,5,3,0,7,0,1,0,0,0,0,0,0,Steglitz-Zehlendorf,Accident with minor injuries,Others,Others,Daylight,Dry
290,50191,7,Neu-Tempelhof,2019,5,9,4,3,2,6,0,0,1,0,1,0,0,0,Tempelhof-Schöneberg,Accident with minor injuries,Collision with the vehicle in front/waiting vehicle,Collision involving vehicles going in the same way,Daylight,Dry
291,50192,1,Alexanderplatzviertel,2019,10,13,2,2,6,7,0,0,0,1,0,0,1,0,Mitte,Accident with serious injuries,Collision between vehicle and pedestrian,Others,Daylight,Dry
292,50193,3,Niederschönhausen,2019,6,11,2,3,5,3,0,1,1,0,0,0,0,0,Pankow,Accident with minor injuries,Collision with a turning/crossing vehicle,Turning/Crossing accident,Daylight,Dry
293,50194,3,Anton-Saefkow-Park,2019,9,9,7,3,5,3,0,1,1,0,0,0,0,0,Pankow,Accident with minor injuries,Collision with a turning/crossing vehicle,Turning/Crossing accident,Daylight,Dry
294,50196,2,Gleisdreieck/Entwicklungsgebiet,2019,6,16,6,3,5,3,0,1,1,0,0,0,0,0,Friedrichshain - Kreuzberg,Accident with minor injuries,Collision with a turning/crossing vehicle,Turning/Crossing accident,Daylight,Dry
295,50197,4,Richard-Wagner-Straße,2019,8,19,4,2,5,2,0,0,1,0,1,0,0,0,Charlottenburg - Wilmersdorf,Accident with serious injuries,Collision with a turning/crossing vehicle,Turning accident,Daylight,Dry
296,50198,3,Niederschönhausen,2019,5,8,4,2,0,5,0,0,0,0,1,0,1,0,Pankow,Accident with serious injuries,Others,Accident involving parked vehicles,Daylight,Dry
297,50199,4,Stadion Wilmersdorf,2019,11,8,5,3,2,6,0,0,1,0,0,0,0,0,Charlottenburg - Wilmersdorf,Accident with minor injuries,Collision with the vehicle in front/waiting vehicle,Collision involving vehicles going in the same way,Daylight,Dry
298,50200,1,Leopoldplatz,2019,6,7,6,3,1,5,0,1,1,0,0,0,0,0,Mitte,Accident with minor injuries,Collision with a moving/standing/parked vehicle,Accident involving parked vehicles,Daylight,Dry
299,50201,12,Waldidyll/Flughafensee,2019,12,13,3,3,2,6,0,0,1,0,0,0,1,1,Reinickendorf,Accident with minor injuries,Collision with the vehicle in front/waiting vehicle,Collision involving vehicles going in the same way,Daylight,Wet/moist/slippery
300,50202,1,Alexanderplatzviertel,2019,8,21,4,3,0,1,2,1,0,0,0,0,0,0,Mitte,Accident with minor injuries,Others,Driving accident,Dark,Dry
301,50203,12,Waidmannslust,2019,5,7,4,3,5,2,0,0,1,0,0,0,0,0,Reinickendorf,Accident with minor injuries,Collision with a turning/crossing vehicle,Turning accident,Daylight,Dry
302,50204,1,Körnerstraße,2019,10,8,5,3,2,6,0,0,1,0,0,0,0,1,Mitte,Accident with minor injuries,Collision with the vehicle in front/waiting vehicle,Collision involving vehicles going in the same way,Daylight,Wet/moist/slippery
303,50205,2,Samariterviertel,2019,9,8,7,3,8,1,0,1,1,0,0,0,0,0,Friedrichshain - Kreuzberg,Accident with minor injuries,Departure from the roadway to the right,Driving accident,Daylight,Dry
304,50207,4,Güterbahnhof Grunewald,2019,8,15,4,3,2,6,0,0,1,0,0,0,0,0,Charlottenburg - Wilmersdorf,Accident with minor injuries,Collision with the vehicle in front/waiting vehicle,Collision involving vehicles going in the same way,Daylight,Dry
305,50208,2,Andreasviertel,2019,5,16,3,2,0,1,0,1,0,0,0,0,0,0,Friedrichshain - Kreuzberg,Accident with serious injuries,Others,Driving accident,Daylight,Dry
306,50209,2,Gleisdreieck/Entwicklungsgebiet,2019,9,6,2,2,0,2,1,0,1,0,1,0,0,1,Friedrichshain - Kreuzberg,Accident with serious injuries,Others,Turning accident,Twilight,Wet/moist/slippery
307,50210,1,Großer Tiergarten,2019,6,0,4,3,0,7,2,1,0,0,0,0,0,0,Mitte,Accident with minor injuries,Others,Others,Dark,Dry
308,50211,1,Großer Tiergarten,2019,9,16,7,3,6,7,0,1,0,1,0,0,0,0,Mitte,Accident with minor injuries,Collision between vehicle and pedestrian,Others,Daylight,Dry
309,50212,7,Dennewitzplatz,2019,12,19,6,2,6,4,2,0,1,1,0,0,0,1,Tempelhof-Schöneberg,Accident with serious injuries,Collision between vehicle and pedestrian,Pedestrian crossing accident,Dark,Wet/moist/slippery
310,50213,4,Jungfernheide,2019,6,14,6,3,2,6,0,0,1,0,0,0,0,0,Charlottenburg - Wilmersdorf,Accident with minor injuries,Collision with the vehicle in front/waiting vehicle,Collision involving vehicles going in the same way,Daylight,Dry
311,50214,2,Andreasviertel,2019,8,15,4,3,2,6,0,0,1,0,0,1,0,0,Friedrichshain - Kreuzberg,Accident with minor injuries,Collision with the vehicle in front/waiting vehicle,Collision involving vehicles going in the same way,Daylight,Dry
312,50215,11,Rosenfelder Ring,2019,5,18,3,3,3,2,0,1,0,0,0,0,1,0,Lichtenberg,Accident with minor injuries,Collision with a vehicle traveling laterally in the same direction,Turning accident,Daylight,Dry
313,50216,12,Teichstraße,2019,11,13,6,2,2,2,0,0,1,0,0,1,0,0,Reinickendorf,Accident with serious injuries,Collision with the vehicle in front/waiting vehicle,Turning accident,Daylight,Dry
314,50217,1,Großer Tiergarten,2019,9,1,7,3,0,1,2,0,1,0,0,0,0,0,Mitte,Accident with minor injuries,Others,Driving accident,Dark,Dry
315,50218,1,Humboldthain Nordwest,2019,11,16,3,3,5,3,1,0,1,0,1,0,0,0,Mitte,Accident with minor injuries,Collision with a turning/crossing vehicle,Turning/Crossing accident,Twilight,Dry
316,50219,7,Dennewitzplatz,2019,8,10,4,3,3,6,0,0,1,0,0,0,0,0,Tempelhof-Schöneberg,Accident with minor injuries,Collision with a vehicle traveling laterally in the same direction,Collision involving vehicles going in the same way,Daylight,Dry
317,50220,1,Körnerstraße,2019,5,21,3,3,0,3,2,1,0,0,1,0,0,0,Mitte,Accident with minor injuries,Others,Turning/Crossing accident,Dark,Dry
318,50221,9,Köpenicker Landstraße,2019,10,16,5,3,3,6,0,0,0,0,0,1,1,0,Treptow-Köpenick,Accident with minor injuries,Collision with a vehicle traveling laterally in the same direction,Collision involving vehicles going in the same way,Daylight,Dry
319,50222,7,Fritz-Werner-Straße,2019,9,16,6,3,5,2,0,1,0,0,0,0,1,0,Tempelhof-Schöneberg,Accident with minor injuries,Collision with a turning/crossing vehicle,Turning accident,Daylight,Dry
320,50224,7,Rathaus Tempelhof,2019,6,0,6,2,3,6,2,0,1,0,0,0,0,0,Tempelhof-Schöneberg,Accident with serious injuries,Collision with a vehicle traveling laterally in the same direction,Collision involving vehicles going in the same way,Dark,Dry
321,50225,7,Grazer Platz,2019,8,9,4,3,0,2,0,0,1,0,0,0,1,0,Tempelhof-Schöneberg,Accident with minor injuries,Others,Turning accident,Daylight,Dry
322,50226,3,Falkplatz,2019,5,16,3,3,1,5,0,1,0,0,0,0,1,0,Pankow,Accident with minor injuries,Collision with a moving/standing/parked vehicle,Accident involving parked vehicles,Daylight,Dry
323,50227,1,Alexanderplatzviertel,2019,6,20,6,3,2,6,0,0,1,0,1,0,0,0,Mitte,Accident with minor injuries,Collision with the vehicle in front/waiting vehicle,Collision involving vehicles going in the same way,Daylight,Dry
324,50228,1,Alexanderplatzviertel,2019,9,15,6,3,2,6,0,0,1,0,1,0,0,0,Mitte,Accident with minor injuries,Collision with the vehicle in front/waiting vehicle,Collision involving vehicles going in the same way,Daylight,Dry
325,50229,1,Großer Tiergarten,2019,12,12,6,3,2,6,0,0,1,0,0,0,0,0,Mitte,Accident with minor injuries,Collision with the vehicle in front/waiting vehicle,Collision involving vehicles going in the same way,Daylight,Dry
326,50230,7,Fritz-Werner-Straße,2019,6,13,6,3,2,6,0,0,1,0,0,0,0,0,Tempelhof-Schöneberg,Accident with minor injuries,Collision with the vehicle in front/waiting vehicle,Collision involving vehicles going in the same way,Daylight,Dry
327,50231,4,Bismarckallee,2019,8,14,4,3,2,6,0,0,1,0,0,0,0,0,Charlottenburg - Wilmersdorf,Accident with minor injuries,Collision with the vehicle in front/waiting vehicle,Collision involving vehicles going in the same way,Daylight,Dry
328,50232,1,Alexanderplatzviertel,2019,11,17,7,3,5,2,2,0,1,0,0,0,0,1,Mitte,Accident with minor injuries,Collision with a turning/crossing vehicle,Turning accident,Dark,Wet/moist/slippery
329,50233,1,Alexanderplatzviertel,2019,8,12,4,3,0,1,0,0,1,0,1,0,0,0,Mitte,Accident with minor injuries,Others,Driving accident,Daylight,Dry
330,50234,5,Börnicker Straße,2019,5,17,3,3,2,6,0,0,1,0,0,0,0,0,Spandau,Accident with minor injuries,Collision with the vehicle in front/waiting vehicle,Collision involving vehicles going in the same way,Daylight,Dry
331,50235,2,Boxhagener Platz,2019,10,17,6,3,3,6,0,1,1,0,0,0,0,1,Friedrichshain - Kreuzberg,Accident with minor injuries,Collision with a vehicle traveling laterally in the same direction,Collision involving vehicles going in the same way,Daylight,Wet/moist/slippery
332,50236,9,Elsenstraße,2019,9,14,6,3,2,6,0,0,1,0,0,0,0,0,Treptow-Köpenick,Accident with minor injuries,Collision with the vehicle in front/waiting vehicle,Collision involving vehicles going in the same way,Daylight,Dry
333,50238,12,Waldidyll/Flughafensee,2019,6,15,6,3,2,6,0,0,1,0,0,0,0,0,Reinickendorf,Accident with minor injuries,Collision with the vehicle in front/waiting vehicle,Collision involving vehicles going in the same way,Daylight,Dry
334,50239,7,Fritz-Werner-Straße,2019,8,7,4,3,6,4,0,0,1,1,0,0,0,0,Tempelhof-Schöneberg,Accident with minor injuries,Collision between vehicle and pedestrian,Pedestrian crossing accident,Daylight,Dry
335,50240,7,Fritz-Werner-Straße,2019,5,17,3,3,2,6,0,0,1,0,0,0,1,0,Tempelhof-Schöneberg,Accident with minor injuries,Collision with the vehicle in front/waiting vehicle,Collision involving vehicles going in the same way,Daylight,Dry
336,50241,2,Samariterviertel,2019,11,23,2,3,0,1,2,0,0,0,1,0,0,1,Friedrichshain - Kreuzberg,Accident with minor injuries,Others,Driving accident,Dark,Wet/moist/slippery
337,50242,3,Bötzowstraße,2019,6,16,2,2,2,7,0,1,1,0,0,0,0,0,Pankow,Accident with serious injuries,Collision with the vehicle in front/waiting vehicle,Others,Daylight,Dry
338,50243,3,Anton-Saefkow-Park,2019,9,13,6,2,5,2,0,0,1,0,0,0,0,0,Pankow,Accident with serious injuries,Collision with a turning/crossing vehicle,Turning accident,Daylight,Dry
339,50244,11,Dorf Malchow,2019,12,15,6,2,5,3,1,0,1,0,0,0,0,1,Lichtenberg,Accident with serious injuries,Collision with a turning/crossing vehicle,Turning/Crossing accident,Twilight,Wet/moist/slippery
340,50245,4,Richard-Wagner-Straße,2019,8,18,3,3,6,6,0,1,0,1,0,0,0,0,Charlottenburg - Wilmersdorf,Accident with minor injuries,Collision between vehicle and pedestrian,Collision involving vehicles going in the same way,Daylight,Dry
341,50246,7,Fritz-Werner-Straße,2019,5,15,3,3,5,2,0,0,1,0,1,0,0,0,Tempelhof-Schöneberg,Accident with minor injuries,Collision with a turning/crossing vehicle,Turning accident,Daylight,Dry
342,50247,12,Ziekowstraße/Freie Scholle,2019,10,11,2,3,2,6,1,0,1,0,0,0,1,0,Reinickendorf,Accident with minor injuries,Collision with the vehicle in front/waiting vehicle,Collision involving vehicles going in the same way,Twilight,Dry
343,50248,2,Samariterviertel,2019,9,7,6,3,3,6,0,1,0,0,0,0,0,0,Friedrichshain - Kreuzberg,Accident with minor injuries,Collision with a vehicle traveling laterally in the same direction,Collision involving vehicles going in the same way,Daylight,Dry
344,50249,3,Conrad-Blenkle-Straße,2019,8,10,3,3,5,3,0,1,0,0,0,0,0,0,Pankow,Accident with minor injuries,Collision with a turning/crossing vehicle,Turning/Crossing accident,Daylight,Dry
345,50250,3,Pankow Süd,2019,5,9,3,3,2,6,0,0,1,0,1,0,0,0,Pankow,Accident with minor injuries,Collision with the vehicle in front/waiting vehicle,Collision involving vehicles going in the same way,Daylight,Dry
346,50251,3,Anton-Saefkow-Park,2019,10,17,7,3,0,3,0,1,1,0,0,0,0,0,Pankow,Accident with minor injuries,Others,Turning/Crossing accident,Daylight,Dry
347,50252,3,Conrad-Blenkle-Straße,2019,6,19,6,3,0,1,0,1,0,0,0,0,0,0,Pankow,Accident with minor injuries,Others,Driving accident,Daylight,Dry
348,50253,1,Alexanderplatzviertel,2019,9,12,6,3,5,2,0,1,0,0,0,0,1,0,Mitte,Accident with minor injuries,Collision with a turning/crossing vehicle,Turning accident,Daylight,Dry
349,50255,2,Samariterviertel,2019,6,11,6,3,5,2,0,1,0,0,0,0,0,0,Friedrichshain - Kreuzberg,Accident with minor injuries,Collision with a turning/crossing vehicle,Turning accident,Daylight,Dry
350,50256,2,Samariterviertel,2019,8,14,3,3,5,3,0,1,1,0,0,0,0,0,Friedrichshain - Kreuzberg,Accident with minor injuries,Collision with a turning/crossing vehicle,Turning/Crossing accident,Daylight,Dry
351,50257,9,Am Treptower Park Süd,2019,5,8,3,3,3,6,0,0,1,0,1,0,0,0,Treptow-Köpenick,Accident with minor injuries,Collision with a vehicle traveling laterally in the same direction,Collision involving vehicles going in the same way,Daylight,Dry
352,50258,10,Wuhletalstraße,2019,10,7,7,3,5,3,0,0,1,0,0,0,0,0,Marzahn-Hellersdorf,Accident with minor injuries,Collision with a turning/crossing vehicle,Turning/Crossing accident,Daylight,Dry
353,50259,3,Arnimplatz,2019,9,13,6,3,2,6,0,0,1,0,1,0,0,0,Pankow,Accident with minor injuries,Collision with the vehicle in front/waiting vehicle,Collision involving vehicles going in the same way,Daylight,Dry
354,50261,4,Güterbahnhof Grunewald,2019,6,11,6,2,3,6,0,0,1,0,0,0,1,0,Charlottenburg - Wilmersdorf,Accident with serious injuries,Collision with a vehicle traveling laterally in the same direction,Collision involving vehicles going in the same way,Daylight,Dry
355,50262,2,Andreasviertel,2019,8,7,3,3,5,2,0,1,1,0,0,0,0,0,Friedrichshain - Kreuzberg,Accident with minor injuries,Collision with a turning/crossing vehicle,Turning accident,Daylight,Dry
356,50263,4,Spreestadt,2019,5,8,3,3,3,6,0,1,1,0,0,0,0,0,Charlottenburg - Wilmersdorf,Accident with minor injuries,Collision with a vehicle traveling laterally in the same direction,Collision involving vehicles going in the same way,Daylight,Dry
357,50264,3,Helmholtzplatz,2019,11,18,2,3,6,2,2,0,1,1,0,0,0,0,Pankow,Accident with minor injuries,Collision between vehicle and pedestrian,Turning accident,Dark,Dry
358,50265,7,Rathausstraße,2019,6,11,3,3,5,3,0,1,1,0,0,0,0,0,Tempelhof-Schöneberg,Accident with minor injuries,Collision with a turning/crossing vehicle,Turning/Crossing accident,Daylight,Dry
359,50266,7,Rathaus Tempelhof,2019,9,9,6,3,2,6,0,0,1,0,0,0,0,0,Tempelhof-Schöneberg,Accident with minor injuries,Collision with the vehicle in front/waiting vehicle,Collision involving vehicles going in the same way,Daylight,Dry
360,50267,1,Alexanderplatzviertel,2019,12,17,6,3,5,3,2,1,1,0,0,0,0,1,Mitte,Accident with minor injuries,Collision with a turning/crossing vehicle,Turning/Crossing accident,Dark,Wet/moist/slippery
361,50268,3,Niederschönhausen,2019,8,6,3,3,5,3,0,1,1,0,0,0,0,0,Pankow,Accident with minor injuries,Collision with a turning/crossing vehicle,Turning/Crossing accident,Daylight,Dry
362,50269,3,Komponistenviertel Weißensee,2019,10,8,3,3,5,2,0,1,1,0,0,0,0,0,Pankow,Accident with minor injuries,Collision with a turning/crossing vehicle,Turning accident,Daylight,Dry
363,50270,11,Rüdigerstraße,2019,9,17,5,2,5,3,0,1,1,0,0,0,0,0,Lichtenberg,Accident with serious injuries,Collision with a turning/crossing vehicle,Turning/Crossing accident,Daylight,Dry
364,50271,4,Stadion Wilmersdorf,2019,8,9,3,3,2,6,0,0,1,0,0,0,0,0,Charlottenburg - Wilmersdorf,Accident with minor injuries,Collision with the vehicle in front/waiting vehicle,Collision involving vehicles going in the same way,Daylight,Dry
365,50272,3,Falkplatz,2019,5,16,2,3,5,3,0,1,0,0,0,0,1,0,Pankow,Accident with minor injuries,Collision with a turning/crossing vehicle,Turning/Crossing accident,Daylight,Dry
366,50273,10,Wuhletalstraße,2019,10,10,1,3,9,1,0,0,1,0,0,0,0,0,Marzahn-Hellersdorf,Accident with minor injuries,Departure from the roadway to the left,Driving accident,Daylight,Dry
367,50274,3,Niederschönhausen,2019,6,12,1,3,4,6,0,0,1,0,0,0,0,0,Pankow,Accident with minor injuries,Collision with oncoming vehicle,Collision involving vehicles going in the same way,Daylight,Dry
368,50275,4,Flinsberger Platz,2019,9,16,5,3,2,6,0,0,1,0,0,0,0,0,Charlottenburg - Wilmersdorf,Accident with minor injuries,Collision with the vehicle in front/waiting vehicle,Collision involving vehicles going in the same way,Daylight,Dry
369,50277,1,Karl-Marx-Allee,2019,6,15,6,2,0,6,0,1,0,0,0,0,0,0,Mitte,Accident with serious injuries,Others,Collision involving vehicles going in the same way,Daylight,Dry
370,50278,1,Großer Tiergarten,2019,5,22,2,3,5,2,2,0,1,0,0,0,0,0,Mitte,Accident with minor injuries,Collision with a turning/crossing vehicle,Turning accident,Dark,Dry
371,50279,7,Lindenhofsiedlung,2019,11,17,4,3,2,6,2,0,1,0,0,0,0,0,Tempelhof-Schöneberg,Accident with minor injuries,Collision with the vehicle in front/waiting vehicle,Collision involving vehicles going in the same way,Dark,Dry
372,50280,2,Samariterviertel,2019,6,15,6,3,0,7,0,0,0,0,1,0,1,1,Friedrichshain - Kreuzberg,Accident with minor injuries,Others,Others,Daylight,Wet/moist/slippery
373,50281,7,Fritz-Werner-Straße,2019,12,11,2,2,6,7,0,0,1,1,0,0,0,1,Tempelhof-Schöneberg,Accident with serious injuries,Collision between vehicle and pedestrian,Others,Daylight,Wet/moist/slippery
374,50282,6,Zehlendorf Mitte,2019,8,8,3,3,6,2,0,0,1,1,0,0,0,0,Steglitz-Zehlendorf,Accident with minor injuries,Collision between vehicle and pedestrian,Turning accident,Daylight,Dry
375,50283,7,Volkspark (Rudolf-Wilde-Park),2019,5,18,2,3,2,6,0,0,1,0,0,0,0,1,Tempelhof-Schöneberg,Accident with minor injuries,Collision with the vehicle in front/waiting vehicle,Collision involving vehicles going in the same way,Daylight,Wet/moist/slippery
376,50284,1,Alexanderplatzviertel,2019,10,8,3,3,5,2,0,0,0,0,0,1,0,0,Mitte,Accident with minor injuries,Collision with a turning/crossing vehicle,Turning accident,Daylight,Dry
377,50285,3,Niederschönhausen,2019,9,9,5,3,0,1,0,1,0,0,0,0,0,0,Pankow,Accident with minor injuries,Others,Driving accident,Daylight,Dry
378,50287,10,Marzahner Chaussee,2019,8,17,2,3,5,3,0,1,0,0,0,0,0,0,Marzahn-Hellersdorf,Accident with minor injuries,Collision with a turning/crossing vehicle,Turning/Crossing accident,Daylight,Dry
379,50288,11,Rüdigerstraße,2019,5,7,2,3,5,2,0,1,1,0,0,0,0,0,Lichtenberg,Accident with minor injuries,Collision with a turning/crossing vehicle,Turning accident,Daylight,Dry
380,50289,7,Grazer Platz,2019,9,16,7,3,2,6,1,0,1,0,0,0,0,1,Tempelhof-Schöneberg,Accident with minor injuries,Collision with the vehicle in front/waiting vehicle,Collision involving vehicles going in the same way,Twilight,Wet/moist/slippery