,object id,district,street,year,month,hour of day,weekday,category,accident type,accident type 2,light situation,bike involved,car involved,pedestrian involved,motor bike involved,big track involved,other vehicle involved,road condition,district name,category name,accident detail,accident type detail,light condition,road condition detail
381,50290,2,Askanischer Platz,2019,6,11,3,3,5,3,0,1,1,0,0,0,0,0,Friedrichshain - Kreuzberg,Accident with minor injuries,Collision with a turning/crossing vehicle,Turning/Crossing accident,Daylight,Dry
382,50291,2,Boxhagener Platz,2019,9,17,5,3,3,7,0,1,1,0,0,0,0,0,Friedrichshain - Kreuzberg,Accident with minor injuries,Collision with a vehicle traveling laterally in the same direction,Others,Daylight,Dry
383,50292,10,Alt-Biesdorf,2019,12,7,6,3,3,6,2,0,1,0,0,0,0,1,Marzahn-Hellersdorf,Accident with minor injuries,Collision with a vehicle traveling laterally in the same direction,Collision involving vehicles going in the same way,Dark,Wet/moist/slippery
384,50293,9,Am Treptower Park Süd,2019,6,14,6,3,6,4,0,0,1,1,0,0,0,0,Treptow-Köpenick,Accident with minor injuries,Collision between vehicle and pedestrian,Pedestrian crossing accident,Daylight,Dry
385,50294,11,Rüdigerstraße,2019,8,12,2,3,2,6,0,0,1,0,1,0,0,0,Lichtenberg,Accident with minor injuries,Collision with the vehicle in front/waiting vehicle,Collision involving vehicles going in the same way,Daylight,Dry
386,50295,1,Reinickendorfer Straße,2019,5,10,2,3,3,6,0,1,0,0,0,0,0,0,Mitte,Accident with minor injuries,Collision with a vehicle traveling laterally in the same direction,Collision involving vehicles going in the same way,Daylight,Dry
387,50296,6,Zehlendorf Mitte,2019,11,17,5,3,2,6,2,0,1,0,0,0,0,0,Steglitz-Zehlendorf,Accident with minor injuries,Collision with the vehicle in front/waiting vehicle,Collision involving vehicles going in the same way,Dark,Dry
388,50297,7,Marienfelde Nordost,2019,11,14,2,3,6,4,0,0,1,1,0,0,0,0,Tempelhof-Schöneberg,Accident with minor injuries,Collision between vehicle and pedestrian,Pedestrian crossing accident,Daylight,Dry
389,50298,4,Stadion Wilmersdorf,2019,8,13,1,3,2,6,0,0,1,0,0,0,0,0,Charlottenburg - Wilmersdorf,Accident with minor injuries,Collision with the vehicle in front/waiting vehicle,Collision involving vehicles going in the same way,Daylight,Dry
390,50299,7,Manteuffelstraße,2019,5,14,1,3,0,7,0,0,1,0,1,0,0,0,Tempelhof-Schöneberg,Accident with minor injuries,Others,Others,Daylight,Dry
391,50300,1,Großer Tiergarten,2019,10,15,4,3,4,6,0,1,0,0,0,0,1,1,Mitte,Accident with minor injuries,Collision with oncoming vehicle,Collision involving vehicles going in the same way,Daylight,Wet/moist/slippery
392,50301,7,Dennewitzplatz,2019,9,17,5,2,6,4,0,0,1,1,0,0,0,0,Tempelhof-Schöneberg,Accident with serious injuries,Collision between vehicle and pedestrian,Pedestrian crossing accident,Daylight,Dry
393,50303,3,Greifswalder Straße,2019,6,14,6,2,6,4,0,0,1,1,0,0,0,0,Pankow,Accident with serious injuries,Collision between vehicle and pedestrian,Pedestrian crossing accident,Daylight,Dry
394,50304,4,Park Ruhwald,2019,8,13,1,3,2,6,0,0,1,0,0,0,0,0,Charlottenburg - Wilmersdorf,Accident with minor injuries,Collision with the vehicle in front/waiting vehicle,Collision involving vehicles going in the same way,Daylight,Dry
395,50305,12,Schäfersee,2019,5,19,1,3,1,5,0,0,1,0,0,0,0,0,Reinickendorf,Accident with minor injuries,Collision with a moving/standing/parked vehicle,Accident involving parked vehicles,Daylight,Dry
396,50306,5,Börnicker Straße,2019,6,5,5,3,2,6,0,0,1,0,0,0,0,0,Spandau,Accident with minor injuries,Collision with the vehicle in front/waiting vehicle,Collision involving vehicles going in the same way,Daylight,Dry
397,50307,11,Dorf Malchow,2019,9,17,5,3,0,2,0,1,1,0,0,0,0,0,Lichtenberg,Accident with minor injuries,Others,Turning accident,Daylight,Dry
398,50308,7,Manteuffelstraße,2019,12,7,5,3,2,6,1,0,1,0,0,0,0,1,Tempelhof-Schöneberg,Accident with minor injuries,Collision with the vehicle in front/waiting vehicle,Collision involving vehicles going in the same way,Twilight,Wet/moist/slippery
399,50309,12,Schäfersee,2019,6,7,5,3,3,6,0,1,0,0,0,1,0,0,Reinickendorf,Accident with minor injuries,Collision with a vehicle traveling laterally in the same direction,Collision involving vehicles going in the same way,Daylight,Dry
400,50310,2,Samariterviertel,2019,8,9,7,3,2,6,0,0,1,0,0,0,0,0,Friedrichshain - Kreuzberg,Accident with minor injuries,Collision with the vehicle in front/waiting vehicle,Collision involving vehicles going in the same way,Daylight,Dry
401,50311,2,Rathaus Yorckstraße,2019,11,15,6,3,2,6,0,1,0,0,0,0,0,0,Friedrichshain - Kreuzberg,Accident with minor injuries,Collision with the vehicle in front/waiting vehicle,Collision involving vehicles going in the same way,Daylight,Dry
402,50312,1,Humboldthain Nordwest,2019,8,17,7,3,5,2,0,0,1,0,0,0,0,0,Mitte,Accident with minor injuries,Collision with a turning/crossing vehicle,Turning accident,Daylight,Dry
403,50313,7,Grazer Platz,2019,9,8,6,3,0,1,0,1,0,0,0,0,0,1,Tempelhof-Schöneberg,Accident with minor injuries,Others,Driving accident,Daylight,Wet/moist/slippery
404,50314,12,Breitkopfbecken,2019,5,8,1,2,5,2,0,0,1,0,0,0,0,0,Reinickendorf,Accident with serious injuries,Collision with a turning/crossing vehicle,Turning accident,Daylight,Dry
405,50315,9,Elsenstraße,2019,10,17,5,3,2,6,0,0,1,0,0,0,0,1,Treptow-Köpenick,Accident with minor injuries,Collision with the vehicle in front/waiting vehicle,Collision involving vehicles going in the same way,Daylight,Wet/moist/slippery
406,50316,1,Leipziger Straße,2019,9,19,5,3,3,6,2,0,1,0,1,0,0,0,Mitte,Accident with minor injuries,Collision with a vehicle traveling laterally in the same direction,Collision involving vehicles going in the same way,Dark,Dry
407,50318,4,Kranzallee,2019,6,19,5,3,5,7,1,0,1,0,0,0,0,1,Charlottenburg - Wilmersdorf,Accident with minor injuries,Collision with a turning/crossing vehicle,Others,Twilight,Wet/moist/slippery
408,50319,12,Alt-Tegel,2019,8,14,7,3,2,6,0,0,1,0,0,0,0,0,Reinickendorf,Accident with minor injuries,Collision with the vehicle in front/waiting vehicle,Collision involving vehicles going in the same way,Daylight,Dry
409,50320,7,Kaiser-Wilhelm-Platz,2019,5,16,1,3,2,6,0,1,1,0,0,0,1,0,Tempelhof-Schöneberg,Accident with minor injuries,Collision with the vehicle in front/waiting vehicle,Collision involving vehicles going in the same way,Daylight,Dry
410,50321,7,Birnhornweg,2019,11,8,2,3,6,4,0,0,1,1,0,0,0,1,Tempelhof-Schöneberg,Accident with minor injuries,Collision between vehicle and pedestrian,Pedestrian crossing accident,Daylight,Wet/moist/slippery
411,50322,12,Teichstraße,2019,6,15,7,3,5,2,0,0,1,0,0,0,0,0,Reinickendorf,Accident with minor injuries,Collision with a turning/crossing vehicle,Turning accident,Daylight,Dry
412,50323,3,Falkplatz,2019,9,9,5,3,4,6,0,1,0,0,0,0,0,0,Pankow,Accident with minor injuries,Collision with oncoming vehicle,Collision involving vehicles going in the same way,Daylight,Dry
413,50324,2,Stralauer Kiez,2019,12,21,5,3,2,6,2,0,1,0,0,0,0,0,Friedrichshain - Kreuzberg,Accident with minor injuries,Collision with the vehicle in front/waiting vehicle,Collision involving vehicles going in the same way,Dark,Dry
414,50325,4,Königin-Elisabeth-Straße,2019,8,14,7,3,2,6,0,0,1,0,1,0,0,0,Charlottenburg - Wilmersdorf,Accident with minor injuries,Collision with the vehicle in front/waiting vehicle,Collision involving vehicles going in the same way,Daylight,Dry
415,50326,7,Fritz-Werner-Straße,2019,9,14,5,3,2,6,0,0,1,0,0,0,0,0,Tempelhof-Schöneberg,Accident with minor injuries,Collision with the vehicle in front/waiting vehicle,Collision involving vehicles going in the same way,Daylight,Dry
416,50327,12,Waldidyll/Flughafensee,2019,5,15,7,3,0,1,2,0,1,0,0,0,0,0,Reinickendorf,Accident with minor injuries,Others,Driving accident,Dark,Dry
417,50328,7,Neu-Tempelhof,2019,10,9,7,3,5,3,0,0,1,0,0,0,0,0,Tempelhof-Schöneberg,Accident with minor injuries,Collision with a turning/crossing vehicle,Turning/Crossing accident,Daylight,Dry
418,50329,4,Jungfernheide,2019,9,19,5,3,2,6,1,0,1,0,0,0,0,0,Charlottenburg - Wilmersdorf,Accident with minor injuries,Collision with the vehicle in front/waiting vehicle,Collision involving vehicles going in the same way,Twilight,Dry
419,50330,1,Großer Tiergarten,2019,8,22,7,3,6,7,2,1,0,1,0,0,0,0,Mitte,Accident with minor injuries,Collision between vehicle and pedestrian,Others,Dark,Dry
420,50331,1,Reinickendorfer Straße,2019,5,17,6,3,5,2,0,0,1,0,0,0,0,0,Mitte,Accident with minor injuries,Collision with a turning/crossing vehicle,Turning accident,Daylight,Dry
421,50332,4,Jungfernheide,2019,10,15,5,2,9,1,0,0,0,0,1,0,0,0,Charlottenburg - Wilmersdorf,Accident with serious injuries,Departure from the roadway to the left,Driving accident,Daylight,Dry
422,50333,3,Bucher Forst,2019,6,11,6,3,8,1,0,0,1,0,0,0,0,0,Pankow,Accident with minor injuries,Departure from the roadway to the right,Driving accident,Daylight,Dry
423,50334,7,Fritz-Werner-Straße,2019,9,7,5,3,5,3,0,1,1,0,0,0,0,0,Tempelhof-Schöneberg,Accident with minor injuries,Collision with a turning/crossing vehicle,Turning/Crossing accident,Daylight,Dry
424,50335,6,Nikolassee,2019,12,13,3,3,5,3,0,0,1,0,0,0,0,0,Steglitz-Zehlendorf,Accident with minor injuries,Collision with a turning/crossing vehicle,Turning/Crossing accident,Daylight,Dry
425,50336,7,Volkspark (Rudolf-Wilde-Park),2019,6,21,5,3,6,4,1,0,1,1,0,0,0,1,Tempelhof-Schöneberg,Accident with minor injuries,Collision between vehicle and pedestrian,Pedestrian crossing accident,Twilight,Wet/moist/slippery
426,50337,10,Alt-Biesdorf,2019,5,7,6,3,2,6,0,0,1,0,0,0,0,0,Marzahn-Hellersdorf,Accident with minor injuries,Collision with the vehicle in front/waiting vehicle,Collision involving vehicles going in the same way,Daylight,Dry
427,50338,11,Rüdigerstraße,2019,11,15,2,3,2,6,0,0,1,0,0,0,1,0,Lichtenberg,Accident with minor injuries,Collision with the vehicle in front/waiting vehicle,Collision involving vehicles going in the same way,Daylight,Dry
428,50339,9,Elsenstraße,2019,6,16,5,3,5,2,0,1,1,0,0,0,0,1,Treptow-Köpenick,Accident with minor injuries,Collision with a turning/crossing vehicle,Turning accident,Daylight,Wet/moist/slippery
429,50340,7,Neu-Tempelhof,2019,11,21,7,3,1,5,2,0,1,0,0,0,0,0,Tempelhof-Schöneberg,Accident with minor injuries,Collision with a moving/standing/parked vehicle,Accident involving parked vehicles,Dark,Dry
430,50341,7,Neu-Tempelhof,2019,8,20,6,2,0,1,2,1,0,0,0,0,0,0,Tempelhof-Schöneberg,Accident with serious injuries,Others,Driving accident,Dark,Dry
431,50342,7,Grazer Platz,2019,5,2,6,2,9,1,2,0,1,0,0,0,0,0,Tempelhof-Schöneberg,Accident with serious injuries,Departure from the roadway to the left,Driving accident,Dark,Dry
432,50343,3,Falkplatz,2019,10,17,2,3,2,6,1,0,1,0,0,0,1,0,Pankow,Accident with minor injuries,Collision with the vehicle in front/waiting vehicle,Collision involving vehicles going in the same way,Twilight,Dry
433,50344,1,Humboldthain Nordwest,2019,9,6,5,3,5,2,0,1,1,0,0,0,0,0,Mitte,Accident with minor injuries,Collision with a turning/crossing vehicle,Turning accident,Daylight,Dry
434,50346,7,Kaiser-Wilhelm-Platz,2019,6,11,5,3,1,5,0,0,1,0,0,0,1,0,Tempelhof-Schöneberg,Accident with minor injuries,Collision with a moving/standing/parked vehicle,Accident involving parked vehicles,Daylight,Dry
435,50347,6,Wannsee,2019,8,19,6,2,0,1,0,1,0,0,0,0,0,0,Steglitz-Zehlendorf,Accident with serious injuries,Others,Driving accident,Daylight,Dry
436,50348,9,Elsenstraße,2019,5,8,6,3,0,2,0,0,1,0,0,0,1,0,Treptow-Köpenick,Accident with minor injuries,Others,Turning accident,Daylight,Dry
437,50349,2,Samariterviertel,2019,6,9,2,3,5,2,0,1,1,0,0,0,0,0,Friedrichshain - Kreuzberg,Accident with minor injuries,Collision with a turning/crossing vehicle,Turning accident,Daylight,Dry
438,50350,7,Fritz-Werner-Straße,2019,9,16,4,3,5,2,0,1,1,0,0,0,0,0,Tempelhof-Schöneberg,Accident with minor injuries,Collision with a turning/crossing vehicle,Turning accident,Daylight,Dry
439,50351,7,Grazer Platz,2019,12,7,3,3,2,6,0,0,1,0,0,0,0,1,Tempelhof-Schöneberg,Accident with minor injuries,Collision with the vehicle in front/waiting vehicle,Collision involving vehicles going in the same way,Daylight,Wet/moist/slippery
440,50352,1,Humboldthain Nordwest,2019,6,16,5,3,5,2,0,0,1,0,0,0,0,1,Mitte,Accident with minor injuries,Collision with a turning/crossing vehicle,Turning accident,Daylight,Wet/moist/slippery
441,50353,1,Reinickendorfer Straße,2019,8,20,6,3,2,6,0,0,1,0,0,0,0,0,Mitte,Accident with minor injuries,Collision with the vehicle in front/waiting vehicle,Collision involving vehicles going in the same way,Daylight,Dry
442,50354,6,Botanischer Garten,2019,5,13,5,3,2,6,0,0,1,0,0,0,0,0,Steglitz-Zehlendorf,Accident with minor injuries,Collision with the vehicle in front/waiting vehicle,Collision involving vehicles going in the same way,Daylight,Dry
443,50355,3,Bötzowstraße,2019,11,18,3,3,3,6,2,0,1,0,1,0,0,1,Pankow,Accident with minor injuries,Collision with a vehicle traveling laterally in the same direction,Collision involving vehicles going in the same way,Dark,Wet/moist/slippery
444,50356,3,Helmholtzplatz,2019,11,3,7,3,5,3,2,1,1,0,0,0,0,0,Pankow,Accident with minor injuries,Collision with a turning/crossing vehicle,Turning/Crossing accident,Dark,Dry
445,50357,7,Grazer Platz,2019,8,20,6,3,0,1,0,0,0,0,1,0,0,0,Tempelhof-Schöneberg,Accident with minor injuries,Others,Driving accident,Daylight,Dry
446,50358,7,Grazer Platz,2019,5,13,5,3,5,2,0,0,1,0,0,0,1,0,Tempelhof-Schöneberg,Accident with minor injuries,Collision with a turning/crossing vehicle,Turning accident,Daylight,Dry
447,50359,7,Fritz-Werner-Straße,2019,5,13,5,2,3,6,0,0,1,0,0,1,0,0,Tempelhof-Schöneberg,Accident with serious injuries,Collision with a vehicle traveling laterally in the same direction,Collision involving vehicles going in the same way,Daylight,Dry
448,50360,7,Kettinger Straße/Schillerstraße,2019,11,17,3,2,2,6,2,0,1,0,0,0,1,0,Tempelhof-Schöneberg,Accident with serious injuries,Collision with the vehicle in front/waiting vehicle,Collision involving vehicles going in the same way,Dark,Dry
449,50361,6,Nikolassee,2019,6,14,4,3,2,6,0,0,1,0,0,0,0,0,Steglitz-Zehlendorf,Accident with minor injuries,Collision with the vehicle in front/waiting vehicle,Collision involving vehicles going in the same way,Daylight,Dry
450,50362,1,Alexanderplatzviertel,2019,12,1,1,2,0,1,2,0,0,0,0,0,1,0,Mitte,Accident with serious injuries,Others,Driving accident,Dark,Dry
451,50363,2,Viktoriapark,2019,8,23,6,3,0,7,2,1,0,0,0,0,0,0,Friedrichshain - Kreuzberg,Accident with minor injuries,Others,Others,Dark,Dry
452,50364,6,Nikolassee,2019,5,16,5,2,2,6,0,0,1,0,0,0,1,0,Steglitz-Zehlendorf,Accident with serious injuries,Collision with the vehicle in front/waiting vehicle,Collision involving vehicles going in the same way,Daylight,Dry
453,50365,3,Pankow Süd,2019,10,17,3,2,5,3,0,1,1,0,0,0,0,0,Pankow,Accident with serious injuries,Collision with a turning/crossing vehicle,Turning/Crossing accident,Daylight,Dry
454,50366,12,Breitkopfbecken,2019,9,13,4,3,2,6,0,0,1,0,0,0,0,0,Reinickendorf,Accident with minor injuries,Collision with the vehicle in front/waiting vehicle,Collision involving vehicles going in the same way,Daylight,Dry
455,50368,7,Fritz-Werner-Straße,2019,8,12,6,3,0,7,0,0,1,0,0,0,0,0,Tempelhof-Schöneberg,Accident with minor injuries,Others,Others,Daylight,Dry
456,50369,3,Niederschönhausen,2019,5,11,5,3,0,7,0,1,0,0,0,0,0,0,Pankow,Accident with minor injuries,Others,Others,Daylight,Dry
457,50370,4,Schloßstraße,2019,9,14,7,3,5,2,0,1,1,0,0,0,0,1,Charlottenburg - Wilmersdorf,Accident with minor injuries,Collision with a turning/crossing vehicle,Turning accident,Daylight,Wet/moist/slippery
458,50371,1,Humboldthain Nordwest,2019,6,7,3,3,5,2,0,1,1,0,0,0,0,0,Mitte,Accident with minor injuries,Collision with a turning/crossing vehicle,Turning accident,Daylight,Dry
459,50372,3,Erich-Weinert-Straße,2019,9,10,3,3,6,6,0,1,0,1,0,0,0,0,Pankow,Accident with minor injuries,Collision between vehicle and pedestrian,Collision involving vehicles going in the same way,Daylight,Dry
460,50373,2,Rathaus Yorckstraße,2019,12,18,4,3,3,6,2,0,1,0,1,0,0,0,Friedrichshain - Kreuzberg,Accident with minor injuries,Collision with a vehicle traveling laterally in the same direction,Collision involving vehicles going in the same way,Dark,Dry
461,50374,4,Park Ruhwald,2019,6,9,4,3,3,6,0,0,1,0,0,0,0,0,Charlottenburg - Wilmersdorf,Accident with minor injuries,Collision with a vehicle traveling laterally in the same direction,Collision involving vehicles going in the same way,Daylight,Dry
462,50375,5,Weinmeisterhornweg,2019,8,9,6,3,6,4,0,0,1,1,0,0,0,0,Spandau,Accident with minor injuries,Collision between vehicle and pedestrian,Pedestrian crossing accident,Daylight,Dry
463,50376,12,Letteplatz,2019,5,12,5,3,5,3,0,1,1,0,0,0,0,0,Reinickendorf,Accident with minor injuries,Collision with a turning/crossing vehicle,Turning/Crossing accident,Daylight,Dry
464,50377,1,Leipziger Straße,2019,11,18,4,2,6,4,2,0,1,1,0,0,0,1,Mitte,Accident with serious injuries,Collision between vehicle and pedestrian,Pedestrian crossing accident,Dark,Wet/moist/slippery
465,50378,8,Gewerbegebiet Köllnische Heide,2019,11,13,7,3,2,2,0,0,1,0,0,0,0,0,Neukölln,Accident with minor injuries,Collision with the vehicle in front/waiting vehicle,Turning accident,Daylight,Dry
466,50379,4,Schloßstraße,2019,8,8,6,3,6,4,0,0,1,1,0,0,0,0,Charlottenburg - Wilmersdorf,Accident with minor injuries,Collision between vehicle and pedestrian,Pedestrian crossing accident,Daylight,Dry
467,50380,7,Grazer Platz,2019,5,12,5,3,5,2,0,0,1,0,1,0,0,0,Tempelhof-Schöneberg,Accident with minor injuries,Collision with a turning/crossing vehicle,Turning accident,Daylight,Dry
468,50381,2,Samariterviertel,2019,10,10,4,3,6,4,0,0,1,1,0,0,0,1,Friedrichshain - Kreuzberg,Accident with minor injuries,Collision between vehicle and pedestrian,Pedestrian crossing accident,Daylight,Wet/moist/slippery
469,50382,1,Alexanderplatzviertel,2019,9,9,3,3,6,4,0,0,1,1,0,0,0,1,Mitte,Accident with minor injuries,Collision between vehicle and pedestrian,Pedestrian crossing accident,Daylight,Wet/moist/slippery
470,50384,1,Reinickendorfer Straße,2019,6,15,4,3,1,5,0,1,0,0,0,0,1,0,Mitte,Accident with minor injuries,Collision with a moving/standing/parked vehicle,Accident involving parked vehicles,Daylight,Dry
471,50385,4,Kranzallee,2019,8,15,6,2,5,3,0,1,1,0,0,0,0,0,Charlottenburg - Wilmersdorf,Accident with serious injuries,Collision with a turning/crossing vehicle,Turning/Crossing accident,Daylight,Dry
472,50386,3,Komponistenviertel Weißensee,2019,5,10,5,3,0,1,0,1,0,0,0,0,0,0,Pankow,Accident with minor injuries,Others,Driving accident,Daylight,Dry
473,50387,12,Teichstraße,2019,11,12,6,3,5,2,0,1,1,0,0,0,0,0,Reinickendorf,Accident with minor injuries,Collision with a turning/crossing vehicle,Turning accident,Daylight,Dry
474,50388,7,Rathaus Tempelhof,2019,6,5,5,3,2,6,0,0,1,0,0,0,0,0,Tempelhof-Schöneberg,Accident with minor injuries,Collision with the vehicle in front/waiting vehicle,Collision involving vehicles going in the same way,Daylight,Dry
475,50389,9,Elsenstraße,2019,9,18,3,2,6,4,0,1,0,1,0,0,0,1,Treptow-Köpenick,Accident with serious injuries,Collision between vehicle and pedestrian,Pedestrian crossing accident,Daylight,Wet/moist/slippery
476,50390,9,Elsenstraße,2019,12,12,3,3,2,6,0,0,1,0,0,1,0,0,Treptow-Köpenick,Accident with minor injuries,Collision with the vehicle in front/waiting vehicle,Collision involving vehicles going in the same way,Daylight,Dry
477,50391,11,Rüdigerstraße,2019,6,16,3,3,3,6,0,0,1,0,0,0,0,0,Lichtenberg,Accident with minor injuries,Collision with a vehicle traveling laterally in the same direction,Collision involving vehicles going in the same way,Daylight,Dry
478,50392,7,Manteuffelstraße,2019,8,14,6,3,2,6,0,0,1,0,0,0,0,0,Tempelhof-Schöneberg,Accident with minor injuries,Collision with the vehicle in front/waiting vehicle,Collision involving vehicles going in the same way,Daylight,Dry
479,50393,4,Kranzallee,2019,10,16,5,3,2,6,2,0,1,0,0,0,0,0,Charlottenburg - Wilmersdorf,Accident with minor injuries,Collision with the vehicle in front/waiting vehicle,Collision involving vehicles going in the same way,Dark,Dry
480,50394,3,Niederschönhausen,2019,8,13,6,3,2,6,0,0,1,0,0,0,0,0,Pankow,Accident with minor injuries,Collision with the vehicle in front/waiting vehicle,Collision involving vehicles going in the same way,Daylight,Dry
481,50395,7,Kaiser-Wilhelm-Platz,2019,9,13,6,3,0,2,0,0,1,0,0,0,1,1,Tempelhof-Schöneberg,Accident with minor injuries,Others,Turning accident,Daylight,Wet/moist/slippery
482,50396,1,Alexanderplatzviertel,2019,5,8,5,3,1,5,0,1,0,0,0,0,1,0,Mitte,Accident with minor injuries,Collision with a moving/standing/parked vehicle,Accident involving parked vehicles,Daylight,Dry
483,50397,4,Bismarckallee,2019,10,22,4,3,3,6,2,0,1,0,0,0,1,1,Charlottenburg - Wilmersdorf,Accident with minor injuries,Collision with a vehicle traveling laterally in the same direction,Collision involving vehicles going in the same way,Dark,Wet/moist/slippery
484,50398,2,Samariterviertel,2019,9,14,3,3,6,4,0,0,1,1,0,0,0,1,Friedrichshain - Kreuzberg,Accident with minor injuries,Collision between vehicle and pedestrian,Pedestrian crossing accident,Daylight,Wet/moist/slippery
485,50400,7,Manteuffelstraße,2019,6,10,3,3,6,7,0,0,0,1,0,0,1,0,Tempelhof-Schöneberg,Accident with minor injuries,Collision between vehicle and pedestrian,Others,Daylight,Dry
486,50401,2,Rathaus Yorckstraße,2019,8,17,5,3,5,2,0,1,1,0,0,0,0,0,Friedrichshain - Kreuzberg,Accident with minor injuries,Collision with a turning/crossing vehicle,Turning accident,Daylight,Dry
487,50402,2,Samariterviertel,2019,5,22,4,3,0,6,2,1,0,1,0,0,0,0,Friedrichshain - Kreuzberg,Accident with minor injuries,Others,Collision involving vehicles going in the same way,Dark,Dry
488,50403,6,Zehlendorf Mitte,2019,11,17,7,3,6,2,2,0,1,1,0,0,0,0,Steglitz-Zehlendorf,Accident with minor injuries,Collision between vehicle and pedestrian,Turning accident,Dark,Dry
489,50404,3,Niederschönhausen,2019,6,19,7,2,5,3,0,0,1,0,1,0,0,0,Pankow,Accident with serious injuries,Collision with a turning/crossing vehicle,Turning/Crossing accident,Daylight,Dry
490,50405,3,Thälmannpark,2019,12,8,4,3,0,4,0,0,0,1,0,0,1,0,Pankow,Accident with minor injuries,Others,Pedestrian crossing accident,Daylight,Dry
491,50406,3,Arnimplatz,2019,8,17,5,3,5,2,0,1,0,0,0,0,1,0,Pankow,Accident with minor injuries,Collision with a turning/crossing vehicle,Turning accident,Daylight,Dry
492,50407,3,Pankow Süd,2019,5,18,4,2,5,3,0,1,1,0,0,0,0,0,Pankow,Accident with serious injuries,Collision with a turning/crossing vehicle,Turning/Crossing accident,Daylight,Dry
493,50408,1,Alexanderplatzviertel,2019,10,13,7,3,3,6,0,1,0,0,0,0,0,0,Mitte,Accident with minor injuries,Collision with a vehicle traveling laterally in the same direction,Collision involving vehicles going in the same way,Daylight,Dry
494,50409,11,Rüdigerstraße,2019,9,14,3,3,5,3,0,1,1,0,0,0,0,1,Lichtenberg,Accident with minor injuries,Collision with a turning/crossing vehicle,Turning/Crossing accident,Daylight,Wet/moist/slippery
495,50410,3,Blankenfelde,2019,8,16,5,3,5,2,0,1,1,0,0,0,0,0,Pankow,Accident with minor injuries,Collision with a turning/crossing vehicle,Turning accident,Daylight,Dry
496,50411,4,Schloßstraße,2019,5,17,4,3,2,7,0,1,1,0,0,0,0,0,Charlottenburg - Wilmersdorf,Accident with minor injuries,Collision with the vehicle in front/waiting vehicle,Others,Daylight,Dry
497,50412,4,Flinsberger Platz,2019,10,10,4,3,2,6,0,0,1,0,0,0,0,1,Charlottenburg - Wilmersdorf,Accident with minor injuries,Collision with the vehicle in front/waiting vehicle,Collision involving vehicles going in the same way,Daylight,Wet/moist/slippery
498,50413,4,Park Ruhwald,2019,6,7,5,3,3,6,0,0,1,0,0,1,0,1,Charlottenburg - Wilmersdorf,Accident with minor injuries,Collision with a vehicle traveling laterally in the same direction,Collision involving vehicles going in the same way,Daylight,Wet/moist/slippery
499,50414,4,Stadion Wilmersdorf,2019,9,9,3,3,2,6,0,0,1,0,0,0,0,0,Charlottenburg - Wilmersdorf,Accident with minor injuries,Collision with the vehicle in front/waiting vehicle,Collision involving vehicles going in the same way,Daylight,Dry
500,50415,6,Berlepschstraße,2019,12,8,6,3,5,3,0,1,1,0,0,0,0,0,Steglitz-Zehlendorf,Accident with minor injuries,Collision with a turning/crossing vehicle,Turning/Crossing accident,Daylight,Dry
501,50416,2,Samariterviertel,2019,6,15,3,3,5,2,0,1,1,0,0,0,0,0,Friedrichshain - Kreuzberg,Accident with minor injuries,Collision with a turning/crossing vehicle,Turning accident,Daylight,Dry
502,50417,1,Alexanderplatzviertel,2019,5,5,4,3,0,1,1,0,1,0,0,0,1,1,Mitte,Accident with minor injuries,Others,Driving accident,Twilight,Wet/moist/slippery
503,50418,1,Unter den Linden Nord,2019,11,10,1,3,0,6,0,1,0,0,0,0,1,0,Mitte,Accident with minor injuries,Others,Collision involving vehicles going in the same way,Daylight,Dry
504,50419,4,Eichkamp,2019,6,16,3,3,2,6,0,0,1,0,0,0,0,0,Charlottenburg - Wilmersdorf,Accident with minor injuries,Collision with the vehicle in front/waiting vehicle,Collision involving vehicles going in the same way,Daylight,Dry
505,50420,12,Rollbergesiedlung,2019,11,19,5,3,5,3,2,0,1,0,0,0,1,1,Reinickendorf,Accident with minor injuries,Collision with a turning/crossing vehicle,Turning/Crossing accident,Dark,Wet/moist/slippery
506,50421,12,Waldidyll/Flughafensee,2019,8,15,5,3,2,6,0,0,1,0,0,0,0,0,Reinickendorf,Accident with minor injuries,Collision with the vehicle in front/waiting vehicle,Collision involving vehicles going in the same way,Daylight,Dry
507,50422,4,Reichsstraße,2019,5,15,4,3,2,6,0,0,1,0,0,0,0,0,Charlottenburg - Wilmersdorf,Accident with minor injuries,Collision with the vehicle in front/waiting vehicle,Collision involving vehicles going in the same way,Daylight,Dry
508,50423,1,Leopoldplatz,2019,10,20,1,3,2,6,2,0,1,0,0,0,0,0,Mitte,Accident with minor injuries,Collision with the vehicle in front/waiting vehicle,Collision involving vehicles going in the same way,Dark,Dry