,object id,district,street,year,month,hour of day,weekday,category,accident type,accident type 2,light situation,bike involved,car involved,pedestrian involved,motor bike involved,big track involved,other vehicle involved,road condition,district name,category name,accident detail,accident type detail,light condition,road condition detail
509,50424,11,Rüdigerstraße,2019,9,7,3,3,5,2,0,1,1,0,1,0,0,0,Lichtenberg,Accident with minor injuries,Collision with a turning/crossing vehicle,Turning accident,Daylight,Dry
510,50426,2,Richard-Sorge-Viertel,2019,6,8,3,2,3,6,0,1,0,0,0,0,0,0,Friedrichshain - Kreuzberg,Accident with serious injuries,Collision with a vehicle traveling laterally in the same direction,Collision involving vehicles going in the same way,Daylight,Dry
511,50427,3,Weißenseer Spitze,2019,8,15,5,3,2,6,0,0,1,0,1,0,0,0,Pankow,Accident with minor injuries,Collision with the vehicle in front/waiting vehicle,Collision involving vehicles going in the same way,Daylight,Dry
512,50428,7,Neu-Tempelhof,2019,5,15,4,3,3,6,0,0,1,0,1,0,0,0,Tempelhof-Schöneberg,Accident with minor injuries,Collision with a vehicle traveling laterally in the same direction,Collision involving vehicles going in the same way,Daylight,Dry
513,50429,4,Richard-Wagner-Straße,2019,6,18,1,3,6,2,0,0,1,1,0,0,0,0,Charlottenburg - Wilmersdorf,Accident with minor injuries,Collision between vehicle and pedestrian,Turning accident,Daylight,Dry
514,50430,4,Schloßstraße,2019,9,15,3,3,6,4,0,0,1,1,0,0,0,1,Charlottenburg - Wilmersdorf,Accident with minor injuries,Collision between vehicle and pedestrian,Pedestrian crossing accident,Daylight,Wet/moist/slippery
515,50431,7,Fritz-Werner-Straße,2019,12,17,2,3,5,2,2,0,1,0,0,0,0,1,Tempelhof-Schöneberg,Accident with minor injuries,Collision with a turning/crossing vehicle,Turning accident,Dark,Wet/moist/slippery
516,50432,7,Kettinger Straße/Schillerstraße,2019,6,9,3,2,1,5,0,0,1,0,0,0,0,0,Tempelhof-Schöneberg,Accident with serious injuries,Collision with a moving/standing/parked vehicle,Accident involving parked vehicles,Daylight,Dry
517,50433,1,Nördlicher Landwehrkanal,2019,8,15,5,3,5,2,0,1,1,0,0,0,0,0,Mitte,Accident with minor injuries,Collision with a turning/crossing vehicle,Turning accident,Daylight,Dry
518,50434,1,Nördlicher Landwehrkanal,2019,4,18,3,3,2,6,0,0,1,0,0,0,0,0,Mitte,Accident with minor injuries,Collision with the vehicle in front/waiting vehicle,Collision involving vehicles going in the same way,Daylight,Dry
519,50435,1,Leipziger Straße,2019,11,15,2,3,0,6,0,1,0,0,0,1,1,1,Mitte,Accident with minor injuries,Others,Collision involving vehicles going in the same way,Daylight,Wet/moist/slippery
520,50436,7,Dennewitzplatz,2019,8,11,5,3,3,6,0,0,1,0,1,0,0,0,Tempelhof-Schöneberg,Accident with minor injuries,Collision with a vehicle traveling laterally in the same direction,Collision involving vehicles going in the same way,Daylight,Dry
521,50437,9,Köpenicker Landstraße,2019,4,13,3,3,5,3,0,1,1,0,0,0,0,0,Treptow-Köpenick,Accident with minor injuries,Collision with a turning/crossing vehicle,Turning/Crossing accident,Daylight,Dry
522,50438,6,Nikolassee,2019,10,3,2,3,0,7,2,0,1,0,0,0,0,0,Steglitz-Zehlendorf,Accident with minor injuries,Others,Others,Dark,Dry
523,50439,12,Ziekowstraße/Freie Scholle,2019,9,8,2,3,2,6,0,0,1,0,0,0,0,0,Reinickendorf,Accident with minor injuries,Collision with the vehicle in front/waiting vehicle,Collision involving vehicles going in the same way,Daylight,Dry
524,50441,2,Samariterviertel,2019,6,8,3,3,5,2,0,1,0,0,0,0,1,0,Friedrichshain - Kreuzberg,Accident with minor injuries,Collision with a turning/crossing vehicle,Turning accident,Daylight,Dry
525,50442,4,Park Ruhwald,2019,8,10,5,3,2,6,0,0,1,0,0,0,0,0,Charlottenburg - Wilmersdorf,Accident with minor injuries,Collision with the vehicle in front/waiting vehicle,Collision involving vehicles going in the same way,Daylight,Dry
526,50443,4,Plötzensee,2019,4,7,3,3,2,6,0,0,1,0,0,0,0,0,Charlottenburg - Wilmersdorf,Accident with minor injuries,Collision with the vehicle in front/waiting vehicle,Collision involving vehicles going in the same way,Daylight,Dry
527,50444,2,Samariterviertel,2019,11,15,4,3,5,2,1,1,1,0,0,0,1,1,Friedrichshain - Kreuzberg,Accident with minor injuries,Collision with a turning/crossing vehicle,Turning accident,Twilight,Wet/moist/slippery
528,50445,11,Rüdigerstraße,2019,6,15,4,2,5,2,0,1,0,0,0,1,0,0,Lichtenberg,Accident with serious injuries,Collision with a turning/crossing vehicle,Turning accident,Daylight,Dry
529,50446,12,Schäfersee,2019,9,21,2,2,6,4,2,0,1,1,0,0,0,0,Reinickendorf,Accident with serious injuries,Collision between vehicle and pedestrian,Pedestrian crossing accident,Dark,Dry
530,50447,7,Volkspark (Rudolf-Wilde-Park),2019,12,8,2,3,2,6,0,0,1,0,0,1,1,0,Tempelhof-Schöneberg,Accident with minor injuries,Collision with the vehicle in front/waiting vehicle,Collision involving vehicles going in the same way,Daylight,Dry
531,50448,12,Breitkopfbecken,2019,8,8,5,3,5,2,0,0,1,0,1,0,0,0,Reinickendorf,Accident with minor injuries,Collision with a turning/crossing vehicle,Turning accident,Daylight,Dry
532,50449,6,Botanischer Garten,2019,10,12,4,3,2,6,0,0,1,0,0,0,0,0,Steglitz-Zehlendorf,Accident with minor injuries,Collision with the vehicle in front/waiting vehicle,Collision involving vehicles going in the same way,Daylight,Dry
533,50450,11,Rüdigerstraße,2019,9,20,2,2,0,1,2,0,0,0,1,0,0,0,Lichtenberg,Accident with serious injuries,Others,Driving accident,Dark,Dry
534,50451,2,Samariterviertel,2019,8,7,5,3,5,3,0,1,1,0,0,0,0,0,Friedrichshain - Kreuzberg,Accident with minor injuries,Collision with a turning/crossing vehicle,Turning/Crossing accident,Daylight,Dry
535,50452,2,Viktoriapark,2019,4,7,3,3,0,2,0,1,1,0,0,0,0,0,Friedrichshain - Kreuzberg,Accident with minor injuries,Others,Turning accident,Daylight,Dry
536,50453,6,Botanischer Garten,2019,10,13,3,3,2,6,0,0,1,0,0,1,0,1,Steglitz-Zehlendorf,Accident with minor injuries,Collision with the vehicle in front/waiting vehicle,Collision involving vehicles going in the same way,Daylight,Wet/moist/slippery
537,50454,3,Barnimkiez,2019,9,16,2,3,3,6,0,1,1,0,0,0,0,0,Pankow,Accident with minor injuries,Collision with a vehicle traveling laterally in the same direction,Collision involving vehicles going in the same way,Daylight,Dry
538,50456,12,Teichstraße,2019,6,19,3,3,5,3,1,0,1,0,0,0,0,0,Reinickendorf,Accident with minor injuries,Collision with a turning/crossing vehicle,Turning/Crossing accident,Twilight,Dry
539,50457,3,Helmholtzplatz,2019,8,19,4,2,6,4,0,1,0,1,0,0,0,0,Pankow,Accident with serious injuries,Collision between vehicle and pedestrian,Pedestrian crossing accident,Daylight,Dry
540,50458,3,Conrad-Blenkle-Straße,2019,4,17,3,3,5,2,0,1,1,0,0,0,0,0,Pankow,Accident with minor injuries,Collision with a turning/crossing vehicle,Turning accident,Daylight,Dry
541,50459,10,Wuhletalstraße,2019,11,5,6,2,5,3,2,0,1,0,0,0,0,0,Marzahn-Hellersdorf,Accident with serious injuries,Collision with a turning/crossing vehicle,Turning/Crossing accident,Dark,Dry
542,50460,4,Bismarckallee,2019,10,11,3,2,0,1,0,0,0,0,1,0,0,0,Charlottenburg - Wilmersdorf,Accident with serious injuries,Others,Driving accident,Daylight,Dry
543,50461,7,Kettinger Straße/Schillerstraße,2019,9,16,2,2,5,3,0,0,1,0,1,0,0,1,Tempelhof-Schöneberg,Accident with serious injuries,Collision with a turning/crossing vehicle,Turning/Crossing accident,Daylight,Wet/moist/slippery
544,50463,4,Kranzallee,2019,6,7,2,3,2,6,0,0,1,0,0,0,0,0,Charlottenburg - Wilmersdorf,Accident with minor injuries,Collision with the vehicle in front/waiting vehicle,Collision involving vehicles going in the same way,Daylight,Dry
545,50464,7,Kettinger Straße/Schillerstraße,2019,8,14,4,3,2,6,0,0,1,0,0,0,0,1,Tempelhof-Schöneberg,Accident with minor injuries,Collision with the vehicle in front/waiting vehicle,Collision involving vehicles going in the same way,Daylight,Wet/moist/slippery
546,50465,5,Graetschelsteig,2019,4,19,3,3,2,7,0,1,1,0,0,0,0,0,Spandau,Accident with minor injuries,Collision with the vehicle in front/waiting vehicle,Others,Daylight,Dry
547,50466,2,Samariterviertel,2019,11,17,4,3,6,4,2,0,1,1,0,0,0,1,Friedrichshain - Kreuzberg,Accident with minor injuries,Collision between vehicle and pedestrian,Pedestrian crossing accident,Dark,Wet/moist/slippery
548,50467,1,Heidestraße,2019,6,9,5,3,2,1,0,0,1,0,0,0,0,0,Mitte,Accident with minor injuries,Collision with the vehicle in front/waiting vehicle,Driving accident,Daylight,Dry
549,50468,4,Königin-Elisabeth-Straße,2019,9,10,2,3,5,2,0,1,0,0,0,1,0,0,Charlottenburg - Wilmersdorf,Accident with minor injuries,Collision with a turning/crossing vehicle,Turning accident,Daylight,Dry
550,50469,7,Kaiser-Wilhelm-Platz,2019,12,18,2,3,5,3,2,1,1,0,0,0,0,1,Tempelhof-Schöneberg,Accident with minor injuries,Collision with a turning/crossing vehicle,Turning/Crossing accident,Dark,Wet/moist/slippery
551,50470,1,Unter den Linden Nord,2019,8,9,4,3,3,2,0,0,1,0,1,0,0,0,Mitte,Accident with minor injuries,Collision with a vehicle traveling laterally in the same direction,Turning accident,Daylight,Dry
552,50471,10,Marzahner Promenade,2019,10,19,4,3,2,7,2,0,1,0,0,0,0,0,Marzahn-Hellersdorf,Accident with minor injuries,Collision with the vehicle in front/waiting vehicle,Others,Dark,Dry
553,50472,8,Buschkrugallee Nord,2019,8,6,4,3,3,6,1,0,1,0,1,0,0,0,Neukölln,Accident with minor injuries,Collision with a vehicle traveling laterally in the same direction,Collision involving vehicles going in the same way,Twilight,Dry
554,50473,3,Helmholtzplatz,2019,9,18,6,3,2,6,0,0,1,0,0,0,0,1,Pankow,Accident with minor injuries,Collision with the vehicle in front/waiting vehicle,Collision involving vehicles going in the same way,Daylight,Wet/moist/slippery
555,50474,7,Grazer Platz,2019,4,20,2,3,3,6,1,0,1,0,0,0,0,0,Tempelhof-Schöneberg,Accident with minor injuries,Collision with a vehicle traveling laterally in the same direction,Collision involving vehicles going in the same way,Twilight,Dry
556,50475,11,Rüdigerstraße,2019,10,17,3,3,3,6,1,0,1,0,0,1,0,1,Lichtenberg,Accident with minor injuries,Collision with a vehicle traveling laterally in the same direction,Collision involving vehicles going in the same way,Twilight,Wet/moist/slippery
557,50476,4,Jungfernheide,2019,9,13,2,3,8,1,0,0,1,0,0,0,0,0,Charlottenburg - Wilmersdorf,Accident with minor injuries,Departure from the roadway to the right,Driving accident,Daylight,Dry
558,50478,1,Körnerstraße,2019,6,21,2,3,0,1,2,1,0,0,0,0,0,0,Mitte,Accident with minor injuries,Others,Driving accident,Dark,Dry
559,50479,1,Nördlicher Landwehrkanal,2019,8,15,4,3,5,2,0,1,1,0,0,0,0,0,Mitte,Accident with minor injuries,Collision with a turning/crossing vehicle,Turning accident,Daylight,Dry
560,50480,3,Weißenseer Spitze,2019,4,18,2,3,6,4,0,1,0,1,0,0,0,0,Pankow,Accident with minor injuries,Collision between vehicle and pedestrian,Pedestrian crossing accident,Daylight,Dry
561,50481,2,Samariterviertel,2019,11,1,7,3,5,3,2,0,1,0,0,0,0,0,Friedrichshain - Kreuzberg,Accident with minor injuries,Collision with a turning/crossing vehicle,Turning/Crossing accident,Dark,Dry
562,50482,5,Weinmeisterhornweg,2019,6,19,2,3,2,6,0,0,1,0,0,0,0,0,Spandau,Accident with minor injuries,Collision with the vehicle in front/waiting vehicle,Collision involving vehicles going in the same way,Daylight,Dry
563,50483,1,Großer Tiergarten,2019,9,9,2,2,5,2,0,1,1,0,0,0,0,1,Mitte,Accident with serious injuries,Collision with a turning/crossing vehicle,Turning accident,Daylight,Wet/moist/slippery
564,50484,4,Plötzensee,2019,12,15,4,3,2,6,0,0,1,0,0,0,0,0,Charlottenburg - Wilmersdorf,Accident with minor injuries,Collision with the vehicle in front/waiting vehicle,Collision involving vehicles going in the same way,Daylight,Dry
565,50485,7,Neu-Tempelhof,2019,8,12,3,3,2,6,0,0,1,0,0,0,1,0,Tempelhof-Schöneberg,Accident with minor injuries,Collision with the vehicle in front/waiting vehicle,Collision involving vehicles going in the same way,Daylight,Dry
566,50486,3,Helmholtzplatz,2019,4,9,2,3,0,2,0,0,1,0,0,0,1,1,Pankow,Accident with minor injuries,Others,Turning accident,Daylight,Wet/moist/slippery
567,50487,7,Lindenhofsiedlung,2019,10,19,6,3,2,6,2,0,1,0,0,0,0,0,Tempelhof-Schöneberg,Accident with minor injuries,Collision with the vehicle in front/waiting vehicle,Collision involving vehicles going in the same way,Dark,Dry
568,50488,10,Springpfuhl,2019,9,11,1,3,3,6,0,1,1,0,0,0,0,0,Marzahn-Hellersdorf,Accident with minor injuries,Collision with a vehicle traveling laterally in the same direction,Collision involving vehicles going in the same way,Daylight,Dry
569,50489,2,Andreasviertel,2019,8,9,3,3,3,2,0,0,0,0,1,1,0,0,Friedrichshain - Kreuzberg,Accident with minor injuries,Collision with a vehicle traveling laterally in the same direction,Turning accident,Daylight,Dry
570,50490,1,Alexanderplatzviertel,2019,4,11,2,3,5,3,0,1,0,0,0,1,0,1,Mitte,Accident with minor injuries,Collision with a turning/crossing vehicle,Turning/Crossing accident,Daylight,Wet/moist/slippery
571,50491,7,Grazer Platz,2019,10,13,3,3,5,7,0,0,1,0,0,0,0,1,Tempelhof-Schöneberg,Accident with minor injuries,Collision with a turning/crossing vehicle,Others,Daylight,Wet/moist/slippery
572,50492,2,Samariterviertel,2019,6,17,4,2,3,6,0,1,0,0,0,0,0,0,Friedrichshain - Kreuzberg,Accident with serious injuries,Collision with a vehicle traveling laterally in the same direction,Collision involving vehicles going in the same way,Daylight,Dry
573,50493,4,Eichkamp,2019,9,16,1,3,2,6,0,0,1,0,0,0,0,0,Charlottenburg - Wilmersdorf,Accident with minor injuries,Collision with the vehicle in front/waiting vehicle,Collision involving vehicles going in the same way,Daylight,Dry
574,50494,1,Humboldthain Nordwest,2019,12,22,4,3,6,4,2,0,1,1,0,0,0,0,Mitte,Accident with minor injuries,Collision between vehicle and pedestrian,Pedestrian crossing accident,Dark,Dry
575,50495,3,Greifswalder Straße,2019,6,23,2,3,5,3,2,1,1,0,0,0,0,1,Pankow,Accident with minor injuries,Collision with a turning/crossing vehicle,Turning/Crossing accident,Dark,Wet/moist/slippery
576,50496,8,Buschkrugallee Nord,2019,4,11,2,3,3,6,0,0,1,0,0,0,1,1,Neukölln,Accident with minor injuries,Collision with a vehicle traveling laterally in the same direction,Collision involving vehicles going in the same way,Daylight,Wet/moist/slippery
577,50497,2,Rathaus Yorckstraße,2019,11,15,7,3,3,6,0,0,1,0,1,0,0,1,Friedrichshain - Kreuzberg,Accident with minor injuries,Collision with a vehicle traveling laterally in the same direction,Collision involving vehicles going in the same way,Daylight,Wet/moist/slippery
578,50498,2,Samariterviertel,2019,6,13,2,2,6,4,0,1,0,1,0,0,0,0,Friedrichshain - Kreuzberg,Accident with serious injuries,Collision between vehicle and pedestrian,Pedestrian crossing accident,Daylight,Dry
579,50499,1,Großer Tiergarten,2019,11,18,4,3,5,3,2,1,0,0,1,0,0,1,Mitte,Accident with minor injuries,Collision with a turning/crossing vehicle,Turning/Crossing accident,Dark,Wet/moist/slippery
580,50500,7,Marienfelder Allee Nordwest,2019,8,7,3,3,5,3,0,1,1,0,0,0,0,0,Tempelhof-Schöneberg,Accident with minor injuries,Collision with a turning/crossing vehicle,Turning/Crossing accident,Daylight,Dry
581,50501,12,Teichstraße,2019,4,22,7,2,5,2,2,0,1,0,1,0,0,0,Reinickendorf,Accident with serious injuries,Collision with a turning/crossing vehicle,Turning accident,Dark,Dry
582,50502,3,Arnimplatz,2019,10,18,7,2,5,2,2,0,1,0,1,0,0,0,Pankow,Accident with serious injuries,Collision with a turning/crossing vehicle,Turning accident,Dark,Dry
583,50503,7,Neu-Tempelhof,2019,9,14,1,3,3,6,0,0,1,0,0,0,0,0,Tempelhof-Schöneberg,Accident with minor injuries,Collision with a vehicle traveling laterally in the same direction,Collision involving vehicles going in the same way,Daylight,Dry
584,50505,12,Breitkopfbecken,2019,6,16,2,3,1,5,0,1,1,0,0,0,1,0,Reinickendorf,Accident with minor injuries,Collision with a moving/standing/parked vehicle,Accident involving parked vehicles,Daylight,Dry
585,50506,3,Greifswalder Straße,2019,8,15,3,3,5,3,0,1,1,0,0,0,0,0,Pankow,Accident with minor injuries,Collision with a turning/crossing vehicle,Turning/Crossing accident,Daylight,Dry
586,50507,7,Kettinger Straße/Schillerstraße,2019,4,17,7,3,2,6,0,0,1,0,0,0,0,0,Tempelhof-Schöneberg,Accident with minor injuries,Collision with the vehicle in front/waiting vehicle,Collision involving vehicles going in the same way,Daylight,Dry
587,50508,3,Falkplatz,2019,6,15,7,3,0,1,0,1,0,0,0,0,0,0,Pankow,Accident with minor injuries,Others,Driving accident,Daylight,Dry
588,50509,1,Karl-Marx-Allee,2019,9,23,1,3,6,4,2,0,1,1,0,0,0,1,Mitte,Accident with minor injuries,Collision between vehicle and pedestrian,Pedestrian crossing accident,Dark,Wet/moist/slippery
589,50510,4,Jungfernheide,2019,12,12,1,2,2,6,0,0,1,0,0,0,0,1,Charlottenburg - Wilmersdorf,Accident with serious injuries,Collision with the vehicle in front/waiting vehicle,Collision involving vehicles going in the same way,Daylight,Wet/moist/slippery
590,50511,4,Reichsstraße,2019,6,9,2,2,5,3,0,1,0,0,0,1,0,0,Charlottenburg - Wilmersdorf,Accident with serious injuries,Collision with a turning/crossing vehicle,Turning/Crossing accident,Daylight,Dry
591,50512,4,Königin-Elisabeth-Straße,2019,8,15,3,3,5,2,0,0,1,0,0,0,0,0,Charlottenburg - Wilmersdorf,Accident with minor injuries,Collision with a turning/crossing vehicle,Turning accident,Daylight,Dry
592,50513,4,Richard-Wagner-Straße,2019,11,10,2,3,6,7,0,0,1,1,0,0,0,1,Charlottenburg - Wilmersdorf,Accident with minor injuries,Collision between vehicle and pedestrian,Others,Daylight,Wet/moist/slippery
593,50514,11,Rüdigerstraße,2019,8,15,3,3,5,2,0,1,0,0,0,1,0,0,Lichtenberg,Accident with minor injuries,Collision with a turning/crossing vehicle,Turning accident,Daylight,Dry
594,50515,3,Pankow Süd,2019,4,11,6,3,5,3,0,1,1,0,0,0,0,0,Pankow,Accident with minor injuries,Collision with a turning/crossing vehicle,Turning/Crossing accident,Daylight,Dry
595,50516,10,Wuhletalstraße,2019,10,11,1,2,5,3,0,0,1,0,0,0,1,0,Marzahn-Hellersdorf,Accident with serious injuries,Collision with a turning/crossing vehicle,Turning/Crossing accident,Daylight,Dry
596,50517,4,Park Ruhwald,2019,9,14,7,3,2,6,0,0,1,0,0,0,0,0,Charlottenburg - Wilmersdorf,Accident with minor injuries,Collision with the vehicle in front/waiting vehicle,Collision involving vehicles going in the same way,Daylight,Dry
597,50519,2,Hausburgviertel,2019,6,8,2,3,5,2,0,1,0,0,0,1,0,0,Friedrichshain - Kreuzberg,Accident with minor injuries,Collision with a turning/crossing vehicle,Turning accident,Daylight,Dry
598,50520,7,Neu-Tempelhof,2019,8,15,2,3,0,7,0,1,0,0,0,0,0,0,Tempelhof-Schöneberg,Accident with minor injuries,Others,Others,Daylight,Dry
599,50521,4,Reichsstraße,2019,4,19,6,2,6,4,0,1,0,1,0,0,0,0,Charlottenburg - Wilmersdorf,Accident with serious injuries,Collision between vehicle and pedestrian,Pedestrian crossing accident,Daylight,Dry
600,50522,2,Samariterviertel,2019,11,10,3,3,5,2,0,1,1,0,0,0,0,0,Friedrichshain - Kreuzberg,Accident with minor injuries,Collision with a turning/crossing vehicle,Turning accident,Daylight,Dry
601,50523,1,Unter den Linden Nord,2019,6,18,3,3,0,6,0,1,0,0,0,0,1,0,Mitte,Accident with minor injuries,Others,Collision involving vehicles going in the same way,Daylight,Dry
602,50524,3,Bötzowstraße,2019,9,12,7,3,2,6,0,0,1,0,0,0,1,0,Pankow,Accident with minor injuries,Collision with the vehicle in front/waiting vehicle,Collision involving vehicles going in the same way,Daylight,Dry
603,50525,2,Askanischer Platz,2019,12,1,7,3,2,6,2,0,1,0,0,0,0,1,Friedrichshain - Kreuzberg,Accident with minor injuries,Collision with the vehicle in front/waiting vehicle,Collision involving vehicles going in the same way,Dark,Wet/moist/slippery
604,50526,7,Kaiser-Wilhelm-Platz,2019,8,19,2,3,0,6,0,0,1,0,1,0,0,0,Tempelhof-Schöneberg,Accident with minor injuries,Others,Collision involving vehicles going in the same way,Daylight,Dry
605,50527,2,Rathaus Yorckstraße,2019,10,10,3,3,2,2,0,1,0,0,0,0,1,0,Friedrichshain - Kreuzberg,Accident with minor injuries,Collision with the vehicle in front/waiting vehicle,Turning accident,Daylight,Dry
606,50528,4,Park Ruhwald,2019,9,12,7,2,2,6,0,0,1,0,0,0,0,0,Charlottenburg - Wilmersdorf,Accident with serious injuries,Collision with the vehicle in front/waiting vehicle,Collision involving vehicles going in the same way,Daylight,Dry
607,50529,1,Humboldthain Nordwest,2019,8,15,2,3,5,2,0,1,1,0,0,0,0,0,Mitte,Accident with minor injuries,Collision with a turning/crossing vehicle,Turning accident,Daylight,Dry
608,50530,2,Rathaus Yorckstraße,2019,4,20,6,3,3,6,1,0,1,0,0,0,0,0,Friedrichshain - Kreuzberg,Accident with minor injuries,Collision with a vehicle traveling laterally in the same direction,Collision involving vehicles going in the same way,Twilight,Dry
609,50531,4,Güterbahnhof Grunewald,2019,10,12,2,3,2,6,0,0,1,0,0,0,1,0,Charlottenburg - Wilmersdorf,Accident with minor injuries,Collision with the vehicle in front/waiting vehicle,Collision involving vehicles going in the same way,Daylight,Dry
610,50532,3,Bötzowstraße,2019,6,22,1,3,0,7,2,1,0,0,0,0,0,0,Pankow,Accident with minor injuries,Others,Others,Dark,Dry
611,50533,3,Helmholtzplatz,2019,9,20,7,3,0,6,1,0,1,0,1,0,0,0,Pankow,Accident with minor injuries,Others,Collision involving vehicles going in the same way,Twilight,Dry
612,50535,10,Mahlsdorf Süd,2019,6,13,2,3,5,3,0,1,1,0,0,0,0,0,Marzahn-Hellersdorf,Accident with minor injuries,Collision with a turning/crossing vehicle,Turning/Crossing accident,Daylight,Dry
613,50536,6,Wannsee,2019,4,12,6,3,0,5,0,1,1,0,0,0,0,0,Steglitz-Zehlendorf,Accident with minor injuries,Others,Accident involving parked vehicles,Daylight,Dry
614,50537,4,Park Ruhwald,2019,11,13,5,2,2,6,0,0,1,0,0,0,0,0,Charlottenburg - Wilmersdorf,Accident with serious injuries,Collision with the vehicle in front/waiting vehicle,Collision involving vehicles going in the same way,Daylight,Dry
615,50538,9,Elsenstraße,2019,6,12,1,3,5,2,0,1,1,0,0,0,0,0,Treptow-Köpenick,Accident with minor injuries,Collision with a turning/crossing vehicle,Turning accident,Daylight,Dry
616,50539,4,Jungfernheide,2019,12,15,2,3,2,6,1,0,1,0,0,1,0,1,Charlottenburg - Wilmersdorf,Accident with minor injuries,Collision with the vehicle in front/waiting vehicle,Collision involving vehicles going in the same way,Twilight,Wet/moist/slippery
617,50540,10,Wuhletalstraße,2019,8,12,2,3,5,3,0,0,1,0,0,0,0,0,Marzahn-Hellersdorf,Accident with minor injuries,Collision with a turning/crossing vehicle,Turning/Crossing accident,Daylight,Dry
618,50541,1,Großer Tiergarten,2019,4,10,5,2,5,2,0,1,0,0,1,0,0,0,Mitte,Accident with serious injuries,Collision with a turning/crossing vehicle,Turning accident,Daylight,Dry
619,50542,7,Feuerbachstraße,2019,10,14,4,2,0,6,0,0,1,0,0,0,0,0,Tempelhof-Schöneberg,Accident with serious injuries,Others,Collision involving vehicles going in the same way,Daylight,Dry
620,50543,10,Alt-Biesdorf,2019,9,12,7,3,2,6,0,0,1,0,0,0,0,0,Marzahn-Hellersdorf,Accident with minor injuries,Collision with the vehicle in front/waiting vehicle,Collision involving vehicles going in the same way,Daylight,Dry
621,50545,7,Fritz-Werner-Straße,2019,8,12,2,3,3,6,0,0,1,0,0,1,0,0,Tempelhof-Schöneberg,Accident with minor injuries,Collision with a vehicle traveling laterally in the same direction,Collision involving vehicles going in the same way,Daylight,Dry
622,50546,4,Brabanter Platz,2019,4,18,5,3,3,6,0,0,1,0,0,1,0,0,Charlottenburg - Wilmersdorf,Accident with minor injuries,Collision with a vehicle traveling laterally in the same direction,Collision involving vehicles going in the same way,Daylight,Dry
623,50547,1,Alexanderplatzviertel,2019,9,4,1,3,5,3,2,0,1,0,0,0,1,1,Mitte,Accident with minor injuries,Collision with a turning/crossing vehicle,Turning/Crossing accident,Dark,Wet/moist/slippery
624,50548,1,Unter den Linden Nord,2019,6,9,4,3,3,2,0,0,1,0,1,1,0,0,Mitte,Accident with minor injuries,Collision with a vehicle traveling laterally in the same direction,Turning accident,Daylight,Dry
625,50549,7,Neu-Tempelhof,2019,9,0,7,3,0,7,2,0,0,0,0,0,1,0,Tempelhof-Schöneberg,Accident with minor injuries,Others,Others,Dark,Dry
626,50550,3,Pankow Zentrum,2019,12,9,6,3,1,5,0,0,1,0,0,1,0,0,Pankow,Accident with minor injuries,Collision with a moving/standing/parked vehicle,Accident involving parked vehicles,Daylight,Dry
627,50551,6,Wannsee,2019,6,15,1,3,1,5,0,1,1,0,0,0,0,0,Steglitz-Zehlendorf,Accident with minor injuries,Collision with a moving/standing/parked vehicle,Accident involving parked vehicles,Daylight,Dry
628,50552,1,Alexanderplatzviertel,2019,8,11,1,3,1,5,0,1,1,0,0,0,0,0,Mitte,Accident with minor injuries,Collision with a moving/standing/parked vehicle,Accident involving parked vehicles,Daylight,Dry
629,50553,3,Komponistenviertel Weißensee,2019,4,17,5,3,1,5,0,1,1,0,0,0,0,0,Pankow,Accident with minor injuries,Collision with a moving/standing/parked vehicle,Accident involving parked vehicles,Daylight,Dry
630,50554,1,Alexanderplatzviertel,2019,11,23,6,3,5,7,2,0,1,0,0,0,1,1,Mitte,Accident with minor injuries,Collision with a turning/crossing vehicle,Others,Dark,Wet/moist/slippery
631,50555,3,Pankow Süd,2019,9,19,7,3,5,3,1,1,1,0,0,0,0,0,Pankow,Accident with minor injuries,Collision with a turning/crossing vehicle,Turning/Crossing accident,Twilight,Dry
632,50556,7,Marienfelder Allee Nordwest,2019,11,12,3,3,2,2,0,0,1,0,0,0,0,0,Tempelhof-Schöneberg,Accident with minor injuries,Collision with the vehicle in front/waiting vehicle,Turning accident,Daylight,Dry
633,50557,1,Reinickendorfer Straße,2019,8,15,7,3,5,2,0,0,1,0,0,0,0,0,Mitte,Accident with minor injuries,Collision with a turning/crossing vehicle,Turning accident,Daylight,Dry
634,50558,1,Nördlicher Landwehrkanal,2019,4,17,5,3,5,2,0,0,1,0,1,0,0,0,Mitte,Accident with minor injuries,Collision with a turning/crossing vehicle,Turning accident,Daylight,Dry
635,50559,11,Weitlingstraße,2019,10,7,5,3,0,7,1,1,1,0,0,0,0,1,Lichtenberg,Accident with minor injuries,Others,Others,Twilight,Wet/moist/slippery
636,50560,4,Richard-Wagner-Straße,2019,9,16,7,3,5,2,0,0,1,0,0,0,1,0,Charlottenburg - Wilmersdorf,Accident with minor injuries,Collision with a turning/crossing vehicle,Turning accident,Daylight,Dry