,object id,district,street,year,month,hour of day,weekday,category,accident type,accident type 2,light situation,bike involved,car involved,pedestrian involved,motor bike involved,big track involved,other vehicle involved,road condition,district name,category name,accident detail,accident type detail,light condition,road condition detail
637,50562,4,Ernst-Reuter-Platz,2019,6,15,1,2,3,6,0,0,1,0,1,0,0,0,Charlottenburg - Wilmersdorf,Accident with serious injuries,Collision with a vehicle traveling laterally in the same direction,Collision involving vehicles going in the same way,Daylight,Dry
638,50563,4,Schloßstraße,2019,6,14,1,3,3,6,0,1,0,0,0,0,0,0,Charlottenburg - Wilmersdorf,Accident with minor injuries,Collision with a vehicle traveling laterally in the same direction,Collision involving vehicles going in the same way,Daylight,Dry
639,50564,7,Grazer Platz,2019,12,20,3,3,2,6,2,0,1,0,0,0,0,1,Tempelhof-Schöneberg,Accident with minor injuries,Collision with the vehicle in front/waiting vehicle,Collision involving vehicles going in the same way,Dark,Wet/moist/slippery
640,50565,3,Bötzowstraße,2019,8,21,7,3,0,7,1,0,0,0,1,0,0,1,Pankow,Accident with minor injuries,Others,Others,Twilight,Wet/moist/slippery
641,50566,2,Rathaus Yorckstraße,2019,4,15,5,3,5,2,0,1,1,0,0,0,0,0,Friedrichshain - Kreuzberg,Accident with minor injuries,Collision with a turning/crossing vehicle,Turning accident,Daylight,Dry
642,50567,7,Kettinger Straße/Schillerstraße,2019,10,17,5,2,6,7,0,0,1,1,0,0,0,0,Tempelhof-Schöneberg,Accident with serious injuries,Collision between vehicle and pedestrian,Others,Daylight,Dry
643,50568,4,Schloßstraße,2019,9,15,7,3,6,4,0,1,0,1,0,0,0,0,Charlottenburg - Wilmersdorf,Accident with minor injuries,Collision between vehicle and pedestrian,Pedestrian crossing accident,Daylight,Dry
644,50570,2,Wriezener Bahnhof/Entwicklungsgebiet,2019,8,3,7,2,0,4,2,0,0,1,1,0,0,1,Friedrichshain - Kreuzberg,Accident with serious injuries,Others,Pedestrian crossing accident,Dark,Wet/moist/slippery
645,50571,4,Richard-Wagner-Straße,2019,4,16,5,2,5,2,0,1,1,0,0,0,0,0,Charlottenburg - Wilmersdorf,Accident with serious injuries,Collision with a turning/crossing vehicle,Turning accident,Daylight,Dry
646,50572,2,Boxhagener Platz,2019,9,18,2,3,3,6,1,1,0,0,0,0,0,0,Friedrichshain - Kreuzberg,Accident with minor injuries,Collision with a vehicle traveling laterally in the same direction,Collision involving vehicles going in the same way,Twilight,Dry
647,50573,1,Nördlicher Landwehrkanal,2019,6,9,4,3,5,3,0,1,1,0,0,0,0,0,Mitte,Accident with minor injuries,Collision with a turning/crossing vehicle,Turning/Crossing accident,Daylight,Dry
648,50574,6,Zehlendorf Mitte,2019,9,16,6,3,0,2,0,1,1,0,0,0,0,0,Steglitz-Zehlendorf,Accident with minor injuries,Others,Turning accident,Daylight,Dry
649,50575,3,Pankow Süd,2019,12,12,7,3,3,6,0,0,0,0,0,1,1,0,Pankow,Accident with minor injuries,Collision with a vehicle traveling laterally in the same direction,Collision involving vehicles going in the same way,Daylight,Dry
650,50576,6,Zehlendorf Mitte,2019,6,0,1,3,1,1,2,0,1,0,0,0,0,0,Steglitz-Zehlendorf,Accident with minor injuries,Collision with a moving/standing/parked vehicle,Driving accident,Dark,Dry
651,50577,3,Falkplatz,2019,4,15,5,3,6,4,0,1,0,1,0,0,0,0,Pankow,Accident with minor injuries,Collision between vehicle and pedestrian,Pedestrian crossing accident,Daylight,Dry
652,50578,2,Samariterviertel,2019,11,23,6,3,5,2,2,1,1,0,0,0,0,1,Friedrichshain - Kreuzberg,Accident with minor injuries,Collision with a turning/crossing vehicle,Turning accident,Dark,Wet/moist/slippery
653,50579,3,Bötzowstraße,2019,11,17,3,3,2,6,2,0,1,0,0,0,0,0,Pankow,Accident with minor injuries,Collision with the vehicle in front/waiting vehicle,Collision involving vehicles going in the same way,Dark,Dry
654,50580,7,Grazer Platz,2019,8,15,6,3,5,2,0,0,1,0,0,0,0,0,Tempelhof-Schöneberg,Accident with minor injuries,Collision with a turning/crossing vehicle,Turning accident,Daylight,Dry
655,50581,10,Marzahner Promenade,2019,4,9,5,3,6,4,0,0,1,1,0,0,0,0,Marzahn-Hellersdorf,Accident with minor injuries,Collision between vehicle and pedestrian,Pedestrian crossing accident,Daylight,Dry
656,50582,1,Unter den Linden Nord,2019,10,16,5,3,4,7,0,1,0,0,0,0,1,0,Mitte,Accident with minor injuries,Collision with oncoming vehicle,Others,Daylight,Dry
657,50583,4,Schloßstraße,2019,9,14,6,3,5,3,0,0,1,0,0,0,0,0,Charlottenburg - Wilmersdorf,Accident with minor injuries,Collision with a turning/crossing vehicle,Turning/Crossing accident,Daylight,Dry
658,50585,3,Thälmannpark,2019,6,12,1,2,5,7,0,0,1,0,0,0,1,0,Pankow,Accident with serious injuries,Collision with a turning/crossing vehicle,Others,Daylight,Dry
659,50586,11,Rüdigerstraße,2019,8,18,5,3,6,4,0,0,1,1,0,0,0,0,Lichtenberg,Accident with minor injuries,Collision between vehicle and pedestrian,Pedestrian crossing accident,Daylight,Dry
660,50587,2,Askanischer Platz,2019,4,14,4,3,0,2,0,0,1,1,0,0,0,0,Friedrichshain - Kreuzberg,Accident with minor injuries,Others,Turning accident,Daylight,Dry
661,50588,4,Ernst-Reuter-Platz,2019,6,12,6,3,6,7,0,0,1,1,0,0,0,0,Charlottenburg - Wilmersdorf,Accident with minor injuries,Collision between vehicle and pedestrian,Others,Daylight,Dry
662,50589,5,Börnicker Straße,2019,9,14,6,3,2,6,0,0,1,0,0,0,1,0,Spandau,Accident with minor injuries,Collision with the vehicle in front/waiting vehicle,Collision involving vehicles going in the same way,Daylight,Dry
663,50590,11,Rüdigerstraße,2019,12,21,7,3,2,6,2,0,1,0,0,0,0,1,Lichtenberg,Accident with minor injuries,Collision with the vehicle in front/waiting vehicle,Collision involving vehicles going in the same way,Dark,Wet/moist/slippery
664,50591,7,Kaiser-Wilhelm-Platz,2019,6,19,7,3,1,5,0,1,0,0,0,0,1,0,Tempelhof-Schöneberg,Accident with minor injuries,Collision with a moving/standing/parked vehicle,Accident involving parked vehicles,Daylight,Dry
665,50592,7,Manteuffelstraße,2019,8,17,5,3,0,6,0,0,1,0,0,0,1,0,Tempelhof-Schöneberg,Accident with minor injuries,Others,Collision involving vehicles going in the same way,Daylight,Dry
666,50593,2,Hausburgviertel,2019,4,18,4,3,5,3,0,1,1,0,0,0,0,0,Friedrichshain - Kreuzberg,Accident with minor injuries,Collision with a turning/crossing vehicle,Turning/Crossing accident,Daylight,Dry
667,50594,4,Richard-Wagner-Straße,2019,11,13,1,3,2,6,0,0,1,0,0,0,1,1,Charlottenburg - Wilmersdorf,Accident with minor injuries,Collision with the vehicle in front/waiting vehicle,Collision involving vehicles going in the same way,Daylight,Wet/moist/slippery
668,50595,2,Wriezener Bahnhof/Entwicklungsgebiet,2019,8,15,5,3,0,6,0,1,0,1,0,0,0,0,Friedrichshain - Kreuzberg,Accident with minor injuries,Others,Collision involving vehicles going in the same way,Daylight,Dry
669,50596,6,Nikolassee,2019,4,18,4,3,5,3,0,1,1,0,0,0,0,0,Steglitz-Zehlendorf,Accident with minor injuries,Collision with a turning/crossing vehicle,Turning/Crossing accident,Daylight,Dry
670,50597,4,Bismarckallee,2019,10,11,6,3,2,6,0,0,1,0,0,0,1,0,Charlottenburg - Wilmersdorf,Accident with minor injuries,Collision with the vehicle in front/waiting vehicle,Collision involving vehicles going in the same way,Daylight,Dry
671,50598,12,Hermsdorf,2019,9,8,6,3,5,3,0,1,1,0,0,0,0,0,Reinickendorf,Accident with minor injuries,Collision with a turning/crossing vehicle,Turning/Crossing accident,Daylight,Dry
672,50600,7,Neu-Tempelhof,2019,6,13,7,3,2,6,0,0,1,0,0,0,0,0,Tempelhof-Schöneberg,Accident with minor injuries,Collision with the vehicle in front/waiting vehicle,Collision involving vehicles going in the same way,Daylight,Dry
673,50601,1,Nördlicher Landwehrkanal,2019,8,15,5,3,5,3,0,1,1,0,0,0,0,0,Mitte,Accident with minor injuries,Collision with a turning/crossing vehicle,Turning/Crossing accident,Daylight,Dry
674,50602,3,Lietzengraben,2019,4,17,4,3,2,6,0,0,1,0,0,0,0,0,Pankow,Accident with minor injuries,Collision with the vehicle in front/waiting vehicle,Collision involving vehicles going in the same way,Daylight,Dry
675,50603,10,Springpfuhl,2019,11,15,2,3,1,5,1,0,1,0,1,0,0,1,Marzahn-Hellersdorf,Accident with minor injuries,Collision with a moving/standing/parked vehicle,Accident involving parked vehicles,Twilight,Wet/moist/slippery
676,50604,7,Neu-Tempelhof,2019,6,20,3,3,1,5,0,1,1,0,0,0,0,0,Tempelhof-Schöneberg,Accident with minor injuries,Collision with a moving/standing/parked vehicle,Accident involving parked vehicles,Daylight,Dry
677,50605,11,Tierpark,2019,9,16,6,3,3,6,0,0,1,0,1,0,0,0,Lichtenberg,Accident with minor injuries,Collision with a vehicle traveling laterally in the same direction,Collision involving vehicles going in the same way,Daylight,Dry
678,50606,12,Schäfersee,2019,12,19,6,3,6,2,2,0,1,1,0,0,0,1,Reinickendorf,Accident with minor injuries,Collision between vehicle and pedestrian,Turning accident,Dark,Wet/moist/slippery
679,50607,1,Humboldthain Nordwest,2019,8,8,5,3,2,2,0,0,1,0,0,0,0,0,Mitte,Accident with minor injuries,Collision with the vehicle in front/waiting vehicle,Turning accident,Daylight,Dry
680,50608,7,Manteuffelstraße,2019,4,14,4,3,6,4,0,0,1,1,0,0,0,0,Tempelhof-Schöneberg,Accident with minor injuries,Collision between vehicle and pedestrian,Pedestrian crossing accident,Daylight,Dry
681,50609,2,Samariterviertel,2019,10,17,2,3,6,4,2,0,1,1,0,0,0,1,Friedrichshain - Kreuzberg,Accident with minor injuries,Collision between vehicle and pedestrian,Pedestrian crossing accident,Dark,Wet/moist/slippery
682,50610,7,Germaniagarten,2019,9,6,5,3,3,6,2,0,1,0,0,1,0,0,Tempelhof-Schöneberg,Accident with minor injuries,Collision with a vehicle traveling laterally in the same direction,Collision involving vehicles going in the same way,Dark,Dry
683,50611,7,Fritz-Werner-Straße,2019,8,10,5,3,5,3,0,1,1,0,0,0,0,0,Tempelhof-Schöneberg,Accident with minor injuries,Collision with a turning/crossing vehicle,Turning/Crossing accident,Daylight,Dry
684,50612,10,Havemannstraße,2019,4,15,4,2,6,4,0,0,1,1,0,0,0,0,Marzahn-Hellersdorf,Accident with serious injuries,Collision between vehicle and pedestrian,Pedestrian crossing accident,Daylight,Dry
685,50613,6,Botanischer Garten,2019,10,18,7,3,2,6,1,0,1,0,0,0,0,0,Steglitz-Zehlendorf,Accident with minor injuries,Collision with the vehicle in front/waiting vehicle,Collision involving vehicles going in the same way,Twilight,Dry
686,50614,7,Rathaus Tempelhof,2019,6,23,7,3,3,6,2,0,1,0,0,0,0,0,Tempelhof-Schöneberg,Accident with minor injuries,Collision with a vehicle traveling laterally in the same direction,Collision involving vehicles going in the same way,Dark,Dry
687,50615,7,Volkspark (Rudolf-Wilde-Park),2019,9,16,5,3,2,6,0,0,1,0,0,0,0,0,Tempelhof-Schöneberg,Accident with minor injuries,Collision with the vehicle in front/waiting vehicle,Collision involving vehicles going in the same way,Daylight,Dry
688,50617,1,Heidestraße,2019,6,21,7,3,2,6,1,0,1,0,0,0,0,0,Mitte,Accident with minor injuries,Collision with the vehicle in front/waiting vehicle,Collision involving vehicles going in the same way,Twilight,Dry
689,50618,6,Wannsee,2019,4,9,4,3,5,2,0,0,1,0,0,0,0,0,Steglitz-Zehlendorf,Accident with minor injuries,Collision with a turning/crossing vehicle,Turning accident,Daylight,Dry
690,50619,1,Heidestraße,2019,11,7,4,3,2,6,0,0,1,0,0,0,0,0,Mitte,Accident with minor injuries,Collision with the vehicle in front/waiting vehicle,Collision involving vehicles going in the same way,Daylight,Dry
691,50620,12,Waldidyll/Flughafensee,2019,6,12,7,3,0,7,0,0,1,0,0,0,0,0,Reinickendorf,Accident with minor injuries,Others,Others,Daylight,Dry
692,50621,4,Park Ruhwald,2019,12,18,1,3,3,6,2,0,1,0,0,1,0,0,Charlottenburg - Wilmersdorf,Accident with minor injuries,Collision with a vehicle traveling laterally in the same direction,Collision involving vehicles going in the same way,Dark,Dry
693,50622,2,Andreasviertel,2019,8,7,5,3,1,6,0,0,1,0,0,0,0,0,Friedrichshain - Kreuzberg,Accident with minor injuries,Collision with a moving/standing/parked vehicle,Collision involving vehicles going in the same way,Daylight,Dry
694,50623,2,Samariterviertel,2019,4,8,4,2,0,2,0,1,1,0,0,0,0,0,Friedrichshain - Kreuzberg,Accident with serious injuries,Others,Turning accident,Daylight,Dry
695,50624,7,Grazer Platz,2019,10,8,3,3,2,6,0,0,1,0,1,0,0,0,Tempelhof-Schöneberg,Accident with minor injuries,Collision with the vehicle in front/waiting vehicle,Collision involving vehicles going in the same way,Daylight,Dry
696,50625,1,Alexanderplatzviertel,2019,9,15,5,3,3,6,0,0,1,0,0,0,0,0,Mitte,Accident with minor injuries,Collision with a vehicle traveling laterally in the same direction,Collision involving vehicles going in the same way,Daylight,Dry
697,50627,2,Friedenstraße,2019,7,11,4,2,0,7,0,1,0,0,0,0,0,0,Friedrichshain - Kreuzberg,Accident with serious injuries,Others,Others,Daylight,Dry
698,50628,7,Grazer Platz,2019,4,11,3,2,2,6,0,0,1,0,0,1,0,0,Tempelhof-Schöneberg,Accident with serious injuries,Collision with the vehicle in front/waiting vehicle,Collision involving vehicles going in the same way,Daylight,Dry
699,50629,4,Brabanter Platz,2019,9,14,7,3,2,6,0,0,1,0,0,0,0,1,Charlottenburg - Wilmersdorf,Accident with minor injuries,Collision with the vehicle in front/waiting vehicle,Collision involving vehicles going in the same way,Daylight,Wet/moist/slippery
700,50630,3,Komponistenviertel Weißensee,2019,6,9,3,3,3,6,0,1,0,0,0,0,1,0,Pankow,Accident with minor injuries,Collision with a vehicle traveling laterally in the same direction,Collision involving vehicles going in the same way,Daylight,Dry
701,50631,6,Botanischer Garten,2019,9,13,5,2,0,7,0,1,0,0,0,0,0,0,Steglitz-Zehlendorf,Accident with serious injuries,Others,Others,Daylight,Dry
702,50632,9,Baumschulenstraße,2019,12,14,6,3,3,6,0,0,1,0,0,0,1,1,Treptow-Köpenick,Accident with minor injuries,Collision with a vehicle traveling laterally in the same direction,Collision involving vehicles going in the same way,Daylight,Wet/moist/slippery
703,50633,1,Leipziger Straße,2019,6,1,7,3,2,6,2,0,1,0,0,0,0,0,Mitte,Accident with minor injuries,Collision with the vehicle in front/waiting vehicle,Collision involving vehicles going in the same way,Dark,Dry
704,50634,1,Nördlicher Landwehrkanal,2019,7,22,4,3,5,2,2,1,1,0,0,0,0,1,Mitte,Accident with minor injuries,Collision with a turning/crossing vehicle,Turning accident,Dark,Wet/moist/slippery
705,50635,4,Stadion Wilmersdorf,2019,4,10,3,3,2,6,0,0,1,0,0,0,0,0,Charlottenburg - Wilmersdorf,Accident with minor injuries,Collision with the vehicle in front/waiting vehicle,Collision involving vehicles going in the same way,Daylight,Dry
706,50636,11,Rüdigerstraße,2019,11,7,4,2,5,2,0,1,1,0,0,0,0,1,Lichtenberg,Accident with serious injuries,Collision with a turning/crossing vehicle,Turning accident,Daylight,Wet/moist/slippery
707,50637,5,Weinmeisterhornweg,2019,11,14,1,3,5,3,0,0,1,0,1,0,0,0,Spandau,Accident with minor injuries,Collision with a turning/crossing vehicle,Turning/Crossing accident,Daylight,Dry
708,50638,2,Samariterviertel,2019,7,14,4,3,0,6,0,1,0,0,0,0,0,0,Friedrichshain - Kreuzberg,Accident with minor injuries,Others,Collision involving vehicles going in the same way,Daylight,Dry
709,50639,3,Barnimkiez,2019,4,5,3,2,6,7,0,0,1,0,0,0,1,0,Pankow,Accident with serious injuries,Collision between vehicle and pedestrian,Others,Daylight,Dry
710,50640,2,Samariterviertel,2019,10,10,4,3,6,7,0,0,0,1,0,0,1,1,Friedrichshain - Kreuzberg,Accident with minor injuries,Collision between vehicle and pedestrian,Others,Daylight,Wet/moist/slippery
711,50641,2,Richard-Sorge-Viertel,2019,9,9,5,3,3,6,0,1,0,0,0,0,0,0,Friedrichshain - Kreuzberg,Accident with minor injuries,Collision with a vehicle traveling laterally in the same direction,Collision involving vehicles going in the same way,Daylight,Dry
712,50643,7,Fritz-Werner-Straße,2019,5,6,6,3,5,3,0,0,1,0,0,0,0,0,Tempelhof-Schöneberg,Accident with minor injuries,Collision with a turning/crossing vehicle,Turning/Crossing accident,Daylight,Dry
713,50644,4,Königin-Elisabeth-Straße,2019,7,13,4,3,5,2,0,1,0,0,0,1,0,0,Charlottenburg - Wilmersdorf,Accident with minor injuries,Collision with a turning/crossing vehicle,Turning accident,Daylight,Dry
714,50645,6,Zehlendorf Mitte,2019,4,11,3,3,5,7,0,1,1,0,0,0,0,0,Steglitz-Zehlendorf,Accident with minor injuries,Collision with a turning/crossing vehicle,Others,Daylight,Dry
715,50646,9,Elsenstraße,2019,6,20,5,3,6,4,0,1,0,1,0,0,0,0,Treptow-Köpenick,Accident with minor injuries,Collision between vehicle and pedestrian,Pedestrian crossing accident,Daylight,Dry
716,50647,7,Germaniagarten,2019,9,6,5,3,2,6,0,0,1,0,0,0,1,1,Tempelhof-Schöneberg,Accident with minor injuries,Collision with the vehicle in front/waiting vehicle,Collision involving vehicles going in the same way,Daylight,Wet/moist/slippery
717,50648,3,Bötzowstraße,2019,12,7,4,3,6,2,0,0,1,1,0,0,0,0,Pankow,Accident with minor injuries,Collision between vehicle and pedestrian,Turning accident,Daylight,Dry
718,50649,4,Richard-Wagner-Straße,2019,5,13,6,3,5,2,0,1,1,0,0,0,0,0,Charlottenburg - Wilmersdorf,Accident with minor injuries,Collision with a turning/crossing vehicle,Turning accident,Daylight,Dry
719,50650,1,Alexanderplatzviertel,2019,7,18,3,3,6,6,0,0,0,1,0,0,1,0,Mitte,Accident with minor injuries,Collision between vehicle and pedestrian,Collision involving vehicles going in the same way,Daylight,Dry
720,50651,4,Brabanter Platz,2019,11,5,6,3,5,2,2,0,1,0,0,0,0,0,Charlottenburg - Wilmersdorf,Accident with minor injuries,Collision with a turning/crossing vehicle,Turning accident,Dark,Dry
721,50652,1,Nördlicher Landwehrkanal,2019,7,23,3,3,5,3,2,1,0,0,0,0,1,0,Mitte,Accident with minor injuries,Collision with a turning/crossing vehicle,Turning/Crossing accident,Dark,Dry
722,50653,1,Leopoldplatz,2019,9,17,6,3,2,6,0,0,1,0,0,0,0,1,Mitte,Accident with minor injuries,Collision with the vehicle in front/waiting vehicle,Collision involving vehicles going in the same way,Daylight,Wet/moist/slippery
723,50654,1,Nördlicher Landwehrkanal,2019,4,11,3,3,2,6,0,0,1,0,1,0,0,0,Mitte,Accident with minor injuries,Collision with the vehicle in front/waiting vehicle,Collision involving vehicles going in the same way,Daylight,Dry
724,50655,4,Schloßstraße,2019,10,0,5,3,5,3,2,0,1,0,0,0,0,1,Charlottenburg - Wilmersdorf,Accident with minor injuries,Collision with a turning/crossing vehicle,Turning/Crossing accident,Dark,Wet/moist/slippery
725,50656,11,Rosenfelder Ring,2019,9,5,5,3,2,6,2,0,1,0,0,1,0,1,Lichtenberg,Accident with minor injuries,Collision with the vehicle in front/waiting vehicle,Collision involving vehicles going in the same way,Dark,Wet/moist/slippery
726,50658,3,Pankow Süd,2019,5,19,6,2,1,5,1,1,1,0,0,0,0,1,Pankow,Accident with serious injuries,Collision with a moving/standing/parked vehicle,Accident involving parked vehicles,Twilight,Wet/moist/slippery
727,50659,3,Pankow Zentrum,2019,7,22,3,3,3,2,2,0,1,0,1,0,0,0,Pankow,Accident with minor injuries,Collision with a vehicle traveling laterally in the same direction,Turning accident,Dark,Dry
728,50660,1,Heidestraße,2019,4,14,3,3,2,6,0,0,1,0,0,0,1,0,Mitte,Accident with minor injuries,Collision with the vehicle in front/waiting vehicle,Collision involving vehicles going in the same way,Daylight,Dry
729,50661,7,Manteuffelstraße,2019,11,11,1,3,2,2,0,0,1,0,0,0,0,1,Tempelhof-Schöneberg,Accident with minor injuries,Collision with the vehicle in front/waiting vehicle,Turning accident,Daylight,Wet/moist/slippery
730,50662,12,Teichstraße,2019,6,23,7,3,2,7,2,0,0,0,0,0,1,0,Reinickendorf,Accident with minor injuries,Collision with the vehicle in front/waiting vehicle,Others,Dark,Dry
731,50663,7,Rathausstraße,2019,9,11,4,3,2,7,0,0,1,0,1,0,0,0,Tempelhof-Schöneberg,Accident with minor injuries,Collision with the vehicle in front/waiting vehicle,Others,Daylight,Dry
732,50664,1,Reinickendorfer Straße,2019,12,17,5,3,2,6,2,0,1,0,0,0,1,0,Mitte,Accident with minor injuries,Collision with the vehicle in front/waiting vehicle,Collision involving vehicles going in the same way,Dark,Dry
733,50665,3,Falkplatz,2019,7,10,3,3,5,2,0,1,1,0,0,0,0,0,Pankow,Accident with minor injuries,Collision with a turning/crossing vehicle,Turning accident,Daylight,Dry
734,50666,3,Niederschönhausen,2019,4,15,3,3,5,2,0,1,1,0,0,0,0,0,Pankow,Accident with minor injuries,Collision with a turning/crossing vehicle,Turning accident,Daylight,Dry
735,50667,12,Breitkopfbecken,2019,7,12,3,3,9,1,0,0,1,0,0,0,0,0,Reinickendorf,Accident with minor injuries,Departure from the roadway to the left,Driving accident,Daylight,Dry
736,50668,7,Kettinger Straße/Schillerstraße,2019,4,16,3,3,6,4,0,0,1,1,0,0,0,0,Tempelhof-Schöneberg,Accident with minor injuries,Collision between vehicle and pedestrian,Pedestrian crossing accident,Daylight,Dry
737,50669,1,Großer Tiergarten,2019,6,16,5,3,2,6,0,0,1,0,1,0,0,0,Mitte,Accident with minor injuries,Collision with the vehicle in front/waiting vehicle,Collision involving vehicles going in the same way,Daylight,Dry
738,50670,7,Rathausstraße,2019,9,9,4,3,3,6,0,0,1,0,0,1,0,0,Tempelhof-Schöneberg,Accident with minor injuries,Collision with a vehicle traveling laterally in the same direction,Collision involving vehicles going in the same way,Daylight,Dry
739,50671,2,Andreasviertel,2019,12,6,6,3,2,2,2,1,1,0,0,0,0,2,Friedrichshain - Kreuzberg,Accident with minor injuries,Collision with the vehicle in front/waiting vehicle,Turning accident,Dark,Snowy
740,50672,12,Breitkopfbecken,2019,5,19,6,2,9,1,0,0,1,0,0,0,0,1,Reinickendorf,Accident with serious injuries,Departure from the roadway to the left,Driving accident,Daylight,Wet/moist/slippery
741,50673,3,Komponistenviertel Weißensee,2019,7,22,2,3,1,5,2,1,1,0,0,0,0,1,Pankow,Accident with minor injuries,Collision with a moving/standing/parked vehicle,Accident involving parked vehicles,Dark,Wet/moist/slippery
742,50674,9,Späthsfelde,2019,11,19,6,2,3,6,2,0,1,0,0,1,0,1,Treptow-Köpenick,Accident with serious injuries,Collision with a vehicle traveling laterally in the same direction,Collision involving vehicles going in the same way,Dark,Wet/moist/slippery
743,50675,1,Alexanderplatzviertel,2019,7,19,2,3,0,6,0,1,1,0,0,0,0,1,Mitte,Accident with minor injuries,Others,Collision involving vehicles going in the same way,Daylight,Wet/moist/slippery
744,50676,4,Jungfernheide,2019,4,16,3,3,2,6,0,0,1,0,0,0,0,0,Charlottenburg - Wilmersdorf,Accident with minor injuries,Collision with the vehicle in front/waiting vehicle,Collision involving vehicles going in the same way,Daylight,Dry
745,50677,7,Fritz-Werner-Straße,2019,10,1,6,2,5,3,2,0,1,0,0,0,0,1,Tempelhof-Schöneberg,Accident with serious injuries,Collision with a turning/crossing vehicle,Turning/Crossing accident,Dark,Wet/moist/slippery
746,50678,7,Lindenhofsiedlung,2019,9,8,4,3,2,6,0,0,1,0,0,0,0,0,Tempelhof-Schöneberg,Accident with minor injuries,Collision with the vehicle in front/waiting vehicle,Collision involving vehicles going in the same way,Daylight,Dry
747,50680,2,Samariterviertel,2019,5,12,6,3,5,2,0,1,1,0,0,0,0,0,Friedrichshain - Kreuzberg,Accident with minor injuries,Collision with a turning/crossing vehicle,Turning accident,Daylight,Dry
748,50681,1,Humboldthain Nordwest,2019,7,19,2,3,5,2,0,1,1,0,0,0,0,1,Mitte,Accident with minor injuries,Collision with a turning/crossing vehicle,Turning accident,Daylight,Wet/moist/slippery
749,50682,9,Johannisthal Ost,2019,4,3,2,3,9,1,2,0,1,0,0,0,0,0,Treptow-Köpenick,Accident with minor injuries,Departure from the roadway to the left,Driving accident,Dark,Dry
750,50683,7,Rathaus Tempelhof,2019,11,18,2,3,2,6,2,0,1,0,0,0,0,1,Tempelhof-Schöneberg,Accident with minor injuries,Collision with the vehicle in front/waiting vehicle,Collision involving vehicles going in the same way,Dark,Wet/moist/slippery
751,50684,9,Schnellerstraße,2019,6,16,1,3,2,6,0,0,0,0,1,0,0,0,Treptow-Köpenick,Accident with minor injuries,Collision with the vehicle in front/waiting vehicle,Collision involving vehicles going in the same way,Daylight,Dry
752,50685,1,Leipziger Straße,2019,9,7,4,3,2,6,0,0,0,0,1,1,0,0,Mitte,Accident with minor injuries,Collision with the vehicle in front/waiting vehicle,Collision involving vehicles going in the same way,Daylight,Dry
753,50686,7,Grazer Platz,2019,12,7,6,3,2,6,1,0,1,0,0,0,0,1,Tempelhof-Schöneberg,Accident with minor injuries,Collision with the vehicle in front/waiting vehicle,Collision involving vehicles going in the same way,Twilight,Wet/moist/slippery
754,50687,7,Grazer Platz,2019,7,19,2,3,5,3,0,0,1,0,0,0,1,1,Tempelhof-Schöneberg,Accident with minor injuries,Collision with a turning/crossing vehicle,Turning/Crossing accident,Daylight,Wet/moist/slippery
755,50688,3,Pankow Zentrum,2019,4,10,7,3,0,2,0,0,1,0,0,0,1,0,Pankow,Accident with minor injuries,Others,Turning accident,Daylight,Dry
756,50689,7,Fritz-Werner-Straße,2019,10,6,2,3,0,3,1,1,0,0,0,0,0,1,Tempelhof-Schöneberg,Accident with minor injuries,Others,Turning/Crossing accident,Twilight,Wet/moist/slippery
757,50690,9,Elsenstraße,2019,9,8,3,3,2,6,0,0,1,0,0,0,0,0,Treptow-Köpenick,Accident with minor injuries,Collision with the vehicle in front/waiting vehicle,Collision involving vehicles going in the same way,Daylight,Dry
758,50691,6,Zehlendorf Mitte,2019,7,16,2,3,0,5,0,1,1,0,0,0,0,0,Steglitz-Zehlendorf,Accident with minor injuries,Others,Accident involving parked vehicles,Daylight,Dry
759,50692,2,Samariterviertel,2019,4,12,6,3,6,6,0,1,0,1,0,0,0,0,Friedrichshain - Kreuzberg,Accident with minor injuries,Collision between vehicle and pedestrian,Collision involving vehicles going in the same way,Daylight,Dry
760,50693,7,Fritz-Werner-Straße,2019,10,17,6,3,5,3,1,0,1,0,0,0,0,1,Tempelhof-Schöneberg,Accident with minor injuries,Collision with a turning/crossing vehicle,Turning/Crossing accident,Twilight,Wet/moist/slippery
761,50694,4,Reichsstraße,2019,6,15,6,3,5,2,0,0,1,0,0,0,0,0,Charlottenburg - Wilmersdorf,Accident with minor injuries,Collision with a turning/crossing vehicle,Turning accident,Daylight,Dry
762,50695,3,Pankow Süd,2019,9,16,3,3,5,2,0,1,1,0,0,0,0,0,Pankow,Accident with minor injuries,Collision with a turning/crossing vehicle,Turning accident,Daylight,Dry
763,50697,4,Reichsstraße,2019,5,14,5,3,2,6,0,0,1,0,0,0,0,0,Charlottenburg - Wilmersdorf,Accident with minor injuries,Collision with the vehicle in front/waiting vehicle,Collision involving vehicles going in the same way,Daylight,Dry