,object id,district,street,year,month,hour of day,weekday,category,accident type,accident type 2,light situation,bike involved,car involved,pedestrian involved,motor bike involved,big track involved,other vehicle involved,road condition,district name,category name,accident detail,accident type detail,light condition,road condition detail
764,50698,4,Königin-Elisabeth-Straße,2019,4,10,6,3,2,6,0,0,0,0,1,0,0,0,Charlottenburg - Wilmersdorf,Accident with minor injuries,Collision with the vehicle in front/waiting vehicle,Collision involving vehicles going in the same way,Daylight,Dry
765,50699,1,Leipziger Straße,2019,11,22,2,3,3,6,2,0,1,0,0,0,0,0,Mitte,Accident with minor injuries,Collision with a vehicle traveling laterally in the same direction,Collision involving vehicles going in the same way,Dark,Dry
766,50700,1,Alexanderplatzviertel,2019,5,4,5,3,5,3,1,1,1,0,0,0,0,0,Mitte,Accident with minor injuries,Collision with a turning/crossing vehicle,Turning/Crossing accident,Twilight,Dry
767,50701,12,Ziekowstraße/Freie Scholle,2019,11,12,7,3,2,6,0,0,1,0,0,0,0,0,Reinickendorf,Accident with minor injuries,Collision with the vehicle in front/waiting vehicle,Collision involving vehicles going in the same way,Daylight,Dry
768,50702,4,Park Ruhwald,2019,7,14,2,3,3,6,0,0,1,0,0,0,0,0,Charlottenburg - Wilmersdorf,Accident with minor injuries,Collision with a vehicle traveling laterally in the same direction,Collision involving vehicles going in the same way,Daylight,Dry
769,50703,7,Fritz-Werner-Straße,2019,4,14,6,3,2,2,0,0,0,0,0,0,1,0,Tempelhof-Schöneberg,Accident with minor injuries,Collision with the vehicle in front/waiting vehicle,Turning accident,Daylight,Dry
770,50704,7,Marienfelder Allee Nordwest,2019,10,16,3,2,1,5,0,0,1,0,1,0,0,0,Tempelhof-Schöneberg,Accident with serious injuries,Collision with a moving/standing/parked vehicle,Accident involving parked vehicles,Daylight,Dry
771,50705,1,Nördlicher Landwehrkanal,2019,9,15,3,3,2,2,0,0,0,0,1,1,0,0,Mitte,Accident with minor injuries,Collision with the vehicle in front/waiting vehicle,Turning accident,Daylight,Dry
772,50707,9,Schnellerstraße,2019,7,13,2,3,2,6,0,0,1,0,1,0,0,0,Treptow-Köpenick,Accident with minor injuries,Collision with the vehicle in front/waiting vehicle,Collision involving vehicles going in the same way,Daylight,Dry
773,50708,5,Börnicker Straße,2019,4,15,6,3,0,1,0,0,0,0,1,0,0,0,Spandau,Accident with minor injuries,Others,Driving accident,Daylight,Dry
774,50709,1,Alexanderplatzviertel,2019,9,17,6,2,6,7,0,0,0,1,0,0,1,0,Mitte,Accident with serious injuries,Collision between vehicle and pedestrian,Others,Daylight,Dry
775,50710,2,Boxhagener Platz,2019,6,19,2,3,1,5,0,1,1,0,0,0,0,0,Friedrichshain - Kreuzberg,Accident with minor injuries,Collision with a moving/standing/parked vehicle,Accident involving parked vehicles,Daylight,Dry
776,50711,10,Kaulsdorf Süd,2019,9,11,3,3,0,7,0,0,1,0,0,0,0,0,Marzahn-Hellersdorf,Accident with minor injuries,Others,Others,Daylight,Dry
777,50712,2,Boxhagener Platz,2019,12,19,3,3,1,5,2,1,1,0,0,0,1,0,Friedrichshain - Kreuzberg,Accident with minor injuries,Collision with a moving/standing/parked vehicle,Accident involving parked vehicles,Dark,Dry
778,50713,11,Rosenfelder Ring,2019,5,20,4,3,2,7,0,0,1,0,0,0,1,0,Lichtenberg,Accident with minor injuries,Collision with the vehicle in front/waiting vehicle,Others,Daylight,Dry
779,50714,1,Alexanderplatzviertel,2019,7,10,2,3,5,3,0,0,1,0,0,0,1,0,Mitte,Accident with minor injuries,Collision with a turning/crossing vehicle,Turning/Crossing accident,Daylight,Dry
780,50715,7,Grazer Platz,2019,4,10,5,3,3,6,0,0,1,0,0,0,0,0,Tempelhof-Schöneberg,Accident with minor injuries,Collision with a vehicle traveling laterally in the same direction,Collision involving vehicles going in the same way,Daylight,Dry
781,50716,1,Nördlicher Landwehrkanal,2019,11,12,4,3,5,7,0,0,1,0,0,0,0,1,Mitte,Accident with minor injuries,Collision with a turning/crossing vehicle,Others,Daylight,Wet/moist/slippery
782,50717,7,Fritz-Werner-Straße,2019,11,13,7,2,6,7,0,0,1,1,0,0,0,0,Tempelhof-Schöneberg,Accident with serious injuries,Collision between vehicle and pedestrian,Others,Daylight,Dry
783,50718,6,Feuerbachstraße,2019,7,11,2,2,2,7,0,0,1,0,0,0,0,0,Steglitz-Zehlendorf,Accident with serious injuries,Collision with the vehicle in front/waiting vehicle,Others,Daylight,Dry
784,50719,3,Arnimplatz,2019,4,20,5,3,0,6,0,0,0,0,0,0,1,0,Pankow,Accident with minor injuries,Others,Collision involving vehicles going in the same way,Daylight,Dry
785,50720,11,Rosenfelder Ring,2019,10,9,3,3,6,2,0,0,1,1,0,0,0,0,Lichtenberg,Accident with minor injuries,Collision between vehicle and pedestrian,Turning accident,Daylight,Dry
786,50721,12,Schäfersee,2019,9,9,3,3,1,7,0,0,1,1,0,0,1,0,Reinickendorf,Accident with minor injuries,Collision with a moving/standing/parked vehicle,Others,Daylight,Dry
787,50723,2,Samariterviertel,2019,5,22,4,3,3,6,2,0,1,0,1,0,0,0,Friedrichshain - Kreuzberg,Accident with minor injuries,Collision with a vehicle traveling laterally in the same direction,Collision involving vehicles going in the same way,Dark,Dry
788,50724,7,Neu-Tempelhof,2019,7,8,2,3,0,7,0,1,0,0,0,0,0,0,Tempelhof-Schöneberg,Accident with minor injuries,Others,Others,Daylight,Dry
789,50725,2,Hausburgviertel,2019,4,22,5,3,5,2,2,0,1,0,0,0,1,0,Friedrichshain - Kreuzberg,Accident with minor injuries,Collision with a turning/crossing vehicle,Turning accident,Dark,Dry
790,50726,7,John-Locke-Straße,2019,11,18,5,3,3,6,2,0,1,0,0,0,0,1,Tempelhof-Schöneberg,Accident with minor injuries,Collision with a vehicle traveling laterally in the same direction,Collision involving vehicles going in the same way,Dark,Wet/moist/slippery
791,50727,7,Rathaus Tempelhof,2019,6,14,5,3,2,6,0,0,1,0,0,0,0,0,Tempelhof-Schöneberg,Accident with minor injuries,Collision with the vehicle in front/waiting vehicle,Collision involving vehicles going in the same way,Daylight,Dry
792,50728,4,Reichsstraße,2019,9,12,3,3,0,3,0,1,1,0,0,0,0,0,Charlottenburg - Wilmersdorf,Accident with minor injuries,Others,Turning/Crossing accident,Daylight,Dry
793,50729,4,Richard-Wagner-Straße,2019,12,20,3,3,5,3,2,1,1,0,0,0,0,1,Charlottenburg - Wilmersdorf,Accident with minor injuries,Collision with a turning/crossing vehicle,Turning/Crossing accident,Dark,Wet/moist/slippery
794,50730,10,Wuhletalstraße,2019,7,8,1,2,9,1,0,0,1,0,0,0,0,0,Marzahn-Hellersdorf,Accident with serious injuries,Departure from the roadway to the left,Driving accident,Daylight,Dry
795,50731,2,Viktoriapark,2019,10,4,5,3,8,1,2,0,1,0,0,0,0,0,Friedrichshain - Kreuzberg,Accident with minor injuries,Departure from the roadway to the right,Driving accident,Dark,Dry
796,50732,6,Markelstraße,2019,7,23,1,3,0,7,2,0,1,0,0,0,0,0,Steglitz-Zehlendorf,Accident with minor injuries,Others,Others,Dark,Dry
797,50733,2,Viktoriapark,2019,9,15,6,3,2,6,0,0,1,0,0,0,0,1,Friedrichshain - Kreuzberg,Accident with minor injuries,Collision with the vehicle in front/waiting vehicle,Collision involving vehicles going in the same way,Daylight,Wet/moist/slippery
798,50734,6,Zehlendorf Mitte,2019,4,18,5,3,0,1,0,0,0,0,1,0,0,0,Steglitz-Zehlendorf,Accident with minor injuries,Others,Driving accident,Daylight,Dry
799,50735,4,Güterbahnhof Grunewald,2019,10,9,4,3,2,6,0,0,1,0,0,0,0,0,Charlottenburg - Wilmersdorf,Accident with minor injuries,Collision with the vehicle in front/waiting vehicle,Collision involving vehicles going in the same way,Daylight,Dry
800,50736,4,Reichsstraße,2019,9,12,3,3,0,3,0,1,1,0,0,0,0,0,Charlottenburg - Wilmersdorf,Accident with minor injuries,Others,Turning/Crossing accident,Daylight,Dry
801,50738,1,Leopoldplatz,2019,5,21,4,3,2,6,0,0,1,0,0,0,1,0,Mitte,Accident with minor injuries,Collision with the vehicle in front/waiting vehicle,Collision involving vehicles going in the same way,Daylight,Dry
802,50739,2,Samariterviertel,2019,7,19,1,3,5,2,0,0,1,0,0,0,0,0,Friedrichshain - Kreuzberg,Accident with minor injuries,Collision with a turning/crossing vehicle,Turning accident,Daylight,Dry
803,50740,2,Hausburgviertel,2019,4,10,5,3,6,4,0,1,0,1,0,0,0,0,Friedrichshain - Kreuzberg,Accident with minor injuries,Collision between vehicle and pedestrian,Pedestrian crossing accident,Daylight,Dry
804,50741,1,Nördlicher Landwehrkanal,2019,11,16,7,2,0,3,1,1,0,0,0,0,1,0,Mitte,Accident with serious injuries,Others,Turning/Crossing accident,Twilight,Dry
805,50742,9,Am Treptower Park Nord,2019,6,18,7,2,3,6,0,0,1,0,0,0,0,0,Treptow-Köpenick,Accident with serious injuries,Collision with a vehicle traveling laterally in the same direction,Collision involving vehicles going in the same way,Daylight,Dry
806,50743,12,Letteplatz,2019,12,11,4,3,3,6,0,0,1,0,1,0,0,0,Reinickendorf,Accident with minor injuries,Collision with a vehicle traveling laterally in the same direction,Collision involving vehicles going in the same way,Daylight,Dry
807,50744,5,Jägerallee,2019,7,18,1,2,5,3,0,1,1,0,0,0,0,0,Spandau,Accident with serious injuries,Collision with a turning/crossing vehicle,Turning/Crossing accident,Daylight,Dry
808,50745,2,Rathaus Yorckstraße,2019,4,9,5,3,1,5,0,0,1,0,0,0,1,0,Friedrichshain - Kreuzberg,Accident with minor injuries,Collision with a moving/standing/parked vehicle,Accident involving parked vehicles,Daylight,Dry
809,50746,7,Fritz-Werner-Straße,2019,10,17,6,3,5,3,0,0,1,0,0,0,0,0,Tempelhof-Schöneberg,Accident with minor injuries,Collision with a turning/crossing vehicle,Turning/Crossing accident,Daylight,Dry
810,50747,1,Körnerstraße,2019,9,15,2,3,0,7,0,1,0,0,0,0,0,1,Mitte,Accident with minor injuries,Others,Others,Daylight,Wet/moist/slippery
811,50748,4,Kranzallee,2019,7,23,7,3,5,2,2,0,1,0,1,0,0,0,Charlottenburg - Wilmersdorf,Accident with minor injuries,Collision with a turning/crossing vehicle,Turning accident,Dark,Dry
812,50749,9,Schnellerstraße,2019,4,10,5,2,5,3,0,1,1,0,0,0,0,0,Treptow-Köpenick,Accident with serious injuries,Collision with a turning/crossing vehicle,Turning/Crossing accident,Daylight,Dry
813,50750,3,Niederschönhausen,2019,10,8,4,3,2,7,1,1,1,0,0,0,0,1,Pankow,Accident with minor injuries,Collision with the vehicle in front/waiting vehicle,Others,Twilight,Wet/moist/slippery
814,50751,10,Alt-Biesdorf,2019,6,7,5,2,5,2,0,1,1,0,0,0,0,0,Marzahn-Hellersdorf,Accident with serious injuries,Collision with a turning/crossing vehicle,Turning accident,Daylight,Dry
815,50752,1,Humboldthain Nordwest,2019,9,11,2,3,5,2,0,0,1,0,0,0,0,1,Mitte,Accident with minor injuries,Collision with a turning/crossing vehicle,Turning accident,Daylight,Wet/moist/slippery
816,50753,7,John-Locke-Straße,2019,12,14,5,3,1,5,0,0,1,0,0,0,1,1,Tempelhof-Schöneberg,Accident with minor injuries,Collision with a moving/standing/parked vehicle,Accident involving parked vehicles,Daylight,Wet/moist/slippery
817,50754,2,Samariterviertel,2019,5,10,4,3,2,6,0,0,1,0,1,0,0,0,Friedrichshain - Kreuzberg,Accident with minor injuries,Collision with the vehicle in front/waiting vehicle,Collision involving vehicles going in the same way,Daylight,Dry
818,50755,1,Schillerpark,2019,4,17,5,3,2,6,0,0,1,0,0,0,0,0,Mitte,Accident with minor injuries,Collision with the vehicle in front/waiting vehicle,Collision involving vehicles going in the same way,Daylight,Dry
819,50756,1,Heidestraße,2019,11,5,1,3,8,1,2,0,1,0,0,0,1,1,Mitte,Accident with minor injuries,Departure from the roadway to the right,Driving accident,Dark,Wet/moist/slippery
820,50757,4,Ernst-Reuter-Platz,2019,5,11,4,3,5,7,0,1,1,0,0,0,0,0,Charlottenburg - Wilmersdorf,Accident with minor injuries,Collision with a turning/crossing vehicle,Others,Daylight,Dry
821,50758,3,Pankow Zentrum,2019,11,18,5,3,5,2,2,1,1,0,0,0,0,1,Pankow,Accident with minor injuries,Collision with a turning/crossing vehicle,Turning accident,Dark,Wet/moist/slippery
822,50759,4,Schloßstraße,2019,7,22,7,2,0,1,2,1,0,0,0,0,0,0,Charlottenburg - Wilmersdorf,Accident with serious injuries,Others,Driving accident,Dark,Dry
823,50760,10,Marzahner Chaussee,2019,4,7,4,2,5,2,0,0,1,0,1,0,1,0,Marzahn-Hellersdorf,Accident with serious injuries,Collision with a turning/crossing vehicle,Turning accident,Daylight,Dry
824,50761,3,Niederschönhausen,2019,10,14,1,3,5,2,0,1,1,0,0,0,0,0,Pankow,Accident with minor injuries,Collision with a turning/crossing vehicle,Turning accident,Daylight,Dry
825,50762,4,Messegelände,2019,9,23,2,3,9,1,2,0,1,0,0,0,0,1,Charlottenburg - Wilmersdorf,Accident with minor injuries,Departure from the roadway to the left,Driving accident,Dark,Wet/moist/slippery
826,50764,4,Königin-Elisabeth-Straße,2019,5,17,4,3,3,6,0,0,1,0,0,0,0,0,Charlottenburg - Wilmersdorf,Accident with minor injuries,Collision with a vehicle traveling laterally in the same direction,Collision involving vehicles going in the same way,Daylight,Dry
827,50765,2,Richard-Sorge-Viertel,2019,7,10,7,3,3,6,0,1,1,0,0,0,0,0,Friedrichshain - Kreuzberg,Accident with minor injuries,Collision with a vehicle traveling laterally in the same direction,Collision involving vehicles going in the same way,Daylight,Dry
828,50766,5,Weinmeisterhornweg,2019,4,11,4,3,2,6,0,0,1,0,0,0,1,0,Spandau,Accident with minor injuries,Collision with the vehicle in front/waiting vehicle,Collision involving vehicles going in the same way,Daylight,Dry
829,50767,2,Rathaus Yorckstraße,2019,10,20,7,3,0,7,2,0,0,0,1,0,0,0,Friedrichshain - Kreuzberg,Accident with minor injuries,Others,Others,Dark,Dry
830,50768,7,Grazer Platz,2019,9,21,2,3,5,3,2,0,1,0,0,1,0,1,Tempelhof-Schöneberg,Accident with minor injuries,Collision with a turning/crossing vehicle,Turning/Crossing accident,Dark,Wet/moist/slippery
831,50769,3,Arnimplatz,2019,7,10,7,3,2,6,0,0,1,0,1,0,0,0,Pankow,Accident with minor injuries,Collision with the vehicle in front/waiting vehicle,Collision involving vehicles going in the same way,Daylight,Dry
832,50770,4,Kranzallee,2019,4,12,4,3,2,6,0,0,1,0,0,0,0,0,Charlottenburg - Wilmersdorf,Accident with minor injuries,Collision with the vehicle in front/waiting vehicle,Collision involving vehicles going in the same way,Daylight,Dry
833,50771,1,Humboldthain Nordwest,2019,10,6,4,3,2,6,2,0,1,0,0,0,1,1,Mitte,Accident with minor injuries,Collision with the vehicle in front/waiting vehicle,Collision involving vehicles going in the same way,Dark,Wet/moist/slippery
834,50772,1,Humboldthain Nordwest,2019,6,8,6,3,5,2,0,1,1,0,0,0,0,0,Mitte,Accident with minor injuries,Collision with a turning/crossing vehicle,Turning accident,Daylight,Dry
835,50773,4,Königin-Elisabeth-Straße,2019,9,19,2,3,5,3,2,0,1,0,0,1,0,1,Charlottenburg - Wilmersdorf,Accident with minor injuries,Collision with a turning/crossing vehicle,Turning/Crossing accident,Dark,Wet/moist/slippery
836,50774,3,Niederschönhausen,2019,12,7,7,3,4,6,0,0,1,0,0,0,0,0,Pankow,Accident with minor injuries,Collision with oncoming vehicle,Collision involving vehicles going in the same way,Daylight,Dry
837,50775,3,Pankow Süd,2019,5,13,4,3,5,2,0,0,1,0,0,0,1,0,Pankow,Accident with minor injuries,Collision with a turning/crossing vehicle,Turning accident,Daylight,Dry
838,50776,7,Rathaus Tempelhof,2019,4,13,4,3,3,6,0,0,1,0,0,1,0,0,Tempelhof-Schöneberg,Accident with minor injuries,Collision with a vehicle traveling laterally in the same direction,Collision involving vehicles going in the same way,Daylight,Dry
839,50777,12,Heiligensee,2019,11,14,1,3,2,6,0,0,1,0,0,0,0,0,Reinickendorf,Accident with minor injuries,Collision with the vehicle in front/waiting vehicle,Collision involving vehicles going in the same way,Daylight,Dry
840,50778,7,Rathaus Tempelhof,2019,5,15,4,2,9,1,0,0,0,0,1,0,0,0,Tempelhof-Schöneberg,Accident with serious injuries,Departure from the roadway to the left,Driving accident,Daylight,Dry
841,50779,7,Manteuffelstraße,2019,11,13,7,2,0,1,0,0,0,0,1,0,0,1,Tempelhof-Schöneberg,Accident with serious injuries,Others,Driving accident,Daylight,Wet/moist/slippery
842,50780,9,Schnellerstraße,2019,7,0,7,2,5,3,2,1,0,0,1,0,0,0,Treptow-Köpenick,Accident with serious injuries,Collision with a turning/crossing vehicle,Turning/Crossing accident,Dark,Dry
843,50781,12,Schäfersee,2019,4,14,4,3,0,2,0,1,0,0,0,0,1,0,Reinickendorf,Accident with minor injuries,Others,Turning accident,Daylight,Dry
844,50782,4,Schloßstraße,2019,10,13,2,3,2,6,0,1,1,0,0,0,0,0,Charlottenburg - Wilmersdorf,Accident with minor injuries,Collision with the vehicle in front/waiting vehicle,Collision involving vehicles going in the same way,Daylight,Dry
845,50783,4,Reichsstraße,2019,9,15,2,3,4,1,0,0,1,0,0,0,0,1,Charlottenburg - Wilmersdorf,Accident with minor injuries,Collision with oncoming vehicle,Driving accident,Daylight,Wet/moist/slippery
846,50785,7,Fritz-Werner-Straße,2019,5,7,4,3,5,3,0,1,0,0,0,0,0,0,Tempelhof-Schöneberg,Accident with minor injuries,Collision with a turning/crossing vehicle,Turning/Crossing accident,Daylight,Dry
847,50786,1,Alexanderplatzviertel,2019,7,23,6,2,0,7,2,0,0,0,1,0,1,0,Mitte,Accident with serious injuries,Others,Others,Dark,Dry
848,50787,1,Nördlicher Landwehrkanal,2019,4,15,4,3,2,6,0,0,1,0,0,0,1,0,Mitte,Accident with minor injuries,Collision with the vehicle in front/waiting vehicle,Collision involving vehicles going in the same way,Daylight,Dry
849,50788,3,Niederschönhausen,2019,6,14,2,2,0,3,0,0,0,0,1,1,0,0,Pankow,Accident with serious injuries,Others,Turning/Crossing accident,Daylight,Dry
850,50789,2,Askanischer Platz,2019,9,9,2,3,2,6,0,0,1,0,0,0,0,1,Friedrichshain - Kreuzberg,Accident with minor injuries,Collision with the vehicle in front/waiting vehicle,Collision involving vehicles going in the same way,Daylight,Wet/moist/slippery
851,50790,1,Leipziger Straße,2019,12,19,2,3,5,3,2,1,1,0,0,0,0,1,Mitte,Accident with minor injuries,Collision with a turning/crossing vehicle,Turning/Crossing accident,Dark,Wet/moist/slippery
852,50791,2,Samariterviertel,2019,5,9,4,3,5,2,0,1,0,0,0,0,1,0,Friedrichshain - Kreuzberg,Accident with minor injuries,Collision with a turning/crossing vehicle,Turning accident,Daylight,Dry
853,50792,7,Neu-Tempelhof,2019,7,12,6,3,1,5,0,0,1,0,0,0,1,0,Tempelhof-Schöneberg,Accident with minor injuries,Collision with a moving/standing/parked vehicle,Accident involving parked vehicles,Daylight,Dry
854,50793,4,Richard-Wagner-Straße,2019,4,17,3,3,3,6,0,0,1,0,1,0,0,0,Charlottenburg - Wilmersdorf,Accident with minor injuries,Collision with a vehicle traveling laterally in the same direction,Collision involving vehicles going in the same way,Daylight,Dry
855,50794,6,Botanischer Garten,2019,11,14,3,3,2,6,0,0,1,0,0,0,0,1,Steglitz-Zehlendorf,Accident with minor injuries,Collision with the vehicle in front/waiting vehicle,Collision involving vehicles going in the same way,Daylight,Wet/moist/slippery
856,50795,1,Humboldthain Nordwest,2019,11,13,6,2,5,3,0,0,1,0,0,0,0,0,Mitte,Accident with serious injuries,Collision with a turning/crossing vehicle,Turning/Crossing accident,Daylight,Dry
857,50796,4,Schloßstraße,2019,7,12,6,3,2,6,0,0,1,0,0,0,0,0,Charlottenburg - Wilmersdorf,Accident with minor injuries,Collision with the vehicle in front/waiting vehicle,Collision involving vehicles going in the same way,Daylight,Dry
858,50797,4,Friedenau,2019,4,21,3,3,2,6,2,0,1,0,0,0,0,0,Charlottenburg - Wilmersdorf,Accident with minor injuries,Collision with the vehicle in front/waiting vehicle,Collision involving vehicles going in the same way,Dark,Dry
859,50798,6,Fichtenberg,2019,10,15,2,3,5,7,0,0,1,0,0,0,0,0,Steglitz-Zehlendorf,Accident with minor injuries,Collision with a turning/crossing vehicle,Others,Daylight,Dry
860,50799,9,Elsenstraße,2019,9,8,2,3,3,6,0,0,1,0,0,0,1,1,Treptow-Köpenick,Accident with minor injuries,Collision with a vehicle traveling laterally in the same direction,Collision involving vehicles going in the same way,Daylight,Wet/moist/slippery
861,50801,4,Kranzallee,2019,5,7,4,2,5,7,0,0,1,0,1,0,0,0,Charlottenburg - Wilmersdorf,Accident with serious injuries,Collision with a turning/crossing vehicle,Others,Daylight,Dry
862,50802,4,Kranzallee,2019,7,18,6,3,2,6,0,0,1,0,0,0,0,0,Charlottenburg - Wilmersdorf,Accident with minor injuries,Collision with the vehicle in front/waiting vehicle,Collision involving vehicles going in the same way,Daylight,Dry
863,50803,11,Rüdigerstraße,2019,4,20,3,3,1,5,2,0,1,0,1,0,0,0,Lichtenberg,Accident with minor injuries,Collision with a moving/standing/parked vehicle,Accident involving parked vehicles,Dark,Dry
864,50804,2,Friedenstraße,2019,11,21,4,3,3,6,2,0,1,0,0,0,1,0,Friedrichshain - Kreuzberg,Accident with minor injuries,Collision with a vehicle traveling laterally in the same direction,Collision involving vehicles going in the same way,Dark,Dry
865,50805,4,Reichsstraße,2019,6,13,4,3,5,2,0,0,1,0,0,0,0,0,Charlottenburg - Wilmersdorf,Accident with minor injuries,Collision with a turning/crossing vehicle,Turning accident,Daylight,Dry
866,50806,7,Fritz-Werner-Straße,2019,9,14,2,3,2,6,0,0,1,0,1,0,0,1,Tempelhof-Schöneberg,Accident with minor injuries,Collision with the vehicle in front/waiting vehicle,Collision involving vehicles going in the same way,Daylight,Wet/moist/slippery
867,50807,4,Stadion Wilmersdorf,2019,12,17,2,3,2,6,2,0,1,0,0,0,0,1,Charlottenburg - Wilmersdorf,Accident with minor injuries,Collision with the vehicle in front/waiting vehicle,Collision involving vehicles going in the same way,Dark,Wet/moist/slippery
868,50808,1,Alexanderplatzviertel,2019,7,20,6,3,0,1,1,0,0,0,0,0,1,0,Mitte,Accident with minor injuries,Others,Driving accident,Twilight,Dry
869,50809,9,Späthsfelde,2019,10,18,4,3,2,6,2,0,1,0,0,0,0,0,Treptow-Köpenick,Accident with minor injuries,Collision with the vehicle in front/waiting vehicle,Collision involving vehicles going in the same way,Dark,Dry
870,50810,2,Samariterviertel,2019,9,0,1,3,9,1,2,0,1,0,0,0,0,0,Friedrichshain - Kreuzberg,Accident with minor injuries,Departure from the roadway to the left,Driving accident,Dark,Dry
871,50811,4,Jungfernheide,2019,7,9,6,3,2,6,0,0,1,0,0,0,0,0,Charlottenburg - Wilmersdorf,Accident with minor injuries,Collision with the vehicle in front/waiting vehicle,Collision involving vehicles going in the same way,Daylight,Dry
872,50812,3,Weißer See,2019,4,19,3,3,5,3,0,0,1,0,0,0,0,0,Pankow,Accident with minor injuries,Collision with a turning/crossing vehicle,Turning/Crossing accident,Daylight,Dry
873,50813,5,Weinmeisterhornweg,2019,10,11,3,3,2,6,0,0,1,0,0,0,0,1,Spandau,Accident with minor injuries,Collision with the vehicle in front/waiting vehicle,Collision involving vehicles going in the same way,Daylight,Wet/moist/slippery
874,50814,7,Birnhornweg,2019,9,4,1,3,1,1,0,0,1,0,0,0,0,0,Tempelhof-Schöneberg,Accident with minor injuries,Collision with a moving/standing/parked vehicle,Driving accident,Daylight,Dry
875,50816,4,Paul-Hertz-Siedlung,2019,5,8,4,3,8,1,0,0,0,0,1,0,0,0,Charlottenburg - Wilmersdorf,Accident with minor injuries,Departure from the roadway to the right,Driving accident,Daylight,Dry
876,50817,2,Richard-Sorge-Viertel,2019,7,2,6,3,3,6,2,0,0,0,0,0,1,0,Friedrichshain - Kreuzberg,Accident with minor injuries,Collision with a vehicle traveling laterally in the same direction,Collision involving vehicles going in the same way,Dark,Dry
877,50818,4,Richard-Wagner-Straße,2019,4,18,3,3,5,3,0,1,1,0,0,0,0,0,Charlottenburg - Wilmersdorf,Accident with minor injuries,Collision with a turning/crossing vehicle,Turning/Crossing accident,Daylight,Dry
878,50819,1,Alexanderplatzviertel,2019,11,4,7,3,0,3,2,0,0,0,0,0,1,1,Mitte,Accident with minor injuries,Others,Turning/Crossing accident,Dark,Wet/moist/slippery
879,50820,1,Humboldthain Nordwest,2019,5,9,3,3,5,2,0,1,1,0,0,0,0,0,Mitte,Accident with minor injuries,Collision with a turning/crossing vehicle,Turning accident,Daylight,Dry
880,50821,2,Samariterviertel,2019,12,7,3,3,5,2,1,1,1,0,0,0,0,0,Friedrichshain - Kreuzberg,Accident with minor injuries,Collision with a turning/crossing vehicle,Turning accident,Twilight,Dry
881,50822,10,Wuhletalstraße,2019,7,11,5,3,5,3,0,0,1,0,0,0,1,0,Marzahn-Hellersdorf,Accident with minor injuries,Collision with a turning/crossing vehicle,Turning/Crossing accident,Daylight,Dry
882,50823,9,Elsenstraße,2019,4,17,3,3,4,7,0,1,1,0,0,0,0,0,Treptow-Köpenick,Accident with minor injuries,Collision with oncoming vehicle,Others,Daylight,Dry
883,50824,2,Samariterviertel,2019,10,11,6,3,5,2,0,1,0,0,0,0,1,0,Friedrichshain - Kreuzberg,Accident with minor injuries,Collision with a turning/crossing vehicle,Turning accident,Daylight,Dry
884,50825,2,Samariterviertel,2019,9,20,7,2,6,4,2,0,1,1,0,0,0,0,Friedrichshain - Kreuzberg,Accident with serious injuries,Collision between vehicle and pedestrian,Pedestrian crossing accident,Dark,Dry
885,50826,4,Plötzensee,2019,7,23,5,2,3,1,2,0,1,0,0,0,0,0,Charlottenburg - Wilmersdorf,Accident with serious injuries,Collision with a vehicle traveling laterally in the same direction,Driving accident,Dark,Dry
886,50827,3,Schönholz,2019,4,7,3,3,5,2,0,1,1,0,0,0,0,0,Pankow,Accident with minor injuries,Collision with a turning/crossing vehicle,Turning accident,Daylight,Dry
887,50828,1,Alexanderplatzviertel,2019,10,9,3,3,5,2,0,1,1,0,0,0,0,1,Mitte,Accident with minor injuries,Collision with a turning/crossing vehicle,Turning accident,Daylight,Wet/moist/slippery
888,50829,4,Königin-Elisabeth-Straße,2019,6,18,4,3,2,6,0,0,1,0,0,0,0,0,Charlottenburg - Wilmersdorf,Accident with minor injuries,Collision with the vehicle in front/waiting vehicle,Collision involving vehicles going in the same way,Daylight,Dry
889,50830,7,Volkspark (Rudolf-Wilde-Park),2019,9,12,7,3,3,6,0,0,1,0,0,0,0,0,Tempelhof-Schöneberg,Accident with minor injuries,Collision with a vehicle traveling laterally in the same direction,Collision involving vehicles going in the same way,Daylight,Dry
890,50831,1,Reinickendorfer Straße,2019,12,16,2,3,6,2,2,0,1,1,0,0,0,0,Mitte,Accident with minor injuries,Collision between vehicle and pedestrian,Turning accident,Dark,Dry
891,50832,1,Humboldthain Nordwest,2019,5,8,3,3,5,2,0,1,0,0,0,1,0,0,Mitte,Accident with minor injuries,Collision with a turning/crossing vehicle,Turning accident,Daylight,Dry
892,50833,2,Andreasviertel,2019,4,17,3,2,6,4,0,1,0,1,0,0,0,0,Friedrichshain - Kreuzberg,Accident with serious injuries,Collision between vehicle and pedestrian,Pedestrian crossing accident,Daylight,Dry