,object id,district,street,year,month,hour of day,weekday,category,accident type,accident type 2,light situation,bike involved,car involved,pedestrian involved,motor bike involved,big track involved,other vehicle involved,road condition,district name,category name,accident detail,accident type detail,light condition,road condition detail
893,50834,6,Zehlendorf Mitte,2019,11,10,7,3,0,2,0,1,1,0,0,0,0,1,Steglitz-Zehlendorf,Accident with minor injuries,Others,Turning accident,Daylight,Wet/moist/slippery
894,50835,1,Alexanderplatzviertel,2019,5,8,3,3,2,2,0,1,0,0,0,0,1,0,Mitte,Accident with minor injuries,Collision with the vehicle in front/waiting vehicle,Turning accident,Daylight,Dry
895,50836,7,Manteuffelstraße,2019,11,17,4,3,2,6,2,0,1,0,0,0,0,1,Tempelhof-Schöneberg,Accident with minor injuries,Collision with the vehicle in front/waiting vehicle,Collision involving vehicles going in the same way,Dark,Wet/moist/slippery
896,50837,3,Conrad-Blenkle-Straße,2019,7,16,5,3,3,6,0,1,1,0,0,0,0,0,Pankow,Accident with minor injuries,Collision with a vehicle traveling laterally in the same direction,Collision involving vehicles going in the same way,Daylight,Dry
897,50838,7,Grazer Platz,2019,4,17,3,3,5,2,0,0,1,0,1,0,0,0,Tempelhof-Schöneberg,Accident with minor injuries,Collision with a turning/crossing vehicle,Turning accident,Daylight,Dry
898,50839,12,Waidmannslust,2019,10,9,6,3,5,3,0,0,1,0,1,0,0,0,Reinickendorf,Accident with minor injuries,Collision with a turning/crossing vehicle,Turning/Crossing accident,Daylight,Dry
899,50840,7,Dennewitzplatz,2019,9,12,7,3,5,3,0,0,1,0,1,0,0,0,Tempelhof-Schöneberg,Accident with minor injuries,Collision with a turning/crossing vehicle,Turning/Crossing accident,Daylight,Dry
900,50842,1,Leopoldplatz,2019,5,17,3,3,6,4,0,1,1,1,0,0,0,0,Mitte,Accident with minor injuries,Collision between vehicle and pedestrian,Pedestrian crossing accident,Daylight,Dry
901,50843,3,Pankow Zentrum,2019,7,13,5,3,2,6,0,0,1,0,0,0,0,0,Pankow,Accident with minor injuries,Collision with the vehicle in front/waiting vehicle,Collision involving vehicles going in the same way,Daylight,Dry
902,50844,7,Rathausstraße,2019,4,12,2,3,5,2,0,0,1,0,0,0,0,0,Tempelhof-Schöneberg,Accident with minor injuries,Collision with a turning/crossing vehicle,Turning accident,Daylight,Dry
903,50845,5,Groß-Glienicker Weg,2019,6,12,7,3,4,6,0,1,0,0,0,0,0,0,Spandau,Accident with minor injuries,Collision with oncoming vehicle,Collision involving vehicles going in the same way,Daylight,Dry
904,50846,2,Viktoriapark,2019,9,11,7,3,2,6,0,0,1,0,0,0,0,0,Friedrichshain - Kreuzberg,Accident with minor injuries,Collision with the vehicle in front/waiting vehicle,Collision involving vehicles going in the same way,Daylight,Dry
905,50847,7,Manteuffelstraße,2019,12,3,1,3,5,3,2,0,1,0,0,0,0,1,Tempelhof-Schöneberg,Accident with minor injuries,Collision with a turning/crossing vehicle,Turning/Crossing accident,Dark,Wet/moist/slippery
906,50848,3,Helmholtzplatz,2019,5,11,3,2,0,2,0,0,1,0,1,0,0,0,Pankow,Accident with serious injuries,Others,Turning accident,Daylight,Dry
907,50849,7,Volkspark (Rudolf-Wilde-Park),2019,7,8,5,3,2,2,0,1,1,0,0,0,0,0,Tempelhof-Schöneberg,Accident with minor injuries,Collision with the vehicle in front/waiting vehicle,Turning accident,Daylight,Dry
908,50850,12,Schäfersee,2019,11,0,1,2,1,1,2,0,1,0,0,0,0,1,Reinickendorf,Accident with serious injuries,Collision with a moving/standing/parked vehicle,Driving accident,Dark,Wet/moist/slippery
909,50851,2,Samariterviertel,2019,7,6,5,3,5,2,0,0,1,0,0,0,0,0,Friedrichshain - Kreuzberg,Accident with minor injuries,Collision with a turning/crossing vehicle,Turning accident,Daylight,Dry
910,50852,12,Schäfersee,2019,4,22,2,3,0,3,2,0,1,0,1,0,0,0,Reinickendorf,Accident with minor injuries,Others,Turning/Crossing accident,Dark,Dry
911,50853,7,Fritz-Werner-Straße,2019,10,13,7,3,5,3,0,1,1,0,0,0,0,0,Tempelhof-Schöneberg,Accident with minor injuries,Collision with a turning/crossing vehicle,Turning/Crossing accident,Daylight,Dry
912,50854,4,Schloßstraße,2019,9,20,6,3,0,1,2,1,1,0,0,0,0,0,Charlottenburg - Wilmersdorf,Accident with minor injuries,Others,Driving accident,Dark,Dry
913,50856,7,Marienfelde Süd,2019,5,10,2,2,0,7,0,1,0,0,0,0,0,0,Tempelhof-Schöneberg,Accident with serious injuries,Others,Others,Daylight,Dry
914,50857,12,Breitkopfbecken,2019,7,17,4,3,1,5,0,1,1,0,0,0,0,0,Reinickendorf,Accident with minor injuries,Collision with a moving/standing/parked vehicle,Accident involving parked vehicles,Daylight,Dry
915,50858,1,Alexanderplatzviertel,2019,4,18,2,3,0,5,0,1,0,0,0,0,1,0,Mitte,Accident with minor injuries,Others,Accident involving parked vehicles,Daylight,Dry
916,50859,5,Börnicker Straße,2019,11,17,3,1,6,4,1,0,1,1,0,0,1,1,Spandau,Accident with fatalities,Collision between vehicle and pedestrian,Pedestrian crossing accident,Twilight,Wet/moist/slippery
917,50860,1,Alexanderplatzviertel,2019,6,11,3,3,5,2,0,1,1,0,0,0,0,0,Mitte,Accident with minor injuries,Collision with a turning/crossing vehicle,Turning accident,Daylight,Dry
918,50861,6,Nikolassee,2019,9,6,6,3,3,6,0,0,1,0,0,0,0,0,Steglitz-Zehlendorf,Accident with minor injuries,Collision with a vehicle traveling laterally in the same direction,Collision involving vehicles going in the same way,Daylight,Dry
919,50862,4,Park Ruhwald,2019,12,18,6,2,2,6,2,0,1,0,0,0,0,1,Charlottenburg - Wilmersdorf,Accident with serious injuries,Collision with the vehicle in front/waiting vehicle,Collision involving vehicles going in the same way,Dark,Wet/moist/slippery
920,50863,2,Hausburgviertel,2019,7,15,4,3,0,1,0,1,0,0,0,0,0,0,Friedrichshain - Kreuzberg,Accident with minor injuries,Others,Driving accident,Daylight,Dry
921,50864,9,Schnellerstraße,2019,10,13,3,3,2,6,0,0,1,0,0,0,0,0,Treptow-Köpenick,Accident with minor injuries,Collision with the vehicle in front/waiting vehicle,Collision involving vehicles going in the same way,Daylight,Dry
922,50865,4,Messegelände,2019,9,13,6,3,3,6,0,0,1,0,0,0,1,0,Charlottenburg - Wilmersdorf,Accident with minor injuries,Collision with a vehicle traveling laterally in the same direction,Collision involving vehicles going in the same way,Daylight,Dry
923,50866,12,Waldidyll/Flughafensee,2019,6,15,7,3,2,6,0,0,1,0,0,0,0,0,Reinickendorf,Accident with minor injuries,Collision with the vehicle in front/waiting vehicle,Collision involving vehicles going in the same way,Daylight,Dry
924,50867,12,Jungfernheide,2019,9,13,6,3,0,6,0,0,0,0,0,0,1,0,Reinickendorf,Accident with minor injuries,Others,Collision involving vehicles going in the same way,Daylight,Dry
925,50868,12,Schäfersee,2019,12,13,2,3,3,6,0,0,1,0,0,1,0,0,Reinickendorf,Accident with minor injuries,Collision with a vehicle traveling laterally in the same direction,Collision involving vehicles going in the same way,Daylight,Dry
926,50869,2,Viktoriapark,2019,5,9,2,3,3,6,0,1,1,0,0,0,0,0,Friedrichshain - Kreuzberg,Accident with minor injuries,Collision with a vehicle traveling laterally in the same direction,Collision involving vehicles going in the same way,Daylight,Dry
927,50870,3,Buchholz,2019,7,19,4,2,2,7,0,0,1,0,0,0,0,0,Pankow,Accident with serious injuries,Collision with the vehicle in front/waiting vehicle,Others,Daylight,Dry
928,50871,5,Weinmeisterhornweg,2019,4,15,2,3,0,7,0,0,1,0,0,0,1,0,Spandau,Accident with minor injuries,Others,Others,Daylight,Dry
929,50872,7,Fritz-Werner-Straße,2019,11,12,2,3,0,6,0,0,1,0,1,0,0,1,Tempelhof-Schöneberg,Accident with minor injuries,Others,Collision involving vehicles going in the same way,Daylight,Wet/moist/slippery
930,50873,7,Rathausstraße,2019,7,7,4,3,2,6,0,0,1,0,0,0,1,0,Tempelhof-Schöneberg,Accident with minor injuries,Collision with the vehicle in front/waiting vehicle,Collision involving vehicles going in the same way,Daylight,Dry
931,50874,4,Schloßstraße,2019,4,8,2,3,5,2,0,1,1,0,0,0,0,0,Charlottenburg - Wilmersdorf,Accident with minor injuries,Collision with a turning/crossing vehicle,Turning accident,Daylight,Dry
932,50875,7,Manteuffelstraße,2019,10,17,1,3,0,7,0,1,1,0,0,0,0,0,Tempelhof-Schöneberg,Accident with minor injuries,Others,Others,Daylight,Dry
933,50876,12,Breitkopfbecken,2019,9,12,6,3,6,7,0,0,0,1,0,1,0,0,Reinickendorf,Accident with minor injuries,Collision between vehicle and pedestrian,Others,Daylight,Dry
934,50878,4,Ernst-Reuter-Platz,2019,5,15,1,3,6,4,0,1,0,1,0,0,0,0,Charlottenburg - Wilmersdorf,Accident with minor injuries,Collision between vehicle and pedestrian,Pedestrian crossing accident,Daylight,Dry
935,50879,4,Brabanter Platz,2019,7,15,4,3,2,6,0,0,1,0,0,1,0,0,Charlottenburg - Wilmersdorf,Accident with minor injuries,Collision with the vehicle in front/waiting vehicle,Collision involving vehicles going in the same way,Daylight,Dry
936,50880,2,Samariterviertel,2019,4,8,2,3,5,3,0,1,1,0,0,0,0,0,Friedrichshain - Kreuzberg,Accident with minor injuries,Collision with a turning/crossing vehicle,Turning/Crossing accident,Daylight,Dry
937,50881,3,Niederschönhausen,2019,11,22,3,3,0,3,2,1,1,0,0,0,0,1,Pankow,Accident with minor injuries,Others,Turning/Crossing accident,Dark,Wet/moist/slippery
938,50882,3,Falkplatz,2019,6,7,4,2,5,3,0,1,0,0,0,0,0,0,Pankow,Accident with serious injuries,Collision with a turning/crossing vehicle,Turning/Crossing accident,Daylight,Dry
939,50883,4,Güterbahnhof Grunewald,2019,9,12,6,3,2,6,0,0,1,0,0,0,0,0,Charlottenburg - Wilmersdorf,Accident with minor injuries,Collision with the vehicle in front/waiting vehicle,Collision involving vehicles going in the same way,Daylight,Dry
940,50884,2,Boxhagener Platz,2019,12,13,7,3,1,5,0,1,1,0,0,0,1,0,Friedrichshain - Kreuzberg,Accident with minor injuries,Collision with a moving/standing/parked vehicle,Accident involving parked vehicles,Daylight,Dry
941,50885,9,Am Treptower Park Süd,2019,7,16,4,3,5,2,0,0,1,0,0,0,0,0,Treptow-Köpenick,Accident with minor injuries,Collision with a turning/crossing vehicle,Turning accident,Daylight,Dry
942,50886,12,Breitkopfbecken,2019,10,9,4,3,3,6,0,0,1,0,0,0,0,0,Reinickendorf,Accident with minor injuries,Collision with a vehicle traveling laterally in the same direction,Collision involving vehicles going in the same way,Daylight,Dry
943,50887,7,Marienfelder Allee Nordwest,2019,9,15,6,3,8,7,0,0,1,0,0,0,0,0,Tempelhof-Schöneberg,Accident with minor injuries,Departure from the roadway to the right,Others,Daylight,Dry
944,50888,7,Neu-Tempelhof,2019,7,14,4,3,3,6,0,0,1,0,1,0,1,0,Tempelhof-Schöneberg,Accident with minor injuries,Collision with a vehicle traveling laterally in the same direction,Collision involving vehicles going in the same way,Daylight,Dry
945,50889,12,Rollbergesiedlung,2019,4,0,1,3,5,2,2,1,1,0,0,0,0,0,Reinickendorf,Accident with minor injuries,Collision with a turning/crossing vehicle,Turning accident,Dark,Dry
946,50890,4,Schloßstraße,2019,10,0,3,3,5,2,2,0,1,0,0,0,0,0,Charlottenburg - Wilmersdorf,Accident with minor injuries,Collision with a turning/crossing vehicle,Turning accident,Dark,Dry
947,50891,4,Messegelände,2019,6,13,2,3,2,6,0,0,1,0,0,1,0,0,Charlottenburg - Wilmersdorf,Accident with minor injuries,Collision with the vehicle in front/waiting vehicle,Collision involving vehicles going in the same way,Daylight,Dry
948,50892,11,Rüdigerstraße,2019,9,20,5,3,5,2,2,1,1,0,0,0,0,0,Lichtenberg,Accident with minor injuries,Collision with a turning/crossing vehicle,Turning accident,Dark,Dry
949,50894,10,Wuhletalstraße,2019,5,2,1,3,6,4,2,0,0,1,0,0,1,0,Marzahn-Hellersdorf,Accident with minor injuries,Collision between vehicle and pedestrian,Pedestrian crossing accident,Dark,Dry
950,50895,10,Alt-Biesdorf,2019,7,19,4,3,2,6,0,0,1,0,0,0,0,0,Marzahn-Hellersdorf,Accident with minor injuries,Collision with the vehicle in front/waiting vehicle,Collision involving vehicles going in the same way,Daylight,Dry
951,50896,4,Stadion Wilmersdorf,2019,4,13,7,3,2,6,0,0,1,0,0,0,0,0,Charlottenburg - Wilmersdorf,Accident with minor injuries,Collision with the vehicle in front/waiting vehicle,Collision involving vehicles going in the same way,Daylight,Dry
952,50897,5,Jägerallee,2019,11,7,5,2,4,6,1,1,0,0,0,0,0,0,Spandau,Accident with serious injuries,Collision with oncoming vehicle,Collision involving vehicles going in the same way,Twilight,Dry
953,50898,4,Jungfernheide,2019,5,17,1,3,2,6,0,0,1,0,0,0,0,0,Charlottenburg - Wilmersdorf,Accident with minor injuries,Collision with the vehicle in front/waiting vehicle,Collision involving vehicles going in the same way,Daylight,Dry
954,50899,4,Schloßstraße,2019,12,16,3,3,5,2,2,1,1,0,0,0,0,1,Charlottenburg - Wilmersdorf,Accident with minor injuries,Collision with a turning/crossing vehicle,Turning accident,Dark,Wet/moist/slippery
955,50900,2,Richard-Sorge-Viertel,2019,7,20,3,3,2,6,0,0,1,0,0,0,1,0,Friedrichshain - Kreuzberg,Accident with minor injuries,Collision with the vehicle in front/waiting vehicle,Collision involving vehicles going in the same way,Daylight,Dry
956,50901,4,Schloßstraße,2019,4,1,7,3,5,3,2,0,1,0,0,0,0,0,Charlottenburg - Wilmersdorf,Accident with minor injuries,Collision with a turning/crossing vehicle,Turning/Crossing accident,Dark,Dry
957,50902,2,Samariterviertel,2019,10,8,5,2,0,2,0,1,1,0,0,0,0,1,Friedrichshain - Kreuzberg,Accident with serious injuries,Others,Turning accident,Daylight,Wet/moist/slippery
958,50903,3,Arnimplatz,2019,9,6,5,3,5,2,1,1,0,0,0,1,0,0,Pankow,Accident with minor injuries,Collision with a turning/crossing vehicle,Turning accident,Twilight,Dry
959,50905,3,Helmholtzplatz,2019,7,18,3,3,1,5,0,1,1,0,0,0,1,0,Pankow,Accident with minor injuries,Collision with a moving/standing/parked vehicle,Accident involving parked vehicles,Daylight,Dry
960,50906,2,Samariterviertel,2019,4,0,7,3,6,4,2,0,1,1,0,0,0,0,Friedrichshain - Kreuzberg,Accident with minor injuries,Collision between vehicle and pedestrian,Pedestrian crossing accident,Dark,Dry
961,50907,4,Schlangenbader Straße,2019,9,17,2,3,8,1,0,0,1,0,0,0,0,1,Charlottenburg - Wilmersdorf,Accident with minor injuries,Departure from the roadway to the right,Driving accident,Daylight,Wet/moist/slippery
962,50908,2,Richard-Sorge-Viertel,2019,6,5,4,3,2,6,0,0,1,0,0,0,0,0,Friedrichshain - Kreuzberg,Accident with minor injuries,Collision with the vehicle in front/waiting vehicle,Collision involving vehicles going in the same way,Daylight,Dry
963,50909,4,Schloßstraße,2019,9,11,5,3,5,2,0,1,1,0,0,0,0,0,Charlottenburg - Wilmersdorf,Accident with minor injuries,Collision with a turning/crossing vehicle,Turning accident,Daylight,Dry
964,50910,1,Karl-Marx-Allee,2019,12,17,6,3,2,6,2,1,0,0,0,0,0,0,Mitte,Accident with minor injuries,Collision with the vehicle in front/waiting vehicle,Collision involving vehicles going in the same way,Dark,Dry
965,50911,4,Königin-Elisabeth-Straße,2019,5,0,1,3,0,1,2,1,0,0,0,0,0,0,Charlottenburg - Wilmersdorf,Accident with minor injuries,Others,Driving accident,Dark,Dry
966,50912,12,Teichstraße,2019,7,16,3,3,5,3,0,1,1,0,0,0,0,0,Reinickendorf,Accident with minor injuries,Collision with a turning/crossing vehicle,Turning/Crossing accident,Daylight,Dry
967,50913,2,Samariterviertel,2019,4,11,7,2,5,3,0,0,1,0,0,0,1,0,Friedrichshain - Kreuzberg,Accident with serious injuries,Collision with a turning/crossing vehicle,Turning/Crossing accident,Daylight,Dry
968,50914,2,Samariterviertel,2019,11,9,6,3,6,7,0,1,0,1,0,0,0,0,Friedrichshain - Kreuzberg,Accident with minor injuries,Collision between vehicle and pedestrian,Others,Daylight,Dry
969,50915,1,Nördlicher Landwehrkanal,2019,9,6,5,3,5,2,0,1,1,0,0,0,0,1,Mitte,Accident with minor injuries,Collision with a turning/crossing vehicle,Turning accident,Daylight,Wet/moist/slippery
970,50916,3,Helmholtzplatz,2019,11,16,3,3,2,2,2,0,1,0,0,0,0,0,Pankow,Accident with minor injuries,Collision with the vehicle in front/waiting vehicle,Turning accident,Dark,Dry
971,50917,12,Wittenau Süd,2019,7,14,3,3,5,3,0,0,1,0,0,0,0,0,Reinickendorf,Accident with minor injuries,Collision with a turning/crossing vehicle,Turning/Crossing accident,Daylight,Dry
972,50918,3,Pankow Süd,2019,4,15,6,3,5,2,0,0,1,0,0,0,1,0,Pankow,Accident with minor injuries,Collision with a turning/crossing vehicle,Turning accident,Daylight,Dry
973,50919,1,Großer Tiergarten,2019,10,17,5,3,6,4,0,1,0,1,0,0,0,0,Mitte,Accident with minor injuries,Collision between vehicle and pedestrian,Pedestrian crossing accident,Daylight,Dry
974,50920,9,Am Treptower Park Nord,2019,9,16,4,3,6,7,0,0,0,1,0,0,1,0,Treptow-Köpenick,Accident with minor injuries,Collision between vehicle and pedestrian,Others,Daylight,Dry
975,50922,1,Schillerpark,2019,5,11,7,3,5,3,0,0,1,0,1,0,0,0,Mitte,Accident with minor injuries,Collision with a turning/crossing vehicle,Turning/Crossing accident,Daylight,Dry
976,50923,12,Schäfersee,2019,7,14,3,3,6,4,0,1,0,1,0,0,0,0,Reinickendorf,Accident with minor injuries,Collision between vehicle and pedestrian,Pedestrian crossing accident,Daylight,Dry
977,50924,10,Springpfuhl,2019,4,9,6,3,1,6,0,0,1,0,0,0,1,0,Marzahn-Hellersdorf,Accident with minor injuries,Collision with a moving/standing/parked vehicle,Collision involving vehicles going in the same way,Daylight,Dry
978,50925,12,Wittenau Süd,2019,6,11,6,3,2,6,0,0,1,0,0,0,1,0,Reinickendorf,Accident with minor injuries,Collision with the vehicle in front/waiting vehicle,Collision involving vehicles going in the same way,Daylight,Dry
979,50926,7,Rathaus Tempelhof,2019,9,10,4,3,2,6,0,0,1,0,0,0,0,0,Tempelhof-Schöneberg,Accident with minor injuries,Collision with the vehicle in front/waiting vehicle,Collision involving vehicles going in the same way,Daylight,Dry
980,50927,6,Wannsee,2019,12,17,6,3,0,2,2,1,1,0,0,0,0,0,Steglitz-Zehlendorf,Accident with minor injuries,Others,Turning accident,Dark,Dry
981,50928,3,Pankow Süd,2019,5,11,7,3,6,6,0,1,0,1,0,0,0,0,Pankow,Accident with minor injuries,Collision between vehicle and pedestrian,Collision involving vehicles going in the same way,Daylight,Dry
982,50929,3,Komponistenviertel Weißensee,2019,7,12,3,3,3,6,0,1,1,0,0,0,0,0,Pankow,Accident with minor injuries,Collision with a vehicle traveling laterally in the same direction,Collision involving vehicles going in the same way,Daylight,Dry
983,50930,12,Teichstraße,2019,11,0,7,3,3,2,2,0,1,0,0,0,0,1,Reinickendorf,Accident with minor injuries,Collision with a vehicle traveling laterally in the same direction,Turning accident,Dark,Wet/moist/slippery
984,50931,1,Unter den Linden Nord,2019,7,7,3,2,6,4,0,0,0,1,0,1,0,0,Mitte,Accident with serious injuries,Collision between vehicle and pedestrian,Pedestrian crossing accident,Daylight,Dry
985,50932,9,Köpenicker Landstraße,2019,4,12,6,3,2,2,0,0,1,0,0,0,0,0,Treptow-Köpenick,Accident with minor injuries,Collision with the vehicle in front/waiting vehicle,Turning accident,Daylight,Dry
986,50933,3,Lietzengraben,2019,10,7,6,3,0,7,0,0,1,0,0,0,1,0,Pankow,Accident with minor injuries,Others,Others,Daylight,Dry
987,50934,2,Samariterviertel,2019,9,9,4,3,1,5,0,0,1,0,1,0,0,0,Friedrichshain - Kreuzberg,Accident with minor injuries,Collision with a moving/standing/parked vehicle,Accident involving parked vehicles,Daylight,Dry
988,50936,1,Leopoldplatz,2019,5,3,7,3,2,6,2,1,1,0,0,0,0,0,Mitte,Accident with minor injuries,Collision with the vehicle in front/waiting vehicle,Collision involving vehicles going in the same way,Dark,Dry
989,50937,9,Schnellerstraße,2019,7,10,3,3,0,1,0,1,0,0,0,0,0,0,Treptow-Köpenick,Accident with minor injuries,Others,Driving accident,Daylight,Dry
990,50938,3,Bötzowstraße,2019,4,23,6,3,1,5,2,1,1,0,0,0,1,0,Pankow,Accident with minor injuries,Collision with a moving/standing/parked vehicle,Accident involving parked vehicles,Dark,Dry
991,50939,3,Helmholtzplatz,2019,11,14,2,3,1,5,0,1,1,0,0,0,0,1,Pankow,Accident with minor injuries,Collision with a moving/standing/parked vehicle,Accident involving parked vehicles,Daylight,Wet/moist/slippery
992,50940,12,Ziekowstraße/Freie Scholle,2019,6,6,3,3,2,6,0,0,1,0,0,0,0,0,Reinickendorf,Accident with minor injuries,Collision with the vehicle in front/waiting vehicle,Collision involving vehicles going in the same way,Daylight,Dry
993,50941,12,Schäfersee,2019,9,14,4,3,5,2,0,1,1,0,0,0,0,1,Reinickendorf,Accident with minor injuries,Collision with a turning/crossing vehicle,Turning accident,Daylight,Wet/moist/slippery
994,50942,3,Bötzowstraße,2019,12,15,6,3,1,5,1,1,1,0,0,0,1,1,Pankow,Accident with minor injuries,Collision with a moving/standing/parked vehicle,Accident involving parked vehicles,Twilight,Wet/moist/slippery
995,50943,1,Schillerpark,2019,7,16,3,3,0,4,0,1,0,1,0,0,0,0,Mitte,Accident with minor injuries,Others,Pedestrian crossing accident,Daylight,Dry
996,50944,3,Pankow Süd,2019,4,16,6,3,5,3,0,1,1,0,0,0,0,0,Pankow,Accident with minor injuries,Collision with a turning/crossing vehicle,Turning/Crossing accident,Daylight,Dry
997,50945,1,Leipziger Straße,2019,10,11,2,3,3,6,0,0,1,0,1,0,0,0,Mitte,Accident with minor injuries,Collision with a vehicle traveling laterally in the same direction,Collision involving vehicles going in the same way,Daylight,Dry
998,50946,6,Feuerbachstraße,2019,9,14,3,2,0,1,0,0,0,0,1,0,0,0,Steglitz-Zehlendorf,Accident with serious injuries,Others,Driving accident,Daylight,Dry
999,50947,4,Park Ruhwald,2019,7,10,3,3,2,6,0,0,1,0,0,0,0,0,Charlottenburg - Wilmersdorf,Accident with minor injuries,Collision with the vehicle in front/waiting vehicle,Collision involving vehicles going in the same way,Daylight,Dry
1000,50948,3,Weißenseer Spitze,2019,4,7,6,3,2,6,0,0,1,0,0,0,0,0,Pankow,Accident with minor injuries,Collision with the vehicle in front/waiting vehicle,Collision involving vehicles going in the same way,Daylight,Dry
1001,50949,1,Schillerpark,2019,10,20,7,3,5,3,2,1,0,0,0,0,1,0,Mitte,Accident with minor injuries,Collision with a turning/crossing vehicle,Turning/Crossing accident,Dark,Dry
1002,50950,2,Samariterviertel,2019,6,7,7,3,5,2,0,0,1,0,0,0,0,0,Friedrichshain - Kreuzberg,Accident with minor injuries,Collision with a turning/crossing vehicle,Turning accident,Daylight,Dry
1003,50951,6,Wannsee,2019,9,17,3,3,5,2,0,1,1,0,0,0,0,0,Steglitz-Zehlendorf,Accident with minor injuries,Collision with a turning/crossing vehicle,Turning accident,Daylight,Dry
1004,50953,2,Rathaus Yorckstraße,2019,5,14,7,2,6,4,0,0,1,1,0,0,0,0,Friedrichshain - Kreuzberg,Accident with serious injuries,Collision between vehicle and pedestrian,Pedestrian crossing accident,Daylight,Dry
1005,50954,10,Wuhletalstraße,2019,4,9,5,2,5,3,0,0,1,0,0,0,1,0,Marzahn-Hellersdorf,Accident with serious injuries,Collision with a turning/crossing vehicle,Turning/Crossing accident,Daylight,Dry
1006,50955,9,Am Treptower Park Nord,2019,11,16,3,2,4,6,1,1,0,0,0,0,0,0,Treptow-Köpenick,Accident with serious injuries,Collision with oncoming vehicle,Collision involving vehicles going in the same way,Twilight,Dry
1007,50956,3,Arnimplatz,2019,5,23,6,3,5,3,2,1,1,0,0,0,0,0,Pankow,Accident with minor injuries,Collision with a turning/crossing vehicle,Turning/Crossing accident,Dark,Dry
1008,50957,7,Kaiser-Wilhelm-Platz,2019,12,3,1,3,3,6,2,0,1,0,0,0,0,0,Tempelhof-Schöneberg,Accident with minor injuries,Collision with a vehicle traveling laterally in the same direction,Collision involving vehicles going in the same way,Dark,Dry
1009,50958,3,Niederschönhausen,2019,7,8,3,3,2,6,0,0,1,0,0,1,0,0,Pankow,Accident with minor injuries,Collision with the vehicle in front/waiting vehicle,Collision involving vehicles going in the same way,Daylight,Dry
1010,50959,7,Grazer Platz,2019,4,8,5,3,2,6,0,0,1,0,0,0,0,0,Tempelhof-Schöneberg,Accident with minor injuries,Collision with the vehicle in front/waiting vehicle,Collision involving vehicles going in the same way,Daylight,Dry
1011,50960,7,Kaiser-Wilhelm-Platz,2019,10,17,3,2,1,5,1,1,1,0,0,0,0,0,Tempelhof-Schöneberg,Accident with serious injuries,Collision with a moving/standing/parked vehicle,Accident involving parked vehicles,Twilight,Dry
1012,50961,12,Waldidyll/Flughafensee,2019,9,17,3,3,9,1,0,0,1,0,0,0,0,0,Reinickendorf,Accident with minor injuries,Departure from the roadway to the left,Driving accident,Daylight,Dry
1013,50963,3,Helmholtzplatz,2019,7,8,3,3,1,5,0,1,1,0,0,0,0,0,Pankow,Accident with minor injuries,Collision with a moving/standing/parked vehicle,Accident involving parked vehicles,Daylight,Dry
1014,50964,12,Teichstraße,2019,4,17,5,2,6,2,0,0,1,1,0,0,0,0,Reinickendorf,Accident with serious injuries,Collision between vehicle and pedestrian,Turning accident,Daylight,Dry
1015,50965,7,Grazer Platz,2019,9,14,7,3,2,6,0,0,1,0,0,0,0,0,Tempelhof-Schöneberg,Accident with minor injuries,Collision with the vehicle in front/waiting vehicle,Collision involving vehicles going in the same way,Daylight,Dry
1016,50966,7,Rathaus Tempelhof,2019,6,7,3,2,0,1,0,0,0,0,1,0,0,0,Tempelhof-Schöneberg,Accident with serious injuries,Others,Driving accident,Daylight,Dry
1017,50967,3,Niederschönhausen,2019,9,9,3,3,5,2,0,1,0,0,1,0,0,0,Pankow,Accident with minor injuries,Collision with a turning/crossing vehicle,Turning accident,Daylight,Dry
1018,50968,7,Lindenhofsiedlung,2019,12,15,4,3,2,6,1,0,0,0,1,0,1,0,Tempelhof-Schöneberg,Accident with minor injuries,Collision with the vehicle in front/waiting vehicle,Collision involving vehicles going in the same way,Twilight,Dry
1019,50969,2,Richard-Sorge-Viertel,2019,5,19,6,2,6,4,0,0,1,1,0,0,0,0,Friedrichshain - Kreuzberg,Accident with serious injuries,Collision between vehicle and pedestrian,Pedestrian crossing accident,Daylight,Dry
1020,50970,2,Samariterviertel,2019,7,8,3,3,2,6,0,0,1,0,0,0,0,0,Friedrichshain - Kreuzberg,Accident with minor injuries,Collision with the vehicle in front/waiting vehicle,Collision involving vehicles going in the same way,Daylight,Dry
1021,50971,2,Samariterviertel,2019,7,19,3,3,3,6,0,0,1,0,0,0,0,0,Friedrichshain - Kreuzberg,Accident with minor injuries,Collision with a vehicle traveling laterally in the same direction,Collision involving vehicles going in the same way,Daylight,Dry
1022,50972,7,Fritz-Werner-Straße,2019,4,17,5,3,6,4,0,0,1,1,0,0,0,0,Tempelhof-Schöneberg,Accident with minor injuries,Collision between vehicle and pedestrian,Pedestrian crossing accident,Daylight,Dry
1023,50973,4,Flinsberger Platz,2019,10,16,1,3,0,1,0,0,1,0,0,0,0,0,Charlottenburg - Wilmersdorf,Accident with minor injuries,Others,Driving accident,Daylight,Dry