,object id,district,street,year,month,hour of day,weekday,category,accident type,accident type 2,light situation,bike involved,car involved,pedestrian involved,motor bike involved,big track involved,other vehicle involved,road condition,district name,category name,accident detail,accident type detail,light condition,road condition detail
1153,51112,3,Niederschönhausen,2019,5,7,5,3,3,6,0,0,1,0,1,0,0,0,Pankow,Accident with minor injuries,Collision with a vehicle traveling laterally in the same direction,Collision involving vehicles going in the same way,Daylight,Dry
1154,51113,4,Jungfernheide,2019,4,9,2,2,3,6,0,0,1,0,0,0,0,0,Charlottenburg - Wilmersdorf,Accident with serious injuries,Collision with a vehicle traveling laterally in the same direction,Collision involving vehicles going in the same way,Daylight,Dry
1155,51114,7,Fritz-Werner-Straße,2019,11,11,1,3,5,3,0,0,1,0,0,0,0,0,Tempelhof-Schöneberg,Accident with minor injuries,Collision with a turning/crossing vehicle,Turning/Crossing accident,Daylight,Dry
1156,51115,1,Alexanderplatzviertel,2019,5,11,5,3,5,3,0,0,1,0,1,0,0,0,Mitte,Accident with minor injuries,Collision with a turning/crossing vehicle,Turning/Crossing accident,Daylight,Dry
1157,51116,4,Ernst-Reuter-Platz,2019,11,14,6,3,3,6,0,0,1,0,0,0,0,0,Charlottenburg - Wilmersdorf,Accident with minor injuries,Collision with a vehicle traveling laterally in the same direction,Collision involving vehicles going in the same way,Daylight,Dry
1158,51117,6,Feuerbachstraße,2019,7,10,5,2,0,1,0,0,1,0,1,0,0,0,Steglitz-Zehlendorf,Accident with serious injuries,Others,Driving accident,Daylight,Dry
1159,51118,1,Reinickendorfer Straße,2019,4,15,2,3,2,6,0,0,1,0,0,0,0,0,Mitte,Accident with minor injuries,Collision with the vehicle in front/waiting vehicle,Collision involving vehicles going in the same way,Daylight,Dry
1160,51119,12,Letteplatz,2019,10,20,2,2,3,6,2,0,1,0,1,0,0,0,Reinickendorf,Accident with serious injuries,Collision with a vehicle traveling laterally in the same direction,Collision involving vehicles going in the same way,Dark,Dry
1161,51120,6,Botanischer Garten,2019,8,17,7,2,2,6,0,0,1,0,1,0,0,0,Steglitz-Zehlendorf,Accident with serious injuries,Collision with the vehicle in front/waiting vehicle,Collision involving vehicles going in the same way,Daylight,Dry
1162,51122,8,Späthsfelde,2019,5,15,5,2,0,1,0,0,1,0,0,0,0,0,Neukölln,Accident with serious injuries,Others,Driving accident,Daylight,Dry
1163,51123,4,Bismarckallee,2019,7,11,5,3,3,6,0,0,1,0,0,0,0,0,Charlottenburg - Wilmersdorf,Accident with minor injuries,Collision with a vehicle traveling laterally in the same direction,Collision involving vehicles going in the same way,Daylight,Dry
1164,51124,3,Niederschönhausen,2019,4,16,2,3,5,3,0,0,0,0,1,0,1,0,Pankow,Accident with minor injuries,Collision with a turning/crossing vehicle,Turning/Crossing accident,Daylight,Dry
1165,51125,1,Humboldthain Nordwest,2019,6,21,1,3,2,6,1,0,1,0,0,0,0,0,Mitte,Accident with minor injuries,Collision with the vehicle in front/waiting vehicle,Collision involving vehicles going in the same way,Twilight,Dry
1166,51126,4,Reichsstraße,2019,8,13,7,2,2,6,0,0,1,0,0,0,0,0,Charlottenburg - Wilmersdorf,Accident with serious injuries,Collision with the vehicle in front/waiting vehicle,Collision involving vehicles going in the same way,Daylight,Dry
1167,51127,3,Erich-Weinert-Straße,2019,12,5,2,3,5,2,2,1,1,0,0,0,0,0,Pankow,Accident with minor injuries,Collision with a turning/crossing vehicle,Turning accident,Dark,Dry
1168,51128,7,Manteuffelstraße,2019,5,7,5,3,2,6,0,0,1,0,0,0,0,0,Tempelhof-Schöneberg,Accident with minor injuries,Collision with the vehicle in front/waiting vehicle,Collision involving vehicles going in the same way,Daylight,Dry
1169,51129,2,Viktoriapark,2019,7,16,4,3,2,6,0,0,1,0,0,0,0,0,Friedrichshain - Kreuzberg,Accident with minor injuries,Collision with the vehicle in front/waiting vehicle,Collision involving vehicles going in the same way,Daylight,Dry
1170,51130,7,Fritz-Werner-Straße,2019,4,16,2,3,5,2,0,0,1,0,1,0,0,0,Tempelhof-Schöneberg,Accident with minor injuries,Collision with a turning/crossing vehicle,Turning accident,Daylight,Dry
1171,51131,4,Messegelände,2019,11,5,2,3,2,6,2,0,1,0,0,0,0,1,Charlottenburg - Wilmersdorf,Accident with minor injuries,Collision with the vehicle in front/waiting vehicle,Collision involving vehicles going in the same way,Dark,Wet/moist/slippery
1172,51132,1,Reinickendorfer Straße,2019,7,23,4,2,5,2,2,0,1,0,0,0,0,0,Mitte,Accident with serious injuries,Collision with a turning/crossing vehicle,Turning accident,Dark,Dry
1173,51133,7,Kettinger Straße/Schillerstraße,2019,4,14,1,3,2,6,0,0,1,0,0,0,0,0,Tempelhof-Schöneberg,Accident with minor injuries,Collision with the vehicle in front/waiting vehicle,Collision involving vehicles going in the same way,Daylight,Dry
1174,51134,4,Stadion Wilmersdorf,2019,10,6,2,3,2,6,2,0,1,0,0,0,0,0,Charlottenburg - Wilmersdorf,Accident with minor injuries,Collision with the vehicle in front/waiting vehicle,Collision involving vehicles going in the same way,Dark,Dry
1175,51135,10,Marzahner Chaussee,2019,8,23,6,2,0,7,2,1,0,0,0,0,0,0,Marzahn-Hellersdorf,Accident with serious injuries,Others,Others,Dark,Dry
1176,51137,7,Rathaus Tempelhof,2019,5,7,5,2,3,6,0,0,1,0,1,0,1,0,Tempelhof-Schöneberg,Accident with serious injuries,Collision with a vehicle traveling laterally in the same direction,Collision involving vehicles going in the same way,Daylight,Dry
1177,51138,7,Dennewitzplatz,2019,7,21,4,3,5,2,1,0,1,0,1,0,0,0,Tempelhof-Schöneberg,Accident with minor injuries,Collision with a turning/crossing vehicle,Turning accident,Twilight,Dry
1178,51139,3,Arnimplatz,2019,4,14,1,3,6,4,0,1,0,1,0,0,0,0,Pankow,Accident with minor injuries,Collision between vehicle and pedestrian,Pedestrian crossing accident,Daylight,Dry
1179,51140,9,Späthsfelde,2019,11,8,4,3,3,6,0,0,1,0,0,1,0,1,Treptow-Köpenick,Accident with minor injuries,Collision with a vehicle traveling laterally in the same direction,Collision involving vehicles going in the same way,Daylight,Wet/moist/slippery
1180,51141,1,Körnerstraße,2019,6,13,4,3,5,2,0,0,1,0,1,0,0,0,Mitte,Accident with minor injuries,Collision with a turning/crossing vehicle,Turning accident,Daylight,Dry
1181,51142,7,Grazer Platz,2019,8,18,6,3,2,6,0,0,1,0,0,0,0,0,Tempelhof-Schöneberg,Accident with minor injuries,Collision with the vehicle in front/waiting vehicle,Collision involving vehicles going in the same way,Daylight,Dry
1182,51143,4,Schloßstraße,2019,12,11,2,3,3,6,0,0,1,0,0,0,0,0,Charlottenburg - Wilmersdorf,Accident with minor injuries,Collision with a vehicle traveling laterally in the same direction,Collision involving vehicles going in the same way,Daylight,Dry
1183,51144,7,Grazer Platz,2019,7,17,4,3,2,6,0,0,1,0,1,0,0,0,Tempelhof-Schöneberg,Accident with minor injuries,Collision with the vehicle in front/waiting vehicle,Collision involving vehicles going in the same way,Daylight,Dry
1184,51145,10,Mahlsdorf Süd,2019,10,14,4,3,2,6,0,0,1,0,0,0,0,0,Marzahn-Hellersdorf,Accident with minor injuries,Collision with the vehicle in front/waiting vehicle,Collision involving vehicles going in the same way,Daylight,Dry
1185,51146,1,Körnerstraße,2019,8,17,6,3,4,6,0,1,0,0,0,0,1,0,Mitte,Accident with minor injuries,Collision with oncoming vehicle,Collision involving vehicles going in the same way,Daylight,Dry
1186,51147,7,Kaiser-Wilhelm-Platz,2019,7,19,3,3,1,5,0,1,1,0,0,0,0,0,Tempelhof-Schöneberg,Accident with minor injuries,Collision with a moving/standing/parked vehicle,Accident involving parked vehicles,Daylight,Dry
1187,51148,4,Messegelände,2019,4,11,1,3,3,6,0,0,1,0,0,0,0,0,Charlottenburg - Wilmersdorf,Accident with minor injuries,Collision with a vehicle traveling laterally in the same direction,Collision involving vehicles going in the same way,Daylight,Dry
1188,51149,1,Alexanderplatzviertel,2019,10,14,3,3,6,4,0,1,0,1,0,0,0,1,Mitte,Accident with minor injuries,Collision between vehicle and pedestrian,Pedestrian crossing accident,Daylight,Wet/moist/slippery
1189,51150,3,Komponistenviertel Weißensee,2019,8,9,6,3,2,6,0,0,0,0,0,1,1,0,Pankow,Accident with minor injuries,Collision with the vehicle in front/waiting vehicle,Collision involving vehicles going in the same way,Daylight,Dry
1190,51152,12,Waidmannslust,2019,5,17,4,3,2,6,0,0,1,0,0,0,0,1,Reinickendorf,Accident with minor injuries,Collision with the vehicle in front/waiting vehicle,Collision involving vehicles going in the same way,Daylight,Wet/moist/slippery
1191,51153,1,Alexanderplatzviertel,2019,7,17,3,3,5,2,0,1,1,0,0,0,0,0,Mitte,Accident with minor injuries,Collision with a turning/crossing vehicle,Turning accident,Daylight,Dry
1192,51154,2,Stralauer Kiez,2019,4,18,1,3,0,1,0,0,0,0,1,0,0,0,Friedrichshain - Kreuzberg,Accident with minor injuries,Others,Driving accident,Daylight,Dry
1193,51155,7,Marienfelde Nordost,2019,11,7,6,3,2,7,1,0,1,0,0,0,0,0,Tempelhof-Schöneberg,Accident with minor injuries,Collision with the vehicle in front/waiting vehicle,Others,Twilight,Dry
1194,51156,7,Manteuffelstraße,2019,5,17,4,3,2,6,0,0,1,0,0,0,0,0,Tempelhof-Schöneberg,Accident with minor injuries,Collision with the vehicle in front/waiting vehicle,Collision involving vehicles going in the same way,Daylight,Dry
1195,51157,7,Neu-Tempelhof,2019,12,17,3,3,1,5,2,0,1,0,0,0,0,1,Tempelhof-Schöneberg,Accident with minor injuries,Collision with a moving/standing/parked vehicle,Accident involving parked vehicles,Dark,Wet/moist/slippery
1196,51158,12,Letteplatz,2019,7,17,3,3,0,2,0,1,1,0,0,0,0,0,Reinickendorf,Accident with minor injuries,Others,Turning accident,Daylight,Dry
1197,51159,4,Spreestadt,2019,4,18,1,3,0,4,0,1,0,1,0,0,0,0,Charlottenburg - Wilmersdorf,Accident with minor injuries,Others,Pedestrian crossing accident,Daylight,Dry
1198,51160,12,Waldidyll/Flughafensee,2019,10,7,6,3,2,6,1,0,1,0,1,0,0,0,Reinickendorf,Accident with minor injuries,Collision with the vehicle in front/waiting vehicle,Collision involving vehicles going in the same way,Twilight,Dry
1199,51161,1,Schillerpark,2019,8,14,6,3,3,6,0,1,1,0,0,0,1,0,Mitte,Accident with minor injuries,Collision with a vehicle traveling laterally in the same direction,Collision involving vehicles going in the same way,Daylight,Dry
1200,51163,12,Waldidyll/Flughafensee,2019,7,10,3,3,2,6,0,0,1,0,0,0,0,0,Reinickendorf,Accident with minor injuries,Collision with the vehicle in front/waiting vehicle,Collision involving vehicles going in the same way,Daylight,Dry
1201,51164,4,Güterbahnhof Grunewald,2019,4,18,1,3,2,6,0,0,1,0,0,0,0,0,Charlottenburg - Wilmersdorf,Accident with minor injuries,Collision with the vehicle in front/waiting vehicle,Collision involving vehicles going in the same way,Daylight,Dry
1202,51165,3,Helmholtzplatz,2019,10,11,3,3,6,4,0,0,0,1,0,0,1,1,Pankow,Accident with minor injuries,Collision between vehicle and pedestrian,Pedestrian crossing accident,Daylight,Wet/moist/slippery
1203,51166,7,Manteuffelstraße,2019,6,22,4,3,2,6,2,0,1,0,0,0,0,0,Tempelhof-Schöneberg,Accident with minor injuries,Collision with the vehicle in front/waiting vehicle,Collision involving vehicles going in the same way,Dark,Dry
1204,51167,11,Rüdigerstraße,2019,8,12,6,3,5,2,0,1,1,0,0,0,0,0,Lichtenberg,Accident with minor injuries,Collision with a turning/crossing vehicle,Turning accident,Daylight,Dry
1205,51168,9,Elsenstraße,2019,12,19,7,3,2,6,2,0,1,0,0,0,0,0,Treptow-Köpenick,Accident with minor injuries,Collision with the vehicle in front/waiting vehicle,Collision involving vehicles going in the same way,Dark,Dry
1206,51169,6,Zehlendorf Mitte,2019,5,10,4,3,5,2,0,1,1,0,0,0,0,1,Steglitz-Zehlendorf,Accident with minor injuries,Collision with a turning/crossing vehicle,Turning accident,Daylight,Wet/moist/slippery
1207,51170,7,Fritz-Werner-Straße,2019,4,16,1,3,6,7,0,1,0,1,0,0,0,0,Tempelhof-Schöneberg,Accident with minor injuries,Collision between vehicle and pedestrian,Others,Daylight,Dry
1208,51171,9,Schnellerstraße,2019,11,18,7,2,5,3,2,1,1,0,0,0,0,1,Treptow-Köpenick,Accident with serious injuries,Collision with a turning/crossing vehicle,Turning/Crossing accident,Dark,Wet/moist/slippery
1209,51172,6,Nikolassee,2019,10,9,3,3,5,2,0,1,0,0,0,0,1,1,Steglitz-Zehlendorf,Accident with minor injuries,Collision with a turning/crossing vehicle,Turning accident,Daylight,Wet/moist/slippery
1210,51173,3,Helmholtzplatz,2019,8,11,6,3,3,6,0,1,1,0,0,0,0,0,Pankow,Accident with minor injuries,Collision with a vehicle traveling laterally in the same direction,Collision involving vehicles going in the same way,Daylight,Dry
1211,51175,4,Schloßstraße,2019,5,12,4,3,2,6,0,0,1,0,1,0,0,1,Charlottenburg - Wilmersdorf,Accident with minor injuries,Collision with the vehicle in front/waiting vehicle,Collision involving vehicles going in the same way,Daylight,Wet/moist/slippery
1212,51176,7,Neu-Tempelhof,2019,7,9,3,3,2,6,0,0,1,0,0,0,0,0,Tempelhof-Schöneberg,Accident with minor injuries,Collision with the vehicle in front/waiting vehicle,Collision involving vehicles going in the same way,Daylight,Dry
1213,51177,11,Rosenfelder Ring,2019,4,15,1,3,0,2,0,0,1,0,1,0,0,0,Lichtenberg,Accident with minor injuries,Others,Turning accident,Daylight,Dry
1214,51178,12,Teichstraße,2019,11,14,7,3,5,3,0,0,1,0,0,0,0,1,Reinickendorf,Accident with minor injuries,Collision with a turning/crossing vehicle,Turning/Crossing accident,Daylight,Wet/moist/slippery
1215,51179,2,Samariterviertel,2019,5,12,4,3,2,2,0,0,1,0,0,0,0,0,Friedrichshain - Kreuzberg,Accident with minor injuries,Collision with the vehicle in front/waiting vehicle,Turning accident,Daylight,Dry
1216,51180,2,Samariterviertel,2019,8,10,6,3,6,4,0,1,0,1,0,0,0,0,Friedrichshain - Kreuzberg,Accident with minor injuries,Collision between vehicle and pedestrian,Pedestrian crossing accident,Daylight,Dry
1217,51181,4,Jungfernheide,2019,12,6,4,3,2,6,2,0,1,0,0,0,0,0,Charlottenburg - Wilmersdorf,Accident with minor injuries,Collision with the vehicle in front/waiting vehicle,Collision involving vehicles going in the same way,Dark,Dry
1218,51182,11,Samariterviertel,2019,7,9,3,3,3,6,0,0,1,0,0,1,0,0,Lichtenberg,Accident with minor injuries,Collision with a vehicle traveling laterally in the same direction,Collision involving vehicles going in the same way,Daylight,Dry
1219,51183,4,Königin-Elisabeth-Straße,2019,4,12,7,2,6,4,0,1,0,1,0,0,0,0,Charlottenburg - Wilmersdorf,Accident with serious injuries,Collision between vehicle and pedestrian,Pedestrian crossing accident,Daylight,Dry
1220,51184,7,Grazer Platz,2019,10,20,6,3,2,6,2,0,1,0,0,0,0,0,Tempelhof-Schöneberg,Accident with minor injuries,Collision with the vehicle in front/waiting vehicle,Collision involving vehicles going in the same way,Dark,Dry
1221,51185,11,Rüdigerstraße,2019,8,9,6,3,5,2,0,1,0,0,0,0,1,0,Lichtenberg,Accident with minor injuries,Collision with a turning/crossing vehicle,Turning accident,Daylight,Dry
1222,51186,7,Neu-Tempelhof,2019,7,8,3,2,3,6,0,1,1,0,0,1,0,0,Tempelhof-Schöneberg,Accident with serious injuries,Collision with a vehicle traveling laterally in the same direction,Collision involving vehicles going in the same way,Daylight,Dry
1223,51187,4,Königin-Elisabeth-Straße,2019,4,12,7,2,6,4,0,1,0,1,0,0,0,0,Charlottenburg - Wilmersdorf,Accident with serious injuries,Collision between vehicle and pedestrian,Pedestrian crossing accident,Daylight,Dry
1224,51188,4,Lietzensee,2019,10,15,3,3,2,6,0,0,1,0,0,0,0,1,Charlottenburg - Wilmersdorf,Accident with minor injuries,Collision with the vehicle in front/waiting vehicle,Collision involving vehicles going in the same way,Daylight,Wet/moist/slippery
1225,51189,7,Manteuffelstraße,2019,6,16,5,3,2,6,0,0,1,0,0,0,1,1,Tempelhof-Schöneberg,Accident with minor injuries,Collision with the vehicle in front/waiting vehicle,Collision involving vehicles going in the same way,Daylight,Wet/moist/slippery
1226,51190,3,Bötzowstraße,2019,8,6,5,3,3,6,1,1,0,0,0,0,0,0,Pankow,Accident with minor injuries,Collision with a vehicle traveling laterally in the same direction,Collision involving vehicles going in the same way,Twilight,Dry
1227,51191,3,Greifswalder Straße,2019,12,21,5,3,0,3,2,1,0,0,0,0,1,1,Pankow,Accident with minor injuries,Others,Turning/Crossing accident,Dark,Wet/moist/slippery
1228,51192,1,Nördlicher Landwehrkanal,2019,5,13,4,3,6,4,0,0,1,1,0,0,0,0,Mitte,Accident with minor injuries,Collision between vehicle and pedestrian,Pedestrian crossing accident,Daylight,Dry
1229,51193,7,Manteuffelstraße,2019,4,23,7,3,2,6,2,0,1,0,0,0,0,0,Tempelhof-Schöneberg,Accident with minor injuries,Collision with the vehicle in front/waiting vehicle,Collision involving vehicles going in the same way,Dark,Dry
1230,51194,3,Falkplatz,2019,11,0,1,3,6,7,2,1,0,1,0,0,0,0,Pankow,Accident with minor injuries,Collision between vehicle and pedestrian,Others,Dark,Dry
1231,51195,10,Wuhletalstraße,2019,5,14,3,3,5,3,0,0,1,0,0,1,0,0,Marzahn-Hellersdorf,Accident with minor injuries,Collision with a turning/crossing vehicle,Turning/Crossing accident,Daylight,Dry
1232,51196,12,Wittenau Süd,2019,11,8,5,3,0,2,0,1,1,0,0,0,0,1,Reinickendorf,Accident with minor injuries,Others,Turning accident,Daylight,Wet/moist/slippery
1233,51197,6,Fichtenberg,2019,7,18,3,3,8,1,0,0,1,0,0,0,0,0,Steglitz-Zehlendorf,Accident with minor injuries,Departure from the roadway to the right,Driving accident,Daylight,Dry
1234,51198,1,Wilhelmstraße,2019,4,23,7,3,2,6,2,0,1,0,0,0,0,0,Mitte,Accident with minor injuries,Collision with the vehicle in front/waiting vehicle,Collision involving vehicles going in the same way,Dark,Dry
1235,51199,7,Kettinger Straße/Schillerstraße,2019,10,18,7,2,2,6,2,0,1,0,1,0,0,0,Tempelhof-Schöneberg,Accident with serious injuries,Collision with the vehicle in front/waiting vehicle,Collision involving vehicles going in the same way,Dark,Dry
1236,51200,1,Wilhelmstraße,2019,8,22,5,3,5,2,2,1,0,0,1,0,0,0,Mitte,Accident with minor injuries,Collision with a turning/crossing vehicle,Turning accident,Dark,Dry
1237,51202,2,Samariterviertel,2019,5,18,3,2,6,7,0,1,0,1,0,0,0,0,Friedrichshain - Kreuzberg,Accident with serious injuries,Collision between vehicle and pedestrian,Others,Daylight,Dry
1238,51203,2,Wriezener Bahnhof/Entwicklungsgebiet,2019,7,3,3,3,6,7,2,0,0,1,0,0,1,0,Friedrichshain - Kreuzberg,Accident with minor injuries,Collision between vehicle and pedestrian,Others,Dark,Dry
1239,51204,3,Helmholtzplatz,2019,4,13,7,3,3,6,0,0,1,0,1,0,0,0,Pankow,Accident with minor injuries,Collision with a vehicle traveling laterally in the same direction,Collision involving vehicles going in the same way,Daylight,Dry
1240,51205,1,Nördlicher Landwehrkanal,2019,6,15,7,2,5,3,0,0,1,0,1,0,0,0,Mitte,Accident with serious injuries,Collision with a turning/crossing vehicle,Turning/Crossing accident,Daylight,Dry
1241,51206,12,Waidmannslust,2019,8,20,5,3,0,1,2,1,0,0,0,0,0,0,Reinickendorf,Accident with minor injuries,Others,Driving accident,Dark,Dry
1242,51207,7,Fritz-Werner-Straße,2019,12,12,1,3,5,2,0,0,1,0,0,0,0,1,Tempelhof-Schöneberg,Accident with minor injuries,Collision with a turning/crossing vehicle,Turning accident,Daylight,Wet/moist/slippery
1243,51208,4,Jungfernheide,2019,5,21,3,2,8,1,2,0,0,0,1,0,0,1,Charlottenburg - Wilmersdorf,Accident with serious injuries,Departure from the roadway to the right,Driving accident,Dark,Wet/moist/slippery
1244,51209,3,Niederschönhausen,2019,7,15,3,3,0,1,0,1,0,0,0,0,0,0,Pankow,Accident with minor injuries,Others,Driving accident,Daylight,Dry
1245,51210,4,Richard-Wagner-Straße,2019,11,10,2,3,5,2,0,1,1,0,0,0,0,1,Charlottenburg - Wilmersdorf,Accident with minor injuries,Collision with a turning/crossing vehicle,Turning accident,Daylight,Wet/moist/slippery
1246,51211,10,Mahlsdorf Süd,2019,7,15,3,3,2,6,0,0,1,0,1,0,0,0,Marzahn-Hellersdorf,Accident with minor injuries,Collision with the vehicle in front/waiting vehicle,Collision involving vehicles going in the same way,Daylight,Dry
1247,51212,3,Falkplatz,2019,4,0,7,3,4,6,2,1,0,0,0,0,0,0,Pankow,Accident with minor injuries,Collision with oncoming vehicle,Collision involving vehicles going in the same way,Dark,Dry
1248,51213,4,Richard-Wagner-Straße,2019,10,13,1,3,2,2,0,0,1,0,0,0,0,0,Charlottenburg - Wilmersdorf,Accident with minor injuries,Collision with the vehicle in front/waiting vehicle,Turning accident,Daylight,Dry
1249,51214,4,Königin-Elisabeth-Straße,2019,8,17,5,3,3,6,0,0,1,0,1,0,0,0,Charlottenburg - Wilmersdorf,Accident with minor injuries,Collision with a vehicle traveling laterally in the same direction,Collision involving vehicles going in the same way,Daylight,Dry
1250,51216,3,Arnimplatz,2019,5,10,3,3,5,2,0,1,1,0,0,0,0,0,Pankow,Accident with minor injuries,Collision with a turning/crossing vehicle,Turning accident,Daylight,Dry
1251,51217,6,Botanischer Garten,2019,7,2,3,3,3,6,2,0,1,0,0,0,1,0,Steglitz-Zehlendorf,Accident with minor injuries,Collision with a vehicle traveling laterally in the same direction,Collision involving vehicles going in the same way,Dark,Dry
1252,51218,6,Wannsee,2019,4,15,7,2,5,7,0,0,1,0,1,0,0,0,Steglitz-Zehlendorf,Accident with serious injuries,Collision with a turning/crossing vehicle,Others,Daylight,Dry
1253,51219,4,Königin-Elisabeth-Straße,2019,11,13,3,3,2,6,0,0,1,0,0,0,0,0,Charlottenburg - Wilmersdorf,Accident with minor injuries,Collision with the vehicle in front/waiting vehicle,Collision involving vehicles going in the same way,Daylight,Dry
1254,51220,1,Karl-Marx-Allee,2019,6,8,4,3,6,4,0,0,0,1,1,0,0,0,Mitte,Accident with minor injuries,Collision between vehicle and pedestrian,Pedestrian crossing accident,Daylight,Dry
1255,51221,1,Karl-Marx-Allee,2019,8,15,5,3,0,7,0,1,0,0,0,0,0,0,Mitte,Accident with minor injuries,Others,Others,Daylight,Dry
1256,51222,3,Niederschönhausen,2019,12,21,7,3,0,6,2,0,1,0,0,0,0,1,Pankow,Accident with minor injuries,Others,Collision involving vehicles going in the same way,Dark,Wet/moist/slippery
1257,51223,2,Samariterviertel,2019,7,14,2,3,3,2,0,0,1,0,1,0,0,0,Friedrichshain - Kreuzberg,Accident with minor injuries,Collision with a vehicle traveling laterally in the same direction,Turning accident,Daylight,Dry
1258,51224,3,Conrad-Blenkle-Straße,2019,10,16,3,3,2,6,1,0,1,0,0,0,0,0,Pankow,Accident with minor injuries,Collision with the vehicle in front/waiting vehicle,Collision involving vehicles going in the same way,Twilight,Dry
1259,51225,4,Babelsberger Straße,2019,8,13,5,3,2,6,0,0,1,0,0,0,0,0,Charlottenburg - Wilmersdorf,Accident with minor injuries,Collision with the vehicle in front/waiting vehicle,Collision involving vehicles going in the same way,Daylight,Dry
1260,51226,2,Samariterviertel,2019,7,15,2,3,2,2,0,1,0,0,0,0,0,0,Friedrichshain - Kreuzberg,Accident with minor injuries,Collision with the vehicle in front/waiting vehicle,Turning accident,Daylight,Dry
1261,51227,1,Alexanderplatzviertel,2019,4,11,7,3,2,6,0,0,1,0,0,0,0,0,Mitte,Accident with minor injuries,Collision with the vehicle in front/waiting vehicle,Collision involving vehicles going in the same way,Daylight,Dry
1262,51228,7,Manteuffelstraße,2019,10,12,2,3,2,6,0,0,1,0,0,0,0,0,Tempelhof-Schöneberg,Accident with minor injuries,Collision with the vehicle in front/waiting vehicle,Collision involving vehicles going in the same way,Daylight,Dry
1263,51229,11,Tierpark,2019,6,9,2,3,6,6,0,1,0,1,0,0,0,0,Lichtenberg,Accident with minor injuries,Collision between vehicle and pedestrian,Collision involving vehicles going in the same way,Daylight,Dry
1264,51230,7,Kettinger Straße/Schillerstraße,2019,8,12,5,3,1,5,0,0,1,0,0,0,1,0,Tempelhof-Schöneberg,Accident with minor injuries,Collision with a moving/standing/parked vehicle,Accident involving parked vehicles,Daylight,Dry
1265,51232,4,Messegelände,2019,5,6,3,3,2,6,0,0,1,0,0,0,0,0,Charlottenburg - Wilmersdorf,Accident with minor injuries,Collision with the vehicle in front/waiting vehicle,Collision involving vehicles going in the same way,Daylight,Dry
1266,51233,4,Bismarckallee,2019,4,13,7,3,2,6,0,0,1,0,0,0,1,0,Charlottenburg - Wilmersdorf,Accident with minor injuries,Collision with the vehicle in front/waiting vehicle,Collision involving vehicles going in the same way,Daylight,Dry
1267,51234,1,Wilhelmstraße,2019,11,17,5,3,5,2,2,1,1,0,0,0,0,0,Mitte,Accident with minor injuries,Collision with a turning/crossing vehicle,Turning accident,Dark,Dry
1268,51235,10,Mahlsdorf Süd,2019,5,18,2,3,5,7,0,0,1,0,0,0,0,1,Marzahn-Hellersdorf,Accident with minor injuries,Collision with a turning/crossing vehicle,Others,Daylight,Wet/moist/slippery
1269,51236,3,Schönholz,2019,12,21,3,3,2,6,2,0,1,0,0,0,1,1,Pankow,Accident with minor injuries,Collision with the vehicle in front/waiting vehicle,Collision involving vehicles going in the same way,Dark,Wet/moist/slippery
1270,51237,4,Kranzallee,2019,7,23,1,3,6,4,2,0,1,1,0,0,0,0,Charlottenburg - Wilmersdorf,Accident with minor injuries,Collision between vehicle and pedestrian,Pedestrian crossing accident,Dark,Dry
1271,51238,4,Schloßstraße,2019,4,15,6,3,3,6,0,0,1,0,1,0,0,0,Charlottenburg - Wilmersdorf,Accident with minor injuries,Collision with a vehicle traveling laterally in the same direction,Collision involving vehicles going in the same way,Daylight,Dry
1272,51239,6,Nikolassee,2019,10,10,4,3,5,3,0,0,1,0,0,0,0,0,Steglitz-Zehlendorf,Accident with minor injuries,Collision with a turning/crossing vehicle,Turning/Crossing accident,Daylight,Dry
1273,51240,4,Eichkamp,2019,8,17,5,2,2,6,0,0,1,0,0,0,0,0,Charlottenburg - Wilmersdorf,Accident with serious injuries,Collision with the vehicle in front/waiting vehicle,Collision involving vehicles going in the same way,Daylight,Dry
1274,51242,9,Elsenstraße,2019,7,21,1,2,5,2,2,0,1,0,1,0,0,0,Treptow-Köpenick,Accident with serious injuries,Collision with a turning/crossing vehicle,Turning accident,Dark,Dry
1275,51243,7,Rathausstraße,2019,4,12,6,2,6,2,0,0,1,1,0,0,0,0,Tempelhof-Schöneberg,Accident with serious injuries,Collision between vehicle and pedestrian,Turning accident,Daylight,Dry
1276,51244,4,Bismarckallee,2019,9,5,2,3,3,6,2,0,1,0,0,0,0,1,Charlottenburg - Wilmersdorf,Accident with minor injuries,Collision with a vehicle traveling laterally in the same direction,Collision involving vehicles going in the same way,Dark,Wet/moist/slippery