,object id,district,street,year,month,hour of day,weekday,category,accident type,accident type 2,light situation,bike involved,car involved,pedestrian involved,motor bike involved,big track involved,other vehicle involved,road condition,district name,category name,accident detail,accident type detail,light condition,road condition detail
1277,51245,11,Rüdigerstraße,2019,6,11,4,3,2,6,0,0,1,0,0,0,0,0,Lichtenberg,Accident with minor injuries,Collision with the vehicle in front/waiting vehicle,Collision involving vehicles going in the same way,Daylight,Dry
1278,51246,7,Lindenhofsiedlung,2019,8,12,5,2,2,6,0,0,1,0,0,0,1,0,Tempelhof-Schöneberg,Accident with serious injuries,Collision with the vehicle in front/waiting vehicle,Collision involving vehicles going in the same way,Daylight,Dry
1279,51247,4,Grazer Platz,2019,12,17,6,3,2,6,2,0,1,0,0,0,0,1,Charlottenburg - Wilmersdorf,Accident with minor injuries,Collision with the vehicle in front/waiting vehicle,Collision involving vehicles going in the same way,Dark,Wet/moist/slippery
1280,51248,4,Güterbahnhof Grunewald,2019,5,17,2,3,2,6,0,0,1,0,0,0,0,1,Charlottenburg - Wilmersdorf,Accident with minor injuries,Collision with the vehicle in front/waiting vehicle,Collision involving vehicles going in the same way,Daylight,Wet/moist/slippery
1281,51249,3,Helmholtzplatz,2019,7,22,7,3,5,2,2,0,1,0,0,0,0,1,Pankow,Accident with minor injuries,Collision with a turning/crossing vehicle,Turning accident,Dark,Wet/moist/slippery
1282,51250,12,Schäfersee,2019,4,9,6,3,0,1,0,0,0,0,1,0,0,0,Reinickendorf,Accident with minor injuries,Others,Driving accident,Daylight,Dry
1283,51251,9,Schnellerstraße,2019,11,8,6,2,5,2,0,1,0,0,0,0,0,0,Treptow-Köpenick,Accident with serious injuries,Collision with a turning/crossing vehicle,Turning accident,Daylight,Dry
1284,51252,7,Kaiser-Wilhelm-Platz,2019,8,11,5,3,1,5,0,1,0,0,0,0,1,0,Tempelhof-Schöneberg,Accident with minor injuries,Collision with a moving/standing/parked vehicle,Accident involving parked vehicles,Daylight,Dry
1285,51253,7,Rathausstraße,2019,11,13,3,3,1,5,0,0,1,0,0,0,0,0,Tempelhof-Schöneberg,Accident with minor injuries,Collision with a moving/standing/parked vehicle,Accident involving parked vehicles,Daylight,Dry
1286,51254,7,Neu-Tempelhof,2019,7,18,7,3,2,6,0,0,1,0,0,0,0,0,Tempelhof-Schöneberg,Accident with minor injuries,Collision with the vehicle in front/waiting vehicle,Collision involving vehicles going in the same way,Daylight,Dry
1287,51255,1,Alexanderplatzviertel,2019,4,9,6,3,0,7,0,1,0,0,0,1,0,0,Mitte,Accident with minor injuries,Others,Others,Daylight,Dry
1288,51256,4,Flinsberger Platz,2019,10,13,5,3,2,6,0,0,1,0,0,1,0,0,Charlottenburg - Wilmersdorf,Accident with minor injuries,Collision with the vehicle in front/waiting vehicle,Collision involving vehicles going in the same way,Daylight,Dry
1289,51257,7,Volkspark (Rudolf-Wilde-Park),2019,8,16,4,3,6,4,0,0,0,1,1,0,0,0,Tempelhof-Schöneberg,Accident with minor injuries,Collision between vehicle and pedestrian,Pedestrian crossing accident,Daylight,Dry
1290,51259,6,Wannsee,2019,5,21,2,2,5,2,1,1,1,0,0,0,0,1,Steglitz-Zehlendorf,Accident with serious injuries,Collision with a turning/crossing vehicle,Turning accident,Twilight,Wet/moist/slippery
1291,51260,1,Heidestraße,2019,7,15,7,3,2,6,0,0,1,0,1,0,0,1,Mitte,Accident with minor injuries,Collision with the vehicle in front/waiting vehicle,Collision involving vehicles going in the same way,Daylight,Wet/moist/slippery
1292,51261,7,Neu-Tempelhof,2019,4,20,6,3,1,5,1,0,1,0,0,0,0,0,Tempelhof-Schöneberg,Accident with minor injuries,Collision with a moving/standing/parked vehicle,Accident involving parked vehicles,Twilight,Dry
1293,51262,4,Schloßstraße,2019,6,18,6,3,0,1,0,1,0,0,0,0,0,0,Charlottenburg - Wilmersdorf,Accident with minor injuries,Others,Driving accident,Daylight,Dry
1294,51263,11,Rüdigerstraße,2019,8,16,4,3,5,2,0,0,1,1,0,0,0,0,Lichtenberg,Accident with minor injuries,Collision with a turning/crossing vehicle,Turning accident,Daylight,Dry
1295,51264,7,Rathaus Tempelhof,2019,12,10,6,3,2,6,0,0,1,0,0,1,0,0,Tempelhof-Schöneberg,Accident with minor injuries,Collision with the vehicle in front/waiting vehicle,Collision involving vehicles going in the same way,Daylight,Dry
1296,51265,4,Flinsberger Platz,2019,5,19,2,2,0,1,0,0,0,0,1,0,0,1,Charlottenburg - Wilmersdorf,Accident with serious injuries,Others,Driving accident,Daylight,Wet/moist/slippery
1297,51266,4,Eichkamp,2019,7,14,7,3,2,6,0,0,1,0,0,0,0,0,Charlottenburg - Wilmersdorf,Accident with minor injuries,Collision with the vehicle in front/waiting vehicle,Collision involving vehicles going in the same way,Daylight,Dry
1298,51267,3,Anton-Saefkow-Park,2019,11,21,6,2,6,4,2,0,1,1,0,0,0,1,Pankow,Accident with serious injuries,Collision between vehicle and pedestrian,Pedestrian crossing accident,Dark,Wet/moist/slippery
1299,51268,3,Helmholtzplatz,2019,7,18,6,3,6,7,0,0,0,1,0,0,1,0,Pankow,Accident with minor injuries,Collision between vehicle and pedestrian,Others,Daylight,Dry
1300,51269,2,Samariterviertel,2019,4,21,6,2,6,4,2,0,1,1,0,0,0,0,Friedrichshain - Kreuzberg,Accident with serious injuries,Collision between vehicle and pedestrian,Pedestrian crossing accident,Dark,Dry
1301,51270,7,Rathaus Tempelhof,2019,10,16,6,3,2,6,0,0,1,0,0,0,0,0,Tempelhof-Schöneberg,Accident with minor injuries,Collision with the vehicle in front/waiting vehicle,Collision involving vehicles going in the same way,Daylight,Dry
1302,51271,3,Thälmannpark,2019,8,8,4,3,5,3,0,1,0,0,0,0,0,0,Pankow,Accident with minor injuries,Collision with a turning/crossing vehicle,Turning/Crossing accident,Daylight,Dry
1303,51273,10,Ringkolonnaden,2019,5,15,2,2,5,3,0,1,1,0,0,0,0,0,Marzahn-Hellersdorf,Accident with serious injuries,Collision with a turning/crossing vehicle,Turning/Crossing accident,Daylight,Dry
1304,51274,1,Alexanderplatzviertel,2019,8,17,3,3,3,2,0,1,1,0,0,0,0,0,Mitte,Accident with minor injuries,Collision with a vehicle traveling laterally in the same direction,Turning accident,Daylight,Dry
1305,51275,1,Humboldthain Nordwest,2019,11,9,4,3,5,3,0,1,1,0,0,0,0,0,Mitte,Accident with minor injuries,Collision with a turning/crossing vehicle,Turning/Crossing accident,Daylight,Dry
1306,51276,6,Zehlendorf Mitte,2019,7,9,6,2,0,4,0,1,0,1,0,0,0,0,Steglitz-Zehlendorf,Accident with serious injuries,Others,Pedestrian crossing accident,Daylight,Dry
1307,51277,3,Niederschönhausen,2019,4,21,5,3,2,6,2,0,1,0,0,0,0,0,Pankow,Accident with minor injuries,Collision with the vehicle in front/waiting vehicle,Collision involving vehicles going in the same way,Dark,Dry
1308,51278,4,Königin-Elisabeth-Straße,2019,10,14,6,3,2,6,0,0,1,0,1,0,0,0,Charlottenburg - Wilmersdorf,Accident with minor injuries,Collision with the vehicle in front/waiting vehicle,Collision involving vehicles going in the same way,Daylight,Dry
1309,51279,3,Pankow Süd,2019,8,17,3,3,2,6,0,0,1,0,0,0,0,0,Pankow,Accident with minor injuries,Collision with the vehicle in front/waiting vehicle,Collision involving vehicles going in the same way,Daylight,Dry
1310,51281,4,Jungfernheide,2019,5,7,2,3,2,6,0,0,1,0,0,1,0,0,Charlottenburg - Wilmersdorf,Accident with minor injuries,Collision with the vehicle in front/waiting vehicle,Collision involving vehicles going in the same way,Daylight,Dry
1311,51282,1,Humboldthain Nordwest,2019,7,21,6,3,5,3,1,0,1,0,0,0,0,0,Mitte,Accident with minor injuries,Collision with a turning/crossing vehicle,Turning/Crossing accident,Twilight,Dry
1312,51283,3,Falkplatz,2019,4,18,5,3,3,6,0,1,0,0,0,0,0,0,Pankow,Accident with minor injuries,Collision with a vehicle traveling laterally in the same direction,Collision involving vehicles going in the same way,Daylight,Dry
1313,51284,7,Rathausstraße,2019,6,13,6,3,6,7,0,0,1,1,0,0,0,0,Tempelhof-Schöneberg,Accident with minor injuries,Collision between vehicle and pedestrian,Others,Daylight,Dry
1314,51285,2,Wriezener Bahnhof/Entwicklungsgebiet,2019,8,15,3,3,3,6,0,1,0,0,0,0,1,0,Friedrichshain - Kreuzberg,Accident with minor injuries,Collision with a vehicle traveling laterally in the same direction,Collision involving vehicles going in the same way,Daylight,Dry
1315,51286,3,Helmholtzplatz,2019,12,2,7,3,0,1,2,0,0,0,1,0,0,1,Pankow,Accident with minor injuries,Others,Driving accident,Dark,Wet/moist/slippery
1316,51287,9,Späthsfelde,2019,5,7,2,3,0,7,0,0,0,0,0,0,1,0,Treptow-Köpenick,Accident with minor injuries,Others,Others,Daylight,Dry
1317,51288,7,Kaiser-Wilhelm-Platz,2019,7,20,6,3,0,7,1,1,1,0,0,0,0,0,Tempelhof-Schöneberg,Accident with minor injuries,Others,Others,Twilight,Dry
1318,51289,3,Winsstraße,2019,4,15,5,2,2,2,0,1,0,0,1,0,0,0,Pankow,Accident with serious injuries,Collision with the vehicle in front/waiting vehicle,Turning accident,Daylight,Dry
1319,51290,4,Flinsberger Platz,2019,11,12,1,3,0,7,0,0,0,0,1,0,0,1,Charlottenburg - Wilmersdorf,Accident with minor injuries,Others,Others,Daylight,Wet/moist/slippery
1320,51291,1,Wilhelmstraße,2019,7,18,6,3,4,7,0,1,0,0,0,0,1,0,Mitte,Accident with minor injuries,Collision with oncoming vehicle,Others,Daylight,Dry
1321,51292,1,Großer Tiergarten,2019,4,15,5,3,0,1,0,1,0,0,0,0,0,0,Mitte,Accident with minor injuries,Others,Driving accident,Daylight,Dry
1322,51293,6,Zehlendorf Mitte,2019,10,0,7,2,5,2,2,1,1,0,0,0,0,0,Steglitz-Zehlendorf,Accident with serious injuries,Collision with a turning/crossing vehicle,Turning accident,Dark,Dry
1323,51294,3,Greifswalder Straße,2019,8,13,3,3,6,4,0,1,0,1,0,0,0,0,Pankow,Accident with minor injuries,Collision between vehicle and pedestrian,Pedestrian crossing accident,Daylight,Dry
1324,51296,1,Humboldthain Nordwest,2019,5,9,2,3,2,6,0,0,1,0,1,0,0,0,Mitte,Accident with minor injuries,Collision with the vehicle in front/waiting vehicle,Collision involving vehicles going in the same way,Daylight,Dry
1325,51297,4,Hildegardstraße,2019,7,13,6,3,2,6,0,0,1,0,0,0,0,0,Charlottenburg - Wilmersdorf,Accident with minor injuries,Collision with the vehicle in front/waiting vehicle,Collision involving vehicles going in the same way,Daylight,Dry
1326,51298,4,Messegelände,2019,4,10,5,3,3,6,0,0,1,0,0,0,0,0,Charlottenburg - Wilmersdorf,Accident with minor injuries,Collision with a vehicle traveling laterally in the same direction,Collision involving vehicles going in the same way,Daylight,Dry
1327,51299,10,Mahlsdorf Süd,2019,11,16,2,3,6,2,1,0,1,1,0,0,0,1,Marzahn-Hellersdorf,Accident with minor injuries,Collision between vehicle and pedestrian,Turning accident,Twilight,Wet/moist/slippery
1328,51300,6,Botanischer Garten,2019,6,18,3,3,2,6,0,0,1,0,1,0,0,0,Steglitz-Zehlendorf,Accident with minor injuries,Collision with the vehicle in front/waiting vehicle,Collision involving vehicles going in the same way,Daylight,Dry
1329,51301,4,Schloßstraße,2019,8,8,3,3,6,4,0,0,0,1,0,0,1,0,Charlottenburg - Wilmersdorf,Accident with minor injuries,Collision between vehicle and pedestrian,Pedestrian crossing accident,Daylight,Dry
1330,51302,4,Stadion Wilmersdorf,2019,12,21,6,3,3,6,2,0,1,0,0,1,0,1,Charlottenburg - Wilmersdorf,Accident with minor injuries,Collision with a vehicle traveling laterally in the same direction,Collision involving vehicles going in the same way,Dark,Wet/moist/slippery
1331,51303,8,Gewerbegebiet Köllnische Heide,2019,7,13,6,3,2,6,0,0,1,0,1,0,0,1,Neukölln,Accident with minor injuries,Collision with the vehicle in front/waiting vehicle,Collision involving vehicles going in the same way,Daylight,Wet/moist/slippery
1332,51304,6,Wannsee,2019,4,17,4,3,5,7,0,0,1,0,1,0,0,0,Steglitz-Zehlendorf,Accident with minor injuries,Collision with a turning/crossing vehicle,Others,Daylight,Dry
1333,51305,7,Kaiser-Wilhelm-Platz,2019,10,22,2,3,1,5,2,1,1,0,0,0,0,0,Tempelhof-Schöneberg,Accident with minor injuries,Collision with a moving/standing/parked vehicle,Accident involving parked vehicles,Dark,Dry
1334,51306,9,Schnellerstraße,2019,8,8,3,3,5,2,0,1,0,0,0,1,0,0,Treptow-Köpenick,Accident with minor injuries,Collision with a turning/crossing vehicle,Turning accident,Daylight,Dry
1335,51307,4,Richard-Wagner-Straße,2019,7,12,6,3,0,6,0,0,1,0,1,0,0,1,Charlottenburg - Wilmersdorf,Accident with minor injuries,Others,Collision involving vehicles going in the same way,Daylight,Wet/moist/slippery
1336,51308,9,Johannisthal Ost,2019,4,16,4,3,2,6,0,0,1,0,0,0,0,0,Treptow-Köpenick,Accident with minor injuries,Collision with the vehicle in front/waiting vehicle,Collision involving vehicles going in the same way,Daylight,Dry
1337,51309,4,Flinsberger Platz,2019,10,7,1,3,2,6,0,0,1,0,0,0,0,0,Charlottenburg - Wilmersdorf,Accident with minor injuries,Collision with the vehicle in front/waiting vehicle,Collision involving vehicles going in the same way,Daylight,Dry
1338,51310,5,Jägerallee,2019,6,10,7,3,0,3,0,1,1,0,0,0,0,0,Spandau,Accident with minor injuries,Others,Turning/Crossing accident,Daylight,Dry
1339,51311,7,Grazer Platz,2019,8,19,3,2,0,6,0,0,1,0,1,0,0,0,Tempelhof-Schöneberg,Accident with serious injuries,Others,Collision involving vehicles going in the same way,Daylight,Dry
1340,51313,3,Arnimplatz,2019,5,9,2,3,5,2,0,1,1,0,0,0,0,0,Pankow,Accident with minor injuries,Collision with a turning/crossing vehicle,Turning accident,Daylight,Dry
1341,51314,1,Heidestraße,2019,4,16,4,3,2,6,0,0,1,0,0,0,0,0,Mitte,Accident with minor injuries,Collision with the vehicle in front/waiting vehicle,Collision involving vehicles going in the same way,Daylight,Dry
1342,51315,1,Karl-Marx-Allee,2019,11,9,4,3,5,3,0,1,1,0,0,0,0,0,Mitte,Accident with minor injuries,Collision with a turning/crossing vehicle,Turning/Crossing accident,Daylight,Dry
1343,51316,2,Samariterviertel,2019,5,13,1,3,5,3,0,0,1,0,1,0,0,0,Friedrichshain - Kreuzberg,Accident with minor injuries,Collision with a turning/crossing vehicle,Turning/Crossing accident,Daylight,Dry
1344,51317,11,Rosenfelder Ring,2019,12,8,2,3,2,6,1,0,1,0,0,0,1,0,Lichtenberg,Accident with minor injuries,Collision with the vehicle in front/waiting vehicle,Collision involving vehicles going in the same way,Twilight,Dry
1345,51318,1,Alexanderplatzviertel,2019,7,16,6,3,1,5,0,1,1,0,0,0,0,0,Mitte,Accident with minor injuries,Collision with a moving/standing/parked vehicle,Accident involving parked vehicles,Daylight,Dry
1346,51319,3,Winsstraße,2019,4,8,4,3,5,2,0,1,1,0,0,0,0,0,Pankow,Accident with minor injuries,Collision with a turning/crossing vehicle,Turning accident,Daylight,Dry
1347,51320,4,Bismarckallee,2019,10,19,3,3,9,1,2,0,1,0,0,0,0,0,Charlottenburg - Wilmersdorf,Accident with minor injuries,Departure from the roadway to the left,Driving accident,Dark,Dry
1348,51321,1,Alexanderplatzviertel,2019,8,12,3,3,2,2,0,1,0,0,0,1,0,0,Mitte,Accident with minor injuries,Collision with the vehicle in front/waiting vehicle,Turning accident,Daylight,Dry
1349,51323,1,Unter den Linden Nord,2019,7,9,6,3,0,7,0,0,1,0,1,0,0,1,Mitte,Accident with minor injuries,Others,Others,Daylight,Wet/moist/slippery
1350,51324,3,Niederschönhausen,2019,4,8,4,3,5,3,0,0,1,0,0,0,0,0,Pankow,Accident with minor injuries,Collision with a turning/crossing vehicle,Turning/Crossing accident,Daylight,Dry
1351,51325,4,Schlangenbader Straße,2019,9,16,7,3,0,6,0,0,0,0,1,1,0,1,Charlottenburg - Wilmersdorf,Accident with minor injuries,Others,Collision involving vehicles going in the same way,Daylight,Wet/moist/slippery
1352,51326,2,Samariterviertel,2019,6,16,3,3,2,6,0,1,1,0,0,0,0,0,Friedrichshain - Kreuzberg,Accident with minor injuries,Collision with the vehicle in front/waiting vehicle,Collision involving vehicles going in the same way,Daylight,Dry
1353,51327,9,Schnellerstraße,2019,8,15,2,3,3,6,0,0,1,0,0,0,0,0,Treptow-Köpenick,Accident with minor injuries,Collision with a vehicle traveling laterally in the same direction,Collision involving vehicles going in the same way,Daylight,Dry
1354,51328,3,Schönholz,2019,12,16,6,3,5,3,2,0,1,0,0,0,1,1,Pankow,Accident with minor injuries,Collision with a turning/crossing vehicle,Turning/Crossing accident,Dark,Wet/moist/slippery
1355,51329,4,Richard-Wagner-Straße,2019,5,11,1,2,1,5,0,1,1,0,0,0,0,0,Charlottenburg - Wilmersdorf,Accident with serious injuries,Collision with a moving/standing/parked vehicle,Accident involving parked vehicles,Daylight,Dry
1356,51330,3,Rennbahnstraße,2019,7,8,6,3,2,6,0,0,1,0,0,0,0,1,Pankow,Accident with minor injuries,Collision with the vehicle in front/waiting vehicle,Collision involving vehicles going in the same way,Daylight,Wet/moist/slippery
1357,51331,6,Wannsee,2019,4,17,3,2,5,7,0,0,1,0,1,0,0,0,Steglitz-Zehlendorf,Accident with serious injuries,Collision with a turning/crossing vehicle,Others,Daylight,Dry
1358,51332,10,Mahlsdorf Süd,2019,11,8,5,3,2,6,0,0,1,0,0,0,0,1,Marzahn-Hellersdorf,Accident with minor injuries,Collision with the vehicle in front/waiting vehicle,Collision involving vehicles going in the same way,Daylight,Wet/moist/slippery
1359,51333,5,Börnicker Straße,2019,11,7,2,3,2,6,0,0,1,0,0,0,0,1,Spandau,Accident with minor injuries,Collision with the vehicle in front/waiting vehicle,Collision involving vehicles going in the same way,Daylight,Wet/moist/slippery
1360,51334,4,Reichsstraße,2019,7,7,6,3,5,2,0,1,0,0,0,0,1,1,Charlottenburg - Wilmersdorf,Accident with minor injuries,Collision with a turning/crossing vehicle,Turning accident,Daylight,Wet/moist/slippery
1361,51335,4,Jungfernheide,2019,4,20,3,3,2,6,2,0,1,0,0,0,0,0,Charlottenburg - Wilmersdorf,Accident with minor injuries,Collision with the vehicle in front/waiting vehicle,Collision involving vehicles going in the same way,Dark,Dry
1362,51336,1,Alexanderplatzviertel,2019,10,12,4,3,5,5,0,0,1,0,0,0,0,1,Mitte,Accident with minor injuries,Collision with a turning/crossing vehicle,Accident involving parked vehicles,Daylight,Wet/moist/slippery
1363,51337,1,Wilhelmstraße,2019,8,15,2,3,2,6,0,1,0,0,0,0,0,0,Mitte,Accident with minor injuries,Collision with the vehicle in front/waiting vehicle,Collision involving vehicles going in the same way,Daylight,Dry
1364,51339,7,Rathausstraße,2019,5,5,1,2,1,5,0,0,1,0,0,0,0,0,Tempelhof-Schöneberg,Accident with serious injuries,Collision with a moving/standing/parked vehicle,Accident involving parked vehicles,Daylight,Dry
1365,51340,2,Hausburgviertel,2019,7,7,6,3,5,2,0,1,1,0,0,0,0,1,Friedrichshain - Kreuzberg,Accident with minor injuries,Collision with a turning/crossing vehicle,Turning accident,Daylight,Wet/moist/slippery
1366,51341,10,Alt-Biesdorf,2019,4,12,3,3,2,6,0,0,1,0,0,1,0,0,Marzahn-Hellersdorf,Accident with minor injuries,Collision with the vehicle in front/waiting vehicle,Collision involving vehicles going in the same way,Daylight,Dry
1367,51342,2,Traveplatz,2019,6,1,5,3,5,2,2,1,1,0,0,0,0,1,Friedrichshain - Kreuzberg,Accident with minor injuries,Collision with a turning/crossing vehicle,Turning accident,Dark,Wet/moist/slippery
1368,51343,1,Humboldthain Nordwest,2019,8,11,2,3,5,3,0,1,0,0,0,0,1,0,Mitte,Accident with minor injuries,Collision with a turning/crossing vehicle,Turning/Crossing accident,Daylight,Dry
1369,51344,1,Reinickendorfer Straße,2019,12,5,5,3,6,2,2,0,1,1,0,0,0,1,Mitte,Accident with minor injuries,Collision between vehicle and pedestrian,Turning accident,Dark,Wet/moist/slippery
1370,51345,3,Anton-Saefkow-Park,2019,5,11,7,3,5,2,0,1,1,0,0,0,0,0,Pankow,Accident with minor injuries,Collision with a turning/crossing vehicle,Turning accident,Daylight,Dry
1371,51346,7,Horstwalder Straße/Paplitzer Straße,2019,7,7,6,3,5,3,0,1,1,0,0,0,0,1,Tempelhof-Schöneberg,Accident with minor injuries,Collision with a turning/crossing vehicle,Turning/Crossing accident,Daylight,Wet/moist/slippery
1372,51347,12,Teichstraße,2019,11,5,6,3,4,6,2,1,0,0,0,0,0,1,Reinickendorf,Accident with minor injuries,Collision with oncoming vehicle,Collision involving vehicles going in the same way,Dark,Wet/moist/slippery
1373,51348,1,Alexanderplatzviertel,2019,7,8,5,3,2,6,0,0,1,0,1,0,0,0,Mitte,Accident with minor injuries,Collision with the vehicle in front/waiting vehicle,Collision involving vehicles going in the same way,Daylight,Dry
1374,51349,9,Schnellerstraße,2019,9,9,5,3,5,3,0,0,1,0,0,0,1,0,Treptow-Köpenick,Accident with minor injuries,Collision with a turning/crossing vehicle,Turning/Crossing accident,Daylight,Dry
1375,51350,7,Fritz-Werner-Straße,2019,4,13,3,2,6,6,0,1,0,1,0,0,0,0,Tempelhof-Schöneberg,Accident with serious injuries,Collision between vehicle and pedestrian,Collision involving vehicles going in the same way,Daylight,Dry
1376,51351,2,Wriezener Bahnhof/Entwicklungsgebiet,2019,10,16,5,3,2,7,0,0,1,0,0,0,0,1,Friedrichshain - Kreuzberg,Accident with minor injuries,Collision with the vehicle in front/waiting vehicle,Others,Daylight,Wet/moist/slippery
1377,51352,3,Pankow Zentrum,2019,8,14,1,3,2,6,0,0,1,0,0,0,0,0,Pankow,Accident with minor injuries,Collision with the vehicle in front/waiting vehicle,Collision involving vehicles going in the same way,Daylight,Dry
1378,51354,11,Rüdigerstraße,2019,5,8,7,3,2,6,0,0,1,0,0,0,1,0,Lichtenberg,Accident with minor injuries,Collision with the vehicle in front/waiting vehicle,Collision involving vehicles going in the same way,Daylight,Dry
1379,51355,1,Leopoldplatz,2019,7,15,5,3,1,5,0,0,1,0,1,0,0,0,Mitte,Accident with minor injuries,Collision with a moving/standing/parked vehicle,Accident involving parked vehicles,Daylight,Dry
1380,51356,9,Am Treptower Park Nord,2019,4,13,3,3,6,4,0,0,1,1,0,0,0,0,Treptow-Köpenick,Accident with minor injuries,Collision between vehicle and pedestrian,Pedestrian crossing accident,Daylight,Dry
1381,51357,3,Lietzengraben,2019,11,17,1,3,2,6,2,0,1,0,0,0,0,1,Pankow,Accident with minor injuries,Collision with the vehicle in front/waiting vehicle,Collision involving vehicles going in the same way,Dark,Wet/moist/slippery
1382,51358,2,Samariterviertel,2019,6,8,7,3,6,4,0,0,1,1,0,0,0,0,Friedrichshain - Kreuzberg,Accident with minor injuries,Collision between vehicle and pedestrian,Pedestrian crossing accident,Daylight,Dry
1383,51359,7,Rathaus Tempelhof,2019,12,18,5,3,3,6,2,0,1,0,0,0,0,0,Tempelhof-Schöneberg,Accident with minor injuries,Collision with a vehicle traveling laterally in the same direction,Collision involving vehicles going in the same way,Dark,Dry
1384,51360,4,Messegelände,2019,7,12,5,2,0,1,0,0,0,0,1,0,0,0,Charlottenburg - Wilmersdorf,Accident with serious injuries,Others,Driving accident,Daylight,Dry
1385,51361,4,Stadion Wilmersdorf,2019,4,14,3,3,2,6,0,0,1,0,0,0,0,0,Charlottenburg - Wilmersdorf,Accident with minor injuries,Collision with the vehicle in front/waiting vehicle,Collision involving vehicles going in the same way,Daylight,Dry
1386,51362,4,Reichsstraße,2019,10,14,7,2,0,7,0,0,1,0,0,0,1,0,Charlottenburg - Wilmersdorf,Accident with serious injuries,Others,Others,Daylight,Dry
1387,51363,3,Lietzengraben,2019,8,13,1,3,2,6,0,0,1,0,0,0,0,0,Pankow,Accident with minor injuries,Collision with the vehicle in front/waiting vehicle,Collision involving vehicles going in the same way,Daylight,Dry
1388,51364,12,Ziekowstraße/Freie Scholle,2019,7,17,4,3,8,7,0,0,1,0,0,0,0,0,Reinickendorf,Accident with minor injuries,Departure from the roadway to the right,Others,Daylight,Dry
1389,51365,4,Rathaus Wilmersdorf,2019,4,15,3,3,2,6,0,0,1,0,0,0,0,0,Charlottenburg - Wilmersdorf,Accident with minor injuries,Collision with the vehicle in front/waiting vehicle,Collision involving vehicles going in the same way,Daylight,Dry
1390,51366,1,Alexanderplatzviertel,2019,10,6,4,3,2,7,2,0,1,0,0,0,0,1,Mitte,Accident with minor injuries,Collision with the vehicle in front/waiting vehicle,Others,Dark,Wet/moist/slippery
1391,51367,5,Graetschelsteig,2019,6,9,6,3,0,2,0,1,1,0,0,0,0,0,Spandau,Accident with minor injuries,Others,Turning accident,Daylight,Dry
1392,51368,7,Grazer Platz,2019,8,18,1,2,8,1,0,0,1,0,0,0,0,0,Tempelhof-Schöneberg,Accident with serious injuries,Departure from the roadway to the right,Driving accident,Daylight,Dry
1393,51369,4,Flinsberger Platz,2019,12,19,7,3,9,1,2,0,1,0,0,0,0,0,Charlottenburg - Wilmersdorf,Accident with minor injuries,Departure from the roadway to the left,Driving accident,Dark,Dry
1394,51370,4,Flinsberger Platz,2019,5,19,7,3,2,6,0,0,1,0,0,0,0,0,Charlottenburg - Wilmersdorf,Accident with minor injuries,Collision with the vehicle in front/waiting vehicle,Collision involving vehicles going in the same way,Daylight,Dry
1395,51371,8,Buschkrugallee Nord,2019,4,15,3,3,2,6,0,0,1,0,0,0,0,0,Neukölln,Accident with minor injuries,Collision with the vehicle in front/waiting vehicle,Collision involving vehicles going in the same way,Daylight,Dry
1396,51372,4,Park Ruhwald,2019,11,12,2,3,2,6,0,0,1,0,0,0,0,0,Charlottenburg - Wilmersdorf,Accident with minor injuries,Collision with the vehicle in front/waiting vehicle,Collision involving vehicles going in the same way,Daylight,Dry
1397,51373,12,Waldidyll/Flughafensee,2019,5,12,7,3,2,6,0,0,1,0,0,0,0,0,Reinickendorf,Accident with minor injuries,Collision with the vehicle in front/waiting vehicle,Collision involving vehicles going in the same way,Daylight,Dry
1398,51374,9,Baumschulenstraße,2019,11,18,7,2,6,4,2,0,1,1,0,0,0,0,Treptow-Köpenick,Accident with serious injuries,Collision between vehicle and pedestrian,Pedestrian crossing accident,Dark,Dry
1399,51375,4,Stadion Wilmersdorf,2019,7,14,4,3,2,6,0,0,1,0,0,0,0,0,Charlottenburg - Wilmersdorf,Accident with minor injuries,Collision with the vehicle in front/waiting vehicle,Collision involving vehicles going in the same way,Daylight,Dry
1400,51376,7,Marienfelde Süd,2019,4,7,3,3,6,7,0,0,1,1,0,0,0,0,Tempelhof-Schöneberg,Accident with minor injuries,Collision between vehicle and pedestrian,Others,Daylight,Dry
1401,51377,4,Hildegardstraße,2019,7,17,4,3,2,6,0,0,1,0,0,0,0,0,Charlottenburg - Wilmersdorf,Accident with minor injuries,Collision with the vehicle in front/waiting vehicle,Collision involving vehicles going in the same way,Daylight,Dry
1402,51378,9,Elsenstraße,2019,4,7,3,3,6,4,0,0,0,1,1,0,0,0,Treptow-Köpenick,Accident with minor injuries,Collision between vehicle and pedestrian,Pedestrian crossing accident,Daylight,Dry
1403,51379,12,Breitkopfbecken,2019,11,20,2,3,5,2,2,0,1,0,0,0,0,1,Reinickendorf,Accident with minor injuries,Collision with a turning/crossing vehicle,Turning accident,Dark,Wet/moist/slippery
1404,51380,7,Grazer Platz,2019,6,11,2,2,0,1,0,0,0,0,1,0,0,0,Tempelhof-Schöneberg,Accident with serious injuries,Others,Driving accident,Daylight,Dry