,object id,district,street,year,month,hour of day,weekday,category,accident type,accident type 2,light situation,bike involved,car involved,pedestrian involved,motor bike involved,big track involved,other vehicle involved,road condition,district name,category name,accident detail,accident type detail,light condition,road condition detail
1405,51381,4,Paul-Hertz-Siedlung,2019,8,16,7,3,2,6,0,0,1,0,0,0,0,0,Charlottenburg - Wilmersdorf,Accident with minor injuries,Collision with the vehicle in front/waiting vehicle,Collision involving vehicles going in the same way,Daylight,Dry
1406,51382,12,Jungfernheide,2019,12,14,6,3,2,6,0,0,1,0,0,0,0,1,Reinickendorf,Accident with minor injuries,Collision with the vehicle in front/waiting vehicle,Collision involving vehicles going in the same way,Daylight,Wet/moist/slippery
1407,51383,3,Niederschönhausen,2019,7,6,4,3,5,2,0,1,0,0,0,0,1,0,Pankow,Accident with minor injuries,Collision with a turning/crossing vehicle,Turning accident,Daylight,Dry
1408,51384,3,Anton-Saefkow-Park,2019,4,7,2,3,0,2,0,1,1,0,0,0,1,1,Pankow,Accident with minor injuries,Others,Turning accident,Daylight,Wet/moist/slippery
1409,51385,11,Rüdigerstraße,2019,10,7,2,3,0,2,0,1,1,0,0,0,0,0,Lichtenberg,Accident with minor injuries,Others,Turning accident,Daylight,Dry
1410,51386,10,Alt-Biesdorf,2019,8,14,7,3,2,6,0,0,1,0,0,0,0,0,Marzahn-Hellersdorf,Accident with minor injuries,Collision with the vehicle in front/waiting vehicle,Collision involving vehicles going in the same way,Daylight,Dry
1411,51387,1,Großer Tiergarten,2019,7,6,4,3,3,6,0,0,1,0,0,1,0,0,Mitte,Accident with minor injuries,Collision with a vehicle traveling laterally in the same direction,Collision involving vehicles going in the same way,Daylight,Dry
1412,51388,8,Buschkrugallee Nord,2019,4,6,2,3,5,3,2,0,1,0,0,1,0,0,Neukölln,Accident with minor injuries,Collision with a turning/crossing vehicle,Turning/Crossing accident,Dark,Dry
1413,51389,4,Bismarckallee,2019,10,23,6,2,8,1,2,0,1,0,0,0,0,1,Charlottenburg - Wilmersdorf,Accident with serious injuries,Departure from the roadway to the right,Driving accident,Dark,Wet/moist/slippery
1414,51390,1,Alexanderplatzviertel,2019,6,16,6,3,5,3,0,1,0,0,0,0,1,0,Mitte,Accident with minor injuries,Collision with a turning/crossing vehicle,Turning/Crossing accident,Daylight,Dry
1415,51391,12,Schäfersee,2019,8,13,7,3,5,2,0,1,1,0,0,0,0,0,Reinickendorf,Accident with minor injuries,Collision with a turning/crossing vehicle,Turning accident,Daylight,Dry
1416,51393,7,Fritz-Werner-Straße,2019,5,12,7,3,4,6,0,1,0,0,0,0,0,0,Tempelhof-Schöneberg,Accident with minor injuries,Collision with oncoming vehicle,Collision involving vehicles going in the same way,Daylight,Dry
1417,51394,3,Anton-Saefkow-Park,2019,4,5,2,3,5,3,2,0,1,0,0,0,0,0,Pankow,Accident with minor injuries,Collision with a turning/crossing vehicle,Turning/Crossing accident,Dark,Dry
1418,51395,3,Helmholtzplatz,2019,11,15,3,3,6,2,0,0,1,1,0,0,0,0,Pankow,Accident with minor injuries,Collision between vehicle and pedestrian,Turning accident,Daylight,Dry
1419,51396,10,Mahlsdorf Süd,2019,5,14,7,3,2,6,0,0,1,0,0,0,0,0,Marzahn-Hellersdorf,Accident with minor injuries,Collision with the vehicle in front/waiting vehicle,Collision involving vehicles going in the same way,Daylight,Dry
1420,51397,12,Klixstraße,2019,11,12,7,3,5,3,0,0,1,0,0,0,0,0,Reinickendorf,Accident with minor injuries,Collision with a turning/crossing vehicle,Turning/Crossing accident,Daylight,Dry
1421,51398,6,Nikolassee,2019,7,10,3,3,1,5,0,0,1,0,0,0,0,0,Steglitz-Zehlendorf,Accident with minor injuries,Collision with a moving/standing/parked vehicle,Accident involving parked vehicles,Daylight,Dry
1422,51399,4,Park Ruhwald,2019,4,16,2,3,2,6,0,0,1,0,0,1,0,0,Charlottenburg - Wilmersdorf,Accident with minor injuries,Collision with the vehicle in front/waiting vehicle,Collision involving vehicles going in the same way,Daylight,Dry
1423,51400,6,Wannsee,2019,10,16,3,2,5,2,0,1,1,0,0,0,0,0,Steglitz-Zehlendorf,Accident with serious injuries,Collision with a turning/crossing vehicle,Turning accident,Daylight,Dry
1424,51401,3,Komponistenviertel Weißensee,2019,8,11,7,3,1,5,0,0,1,0,0,0,0,0,Pankow,Accident with minor injuries,Collision with a moving/standing/parked vehicle,Accident involving parked vehicles,Daylight,Dry
1425,51403,1,Nördlicher Landwehrkanal,2019,7,17,3,3,2,6,0,0,1,0,0,0,0,0,Mitte,Accident with minor injuries,Collision with the vehicle in front/waiting vehicle,Collision involving vehicles going in the same way,Daylight,Dry
1426,51404,9,Elsenstraße,2019,4,14,2,3,2,6,0,0,1,0,0,0,0,0,Treptow-Köpenick,Accident with minor injuries,Collision with the vehicle in front/waiting vehicle,Collision involving vehicles going in the same way,Daylight,Dry
1427,51405,1,Reinickendorfer Straße,2019,9,0,7,3,5,3,2,0,1,0,0,0,0,0,Mitte,Accident with minor injuries,Collision with a turning/crossing vehicle,Turning/Crossing accident,Dark,Dry
1428,51406,4,Flinsberger Platz,2019,6,20,2,3,2,6,0,0,1,0,0,0,1,0,Charlottenburg - Wilmersdorf,Accident with minor injuries,Collision with the vehicle in front/waiting vehicle,Collision involving vehicles going in the same way,Daylight,Dry
1429,51407,10,Mahlsdorf Süd,2019,8,7,7,3,2,6,0,0,1,0,0,0,0,0,Marzahn-Hellersdorf,Accident with minor injuries,Collision with the vehicle in front/waiting vehicle,Collision involving vehicles going in the same way,Daylight,Dry
1430,51408,4,Jungfernheide,2019,12,13,4,3,2,6,0,0,1,0,0,0,0,0,Charlottenburg - Wilmersdorf,Accident with minor injuries,Collision with the vehicle in front/waiting vehicle,Collision involving vehicles going in the same way,Daylight,Dry
1431,51409,4,Flinsberger Platz,2019,5,14,7,2,2,6,0,0,1,0,0,0,0,0,Charlottenburg - Wilmersdorf,Accident with serious injuries,Collision with the vehicle in front/waiting vehicle,Collision involving vehicles going in the same way,Daylight,Dry
1432,51410,4,Park Ruhwald,2019,7,9,3,3,2,6,0,0,1,0,0,0,1,0,Charlottenburg - Wilmersdorf,Accident with minor injuries,Collision with the vehicle in front/waiting vehicle,Collision involving vehicles going in the same way,Daylight,Dry
1433,51411,7,Kettinger Straße/Schillerstraße,2019,4,13,2,3,1,1,0,0,1,0,0,0,0,0,Tempelhof-Schöneberg,Accident with minor injuries,Collision with a moving/standing/parked vehicle,Driving accident,Daylight,Dry
1434,51412,4,Flinsberger Platz,2019,11,20,4,3,5,3,2,0,1,0,0,0,0,1,Charlottenburg - Wilmersdorf,Accident with minor injuries,Collision with a turning/crossing vehicle,Turning/Crossing accident,Dark,Wet/moist/slippery
1435,51413,2,Askanischer Platz,2019,11,18,7,3,5,3,2,0,1,0,0,0,0,0,Friedrichshain - Kreuzberg,Accident with minor injuries,Collision with a turning/crossing vehicle,Turning/Crossing accident,Dark,Dry
1436,51414,2,Gleisdreieck/Entwicklungsgebiet,2019,7,22,3,3,5,3,2,1,1,0,0,0,0,0,Friedrichshain - Kreuzberg,Accident with minor injuries,Collision with a turning/crossing vehicle,Turning/Crossing accident,Dark,Dry
1437,51415,9,Elsenstraße,2019,4,10,2,3,5,2,0,1,1,0,0,0,0,0,Treptow-Köpenick,Accident with minor injuries,Collision with a turning/crossing vehicle,Turning accident,Daylight,Dry
1438,51416,4,Schloßstraße,2019,10,10,3,3,3,6,0,0,1,0,0,0,1,0,Charlottenburg - Wilmersdorf,Accident with minor injuries,Collision with a vehicle traveling laterally in the same direction,Collision involving vehicles going in the same way,Daylight,Dry
1439,51417,4,Park Ruhwald,2019,8,12,6,2,2,6,0,0,1,0,0,0,0,0,Charlottenburg - Wilmersdorf,Accident with serious injuries,Collision with the vehicle in front/waiting vehicle,Collision involving vehicles going in the same way,Daylight,Dry
1440,51419,7,Rathausstraße,2019,5,16,7,3,2,2,0,0,1,0,1,0,0,0,Tempelhof-Schöneberg,Accident with minor injuries,Collision with the vehicle in front/waiting vehicle,Turning accident,Daylight,Dry
1441,51420,7,Fritz-Werner-Straße,2019,7,19,3,3,5,3,0,0,0,0,1,0,1,0,Tempelhof-Schöneberg,Accident with minor injuries,Collision with a turning/crossing vehicle,Turning/Crossing accident,Daylight,Dry
1442,51421,3,Bötzowstraße,2019,4,9,2,3,3,6,0,1,1,0,0,0,0,0,Pankow,Accident with minor injuries,Collision with a vehicle traveling laterally in the same direction,Collision involving vehicles going in the same way,Daylight,Dry
1443,51422,4,Jungfernheide,2019,11,11,6,3,2,6,0,0,1,0,0,0,0,0,Charlottenburg - Wilmersdorf,Accident with minor injuries,Collision with the vehicle in front/waiting vehicle,Collision involving vehicles going in the same way,Daylight,Dry
1444,51423,2,Boxhagener Platz,2019,6,7,5,3,3,6,0,0,1,0,1,0,0,1,Friedrichshain - Kreuzberg,Accident with minor injuries,Collision with a vehicle traveling laterally in the same direction,Collision involving vehicles going in the same way,Daylight,Wet/moist/slippery
1445,51424,7,Manteuffelstraße,2019,8,18,6,3,1,5,0,1,1,0,0,0,0,0,Tempelhof-Schöneberg,Accident with minor injuries,Collision with a moving/standing/parked vehicle,Accident involving parked vehicles,Daylight,Dry
1446,51425,11,Rüdigerstraße,2019,12,8,3,3,5,2,0,1,1,0,0,0,0,1,Lichtenberg,Accident with minor injuries,Collision with a turning/crossing vehicle,Turning accident,Daylight,Wet/moist/slippery
1447,51426,3,Helmholtzplatz,2019,5,23,6,2,6,4,2,0,1,1,0,0,0,0,Pankow,Accident with serious injuries,Collision between vehicle and pedestrian,Pedestrian crossing accident,Dark,Dry
1448,51427,2,Rathaus Yorckstraße,2019,7,19,2,3,2,6,0,0,1,0,0,0,0,0,Friedrichshain - Kreuzberg,Accident with minor injuries,Collision with the vehicle in front/waiting vehicle,Collision involving vehicles going in the same way,Daylight,Dry
1449,51428,6,Wannsee,2019,10,14,5,3,5,5,0,0,1,0,0,0,0,0,Steglitz-Zehlendorf,Accident with minor injuries,Collision with a turning/crossing vehicle,Accident involving parked vehicles,Daylight,Dry
1450,51429,6,Botanischer Garten,2019,7,22,2,3,0,1,2,1,0,0,0,0,0,0,Steglitz-Zehlendorf,Accident with minor injuries,Others,Driving accident,Dark,Dry
1451,51430,7,Kaiser-Wilhelm-Platz,2019,9,20,5,3,2,6,2,0,1,0,1,0,0,0,Tempelhof-Schöneberg,Accident with minor injuries,Collision with the vehicle in front/waiting vehicle,Collision involving vehicles going in the same way,Dark,Dry
1452,51431,4,Schloßstraße,2019,4,9,2,3,5,3,0,0,1,0,1,0,0,0,Charlottenburg - Wilmersdorf,Accident with minor injuries,Collision with a turning/crossing vehicle,Turning/Crossing accident,Daylight,Dry
1453,51432,1,Leipziger Straße,2019,10,22,4,3,2,6,2,0,1,0,0,0,0,0,Mitte,Accident with minor injuries,Collision with the vehicle in front/waiting vehicle,Collision involving vehicles going in the same way,Dark,Dry
1454,51433,7,Neu-Tempelhof,2019,8,18,6,3,0,7,0,1,0,0,0,0,0,0,Tempelhof-Schöneberg,Accident with minor injuries,Others,Others,Daylight,Dry
1455,51435,2,Stralauer Kiez,2019,5,23,6,3,2,6,2,0,1,0,0,0,0,0,Friedrichshain - Kreuzberg,Accident with minor injuries,Collision with the vehicle in front/waiting vehicle,Collision involving vehicles going in the same way,Dark,Dry
1456,51436,7,Volkspark (Rudolf-Wilde-Park),2019,7,14,2,2,0,1,0,0,0,0,1,0,0,1,Tempelhof-Schöneberg,Accident with serious injuries,Others,Driving accident,Daylight,Wet/moist/slippery
1457,51437,1,Humboldthain Nordwest,2019,4,8,2,3,5,3,0,1,1,0,0,0,0,0,Mitte,Accident with minor injuries,Collision with a turning/crossing vehicle,Turning/Crossing accident,Daylight,Dry
1458,51438,7,Marienfelde Süd,2019,11,16,7,3,0,3,1,1,1,0,0,0,0,0,Tempelhof-Schöneberg,Accident with minor injuries,Others,Turning/Crossing accident,Twilight,Dry
1459,51439,4,Richard-Wagner-Straße,2019,6,19,7,3,2,6,0,0,1,0,0,0,0,0,Charlottenburg - Wilmersdorf,Accident with minor injuries,Collision with the vehicle in front/waiting vehicle,Collision involving vehicles going in the same way,Daylight,Dry
1460,51440,1,Heidestraße,2019,12,11,4,3,5,3,0,0,1,0,0,0,0,0,Mitte,Accident with minor injuries,Collision with a turning/crossing vehicle,Turning/Crossing accident,Daylight,Dry
1461,51441,2,Rathaus Yorckstraße,2019,7,19,1,3,0,2,0,1,1,0,0,0,0,0,Friedrichshain - Kreuzberg,Accident with minor injuries,Others,Turning accident,Daylight,Dry
1462,51442,3,Niederschönhausen,2019,4,7,2,2,0,7,0,0,1,0,0,0,0,0,Pankow,Accident with serious injuries,Others,Others,Daylight,Dry
1463,51443,7,Lindenhofsiedlung,2019,10,19,6,3,2,6,2,0,1,0,1,0,0,0,Tempelhof-Schöneberg,Accident with minor injuries,Collision with the vehicle in front/waiting vehicle,Collision involving vehicles going in the same way,Dark,Dry
1464,51444,9,Schnellerstraße,2019,8,17,6,2,5,3,0,1,1,0,0,0,0,0,Treptow-Köpenick,Accident with serious injuries,Collision with a turning/crossing vehicle,Turning/Crossing accident,Daylight,Dry
1465,51445,7,Dennewitzplatz,2019,7,23,1,3,0,6,2,0,1,0,0,0,1,0,Tempelhof-Schöneberg,Accident with minor injuries,Others,Collision involving vehicles going in the same way,Dark,Dry
1466,51446,2,Samariterviertel,2019,3,16,1,3,5,3,0,1,0,0,1,0,0,0,Friedrichshain - Kreuzberg,Accident with minor injuries,Collision with a turning/crossing vehicle,Turning/Crossing accident,Daylight,Dry
1467,51447,1,Alexanderplatzviertel,2019,10,8,4,2,5,2,0,0,1,0,0,0,0,1,Mitte,Accident with serious injuries,Collision with a turning/crossing vehicle,Turning accident,Daylight,Wet/moist/slippery
1468,51448,7,Manteuffelstraße,2019,6,19,5,3,2,6,0,0,1,0,0,0,0,0,Tempelhof-Schöneberg,Accident with minor injuries,Collision with the vehicle in front/waiting vehicle,Collision involving vehicles going in the same way,Daylight,Dry
1469,51449,2,Viktoriapark,2019,8,23,6,3,1,5,2,1,1,0,0,0,1,0,Friedrichshain - Kreuzberg,Accident with minor injuries,Collision with a moving/standing/parked vehicle,Accident involving parked vehicles,Dark,Dry
1470,51450,2,Hausburgviertel,2019,12,19,6,3,6,4,1,0,1,1,0,0,0,1,Friedrichshain - Kreuzberg,Accident with minor injuries,Collision between vehicle and pedestrian,Pedestrian crossing accident,Twilight,Wet/moist/slippery
1471,51451,1,Heidestraße,2019,5,17,6,3,2,6,0,0,1,0,0,0,0,0,Mitte,Accident with minor injuries,Collision with the vehicle in front/waiting vehicle,Collision involving vehicles going in the same way,Daylight,Dry
1472,51452,12,Hermsdorf,2019,3,19,1,3,0,1,1,0,0,0,1,0,0,0,Reinickendorf,Accident with minor injuries,Others,Driving accident,Twilight,Dry
1473,51453,2,Samariterviertel,2019,11,6,1,3,9,1,2,0,1,0,0,0,0,0,Friedrichshain - Kreuzberg,Accident with minor injuries,Departure from the roadway to the left,Driving accident,Dark,Dry
1474,51454,3,Niederschönhausen,2019,5,10,6,3,3,1,0,1,1,0,0,0,0,0,Pankow,Accident with minor injuries,Collision with a vehicle traveling laterally in the same direction,Driving accident,Daylight,Dry
1475,51455,3,Komponistenviertel Weißensee,2019,11,18,5,3,6,2,2,0,1,1,0,0,0,1,Pankow,Accident with minor injuries,Collision between vehicle and pedestrian,Turning accident,Dark,Wet/moist/slippery
1476,51456,1,Reinickendorfer Straße,2019,7,6,1,3,5,2,0,0,1,0,0,0,0,0,Mitte,Accident with minor injuries,Collision with a turning/crossing vehicle,Turning accident,Daylight,Dry
1477,51457,4,Plötzensee,2019,3,16,1,2,3,6,0,0,1,0,1,0,0,0,Charlottenburg - Wilmersdorf,Accident with serious injuries,Collision with a vehicle traveling laterally in the same direction,Collision involving vehicles going in the same way,Daylight,Dry
1478,51458,1,Humboldthain Nordwest,2019,10,1,1,2,5,2,2,0,1,0,0,0,0,0,Mitte,Accident with serious injuries,Collision with a turning/crossing vehicle,Turning accident,Dark,Dry
1479,51459,7,Manteuffelstraße,2019,8,16,6,3,2,6,0,0,1,0,0,0,0,0,Tempelhof-Schöneberg,Accident with minor injuries,Collision with the vehicle in front/waiting vehicle,Collision involving vehicles going in the same way,Daylight,Dry
1480,51461,4,Messegelände,2019,5,16,6,3,3,6,0,0,1,0,0,0,0,0,Charlottenburg - Wilmersdorf,Accident with minor injuries,Collision with a vehicle traveling laterally in the same direction,Collision involving vehicles going in the same way,Daylight,Dry
1481,51462,9,Schnellerstraße,2019,7,23,7,3,0,4,2,0,0,1,1,0,0,1,Treptow-Köpenick,Accident with minor injuries,Others,Pedestrian crossing accident,Dark,Wet/moist/slippery
1482,51463,1,Alexanderplatzviertel,2019,3,12,7,3,6,4,0,0,1,1,0,0,0,0,Mitte,Accident with minor injuries,Collision between vehicle and pedestrian,Pedestrian crossing accident,Daylight,Dry
1483,51464,7,Kaiser-Wilhelm-Platz,2019,6,23,7,3,1,5,2,1,1,0,0,0,0,0,Tempelhof-Schöneberg,Accident with minor injuries,Collision with a moving/standing/parked vehicle,Accident involving parked vehicles,Dark,Dry
1484,51465,3,Arnimplatz,2019,8,15,6,2,5,2,0,1,0,0,0,0,1,0,Pankow,Accident with serious injuries,Collision with a turning/crossing vehicle,Turning accident,Daylight,Dry
1485,51466,6,Nikolassee,2019,12,13,2,3,5,2,0,0,1,0,0,0,0,1,Steglitz-Zehlendorf,Accident with minor injuries,Collision with a turning/crossing vehicle,Turning accident,Daylight,Wet/moist/slippery
1486,51467,1,Alexanderplatzviertel,2019,5,9,6,3,5,2,0,1,1,0,0,0,0,0,Mitte,Accident with minor injuries,Collision with a turning/crossing vehicle,Turning accident,Daylight,Dry
1487,51468,7,Marienfelde Süd,2019,7,16,7,2,5,3,0,0,1,0,0,0,0,0,Tempelhof-Schöneberg,Accident with serious injuries,Collision with a turning/crossing vehicle,Turning/Crossing accident,Daylight,Dry
1488,51469,3,Lietzengraben,2019,3,10,6,3,2,6,0,0,1,0,0,0,0,0,Pankow,Accident with minor injuries,Collision with the vehicle in front/waiting vehicle,Collision involving vehicles going in the same way,Daylight,Dry
1489,51470,9,Johannisthal Ost,2019,11,17,2,3,2,6,2,0,1,0,0,1,0,0,Treptow-Köpenick,Accident with minor injuries,Collision with the vehicle in front/waiting vehicle,Collision involving vehicles going in the same way,Dark,Dry
1490,51471,12,Hermsdorf,2019,7,15,7,3,5,3,0,1,1,0,0,0,0,0,Reinickendorf,Accident with minor injuries,Collision with a turning/crossing vehicle,Turning/Crossing accident,Daylight,Dry
1491,51472,3,Buch,2019,3,16,6,2,2,6,0,0,1,0,0,0,0,0,Pankow,Accident with serious injuries,Collision with the vehicle in front/waiting vehicle,Collision involving vehicles going in the same way,Daylight,Dry
1492,51473,3,Helmholtzplatz,2019,10,19,1,3,5,7,2,1,0,0,0,0,1,1,Pankow,Accident with minor injuries,Collision with a turning/crossing vehicle,Others,Dark,Wet/moist/slippery
1493,51474,8,Buschkrugallee Nord,2019,8,15,6,3,2,6,0,0,1,0,0,0,0,0,Neukölln,Accident with minor injuries,Collision with the vehicle in front/waiting vehicle,Collision involving vehicles going in the same way,Daylight,Dry
1494,51476,7,Neu-Tempelhof,2019,5,12,6,3,2,7,0,0,1,0,0,0,0,0,Tempelhof-Schöneberg,Accident with minor injuries,Collision with the vehicle in front/waiting vehicle,Others,Daylight,Dry
1495,51477,7,Fritz-Werner-Straße,2019,7,13,7,3,2,2,0,0,1,0,1,0,0,0,Tempelhof-Schöneberg,Accident with minor injuries,Collision with the vehicle in front/waiting vehicle,Turning accident,Daylight,Dry
1496,51478,4,Spreestadt,2019,3,19,6,3,0,1,2,1,0,0,0,0,0,0,Charlottenburg - Wilmersdorf,Accident with minor injuries,Others,Driving accident,Dark,Dry
1497,51479,12,Hermsdorf,2019,11,13,4,2,6,2,0,0,1,1,0,0,0,0,Reinickendorf,Accident with serious injuries,Collision between vehicle and pedestrian,Turning accident,Daylight,Dry
1498,51480,3,Thälmannpark,2019,10,14,2,3,6,4,0,1,0,1,0,0,0,0,Pankow,Accident with minor injuries,Collision between vehicle and pedestrian,Pedestrian crossing accident,Daylight,Dry
1499,51481,11,Dorf Malchow,2019,8,11,6,3,5,3,0,1,1,0,0,0,0,0,Lichtenberg,Accident with minor injuries,Collision with a turning/crossing vehicle,Turning/Crossing accident,Daylight,Dry
1500,51483,7,Manteuffelstraße,2019,5,9,6,2,0,7,0,0,1,0,0,0,0,0,Tempelhof-Schöneberg,Accident with serious injuries,Others,Others,Daylight,Dry
1501,51484,7,Fritz-Werner-Straße,2019,7,12,7,3,2,3,0,0,1,0,0,0,0,0,Tempelhof-Schöneberg,Accident with minor injuries,Collision with the vehicle in front/waiting vehicle,Turning/Crossing accident,Daylight,Dry
1502,51485,9,Elsenstraße,2019,3,11,5,3,5,3,0,0,1,0,0,0,1,1,Treptow-Köpenick,Accident with minor injuries,Collision with a turning/crossing vehicle,Turning/Crossing accident,Daylight,Wet/moist/slippery
1503,51486,6,Botanischer Garten,2019,6,12,2,3,5,2,0,0,0,0,1,0,0,0,Steglitz-Zehlendorf,Accident with minor injuries,Collision with a turning/crossing vehicle,Turning accident,Daylight,Dry
1504,51487,4,Ernst-Reuter-Platz,2019,8,12,6,3,2,6,0,0,1,0,1,0,0,0,Charlottenburg - Wilmersdorf,Accident with minor injuries,Collision with the vehicle in front/waiting vehicle,Collision involving vehicles going in the same way,Daylight,Dry
1505,51488,12,Waidmannslust,2019,12,17,2,3,6,2,2,0,0,1,0,0,1,0,Reinickendorf,Accident with minor injuries,Collision between vehicle and pedestrian,Turning accident,Dark,Dry
1506,51489,7,Volkspark (Rudolf-Wilde-Park),2019,5,12,5,3,0,7,0,1,0,0,0,0,1,1,Tempelhof-Schöneberg,Accident with minor injuries,Others,Others,Daylight,Wet/moist/slippery
1507,51490,1,Reinickendorfer Straße,2019,7,9,6,2,5,2,0,1,0,0,0,1,0,0,Mitte,Accident with serious injuries,Collision with a turning/crossing vehicle,Turning accident,Daylight,Dry
1508,51491,4,Flinsberger Platz,2019,3,15,5,3,2,6,0,0,1,0,0,0,1,0,Charlottenburg - Wilmersdorf,Accident with minor injuries,Collision with the vehicle in front/waiting vehicle,Collision involving vehicles going in the same way,Daylight,Dry
1509,51492,7,Fritz-Werner-Straße,2019,11,16,3,3,0,6,1,0,1,0,0,0,1,0,Tempelhof-Schöneberg,Accident with minor injuries,Others,Collision involving vehicles going in the same way,Twilight,Dry
1510,51493,3,Anton-Saefkow-Park,2019,11,18,6,3,2,6,2,0,1,0,0,0,0,0,Pankow,Accident with minor injuries,Collision with the vehicle in front/waiting vehicle,Collision involving vehicles going in the same way,Dark,Dry
1511,51494,7,Manteuffelstraße,2019,7,21,6,3,5,2,2,0,1,0,1,0,0,0,Tempelhof-Schöneberg,Accident with minor injuries,Collision with a turning/crossing vehicle,Turning accident,Dark,Dry
1512,51495,4,Königin-Elisabeth-Straße,2019,3,19,5,3,3,6,2,0,1,0,0,0,0,1,Charlottenburg - Wilmersdorf,Accident with minor injuries,Collision with a vehicle traveling laterally in the same direction,Collision involving vehicles going in the same way,Dark,Wet/moist/slippery
1513,51496,1,Alexanderplatzviertel,2019,10,20,2,3,3,2,2,1,1,0,0,0,0,0,Mitte,Accident with minor injuries,Collision with a vehicle traveling laterally in the same direction,Turning accident,Dark,Dry
1514,51497,3,Arnimplatz,2019,8,7,6,3,3,6,0,0,1,0,1,0,0,0,Pankow,Accident with minor injuries,Collision with a vehicle traveling laterally in the same direction,Collision involving vehicles going in the same way,Daylight,Dry
1515,51499,12,Teichstraße,2019,5,10,5,3,0,3,0,1,1,0,0,0,0,1,Reinickendorf,Accident with minor injuries,Others,Turning/Crossing accident,Daylight,Wet/moist/slippery
1516,51500,2,Andreasviertel,2019,7,18,6,3,3,2,0,0,1,0,1,0,0,0,Friedrichshain - Kreuzberg,Accident with minor injuries,Collision with a vehicle traveling laterally in the same direction,Turning accident,Daylight,Dry
1517,51501,1,Humboldthain Nordwest,2019,3,8,4,3,5,2,0,1,1,0,0,0,0,0,Mitte,Accident with minor injuries,Collision with a turning/crossing vehicle,Turning accident,Daylight,Dry
1518,51502,4,Schloßstraße,2019,11,16,4,3,6,4,2,0,1,1,0,0,0,0,Charlottenburg - Wilmersdorf,Accident with minor injuries,Collision between vehicle and pedestrian,Pedestrian crossing accident,Dark,Dry
1519,51503,10,Kaulsdorf Süd,2019,6,16,4,2,2,6,0,0,0,0,1,0,1,0,Marzahn-Hellersdorf,Accident with serious injuries,Collision with the vehicle in front/waiting vehicle,Collision involving vehicles going in the same way,Daylight,Dry
1520,51504,1,Alexanderplatzviertel,2019,8,0,6,3,0,7,2,0,0,0,0,0,1,0,Mitte,Accident with minor injuries,Others,Others,Dark,Dry
1521,51505,3,Thälmannpark,2019,12,5,2,3,5,3,2,1,1,0,0,0,0,0,Pankow,Accident with minor injuries,Collision with a turning/crossing vehicle,Turning/Crossing accident,Dark,Dry
1522,51506,12,Teichstraße,2019,7,12,6,3,0,2,0,1,1,0,0,0,0,0,Reinickendorf,Accident with minor injuries,Others,Turning accident,Daylight,Dry
1523,51507,4,Königin-Elisabeth-Straße,2019,9,17,5,3,0,5,0,0,1,0,1,0,0,0,Charlottenburg - Wilmersdorf,Accident with minor injuries,Others,Accident involving parked vehicles,Daylight,Dry
1524,51508,10,Wuhletalstraße,2019,10,22,4,3,2,6,2,0,1,0,0,0,0,0,Marzahn-Hellersdorf,Accident with minor injuries,Collision with the vehicle in front/waiting vehicle,Collision involving vehicles going in the same way,Dark,Dry
1525,51509,4,Schloßstraße,2019,8,18,5,2,5,2,0,1,1,0,0,0,0,0,Charlottenburg - Wilmersdorf,Accident with serious injuries,Collision with a turning/crossing vehicle,Turning accident,Daylight,Dry
1526,51510,4,Flinsberger Platz,2019,7,10,6,3,0,7,0,0,0,0,1,0,0,1,Charlottenburg - Wilmersdorf,Accident with minor injuries,Others,Others,Daylight,Wet/moist/slippery
1527,51511,6,Zehlendorf Mitte,2019,9,19,5,3,5,2,2,1,1,0,0,0,0,0,Steglitz-Zehlendorf,Accident with minor injuries,Collision with a turning/crossing vehicle,Turning accident,Dark,Dry
1528,51512,4,Königin-Elisabeth-Straße,2019,3,15,4,3,2,6,0,0,1,0,0,0,0,0,Charlottenburg - Wilmersdorf,Accident with minor injuries,Collision with the vehicle in front/waiting vehicle,Collision involving vehicles going in the same way,Daylight,Dry
1529,51513,4,Brabanter Platz,2019,10,16,3,3,2,6,0,0,1,0,0,0,0,0,Charlottenburg - Wilmersdorf,Accident with minor injuries,Collision with the vehicle in front/waiting vehicle,Collision involving vehicles going in the same way,Daylight,Dry
1530,51514,4,Flinsberger Platz,2019,8,16,5,3,2,6,0,0,1,0,0,0,1,0,Charlottenburg - Wilmersdorf,Accident with minor injuries,Collision with the vehicle in front/waiting vehicle,Collision involving vehicles going in the same way,Daylight,Dry
1531,51516,3,Bucher Forst,2019,5,18,5,2,5,3,0,1,1,0,0,0,0,1,Pankow,Accident with serious injuries,Collision with a turning/crossing vehicle,Turning/Crossing accident,Daylight,Wet/moist/slippery
1532,51517,3,Blankenfelde,2019,7,6,6,3,6,2,0,0,0,1,0,1,0,0,Pankow,Accident with minor injuries,Collision between vehicle and pedestrian,Turning accident,Daylight,Dry
1533,51518,7,Kaiser-Wilhelm-Platz,2019,3,23,4,2,9,1,2,0,1,0,1,0,0,1,Tempelhof-Schöneberg,Accident with serious injuries,Departure from the roadway to the left,Driving accident,Dark,Wet/moist/slippery