,object id,district,street,year,month,hour of day,weekday,category,accident type,accident type 2,light situation,bike involved,car involved,pedestrian involved,motor bike involved,big track involved,other vehicle involved,road condition,district name,category name,accident detail,accident type detail,light condition,road condition detail
1534,51519,1,Schillerpark,2019,11,9,7,3,5,3,0,0,1,0,0,0,0,1,Mitte,Accident with minor injuries,Collision with a turning/crossing vehicle,Turning/Crossing accident,Daylight,Wet/moist/slippery
1535,51520,7,Kaiser-Wilhelm-Platz,2019,5,13,5,3,0,7,0,0,0,0,1,0,0,1,Tempelhof-Schöneberg,Accident with minor injuries,Others,Others,Daylight,Wet/moist/slippery
1536,51521,1,Großer Tiergarten,2019,8,16,5,3,5,7,0,0,1,0,0,0,0,0,Mitte,Accident with minor injuries,Collision with a turning/crossing vehicle,Others,Daylight,Dry
1537,51522,10,Springpfuhl,2019,12,13,4,3,2,6,0,0,1,0,0,1,1,0,Marzahn-Hellersdorf,Accident with minor injuries,Collision with the vehicle in front/waiting vehicle,Collision involving vehicles going in the same way,Daylight,Dry
1538,51523,4,Flinsberger Platz,2019,7,9,6,3,2,6,0,0,1,0,0,0,0,0,Charlottenburg - Wilmersdorf,Accident with minor injuries,Collision with the vehicle in front/waiting vehicle,Collision involving vehicles going in the same way,Daylight,Dry
1539,51524,5,Weinmeisterhornweg,2019,3,8,4,3,2,6,0,0,1,0,0,0,0,1,Spandau,Accident with minor injuries,Collision with the vehicle in front/waiting vehicle,Collision involving vehicles going in the same way,Daylight,Wet/moist/slippery
1540,51525,4,Richard-Wagner-Straße,2019,10,13,6,3,2,6,0,0,1,0,1,0,0,0,Charlottenburg - Wilmersdorf,Accident with minor injuries,Collision with the vehicle in front/waiting vehicle,Collision involving vehicles going in the same way,Daylight,Dry
1541,51526,12,Letteplatz,2019,8,16,5,3,5,7,0,1,1,0,0,0,0,0,Reinickendorf,Accident with minor injuries,Collision with a turning/crossing vehicle,Others,Daylight,Dry
1542,51527,10,Wuhletalstraße,2019,7,4,6,2,5,3,1,0,1,0,0,0,1,0,Marzahn-Hellersdorf,Accident with serious injuries,Collision with a turning/crossing vehicle,Turning/Crossing accident,Twilight,Dry
1543,51528,3,Greifswalder Straße,2019,3,7,4,2,6,4,0,0,1,1,0,0,0,0,Pankow,Accident with serious injuries,Collision between vehicle and pedestrian,Pedestrian crossing accident,Daylight,Dry
1544,51529,10,Biesdorf Süd,2019,10,11,3,3,0,1,0,0,0,0,1,0,0,1,Marzahn-Hellersdorf,Accident with minor injuries,Others,Driving accident,Daylight,Wet/moist/slippery
1545,51530,3,Pankow Süd,2019,6,17,4,3,6,3,0,0,1,1,0,0,0,0,Pankow,Accident with minor injuries,Collision between vehicle and pedestrian,Turning/Crossing accident,Daylight,Dry
1546,51531,12,Scharnweberstraße,2019,8,15,5,2,9,1,0,0,0,0,1,0,0,0,Reinickendorf,Accident with serious injuries,Departure from the roadway to the left,Driving accident,Daylight,Dry
1547,51532,1,Humboldthain Nordwest,2019,12,21,4,3,2,6,2,0,1,0,0,0,0,1,Mitte,Accident with minor injuries,Collision with the vehicle in front/waiting vehicle,Collision involving vehicles going in the same way,Dark,Wet/moist/slippery
1548,51533,2,Samariterviertel,2019,5,9,5,3,2,6,0,0,1,0,0,0,0,1,Friedrichshain - Kreuzberg,Accident with minor injuries,Collision with the vehicle in front/waiting vehicle,Collision involving vehicles going in the same way,Daylight,Wet/moist/slippery
1549,51534,7,Germaniagarten,2019,3,5,4,3,0,7,0,0,1,0,0,0,0,0,Tempelhof-Schöneberg,Accident with minor injuries,Others,Others,Daylight,Dry
1550,51535,6,Zehlendorf Mitte,2019,11,19,7,2,5,3,2,0,1,0,0,0,0,1,Steglitz-Zehlendorf,Accident with serious injuries,Collision with a turning/crossing vehicle,Turning/Crossing accident,Dark,Wet/moist/slippery
1551,51536,11,Rüdigerstraße,2019,5,7,5,3,6,7,0,0,1,1,0,0,0,1,Lichtenberg,Accident with minor injuries,Collision between vehicle and pedestrian,Others,Daylight,Wet/moist/slippery
1552,51537,1,Leipziger Straße,2019,11,17,4,3,3,6,2,1,1,0,0,0,0,1,Mitte,Accident with minor injuries,Collision with a vehicle traveling laterally in the same direction,Collision involving vehicles going in the same way,Dark,Wet/moist/slippery
1553,51538,4,Lietzensee,2019,7,14,5,3,2,6,0,0,1,0,0,0,0,0,Charlottenburg - Wilmersdorf,Accident with minor injuries,Collision with the vehicle in front/waiting vehicle,Collision involving vehicles going in the same way,Daylight,Dry
1554,51539,7,Marienfelder Allee Nordwest,2019,3,17,4,3,6,7,1,1,0,1,0,0,0,1,Tempelhof-Schöneberg,Accident with minor injuries,Collision between vehicle and pedestrian,Others,Twilight,Wet/moist/slippery
1555,51540,8,Gewerbegebiet Köllnische Heide,2019,10,14,7,3,2,6,0,0,1,0,0,0,0,0,Neukölln,Accident with minor injuries,Collision with the vehicle in front/waiting vehicle,Collision involving vehicles going in the same way,Daylight,Dry
1556,51541,12,Breitkopfbecken,2019,8,18,5,2,0,6,0,0,0,0,1,0,1,0,Reinickendorf,Accident with serious injuries,Others,Collision involving vehicles going in the same way,Daylight,Dry
1557,51543,4,Hildegardstraße,2019,5,7,5,2,2,6,0,0,1,0,0,0,1,1,Charlottenburg - Wilmersdorf,Accident with serious injuries,Collision with the vehicle in front/waiting vehicle,Collision involving vehicles going in the same way,Daylight,Wet/moist/slippery
1558,51544,12,Lübarser Straße,2019,9,13,5,3,5,7,0,0,1,0,0,0,1,0,Reinickendorf,Accident with minor injuries,Collision with a turning/crossing vehicle,Others,Daylight,Dry
1559,51545,2,Stralauer Kiez,2019,7,21,5,2,5,2,1,1,1,0,0,0,0,0,Friedrichshain - Kreuzberg,Accident with serious injuries,Collision with a turning/crossing vehicle,Turning accident,Twilight,Dry
1560,51546,3,Falkplatz,2019,3,15,3,3,6,4,0,0,1,1,0,0,0,0,Pankow,Accident with minor injuries,Collision between vehicle and pedestrian,Pedestrian crossing accident,Daylight,Dry
1561,51547,1,Körnerstraße,2019,6,20,7,3,2,6,0,0,1,0,0,0,0,0,Mitte,Accident with minor injuries,Collision with the vehicle in front/waiting vehicle,Collision involving vehicles going in the same way,Daylight,Dry
1562,51548,3,Bötzowstraße,2019,8,11,5,3,0,4,0,1,0,1,0,0,0,0,Pankow,Accident with minor injuries,Others,Pedestrian crossing accident,Daylight,Dry
1563,51549,2,Rathaus Yorckstraße,2019,12,12,1,3,1,1,0,0,1,0,0,0,0,0,Friedrichshain - Kreuzberg,Accident with minor injuries,Collision with a moving/standing/parked vehicle,Driving accident,Daylight,Dry
1564,51550,12,Schäfersee,2019,5,17,5,3,4,6,0,1,0,0,0,0,0,0,Reinickendorf,Accident with minor injuries,Collision with oncoming vehicle,Collision involving vehicles going in the same way,Daylight,Dry
1565,51551,6,Zehlendorf Mitte,2019,7,16,5,3,2,2,0,1,0,0,0,0,1,0,Steglitz-Zehlendorf,Accident with minor injuries,Collision with the vehicle in front/waiting vehicle,Turning accident,Daylight,Dry
1566,51552,2,Rathaus Yorckstraße,2019,11,3,1,2,6,4,2,0,1,1,0,0,0,1,Friedrichshain - Kreuzberg,Accident with serious injuries,Collision between vehicle and pedestrian,Pedestrian crossing accident,Dark,Wet/moist/slippery
1567,51553,4,Schloßstraße,2019,7,14,5,3,5,2,0,1,1,0,0,0,0,0,Charlottenburg - Wilmersdorf,Accident with minor injuries,Collision with a turning/crossing vehicle,Turning accident,Daylight,Dry
1568,51554,7,Grazer Platz,2019,3,9,3,3,2,6,0,0,1,0,0,0,0,0,Tempelhof-Schöneberg,Accident with minor injuries,Collision with the vehicle in front/waiting vehicle,Collision involving vehicles going in the same way,Daylight,Dry
1569,51555,4,Güterbahnhof Grunewald,2019,10,19,1,3,2,6,2,0,1,0,0,0,0,0,Charlottenburg - Wilmersdorf,Accident with minor injuries,Collision with the vehicle in front/waiting vehicle,Collision involving vehicles going in the same way,Dark,Dry
1570,51556,1,Alexanderplatzviertel,2019,8,11,5,3,6,7,0,0,0,1,1,0,0,0,Mitte,Accident with minor injuries,Collision between vehicle and pedestrian,Others,Daylight,Dry
1571,51558,7,Kettinger Straße/Schillerstraße,2019,5,15,4,3,2,6,0,0,1,0,0,0,0,0,Tempelhof-Schöneberg,Accident with minor injuries,Collision with the vehicle in front/waiting vehicle,Collision involving vehicles going in the same way,Daylight,Dry
1572,51559,3,Winsstraße,2019,7,14,5,3,5,2,0,1,1,0,0,0,0,0,Pankow,Accident with minor injuries,Collision with a turning/crossing vehicle,Turning accident,Daylight,Dry
1573,51560,4,Schloßstraße,2019,3,10,3,3,2,6,0,0,1,0,0,0,0,0,Charlottenburg - Wilmersdorf,Accident with minor injuries,Collision with the vehicle in front/waiting vehicle,Collision involving vehicles going in the same way,Daylight,Dry
1574,51561,4,Königin-Elisabeth-Straße,2019,11,15,3,3,2,6,0,0,1,0,0,0,1,0,Charlottenburg - Wilmersdorf,Accident with minor injuries,Collision with the vehicle in front/waiting vehicle,Collision involving vehicles going in the same way,Daylight,Dry
1575,51562,1,Alexanderplatzviertel,2019,6,13,3,3,2,6,0,0,1,0,0,0,0,0,Mitte,Accident with minor injuries,Collision with the vehicle in front/waiting vehicle,Collision involving vehicles going in the same way,Daylight,Dry
1576,51563,3,Greifswalder Straße,2019,8,11,5,2,5,2,0,1,1,0,0,0,0,0,Pankow,Accident with serious injuries,Collision with a turning/crossing vehicle,Turning accident,Daylight,Dry
1577,51564,1,Humboldthain Nordwest,2019,12,19,7,3,2,6,2,0,1,0,0,0,0,1,Mitte,Accident with minor injuries,Collision with the vehicle in front/waiting vehicle,Collision involving vehicles going in the same way,Dark,Wet/moist/slippery
1578,51565,2,Wriezener Bahnhof/Entwicklungsgebiet,2019,7,14,5,2,1,5,0,1,0,0,1,0,0,0,Friedrichshain - Kreuzberg,Accident with serious injuries,Collision with a moving/standing/parked vehicle,Accident involving parked vehicles,Daylight,Dry
1579,51566,3,Falkplatz,2019,10,13,3,3,2,6,0,0,1,0,0,0,0,0,Pankow,Accident with minor injuries,Collision with the vehicle in front/waiting vehicle,Collision involving vehicles going in the same way,Daylight,Dry
1580,51567,6,Zehlendorf Mitte,2019,8,9,5,3,5,2,0,1,1,0,0,0,0,0,Steglitz-Zehlendorf,Accident with minor injuries,Collision with a turning/crossing vehicle,Turning accident,Daylight,Dry
1581,51568,10,Wuhletalstraße,2019,7,19,4,3,5,3,0,0,1,0,0,0,0,0,Marzahn-Hellersdorf,Accident with minor injuries,Collision with a turning/crossing vehicle,Turning/Crossing accident,Daylight,Dry
1582,51569,4,Kranzallee,2019,3,18,2,3,5,3,1,0,1,0,0,0,0,0,Charlottenburg - Wilmersdorf,Accident with minor injuries,Collision with a turning/crossing vehicle,Turning/Crossing accident,Twilight,Dry
1583,51570,12,Klixstraße,2019,10,6,2,3,3,6,2,0,1,0,0,1,0,0,Reinickendorf,Accident with minor injuries,Collision with a vehicle traveling laterally in the same direction,Collision involving vehicles going in the same way,Dark,Dry
1584,51571,3,Niederschönhausen,2019,6,11,1,3,5,2,0,1,1,0,0,0,0,0,Pankow,Accident with minor injuries,Collision with a turning/crossing vehicle,Turning accident,Daylight,Dry
1585,51572,2,Andreasviertel,2019,8,19,5,3,6,7,0,0,0,1,0,0,1,0,Friedrichshain - Kreuzberg,Accident with minor injuries,Collision between vehicle and pedestrian,Others,Daylight,Dry
1586,51574,12,Waldidyll/Flughafensee,2019,5,12,4,3,3,6,0,0,1,0,1,0,0,0,Reinickendorf,Accident with minor injuries,Collision with a vehicle traveling laterally in the same direction,Collision involving vehicles going in the same way,Daylight,Dry
1587,51575,10,Alt-Biesdorf,2019,3,11,2,3,5,2,0,0,1,0,0,0,0,1,Marzahn-Hellersdorf,Accident with minor injuries,Collision with a turning/crossing vehicle,Turning accident,Daylight,Wet/moist/slippery
1588,51576,6,Zehlendorf Mitte,2019,11,20,4,3,5,2,2,0,1,0,0,0,0,1,Steglitz-Zehlendorf,Accident with minor injuries,Collision with a turning/crossing vehicle,Turning accident,Dark,Wet/moist/slippery
1589,51577,4,Bismarckallee,2019,5,9,4,2,2,6,0,0,1,0,1,0,0,0,Charlottenburg - Wilmersdorf,Accident with serious injuries,Collision with the vehicle in front/waiting vehicle,Collision involving vehicles going in the same way,Daylight,Dry
1590,51578,7,Dennewitzplatz,2019,12,14,2,3,6,4,0,0,1,1,0,0,0,0,Tempelhof-Schöneberg,Accident with minor injuries,Collision between vehicle and pedestrian,Pedestrian crossing accident,Daylight,Dry
1591,51579,3,Erich-Weinert-Straße,2019,7,19,4,3,1,5,0,1,0,0,0,0,1,0,Pankow,Accident with minor injuries,Collision with a moving/standing/parked vehicle,Accident involving parked vehicles,Daylight,Dry
1592,51580,7,Lindenhofsiedlung,2019,3,14,2,2,2,6,0,0,1,0,0,0,0,1,Tempelhof-Schöneberg,Accident with serious injuries,Collision with the vehicle in front/waiting vehicle,Collision involving vehicles going in the same way,Daylight,Wet/moist/slippery
1593,51581,6,Nikolassee,2019,10,17,4,2,9,1,2,0,1,0,0,0,0,0,Steglitz-Zehlendorf,Accident with serious injuries,Departure from the roadway to the left,Driving accident,Dark,Dry
1594,51582,12,Wittenau Nord,2019,8,17,4,3,5,3,0,0,1,0,0,0,0,0,Reinickendorf,Accident with minor injuries,Collision with a turning/crossing vehicle,Turning/Crossing accident,Daylight,Dry
1595,51584,12,Rollbergesiedlung,2019,6,10,4,3,5,3,0,1,1,0,0,0,0,0,Reinickendorf,Accident with minor injuries,Collision with a turning/crossing vehicle,Turning/Crossing accident,Daylight,Dry
1596,51585,6,Nikolassee,2019,8,17,4,2,0,7,0,1,0,0,0,0,0,0,Steglitz-Zehlendorf,Accident with serious injuries,Others,Others,Daylight,Dry
1597,51586,2,Wriezener Bahnhof/Entwicklungsgebiet,2019,12,19,1,3,6,6,2,1,0,1,0,0,0,1,Friedrichshain - Kreuzberg,Accident with minor injuries,Collision between vehicle and pedestrian,Collision involving vehicles going in the same way,Dark,Wet/moist/slippery
1598,51587,3,Pankow Süd,2019,7,16,4,3,5,3,0,1,1,0,0,0,0,0,Pankow,Accident with minor injuries,Collision with a turning/crossing vehicle,Turning/Crossing accident,Daylight,Dry
1599,51588,6,Wannsee,2019,9,17,4,3,1,1,0,0,1,0,0,0,0,1,Steglitz-Zehlendorf,Accident with minor injuries,Collision with a moving/standing/parked vehicle,Driving accident,Daylight,Wet/moist/slippery
1600,51589,7,Rathausstraße,2019,10,11,4,3,1,5,0,1,1,0,0,0,0,0,Tempelhof-Schöneberg,Accident with minor injuries,Collision with a moving/standing/parked vehicle,Accident involving parked vehicles,Daylight,Dry
1601,51590,4,Hildegardstraße,2019,8,7,4,2,2,6,0,0,0,0,1,0,1,0,Charlottenburg - Wilmersdorf,Accident with serious injuries,Collision with the vehicle in front/waiting vehicle,Collision involving vehicles going in the same way,Daylight,Dry
1602,51591,1,Unter den Linden Nord,2019,7,13,4,3,3,6,0,0,1,0,1,0,0,0,Mitte,Accident with minor injuries,Collision with a vehicle traveling laterally in the same direction,Collision involving vehicles going in the same way,Daylight,Dry
1603,51592,4,Babelsberger Straße,2019,3,15,2,3,2,6,0,0,1,0,0,0,0,0,Charlottenburg - Wilmersdorf,Accident with minor injuries,Collision with the vehicle in front/waiting vehicle,Collision involving vehicles going in the same way,Daylight,Dry
1604,51593,12,Teichstraße,2019,10,13,3,3,2,6,0,0,1,0,0,1,0,1,Reinickendorf,Accident with minor injuries,Collision with the vehicle in front/waiting vehicle,Collision involving vehicles going in the same way,Daylight,Wet/moist/slippery
1605,51594,4,Park Ruhwald,2019,8,5,4,3,3,6,1,0,1,0,0,0,0,0,Charlottenburg - Wilmersdorf,Accident with minor injuries,Collision with a vehicle traveling laterally in the same direction,Collision involving vehicles going in the same way,Twilight,Dry
1606,51596,3,Anton-Saefkow-Park,2019,5,9,4,3,2,6,0,0,1,0,1,0,0,0,Pankow,Accident with minor injuries,Collision with the vehicle in front/waiting vehicle,Collision involving vehicles going in the same way,Daylight,Dry
1607,51597,2,Hausburgviertel,2019,7,10,4,3,0,5,0,1,0,0,0,0,1,0,Friedrichshain - Kreuzberg,Accident with minor injuries,Others,Accident involving parked vehicles,Daylight,Dry
1608,51598,6,Zehlendorf Mitte,2019,3,13,2,2,5,3,0,0,1,0,0,0,0,1,Steglitz-Zehlendorf,Accident with serious injuries,Collision with a turning/crossing vehicle,Turning/Crossing accident,Daylight,Wet/moist/slippery
1609,51599,2,Samariterviertel,2019,11,9,5,3,5,3,0,1,1,0,0,0,0,0,Friedrichshain - Kreuzberg,Accident with minor injuries,Collision with a turning/crossing vehicle,Turning/Crossing accident,Daylight,Dry
1610,51600,2,Samariterviertel,2019,5,8,4,3,5,3,0,1,1,0,0,0,0,0,Friedrichshain - Kreuzberg,Accident with minor injuries,Collision with a turning/crossing vehicle,Turning/Crossing accident,Daylight,Dry
1611,51601,1,Humboldthain Nordwest,2019,12,18,3,3,2,6,2,0,1,0,0,0,0,1,Mitte,Accident with minor injuries,Collision with the vehicle in front/waiting vehicle,Collision involving vehicles going in the same way,Dark,Wet/moist/slippery
1612,51602,4,Brabanter Platz,2019,7,15,4,3,2,6,0,0,1,0,1,0,0,0,Charlottenburg - Wilmersdorf,Accident with minor injuries,Collision with the vehicle in front/waiting vehicle,Collision involving vehicles going in the same way,Daylight,Dry
1613,51603,11,Dorf Malchow,2019,3,10,1,3,5,2,0,1,1,0,0,0,0,0,Lichtenberg,Accident with minor injuries,Collision with a turning/crossing vehicle,Turning accident,Daylight,Dry
1614,51604,12,Letteplatz,2019,10,19,5,3,2,6,2,0,1,0,1,0,0,0,Reinickendorf,Accident with minor injuries,Collision with the vehicle in front/waiting vehicle,Collision involving vehicles going in the same way,Dark,Dry
1615,51605,1,Alexanderplatzviertel,2019,8,15,4,3,6,6,0,0,0,1,0,0,1,0,Mitte,Accident with minor injuries,Collision between vehicle and pedestrian,Collision involving vehicles going in the same way,Daylight,Dry
1616,51607,10,Springpfuhl,2019,7,20,3,3,5,3,0,0,1,0,0,0,0,0,Marzahn-Hellersdorf,Accident with minor injuries,Collision with a turning/crossing vehicle,Turning/Crossing accident,Daylight,Dry
1617,51608,3,Arnimplatz,2019,3,18,1,3,3,6,1,0,1,0,1,0,0,0,Pankow,Accident with minor injuries,Collision with a vehicle traveling laterally in the same direction,Collision involving vehicles going in the same way,Twilight,Dry
1618,51609,12,Teichstraße,2019,9,14,2,3,5,2,0,1,0,0,0,1,0,0,Reinickendorf,Accident with minor injuries,Collision with a turning/crossing vehicle,Turning accident,Daylight,Dry
1619,51610,9,Baumschulenstraße,2019,6,7,4,3,5,2,0,0,1,0,1,0,0,0,Treptow-Köpenick,Accident with minor injuries,Collision with a turning/crossing vehicle,Turning accident,Daylight,Dry
1620,51611,11,Rüdigerstraße,2019,8,12,4,3,6,4,0,1,0,1,0,0,0,0,Lichtenberg,Accident with minor injuries,Collision between vehicle and pedestrian,Pedestrian crossing accident,Daylight,Dry
1621,51612,9,Elsenstraße,2019,12,10,7,3,3,6,0,0,1,0,0,0,0,1,Treptow-Köpenick,Accident with minor injuries,Collision with a vehicle traveling laterally in the same direction,Collision involving vehicles going in the same way,Daylight,Wet/moist/slippery
1622,51613,10,Marzahner Chaussee,2019,5,22,4,2,0,1,2,1,0,0,0,0,0,0,Marzahn-Hellersdorf,Accident with serious injuries,Others,Driving accident,Dark,Dry
1623,51614,12,Schäfersee,2019,7,12,3,3,6,4,0,1,0,1,0,0,0,0,Reinickendorf,Accident with minor injuries,Collision between vehicle and pedestrian,Pedestrian crossing accident,Daylight,Dry
1624,51615,4,Richard-Wagner-Straße,2019,3,11,7,3,2,6,0,0,1,0,0,0,0,0,Charlottenburg - Wilmersdorf,Accident with minor injuries,Collision with the vehicle in front/waiting vehicle,Collision involving vehicles going in the same way,Daylight,Dry
1625,51616,3,Helmholtzplatz,2019,11,22,6,2,6,7,2,0,1,1,0,0,0,1,Pankow,Accident with serious injuries,Collision between vehicle and pedestrian,Others,Dark,Wet/moist/slippery
1626,51617,7,Dennewitzplatz,2019,11,16,3,3,3,6,2,0,1,0,1,0,0,0,Tempelhof-Schöneberg,Accident with minor injuries,Collision with a vehicle traveling laterally in the same direction,Collision involving vehicles going in the same way,Dark,Dry
1627,51618,1,Großer Tiergarten,2019,7,18,3,3,5,2,0,1,1,0,0,0,0,0,Mitte,Accident with minor injuries,Collision with a turning/crossing vehicle,Turning accident,Daylight,Dry
1628,51619,4,Jungfernheide,2019,3,14,7,2,2,6,0,0,1,0,0,0,0,0,Charlottenburg - Wilmersdorf,Accident with serious injuries,Collision with the vehicle in front/waiting vehicle,Collision involving vehicles going in the same way,Daylight,Dry
1629,51620,4,Jungfernheide,2019,10,20,5,3,2,6,2,0,1,0,0,0,0,0,Charlottenburg - Wilmersdorf,Accident with minor injuries,Collision with the vehicle in front/waiting vehicle,Collision involving vehicles going in the same way,Dark,Dry
1630,51621,10,Mahlsdorf Süd,2019,8,10,4,3,2,6,0,0,0,0,0,1,1,0,Marzahn-Hellersdorf,Accident with minor injuries,Collision with the vehicle in front/waiting vehicle,Collision involving vehicles going in the same way,Daylight,Dry
1631,51623,2,Hausburgviertel,2019,5,18,4,3,5,2,0,1,1,0,0,0,0,0,Friedrichshain - Kreuzberg,Accident with minor injuries,Collision with a turning/crossing vehicle,Turning accident,Daylight,Dry
1632,51624,6,Nikolassee,2019,9,16,4,3,0,7,0,0,1,0,0,0,0,1,Steglitz-Zehlendorf,Accident with minor injuries,Others,Others,Daylight,Wet/moist/slippery
1633,51625,2,Wriezener Bahnhof/Entwicklungsgebiet,2019,7,1,3,3,6,4,2,0,1,1,0,0,0,0,Friedrichshain - Kreuzberg,Accident with minor injuries,Collision between vehicle and pedestrian,Pedestrian crossing accident,Dark,Dry
1634,51626,10,Alt-Marzahn,2019,3,16,7,3,2,4,0,0,1,1,0,1,0,0,Marzahn-Hellersdorf,Accident with minor injuries,Collision with the vehicle in front/waiting vehicle,Pedestrian crossing accident,Daylight,Dry
1635,51627,2,Samariterviertel,2019,6,11,6,3,6,4,0,1,0,1,0,0,0,0,Friedrichshain - Kreuzberg,Accident with minor injuries,Collision between vehicle and pedestrian,Pedestrian crossing accident,Daylight,Dry
1636,51628,1,Nördlicher Landwehrkanal,2019,8,10,4,2,6,4,0,1,0,1,0,0,0,0,Mitte,Accident with serious injuries,Collision between vehicle and pedestrian,Pedestrian crossing accident,Daylight,Dry
1637,51629,7,Fritz-Werner-Straße,2019,12,22,6,3,0,1,2,0,0,0,1,0,0,0,Tempelhof-Schöneberg,Accident with minor injuries,Others,Driving accident,Dark,Dry
1638,51630,1,Großer Tiergarten,2019,5,11,3,3,0,7,0,1,0,0,0,0,0,0,Mitte,Accident with minor injuries,Others,Others,Daylight,Dry
1639,51631,3,Pankow Süd,2019,7,17,2,3,2,6,0,0,1,0,0,0,1,0,Pankow,Accident with minor injuries,Collision with the vehicle in front/waiting vehicle,Collision involving vehicles going in the same way,Daylight,Dry
1640,51632,6,Wannsee,2019,3,21,7,3,5,3,2,0,1,0,0,0,1,0,Steglitz-Zehlendorf,Accident with minor injuries,Collision with a turning/crossing vehicle,Turning/Crossing accident,Dark,Dry
1641,51633,2,Samariterviertel,2019,11,3,7,3,5,3,2,0,1,0,0,0,1,1,Friedrichshain - Kreuzberg,Accident with minor injuries,Collision with a turning/crossing vehicle,Turning/Crossing accident,Dark,Wet/moist/slippery
1642,51634,2,Askanischer Platz,2019,7,17,2,3,2,6,0,0,1,0,0,0,0,0,Friedrichshain - Kreuzberg,Accident with minor injuries,Collision with the vehicle in front/waiting vehicle,Collision involving vehicles going in the same way,Daylight,Dry
1643,51635,4,Bismarckallee,2019,3,13,6,3,3,6,0,0,1,0,0,0,1,0,Charlottenburg - Wilmersdorf,Accident with minor injuries,Collision with a vehicle traveling laterally in the same direction,Collision involving vehicles going in the same way,Daylight,Dry
1644,51636,2,Samariterviertel,2019,10,18,6,3,5,2,2,0,1,0,0,0,0,1,Friedrichshain - Kreuzberg,Accident with minor injuries,Collision with a turning/crossing vehicle,Turning accident,Dark,Wet/moist/slippery
1645,51637,1,Unter den Linden Nord,2019,8,10,4,3,3,6,0,1,1,0,0,0,0,0,Mitte,Accident with minor injuries,Collision with a vehicle traveling laterally in the same direction,Collision involving vehicles going in the same way,Daylight,Dry
1646,51639,3,Greifswalder Straße,2019,5,19,3,3,3,6,1,1,0,0,0,0,0,0,Pankow,Accident with minor injuries,Collision with a vehicle traveling laterally in the same direction,Collision involving vehicles going in the same way,Twilight,Dry
1647,51640,12,Wittenau Süd,2019,7,12,2,3,5,3,0,1,1,0,0,0,0,0,Reinickendorf,Accident with minor injuries,Collision with a turning/crossing vehicle,Turning/Crossing accident,Daylight,Dry
1648,51641,2,Barnimkiez,2019,3,7,6,2,3,5,0,1,0,0,0,1,0,0,Friedrichshain - Kreuzberg,Accident with serious injuries,Collision with a vehicle traveling laterally in the same direction,Accident involving parked vehicles,Daylight,Dry
1649,51642,5,Weinmeisterhornweg,2019,11,17,2,2,6,4,2,0,1,1,0,0,0,1,Spandau,Accident with serious injuries,Collision between vehicle and pedestrian,Pedestrian crossing accident,Dark,Wet/moist/slippery
1650,51643,10,Ringkolonnaden,2019,6,21,3,2,2,6,2,0,1,0,0,0,0,0,Marzahn-Hellersdorf,Accident with serious injuries,Collision with the vehicle in front/waiting vehicle,Collision involving vehicles going in the same way,Dark,Dry
1651,51644,11,Rüdigerstraße,2019,8,20,3,3,5,2,1,1,1,0,0,0,0,0,Lichtenberg,Accident with minor injuries,Collision with a turning/crossing vehicle,Turning accident,Twilight,Dry
1652,51645,2,Askanischer Platz,2019,12,18,6,3,3,6,2,0,1,0,1,0,0,1,Friedrichshain - Kreuzberg,Accident with minor injuries,Collision with a vehicle traveling laterally in the same direction,Collision involving vehicles going in the same way,Dark,Wet/moist/slippery
1653,51646,3,Niederschönhausen,2019,7,10,2,3,1,5,0,1,1,0,0,0,0,0,Pankow,Accident with minor injuries,Collision with a moving/standing/parked vehicle,Accident involving parked vehicles,Daylight,Dry
1654,51647,7,Fritz-Werner-Straße,2019,9,12,4,3,0,1,0,0,0,0,1,0,0,1,Tempelhof-Schöneberg,Accident with minor injuries,Others,Driving accident,Daylight,Wet/moist/slippery
1655,51648,7,Birnhornweg,2019,3,4,6,3,1,5,2,0,1,0,0,0,0,0,Tempelhof-Schöneberg,Accident with minor injuries,Collision with a moving/standing/parked vehicle,Accident involving parked vehicles,Dark,Dry
1656,51649,11,Rüdigerstraße,2019,10,15,2,3,2,6,0,0,1,0,0,0,0,0,Lichtenberg,Accident with minor injuries,Collision with the vehicle in front/waiting vehicle,Collision involving vehicles going in the same way,Daylight,Dry
1657,51650,4,Bismarckallee,2019,8,17,3,3,2,6,0,0,1,0,0,0,0,0,Charlottenburg - Wilmersdorf,Accident with minor injuries,Collision with the vehicle in front/waiting vehicle,Collision involving vehicles going in the same way,Daylight,Dry
1658,51651,7,Fritz-Werner-Straße,2019,7,11,2,3,5,3,0,0,1,0,0,0,0,0,Tempelhof-Schöneberg,Accident with minor injuries,Collision with a turning/crossing vehicle,Turning/Crossing accident,Daylight,Dry
1659,51652,3,Bötzowstraße,2019,3,12,6,3,6,4,0,0,1,1,0,0,0,0,Pankow,Accident with minor injuries,Collision between vehicle and pedestrian,Pedestrian crossing accident,Daylight,Dry