,object id,district,street,year,month,hour of day,weekday,category,accident type,accident type 2,light situation,bike involved,car involved,pedestrian involved,motor bike involved,big track involved,other vehicle involved,road condition,district name,category name,accident detail,accident type detail,light condition,road condition detail
1915,191168,2,Moritzplatz,2019,1,18,4,3,5,3,2,0,1,0,0,0,0,1,Friedrichshain - Kreuzberg,Accident with minor injuries,Collision with a turning/crossing vehicle,Turning/Crossing accident,Dark,Wet/moist/slippery
1916,191169,1,Westliche Müllerstraße,2019,1,16,3,2,6,4,1,0,1,1,0,0,0,0,Mitte,Accident with serious injuries,Collision between vehicle and pedestrian,Pedestrian crossing accident,Twilight,Dry
1917,191170,12,Humboldtstraße,2019,1,18,3,3,2,6,2,0,1,0,0,0,0,1,Reinickendorf,Accident with minor injuries,Collision with the vehicle in front/waiting vehicle,Collision involving vehicles going in the same way,Dark,Wet/moist/slippery
1918,191171,8,Buschkrugallee Nord,2019,1,18,4,3,2,6,2,0,1,0,0,0,0,1,Neukölln,Accident with minor injuries,Collision with the vehicle in front/waiting vehicle,Collision involving vehicles going in the same way,Dark,Wet/moist/slippery
1919,191172,2,Weberwiese,2019,1,10,3,3,1,5,0,1,1,0,0,0,0,1,Friedrichshain - Kreuzberg,Accident with minor injuries,Collision with a moving/standing/parked vehicle,Accident involving parked vehicles,Daylight,Wet/moist/slippery
1920,191173,1,Unter den Linden Nord,2019,1,10,3,3,6,4,0,1,0,1,0,0,0,1,Mitte,Accident with minor injuries,Collision between vehicle and pedestrian,Pedestrian crossing accident,Daylight,Wet/moist/slippery
1921,191174,2,Wriezener Bahnhof/Entwicklungsgebiet,2019,1,7,3,3,5,3,2,0,1,0,0,0,0,1,Friedrichshain - Kreuzberg,Accident with minor injuries,Collision with a turning/crossing vehicle,Turning/Crossing accident,Dark,Wet/moist/slippery
1922,191175,2,Mehringplatz,2019,1,22,3,3,6,2,2,0,1,1,0,0,0,1,Friedrichshain - Kreuzberg,Accident with minor injuries,Collision between vehicle and pedestrian,Turning accident,Dark,Wet/moist/slippery
1923,191176,10,Marzahner Promenade,2019,1,19,3,3,6,2,2,0,1,1,0,0,0,1,Marzahn-Hellersdorf,Accident with minor injuries,Collision between vehicle and pedestrian,Turning accident,Dark,Wet/moist/slippery
1924,191177,7,Nollendorfplatz,2019,1,20,3,3,6,7,2,0,1,1,0,0,0,1,Tempelhof-Schöneberg,Accident with minor injuries,Collision between vehicle and pedestrian,Others,Dark,Wet/moist/slippery
1925,191178,12,Hermsdorf,2019,1,20,3,2,5,3,2,0,1,0,0,0,0,1,Reinickendorf,Accident with serious injuries,Collision with a turning/crossing vehicle,Turning/Crossing accident,Dark,Wet/moist/slippery
1926,191179,7,Wittenbergplatz/Viktoria-Luise-Platz,2019,1,20,3,3,6,4,1,0,1,1,0,0,0,1,Tempelhof-Schöneberg,Accident with minor injuries,Collision between vehicle and pedestrian,Pedestrian crossing accident,Twilight,Wet/moist/slippery
1927,191180,11,Fennpfuhl West,2019,1,19,3,3,1,5,2,1,1,0,0,0,0,1,Lichtenberg,Accident with minor injuries,Collision with a moving/standing/parked vehicle,Accident involving parked vehicles,Dark,Wet/moist/slippery
1928,191181,5,Hakenfelde Nord,2019,1,18,3,3,2,7,2,0,1,0,0,0,0,1,Spandau,Accident with minor injuries,Collision with the vehicle in front/waiting vehicle,Others,Dark,Wet/moist/slippery
1929,191182,7,Marienfelde Nordost,2019,1,18,3,3,2,6,2,0,1,0,0,0,0,1,Tempelhof-Schöneberg,Accident with minor injuries,Collision with the vehicle in front/waiting vehicle,Collision involving vehicles going in the same way,Dark,Wet/moist/slippery
1930,191183,5,Carl-Schurz-Straße,2019,1,18,3,2,6,2,2,0,1,1,0,0,0,1,Spandau,Accident with serious injuries,Collision between vehicle and pedestrian,Turning accident,Dark,Wet/moist/slippery
1931,191184,4,Brabanter Platz,2019,1,18,3,3,6,2,2,0,1,1,0,0,0,1,Charlottenburg - Wilmersdorf,Accident with minor injuries,Collision between vehicle and pedestrian,Turning accident,Dark,Wet/moist/slippery
1932,191185,9,Dammvorstadt,2019,1,18,3,3,2,6,2,0,1,0,0,0,0,1,Treptow-Köpenick,Accident with minor injuries,Collision with the vehicle in front/waiting vehicle,Collision involving vehicles going in the same way,Dark,Wet/moist/slippery
1933,191186,6,Lichterfelde West,2019,1,18,3,3,2,6,2,0,1,0,0,0,0,1,Steglitz-Zehlendorf,Accident with minor injuries,Collision with the vehicle in front/waiting vehicle,Collision involving vehicles going in the same way,Dark,Wet/moist/slippery
1934,191187,6,Schloßstraße,2019,1,18,3,2,6,2,2,0,1,1,0,0,0,1,Steglitz-Zehlendorf,Accident with serious injuries,Collision between vehicle and pedestrian,Turning accident,Dark,Wet/moist/slippery
1935,191188,1,Großer Tiergarten,2019,1,18,3,3,5,3,2,0,1,0,0,0,0,1,Mitte,Accident with minor injuries,Collision with a turning/crossing vehicle,Turning/Crossing accident,Dark,Wet/moist/slippery
1936,191189,4,Eisenzahnstraße,2019,1,18,3,3,2,6,2,0,1,0,0,0,0,1,Charlottenburg - Wilmersdorf,Accident with minor injuries,Collision with the vehicle in front/waiting vehicle,Collision involving vehicles going in the same way,Dark,Wet/moist/slippery
1937,191190,8,Gewerbegebiet Köllnische Heide,2019,1,17,3,3,5,3,2,1,1,0,0,0,0,1,Neukölln,Accident with minor injuries,Collision with a turning/crossing vehicle,Turning/Crossing accident,Dark,Wet/moist/slippery
1938,191191,6,Bergstraße,2019,1,15,3,2,6,4,1,0,1,1,0,0,0,1,Steglitz-Zehlendorf,Accident with serious injuries,Collision between vehicle and pedestrian,Pedestrian crossing accident,Twilight,Wet/moist/slippery
1939,191192,1,Reinickendorfer Straße,2019,1,9,3,3,5,2,0,0,1,0,0,0,1,1,Mitte,Accident with minor injuries,Collision with a turning/crossing vehicle,Turning accident,Daylight,Wet/moist/slippery
1940,191193,2,Samariterviertel,2019,1,17,3,3,5,3,2,1,1,0,0,0,0,1,Friedrichshain - Kreuzberg,Accident with minor injuries,Collision with a turning/crossing vehicle,Turning/Crossing accident,Dark,Wet/moist/slippery
1941,191194,1,Humboldthain Süd,2019,1,17,3,2,0,7,1,0,0,0,1,0,1,1,Mitte,Accident with serious injuries,Others,Others,Twilight,Wet/moist/slippery
1942,191195,6,Teltower Damm,2019,1,17,3,2,6,4,2,0,1,1,0,0,0,1,Steglitz-Zehlendorf,Accident with serious injuries,Collision between vehicle and pedestrian,Pedestrian crossing accident,Dark,Wet/moist/slippery
1943,191196,4,Hindemithplatz,2019,1,16,3,3,3,6,2,0,1,0,1,0,1,1,Charlottenburg - Wilmersdorf,Accident with minor injuries,Collision with a vehicle traveling laterally in the same direction,Collision involving vehicles going in the same way,Dark,Wet/moist/slippery
1944,191197,3,Greifswalder Straße,2019,1,16,3,2,6,4,2,0,1,1,0,0,0,1,Pankow,Accident with serious injuries,Collision between vehicle and pedestrian,Pedestrian crossing accident,Dark,Wet/moist/slippery
1945,191198,12,Hausotterplatz,2019,1,16,3,3,6,2,2,0,1,1,0,0,0,1,Reinickendorf,Accident with minor injuries,Collision between vehicle and pedestrian,Turning accident,Dark,Wet/moist/slippery
1946,191199,1,Unter den Linden Nord,2019,1,15,3,3,5,3,0,1,1,0,0,0,0,1,Mitte,Accident with minor injuries,Collision with a turning/crossing vehicle,Turning/Crossing accident,Daylight,Wet/moist/slippery
1947,191200,1,Emdener Straße,2019,1,14,3,2,5,2,0,1,1,0,0,0,0,1,Mitte,Accident with serious injuries,Collision with a turning/crossing vehicle,Turning accident,Daylight,Wet/moist/slippery
1948,191201,12,Rollbergesiedlung,2019,1,13,3,2,6,4,0,0,0,1,1,0,0,1,Reinickendorf,Accident with serious injuries,Collision between vehicle and pedestrian,Pedestrian crossing accident,Daylight,Wet/moist/slippery
1949,191202,11,Malchower Weg,2019,1,13,3,3,5,3,0,0,1,0,0,0,1,1,Lichtenberg,Accident with minor injuries,Collision with a turning/crossing vehicle,Turning/Crossing accident,Daylight,Wet/moist/slippery
1950,191203,1,Emdener Straße,2019,1,11,3,3,3,6,0,0,1,0,1,0,0,1,Mitte,Accident with minor injuries,Collision with a vehicle traveling laterally in the same direction,Collision involving vehicles going in the same way,Daylight,Wet/moist/slippery
1951,191204,4,Reichsstraße,2019,1,11,3,3,5,3,0,0,1,0,0,0,0,1,Charlottenburg - Wilmersdorf,Accident with minor injuries,Collision with a turning/crossing vehicle,Turning/Crossing accident,Daylight,Wet/moist/slippery
1952,191205,4,Messelpark,2019,1,11,3,3,5,3,0,0,1,0,0,0,0,1,Charlottenburg - Wilmersdorf,Accident with minor injuries,Collision with a turning/crossing vehicle,Turning/Crossing accident,Daylight,Wet/moist/slippery
1953,191206,7,Schöneberger Insel,2019,1,12,3,3,0,6,0,0,1,0,0,0,1,1,Tempelhof-Schöneberg,Accident with minor injuries,Others,Collision involving vehicles going in the same way,Daylight,Wet/moist/slippery
1954,191207,9,Siedlung Kämmereiheide,2019,1,6,3,3,6,2,2,0,1,1,0,0,0,1,Treptow-Köpenick,Accident with minor injuries,Collision between vehicle and pedestrian,Turning accident,Dark,Wet/moist/slippery
1955,191208,4,Bismarckallee,2019,1,17,3,1,6,2,2,0,1,1,0,0,0,1,Charlottenburg - Wilmersdorf,Accident with fatalities,Collision between vehicle and pedestrian,Turning accident,Dark,Wet/moist/slippery
1956,191209,9,Oberschöneweide Ost,2019,1,17,2,3,2,7,1,0,1,0,0,0,0,0,Treptow-Köpenick,Accident with minor injuries,Collision with the vehicle in front/waiting vehicle,Others,Twilight,Dry
1957,191210,7,Nollendorfplatz,2019,1,16,2,3,6,4,1,0,1,1,0,0,0,1,Tempelhof-Schöneberg,Accident with minor injuries,Collision between vehicle and pedestrian,Pedestrian crossing accident,Twilight,Wet/moist/slippery
1958,191211,10,Kaulsdorf Nord I,2019,1,18,2,2,6,4,2,0,1,1,0,0,0,1,Marzahn-Hellersdorf,Accident with serious injuries,Collision between vehicle and pedestrian,Pedestrian crossing accident,Dark,Wet/moist/slippery
1959,191212,6,Krumme Lanke,2019,1,19,2,3,1,5,2,0,1,0,0,0,0,1,Steglitz-Zehlendorf,Accident with minor injuries,Collision with a moving/standing/parked vehicle,Accident involving parked vehicles,Dark,Wet/moist/slippery
1960,191213,6,Dahlem,2019,1,19,2,3,2,6,2,0,1,0,0,0,0,1,Steglitz-Zehlendorf,Accident with minor injuries,Collision with the vehicle in front/waiting vehicle,Collision involving vehicles going in the same way,Dark,Wet/moist/slippery
1961,191214,1,Westliche Müllerstraße,2019,1,18,2,3,3,6,2,0,1,0,0,0,0,1,Mitte,Accident with minor injuries,Collision with a vehicle traveling laterally in the same direction,Collision involving vehicles going in the same way,Dark,Wet/moist/slippery
1962,191215,5,Gütersloher Weg,2019,1,21,2,2,9,1,2,0,1,0,0,0,0,1,Spandau,Accident with serious injuries,Departure from the roadway to the left,Driving accident,Dark,Wet/moist/slippery
1963,191216,8,Reuterkiez,2019,1,22,2,3,2,6,2,0,1,0,0,0,0,1,Neukölln,Accident with minor injuries,Collision with the vehicle in front/waiting vehicle,Collision involving vehicles going in the same way,Dark,Wet/moist/slippery
1964,191217,1,Sparrplatz,2019,1,21,2,3,5,2,2,1,0,0,0,0,0,1,Mitte,Accident with minor injuries,Collision with a turning/crossing vehicle,Turning accident,Dark,Wet/moist/slippery
1965,191218,12,Dannenwalder Weg,2019,1,20,2,2,6,2,2,0,1,1,0,0,0,1,Reinickendorf,Accident with serious injuries,Collision between vehicle and pedestrian,Turning accident,Dark,Wet/moist/slippery
1966,191219,8,Reuterkiez,2019,1,15,2,3,2,2,0,0,1,0,0,0,0,1,Neukölln,Accident with minor injuries,Collision with the vehicle in front/waiting vehicle,Turning accident,Daylight,Wet/moist/slippery
1967,191220,3,Hansastraße,2019,1,8,2,3,1,5,1,1,0,0,0,0,1,1,Pankow,Accident with minor injuries,Collision with a moving/standing/parked vehicle,Accident involving parked vehicles,Twilight,Wet/moist/slippery
1968,191221,5,Jägerallee,2019,1,7,2,3,2,6,1,0,1,0,0,0,0,1,Spandau,Accident with minor injuries,Collision with the vehicle in front/waiting vehicle,Collision involving vehicles going in the same way,Twilight,Wet/moist/slippery
1969,191222,3,Volkspark Prenzlauer Berg,2019,1,11,2,3,6,4,0,1,0,1,0,0,0,1,Pankow,Accident with minor injuries,Collision between vehicle and pedestrian,Pedestrian crossing accident,Daylight,Wet/moist/slippery
1970,191223,12,Waidmannslust,2019,1,8,2,3,6,2,0,0,1,1,0,0,0,1,Reinickendorf,Accident with minor injuries,Collision between vehicle and pedestrian,Turning accident,Daylight,Wet/moist/slippery
1971,191224,6,Augustaplatz,2019,1,17,2,3,2,2,2,0,1,0,0,0,0,1,Steglitz-Zehlendorf,Accident with minor injuries,Collision with the vehicle in front/waiting vehicle,Turning accident,Dark,Wet/moist/slippery
1972,191225,2,Stralauer Kiez,2019,1,17,2,3,6,2,2,0,1,1,0,0,0,1,Friedrichshain - Kreuzberg,Accident with minor injuries,Collision between vehicle and pedestrian,Turning accident,Dark,Wet/moist/slippery
1973,191226,1,Wilhelmstraße,2019,1,17,2,3,5,2,2,1,1,0,0,0,0,1,Mitte,Accident with minor injuries,Collision with a turning/crossing vehicle,Turning accident,Dark,Wet/moist/slippery
1974,191227,3,Schönholz,2019,1,17,2,3,5,3,2,1,1,0,0,0,0,1,Pankow,Accident with minor injuries,Collision with a turning/crossing vehicle,Turning/Crossing accident,Dark,Wet/moist/slippery
1975,191228,6,Augustaplatz,2019,1,17,2,3,1,5,2,0,1,0,0,0,0,1,Steglitz-Zehlendorf,Accident with minor injuries,Collision with a moving/standing/parked vehicle,Accident involving parked vehicles,Dark,Wet/moist/slippery
1976,191229,4,Hindemithplatz,2019,1,17,2,3,5,2,2,0,1,0,0,0,0,1,Charlottenburg - Wilmersdorf,Accident with minor injuries,Collision with a turning/crossing vehicle,Turning accident,Dark,Wet/moist/slippery
1977,191230,11,Karlshorst Nord,2019,1,16,2,3,3,6,2,1,1,0,0,0,0,1,Lichtenberg,Accident with minor injuries,Collision with a vehicle traveling laterally in the same direction,Collision involving vehicles going in the same way,Dark,Wet/moist/slippery
1978,191231,5,Maulbeerallee,2019,1,16,2,3,5,3,1,0,1,0,0,0,0,1,Spandau,Accident with minor injuries,Collision with a turning/crossing vehicle,Turning/Crossing accident,Twilight,Wet/moist/slippery
1979,191232,1,Reinickendorfer Straße,2019,1,16,2,3,5,2,1,1,1,0,0,0,0,1,Mitte,Accident with minor injuries,Collision with a turning/crossing vehicle,Turning accident,Twilight,Wet/moist/slippery
1980,191233,3,Rosenthal,2019,1,10,2,3,5,7,0,0,1,0,0,0,0,1,Pankow,Accident with minor injuries,Collision with a turning/crossing vehicle,Others,Daylight,Wet/moist/slippery
1981,191234,11,Karlshorst Nord,2019,1,15,2,3,5,3,0,1,1,0,0,0,0,1,Lichtenberg,Accident with minor injuries,Collision with a turning/crossing vehicle,Turning/Crossing accident,Daylight,Wet/moist/slippery
1982,191235,6,Zehlendorf Süd,2019,1,14,2,3,2,2,0,0,1,0,0,0,0,1,Steglitz-Zehlendorf,Accident with minor injuries,Collision with the vehicle in front/waiting vehicle,Turning accident,Daylight,Wet/moist/slippery
1983,191236,11,Falkenberg West,2019,1,10,2,3,5,3,0,0,1,0,0,0,0,1,Lichtenberg,Accident with minor injuries,Collision with a turning/crossing vehicle,Turning/Crossing accident,Daylight,Wet/moist/slippery
1984,191237,2,Chamissokiez,2019,1,14,2,3,4,1,0,0,1,0,0,0,0,1,Friedrichshain - Kreuzberg,Accident with minor injuries,Collision with oncoming vehicle,Driving accident,Daylight,Wet/moist/slippery
1985,191238,2,Samariterviertel,2019,1,9,2,2,0,1,0,0,0,0,1,0,0,1,Friedrichshain - Kreuzberg,Accident with serious injuries,Others,Driving accident,Daylight,Wet/moist/slippery
1986,191239,1,Westliche Müllerstraße,2019,1,12,2,3,2,6,0,0,1,0,0,0,0,1,Mitte,Accident with minor injuries,Collision with the vehicle in front/waiting vehicle,Collision involving vehicles going in the same way,Daylight,Wet/moist/slippery
1987,191240,4,Leon-Jessel-Platz,2019,1,11,2,3,5,2,0,0,1,0,1,0,0,1,Charlottenburg - Wilmersdorf,Accident with minor injuries,Collision with a turning/crossing vehicle,Turning accident,Daylight,Wet/moist/slippery
1988,191241,4,Alt-Lietzow,2019,1,16,2,3,5,2,2,0,1,0,0,0,0,1,Charlottenburg - Wilmersdorf,Accident with minor injuries,Collision with a turning/crossing vehicle,Turning accident,Dark,Wet/moist/slippery
1989,191242,2,Lausitzer Platz,2019,1,9,2,3,5,3,1,1,1,0,0,0,0,1,Friedrichshain - Kreuzberg,Accident with minor injuries,Collision with a turning/crossing vehicle,Turning/Crossing accident,Twilight,Wet/moist/slippery
1990,191243,6,Zehlendorf Mitte,2019,1,15,2,3,4,6,0,0,1,0,0,0,0,1,Steglitz-Zehlendorf,Accident with minor injuries,Collision with oncoming vehicle,Collision involving vehicles going in the same way,Daylight,Wet/moist/slippery
1991,191244,12,Wittenau Süd,2019,1,11,2,3,6,2,0,0,1,1,0,0,0,1,Reinickendorf,Accident with minor injuries,Collision between vehicle and pedestrian,Turning accident,Daylight,Wet/moist/slippery
1992,191245,12,Scharnweberstraße,2019,1,15,2,3,2,6,1,0,1,0,0,0,0,1,Reinickendorf,Accident with minor injuries,Collision with the vehicle in front/waiting vehicle,Collision involving vehicles going in the same way,Twilight,Wet/moist/slippery
1993,191246,4,Breitscheidplatz,2019,1,9,2,3,5,2,0,0,1,0,1,0,0,1,Charlottenburg - Wilmersdorf,Accident with minor injuries,Collision with a turning/crossing vehicle,Turning accident,Daylight,Wet/moist/slippery
1994,191247,1,Oranienburger Straße,2019,1,8,2,3,6,4,0,0,1,1,0,0,0,1,Mitte,Accident with minor injuries,Collision between vehicle and pedestrian,Pedestrian crossing accident,Daylight,Wet/moist/slippery
1995,191248,6,Schütte-Lanz-Straße,2019,1,8,2,2,5,2,0,0,1,0,0,0,0,1,Steglitz-Zehlendorf,Accident with serious injuries,Collision with a turning/crossing vehicle,Turning accident,Daylight,Wet/moist/slippery
1996,191249,4,Spreestadt,2019,1,8,2,3,5,2,1,1,1,0,0,0,0,1,Charlottenburg - Wilmersdorf,Accident with minor injuries,Collision with a turning/crossing vehicle,Turning accident,Twilight,Wet/moist/slippery
1997,191250,1,Humboldthain Nordwest,2019,1,8,2,2,6,4,0,0,1,1,0,0,0,1,Mitte,Accident with serious injuries,Collision between vehicle and pedestrian,Pedestrian crossing accident,Daylight,Wet/moist/slippery
1998,191251,4,Alt-Lietzow,2019,1,7,2,3,6,2,1,0,1,1,0,0,0,1,Charlottenburg - Wilmersdorf,Accident with minor injuries,Collision between vehicle and pedestrian,Turning accident,Twilight,Wet/moist/slippery
1999,191252,8,Mohriner Allee Nord,2019,1,7,2,2,6,4,2,0,1,1,0,0,0,1,Neukölln,Accident with serious injuries,Collision between vehicle and pedestrian,Pedestrian crossing accident,Dark,Wet/moist/slippery
2000,191253,5,Freiheit,2019,1,6,2,3,6,2,2,0,1,1,0,0,0,1,Spandau,Accident with minor injuries,Collision between vehicle and pedestrian,Turning accident,Dark,Wet/moist/slippery
2001,191254,12,Ziekowstraße/Freie Scholle,2019,1,6,2,3,5,3,2,0,1,0,1,0,0,1,Reinickendorf,Accident with minor injuries,Collision with a turning/crossing vehicle,Turning/Crossing accident,Dark,Wet/moist/slippery
2002,191255,10,Marzahner Chaussee,2019,1,18,2,3,1,5,2,1,0,0,0,0,1,1,Marzahn-Hellersdorf,Accident with minor injuries,Collision with a moving/standing/parked vehicle,Accident involving parked vehicles,Dark,Wet/moist/slippery
2003,191256,2,Wassertorplatz,2019,1,11,2,3,5,3,0,0,1,0,0,0,1,1,Friedrichshain - Kreuzberg,Accident with minor injuries,Collision with a turning/crossing vehicle,Turning/Crossing accident,Daylight,Wet/moist/slippery
2004,191257,9,Bölschestraße,2019,1,13,1,3,1,5,0,1,1,0,0,0,0,0,Treptow-Köpenick,Accident with minor injuries,Collision with a moving/standing/parked vehicle,Accident involving parked vehicles,Daylight,Dry
2005,191258,1,Humboldthain Süd,2019,1,18,1,3,2,6,2,0,1,0,0,0,0,0,Mitte,Accident with minor injuries,Collision with the vehicle in front/waiting vehicle,Collision involving vehicles going in the same way,Dark,Dry
2006,191259,5,Gartenfelder Straße,2019,1,17,1,2,5,3,2,1,1,0,0,0,0,0,Spandau,Accident with serious injuries,Collision with a turning/crossing vehicle,Turning/Crossing accident,Dark,Dry
2007,191260,2,Friedenstraße,2019,1,16,1,3,2,6,2,0,1,0,0,0,0,0,Friedrichshain - Kreuzberg,Accident with minor injuries,Collision with the vehicle in front/waiting vehicle,Collision involving vehicles going in the same way,Dark,Dry
2008,191261,1,Karl-Marx-Allee,2019,1,16,1,3,5,2,2,1,1,0,0,0,0,0,Mitte,Accident with minor injuries,Collision with a turning/crossing vehicle,Turning accident,Dark,Dry
2009,191262,6,Teltower Damm,2019,1,14,1,2,5,3,0,1,1,0,0,0,0,0,Steglitz-Zehlendorf,Accident with serious injuries,Collision with a turning/crossing vehicle,Turning/Crossing accident,Daylight,Dry
2010,191263,12,Schorfheidestraße,2019,1,3,1,2,6,4,2,0,1,1,0,0,0,0,Reinickendorf,Accident with serious injuries,Collision between vehicle and pedestrian,Pedestrian crossing accident,Dark,Dry
2011,191264,7,Kaiser-Wilhelm-Platz,2019,1,14,7,3,3,7,0,1,1,0,0,0,0,1,Tempelhof-Schöneberg,Accident with minor injuries,Collision with a vehicle traveling laterally in the same direction,Others,Daylight,Wet/moist/slippery
2012,191265,1,Leopoldplatz,2019,1,11,7,3,2,6,0,0,1,0,0,0,0,1,Mitte,Accident with minor injuries,Collision with the vehicle in front/waiting vehicle,Collision involving vehicles going in the same way,Daylight,Wet/moist/slippery
2013,191266,1,Rehberge,2019,1,9,7,2,4,1,0,0,1,0,0,0,1,1,Mitte,Accident with serious injuries,Collision with oncoming vehicle,Driving accident,Daylight,Wet/moist/slippery
2014,191267,1,Heine-Viertel West,2019,1,6,7,3,5,3,2,1,1,0,0,0,0,1,Mitte,Accident with minor injuries,Collision with a turning/crossing vehicle,Turning/Crossing accident,Dark,Wet/moist/slippery
2015,191268,8,Schillerpromenade,2019,1,0,7,3,2,2,2,0,1,0,0,1,0,1,Neukölln,Accident with minor injuries,Collision with the vehicle in front/waiting vehicle,Turning accident,Dark,Wet/moist/slippery
2016,191269,8,Schillerpromenade,2019,1,21,7,3,6,2,2,0,1,1,0,0,0,1,Neukölln,Accident with minor injuries,Collision between vehicle and pedestrian,Turning accident,Dark,Wet/moist/slippery
2017,191270,3,Kollwitzplatz,2019,1,18,7,3,6,7,2,0,1,1,0,0,0,1,Pankow,Accident with minor injuries,Collision between vehicle and pedestrian,Others,Dark,Wet/moist/slippery
2018,191271,10,Marzahner Chaussee,2019,1,17,7,3,2,6,2,0,1,0,0,0,0,1,Marzahn-Hellersdorf,Accident with minor injuries,Collision with the vehicle in front/waiting vehicle,Collision involving vehicles going in the same way,Dark,Wet/moist/slippery
2019,191272,5,Darbystraße,2019,1,17,7,3,2,6,2,0,1,0,0,0,0,1,Spandau,Accident with minor injuries,Collision with the vehicle in front/waiting vehicle,Collision involving vehicles going in the same way,Dark,Wet/moist/slippery
2020,191273,6,Augustaplatz,2019,1,17,7,3,6,4,2,0,1,1,0,0,0,2,Steglitz-Zehlendorf,Accident with minor injuries,Collision between vehicle and pedestrian,Pedestrian crossing accident,Dark,Snowy
2021,191274,10,Ringkolonnaden,2019,1,19,6,2,0,1,2,0,0,0,1,0,0,1,Marzahn-Hellersdorf,Accident with serious injuries,Others,Driving accident,Dark,Wet/moist/slippery
2022,191275,12,Schäfersee,2019,1,12,6,3,5,2,0,1,1,0,0,0,0,0,Reinickendorf,Accident with minor injuries,Collision with a turning/crossing vehicle,Turning accident,Daylight,Dry
2023,191276,7,Rathaus Tempelhof,2019,1,22,6,3,5,3,2,0,1,0,0,0,0,1,Tempelhof-Schöneberg,Accident with minor injuries,Collision with a turning/crossing vehicle,Turning/Crossing accident,Dark,Wet/moist/slippery
2024,191277,5,Döberitzer Weg,2019,1,21,6,3,8,1,2,0,1,0,0,0,0,1,Spandau,Accident with minor injuries,Departure from the roadway to the right,Driving accident,Dark,Wet/moist/slippery
2025,191278,1,Charitéviertel,2019,1,21,6,3,3,6,2,0,0,0,1,0,1,1,Mitte,Accident with minor injuries,Collision with a vehicle traveling laterally in the same direction,Collision involving vehicles going in the same way,Dark,Wet/moist/slippery
2026,191279,12,Scharnweberstraße,2019,1,20,6,2,6,4,2,0,1,1,0,0,0,1,Reinickendorf,Accident with serious injuries,Collision between vehicle and pedestrian,Pedestrian crossing accident,Dark,Wet/moist/slippery
2027,191280,2,Boxhagener Platz,2019,1,18,6,3,6,4,2,1,0,1,0,0,0,1,Friedrichshain - Kreuzberg,Accident with minor injuries,Collision between vehicle and pedestrian,Pedestrian crossing accident,Dark,Wet/moist/slippery
2028,191281,11,Falkenberg Ost,2019,1,13,6,3,5,2,0,1,1,0,0,0,0,1,Lichtenberg,Accident with minor injuries,Collision with a turning/crossing vehicle,Turning accident,Daylight,Wet/moist/slippery
2029,191282,10,Kaulsdorf Nord,2019,1,15,6,3,5,3,0,1,1,0,0,0,0,1,Marzahn-Hellersdorf,Accident with minor injuries,Collision with a turning/crossing vehicle,Turning/Crossing accident,Daylight,Wet/moist/slippery
2030,191283,4,Plötzensee,2019,1,14,6,3,1,5,0,0,1,0,0,0,0,1,Charlottenburg - Wilmersdorf,Accident with minor injuries,Collision with a moving/standing/parked vehicle,Accident involving parked vehicles,Daylight,Wet/moist/slippery
2031,191284,4,Kissinger Straße,2019,1,15,6,3,5,3,1,1,1,0,0,0,0,1,Charlottenburg - Wilmersdorf,Accident with minor injuries,Collision with a turning/crossing vehicle,Turning/Crossing accident,Twilight,Wet/moist/slippery
2032,191285,12,Schäfersee,2019,1,14,6,3,6,2,0,0,1,1,0,0,0,1,Reinickendorf,Accident with minor injuries,Collision between vehicle and pedestrian,Turning accident,Daylight,Wet/moist/slippery
2033,191286,2,Wrangelkiez,2019,1,16,6,3,6,4,2,1,0,1,0,0,0,1,Friedrichshain - Kreuzberg,Accident with minor injuries,Collision between vehicle and pedestrian,Pedestrian crossing accident,Dark,Wet/moist/slippery
2034,191287,2,Moritzplatz,2019,1,13,6,3,0,7,0,0,1,0,1,0,0,1,Friedrichshain - Kreuzberg,Accident with minor injuries,Others,Others,Daylight,Wet/moist/slippery
2035,191288,4,Droysenstraße,2019,1,10,6,3,5,5,0,0,1,0,0,0,0,1,Charlottenburg - Wilmersdorf,Accident with minor injuries,Collision with a turning/crossing vehicle,Accident involving parked vehicles,Daylight,Wet/moist/slippery
2036,191289,4,Schloßgarten,2019,1,13,6,3,5,5,0,0,1,0,0,1,0,1,Charlottenburg - Wilmersdorf,Accident with minor injuries,Collision with a turning/crossing vehicle,Accident involving parked vehicles,Daylight,Wet/moist/slippery
2037,191290,6,Südende,2019,1,14,6,3,2,3,0,0,1,0,0,0,0,1,Steglitz-Zehlendorf,Accident with minor injuries,Collision with the vehicle in front/waiting vehicle,Turning/Crossing accident,Daylight,Wet/moist/slippery
2038,191291,12,Schäfersee,2019,1,13,6,3,1,5,0,0,1,0,0,0,0,1,Reinickendorf,Accident with minor injuries,Collision with a moving/standing/parked vehicle,Accident involving parked vehicles,Daylight,Wet/moist/slippery
2039,191292,11,Zingster Straße West,2019,1,8,6,3,5,3,1,0,1,0,0,0,1,1,Lichtenberg,Accident with minor injuries,Collision with a turning/crossing vehicle,Turning/Crossing accident,Twilight,Wet/moist/slippery