,object id,district,street,year,month,hour of day,weekday,category,accident type,accident type 2,light situation,bike involved,car involved,pedestrian involved,motor bike involved,big track involved,other vehicle involved,road condition,district name,category name,accident detail,accident type detail,light condition,road condition detail
2040,191293,11,Weitlingstraße,2019,1,5,6,3,5,3,2,1,1,0,0,0,0,1,Lichtenberg,Accident with minor injuries,Collision with a turning/crossing vehicle,Turning/Crossing accident,Dark,Wet/moist/slippery
2041,191294,5,Gütersloher Weg,2019,1,5,6,3,6,2,2,0,1,1,0,0,0,0,Spandau,Accident with minor injuries,Collision between vehicle and pedestrian,Turning accident,Dark,Dry
2042,191295,8,Rixdorf,2019,1,12,6,3,5,3,0,0,1,0,0,0,1,1,Neukölln,Accident with minor injuries,Collision with a turning/crossing vehicle,Turning/Crossing accident,Daylight,Wet/moist/slippery
2043,191296,2,Graefekiez,2019,1,11,5,3,0,6,0,0,1,0,0,0,1,0,Friedrichshain - Kreuzberg,Accident with minor injuries,Others,Collision involving vehicles going in the same way,Daylight,Dry
2044,191297,1,Gesundbrunnen,2019,1,15,5,3,2,6,0,0,1,0,0,0,0,0,Mitte,Accident with minor injuries,Collision with the vehicle in front/waiting vehicle,Collision involving vehicles going in the same way,Daylight,Dry
2045,191298,5,Carl-Schurz-Straße,2019,1,15,5,2,5,2,0,0,1,0,1,0,0,0,Spandau,Accident with serious injuries,Collision with a turning/crossing vehicle,Turning accident,Daylight,Dry
2046,191299,8,Glasower Straße,2019,1,22,5,3,5,2,2,0,1,0,0,0,0,0,Neukölln,Accident with minor injuries,Collision with a turning/crossing vehicle,Turning accident,Dark,Dry
2047,191300,4,Messelpark,2019,1,14,5,2,5,3,0,1,1,0,0,0,0,0,Charlottenburg - Wilmersdorf,Accident with serious injuries,Collision with a turning/crossing vehicle,Turning/Crossing accident,Daylight,Dry
2048,191301,9,Dammvorstadt,2019,1,14,5,3,5,3,0,1,1,0,0,0,0,0,Treptow-Köpenick,Accident with minor injuries,Collision with a turning/crossing vehicle,Turning/Crossing accident,Daylight,Dry
2049,191302,4,Breitscheidplatz,2019,1,14,5,3,5,2,0,0,1,0,0,0,0,1,Charlottenburg - Wilmersdorf,Accident with minor injuries,Collision with a turning/crossing vehicle,Turning accident,Daylight,Wet/moist/slippery
2050,191303,3,Volkspark Prenzlauer Berg,2019,1,12,5,2,6,4,0,0,1,1,0,0,0,0,Pankow,Accident with serious injuries,Collision between vehicle and pedestrian,Pedestrian crossing accident,Daylight,Dry
2051,191304,9,Bölschestraße,2019,1,19,5,3,6,4,2,0,1,1,0,0,0,0,Treptow-Köpenick,Accident with minor injuries,Collision between vehicle and pedestrian,Pedestrian crossing accident,Dark,Dry
2052,191305,1,Lützowstraße,2019,1,13,5,3,5,2,0,0,1,0,1,0,0,1,Mitte,Accident with minor injuries,Collision with a turning/crossing vehicle,Turning accident,Daylight,Wet/moist/slippery
2053,191306,5,Gütersloher Weg,2019,1,17,5,2,6,4,2,0,1,1,0,0,0,0,Spandau,Accident with serious injuries,Collision between vehicle and pedestrian,Pedestrian crossing accident,Dark,Dry
2054,191307,3,Fennpfuhl West,2019,1,17,5,3,5,2,2,1,1,0,0,0,0,0,Pankow,Accident with minor injuries,Collision with a turning/crossing vehicle,Turning accident,Dark,Dry
2055,191308,12,Lübarser Straße,2019,1,21,5,2,0,1,2,0,0,0,1,0,0,0,Reinickendorf,Accident with serious injuries,Others,Driving accident,Dark,Dry
2056,191309,1,Stephankiez,2019,1,11,5,3,5,2,0,0,1,0,0,0,0,1,Mitte,Accident with minor injuries,Collision with a turning/crossing vehicle,Turning accident,Daylight,Wet/moist/slippery
2057,191310,7,Nollendorfplatz,2019,1,11,5,3,6,7,0,0,1,1,0,0,0,1,Tempelhof-Schöneberg,Accident with minor injuries,Collision between vehicle and pedestrian,Others,Daylight,Wet/moist/slippery
2058,191311,4,Park Ruhwald,2019,1,10,5,2,5,3,0,1,1,0,0,0,0,0,Charlottenburg - Wilmersdorf,Accident with serious injuries,Collision with a turning/crossing vehicle,Turning/Crossing accident,Daylight,Dry
2059,191312,7,Marienhöhe,2019,1,8,5,3,3,6,0,1,0,0,0,0,1,0,Tempelhof-Schöneberg,Accident with minor injuries,Collision with a vehicle traveling laterally in the same direction,Collision involving vehicles going in the same way,Daylight,Dry
2060,191313,8,Zittauer Straße,2019,1,8,5,3,5,3,0,1,1,0,0,0,0,0,Neukölln,Accident with minor injuries,Collision with a turning/crossing vehicle,Turning/Crossing accident,Daylight,Dry
2061,191314,5,Magistratsweg,2019,1,6,5,3,5,2,2,0,1,0,0,0,0,0,Spandau,Accident with minor injuries,Collision with a turning/crossing vehicle,Turning accident,Dark,Dry
2062,191315,1,Lüneburger Straße,2019,1,6,5,3,6,2,2,0,1,1,0,0,0,0,Mitte,Accident with minor injuries,Collision between vehicle and pedestrian,Turning accident,Dark,Dry
2063,191316,8,Glasower Straße,2019,1,21,4,3,1,5,2,1,1,0,0,0,0,0,Neukölln,Accident with minor injuries,Collision with a moving/standing/parked vehicle,Accident involving parked vehicles,Dark,Dry
2064,191317,3,Bötzowstraße,2019,1,18,4,3,0,5,2,0,1,0,1,0,0,1,Pankow,Accident with minor injuries,Others,Accident involving parked vehicles,Dark,Wet/moist/slippery
2065,191318,4,Ernst-Reuter-Platz,2019,1,18,4,3,5,3,2,1,1,0,0,0,0,0,Charlottenburg - Wilmersdorf,Accident with minor injuries,Collision with a turning/crossing vehicle,Turning/Crossing accident,Dark,Dry
2066,191319,2,Richard-Sorge-Viertel,2019,1,16,4,3,2,6,2,0,1,0,0,0,0,1,Friedrichshain - Kreuzberg,Accident with minor injuries,Collision with the vehicle in front/waiting vehicle,Collision involving vehicles going in the same way,Dark,Wet/moist/slippery
2067,191320,1,Unter den Linden Nord,2019,1,14,4,3,3,6,0,0,1,0,0,0,0,0,Mitte,Accident with minor injuries,Collision with a vehicle traveling laterally in the same direction,Collision involving vehicles going in the same way,Daylight,Dry
2068,191321,6,Lichterfelde West,2019,1,13,4,3,2,6,0,0,1,0,0,0,0,1,Steglitz-Zehlendorf,Accident with minor injuries,Collision with the vehicle in front/waiting vehicle,Collision involving vehicles going in the same way,Daylight,Wet/moist/slippery
2069,191322,8,Körnerpark,2019,1,12,4,3,5,3,0,0,1,0,0,0,0,1,Neukölln,Accident with minor injuries,Collision with a turning/crossing vehicle,Turning/Crossing accident,Daylight,Wet/moist/slippery
2070,191323,4,Hagenplatz,2019,1,12,4,3,6,2,0,0,1,1,0,0,0,0,Charlottenburg - Wilmersdorf,Accident with minor injuries,Collision between vehicle and pedestrian,Turning accident,Daylight,Dry
2071,191324,10,Marzahner Chaussee,2019,1,12,4,3,2,6,0,0,1,0,0,0,1,1,Marzahn-Hellersdorf,Accident with minor injuries,Collision with the vehicle in front/waiting vehicle,Collision involving vehicles going in the same way,Daylight,Wet/moist/slippery
2072,191325,4,Ernst-Reuter-Platz,2019,1,11,4,2,6,4,0,0,0,1,0,0,1,1,Charlottenburg - Wilmersdorf,Accident with serious injuries,Collision between vehicle and pedestrian,Pedestrian crossing accident,Daylight,Wet/moist/slippery
2073,191326,7,Alt-Lichtenrade/Töpchiner Weg,2019,1,10,4,3,5,3,0,0,1,0,0,0,0,1,Tempelhof-Schöneberg,Accident with minor injuries,Collision with a turning/crossing vehicle,Turning/Crossing accident,Daylight,Wet/moist/slippery
2074,191327,6,Teltower Damm,2019,1,7,4,3,2,7,1,0,1,0,0,0,0,1,Steglitz-Zehlendorf,Accident with minor injuries,Collision with the vehicle in front/waiting vehicle,Others,Twilight,Wet/moist/slippery
2075,191328,11,Weitlingstraße,2019,1,13,4,3,4,7,0,0,1,0,0,0,0,0,Lichtenberg,Accident with minor injuries,Collision with oncoming vehicle,Others,Daylight,Dry
2076,191329,12,Frohnau,2019,1,16,3,3,4,1,2,0,1,0,0,0,0,1,Reinickendorf,Accident with minor injuries,Collision with oncoming vehicle,Driving accident,Dark,Wet/moist/slippery
2077,191330,7,Friedenau,2019,1,17,3,2,2,6,2,0,1,0,0,0,0,1,Tempelhof-Schöneberg,Accident with serious injuries,Collision with the vehicle in front/waiting vehicle,Collision involving vehicles going in the same way,Dark,Wet/moist/slippery
2078,191331,6,Stadtpark,2019,1,17,3,3,6,2,2,0,1,1,0,0,0,1,Steglitz-Zehlendorf,Accident with minor injuries,Collision between vehicle and pedestrian,Turning accident,Dark,Wet/moist/slippery
2079,191332,8,Waßmannsdorfer Chaussee,2019,1,16,3,3,5,3,2,0,1,0,0,0,0,1,Neukölln,Accident with minor injuries,Collision with a turning/crossing vehicle,Turning/Crossing accident,Dark,Wet/moist/slippery
2080,191333,5,Freiheit,2019,1,6,3,3,2,6,2,0,1,0,0,0,0,1,Spandau,Accident with minor injuries,Collision with the vehicle in front/waiting vehicle,Collision involving vehicles going in the same way,Dark,Wet/moist/slippery
2081,191334,2,Moritzplatz,2019,1,5,3,3,5,3,2,0,1,0,0,0,0,1,Friedrichshain - Kreuzberg,Accident with minor injuries,Collision with a turning/crossing vehicle,Turning/Crossing accident,Dark,Wet/moist/slippery
2082,191335,1,Lüneburger Straße,2019,1,17,3,3,1,5,2,0,1,0,0,0,0,1,Mitte,Accident with minor injuries,Collision with a moving/standing/parked vehicle,Accident involving parked vehicles,Dark,Wet/moist/slippery
2083,191336,1,Heine-Viertel Ost,2019,1,2,3,2,6,4,2,0,1,1,0,0,0,1,Mitte,Accident with serious injuries,Collision between vehicle and pedestrian,Pedestrian crossing accident,Dark,Wet/moist/slippery
2084,191337,1,Sparrplatz,2019,1,3,3,3,6,2,2,0,1,1,0,0,0,1,Mitte,Accident with minor injuries,Collision between vehicle and pedestrian,Turning accident,Dark,Wet/moist/slippery
2085,191338,7,Kaiser-Wilhelm-Platz,2019,1,15,4,3,1,5,0,1,1,0,0,0,0,1,Tempelhof-Schöneberg,Accident with minor injuries,Collision with a moving/standing/parked vehicle,Accident involving parked vehicles,Daylight,Wet/moist/slippery
2086,191339,2,Wriezener Bahnhof/Entwicklungsgebiet,2019,1,4,3,3,5,2,2,0,1,0,0,0,0,1,Friedrichshain - Kreuzberg,Accident with minor injuries,Collision with a turning/crossing vehicle,Turning accident,Dark,Wet/moist/slippery
2087,191340,7,Volkspark (Rudolf-Wilde-Park),2019,1,0,3,2,6,4,2,0,1,1,0,0,0,1,Tempelhof-Schöneberg,Accident with serious injuries,Collision between vehicle and pedestrian,Pedestrian crossing accident,Dark,Wet/moist/slippery
2088,191341,7,John-Locke-Straße,2019,1,1,3,2,5,3,2,0,1,0,0,0,1,1,Tempelhof-Schöneberg,Accident with serious injuries,Collision with a turning/crossing vehicle,Turning/Crossing accident,Dark,Wet/moist/slippery
2089,191342,1,Unter den Linden Süd,2019,1,3,3,3,5,3,2,0,1,0,0,0,1,1,Mitte,Accident with minor injuries,Collision with a turning/crossing vehicle,Turning/Crossing accident,Dark,Wet/moist/slippery
2090,191345,1,Emdener Straße,2019,1,15,4,3,2,6,0,0,1,0,0,0,0,1,Mitte,Accident with minor injuries,Collision with the vehicle in front/waiting vehicle,Collision involving vehicles going in the same way,Daylight,Wet/moist/slippery
2091,191353,7,Grazer Platz,2019,1,15,4,3,2,6,0,0,1,0,0,0,0,1,Tempelhof-Schöneberg,Accident with minor injuries,Collision with the vehicle in front/waiting vehicle,Collision involving vehicles going in the same way,Daylight,Wet/moist/slippery
2092,191362,5,Motardstraße,2019,1,14,4,3,5,3,0,0,1,0,0,0,0,0,Spandau,Accident with minor injuries,Collision with a turning/crossing vehicle,Turning/Crossing accident,Daylight,Dry
2093,191366,5,Staakener Straße,2019,1,14,4,3,5,3,0,0,1,0,0,0,1,1,Spandau,Accident with minor injuries,Collision with a turning/crossing vehicle,Turning/Crossing accident,Daylight,Wet/moist/slippery
2094,191369,4,Paul-Hertz-Siedlung,2019,1,17,4,2,0,7,2,0,1,0,0,0,0,1,Charlottenburg - Wilmersdorf,Accident with serious injuries,Others,Others,Dark,Wet/moist/slippery
2095,191371,3,Blankenfelde,2019,1,13,4,3,5,3,0,0,1,0,0,0,0,1,Pankow,Accident with minor injuries,Collision with a turning/crossing vehicle,Turning/Crossing accident,Daylight,Wet/moist/slippery
2096,191372,8,Parchimer Allee,2019,1,13,4,3,5,7,0,0,1,0,0,0,0,1,Neukölln,Accident with minor injuries,Collision with a turning/crossing vehicle,Others,Daylight,Wet/moist/slippery
2097,191376,2,Rathaus Yorckstraße,2019,1,13,4,3,5,7,0,0,1,0,1,0,0,1,Friedrichshain - Kreuzberg,Accident with minor injuries,Collision with a turning/crossing vehicle,Others,Daylight,Wet/moist/slippery
2098,191378,6,Hüttenweg,2019,1,12,4,3,5,3,0,0,1,0,0,0,0,1,Steglitz-Zehlendorf,Accident with minor injuries,Collision with a turning/crossing vehicle,Turning/Crossing accident,Daylight,Wet/moist/slippery
2099,191381,4,Plötzensee,2019,1,16,4,3,2,6,1,0,1,0,0,0,0,1,Charlottenburg - Wilmersdorf,Accident with minor injuries,Collision with the vehicle in front/waiting vehicle,Collision involving vehicles going in the same way,Twilight,Wet/moist/slippery
2100,191388,3,Pankow Zentrum,2019,1,18,4,3,2,2,2,0,1,0,0,0,0,1,Pankow,Accident with minor injuries,Collision with the vehicle in front/waiting vehicle,Turning accident,Dark,Wet/moist/slippery
2101,191391,1,Andreasviertel,2019,1,18,4,3,5,3,2,0,1,0,0,0,0,1,Mitte,Accident with minor injuries,Collision with a turning/crossing vehicle,Turning/Crossing accident,Dark,Wet/moist/slippery
2102,191400,4,George-Grosz-Platz,2019,1,12,4,3,2,6,0,0,1,0,0,0,0,1,Charlottenburg - Wilmersdorf,Accident with minor injuries,Collision with the vehicle in front/waiting vehicle,Collision involving vehicles going in the same way,Daylight,Wet/moist/slippery
2103,191406,11,Fennpfuhl Ost,2019,1,19,6,3,0,1,2,0,1,0,0,0,0,1,Lichtenberg,Accident with minor injuries,Others,Driving accident,Dark,Wet/moist/slippery
2104,191407,1,Wilhelmstraße,2019,1,17,6,2,1,5,2,1,1,0,0,0,0,1,Mitte,Accident with serious injuries,Collision with a moving/standing/parked vehicle,Accident involving parked vehicles,Dark,Wet/moist/slippery
2105,191408,12,Teichstraße,2019,1,17,6,3,1,5,2,0,1,0,0,0,0,1,Reinickendorf,Accident with minor injuries,Collision with a moving/standing/parked vehicle,Accident involving parked vehicles,Dark,Wet/moist/slippery
2106,191409,1,Leipziger Straße,2019,1,17,6,3,5,3,2,0,1,0,0,0,0,0,Mitte,Accident with minor injuries,Collision with a turning/crossing vehicle,Turning/Crossing accident,Dark,Dry
2107,191410,9,Siedlung Kämmereiheide,2019,1,16,6,3,0,6,0,0,1,0,0,0,1,0,Treptow-Köpenick,Accident with minor injuries,Others,Collision involving vehicles going in the same way,Daylight,Dry
2108,191411,5,Tiefwerder,2019,1,15,6,2,1,1,0,0,1,0,0,1,0,0,Spandau,Accident with serious injuries,Collision with a moving/standing/parked vehicle,Driving accident,Daylight,Dry
2109,191412,6,Berlepschstraße,2019,1,15,6,3,0,1,0,0,0,0,1,0,0,2,Steglitz-Zehlendorf,Accident with minor injuries,Others,Driving accident,Daylight,Snowy
2110,191413,10,Adele-Sandrock-Straße,2019,1,14,6,3,2,2,0,0,1,0,0,0,0,0,Marzahn-Hellersdorf,Accident with minor injuries,Collision with the vehicle in front/waiting vehicle,Turning accident,Daylight,Dry
2111,191414,10,Oberfeldstraße,2019,1,14,6,3,5,2,0,1,1,0,0,0,0,1,Marzahn-Hellersdorf,Accident with minor injuries,Collision with a turning/crossing vehicle,Turning accident,Daylight,Wet/moist/slippery
2112,191415,4,Kaiserin-Augusta-Allee,2019,1,14,6,3,1,5,0,0,1,0,0,0,0,0,Charlottenburg - Wilmersdorf,Accident with minor injuries,Collision with a moving/standing/parked vehicle,Accident involving parked vehicles,Daylight,Dry
2113,191416,1,Leipziger Straße,2019,1,13,6,3,5,2,0,0,1,0,0,0,0,0,Mitte,Accident with minor injuries,Collision with a turning/crossing vehicle,Turning accident,Daylight,Dry
2114,191417,11,Orankesee,2019,1,13,6,3,5,7,0,0,1,0,0,0,1,0,Lichtenberg,Accident with minor injuries,Collision with a turning/crossing vehicle,Others,Daylight,Dry
2115,191418,5,Eiswerder,2019,1,13,6,2,2,6,0,0,1,0,0,0,0,0,Spandau,Accident with serious injuries,Collision with the vehicle in front/waiting vehicle,Collision involving vehicles going in the same way,Daylight,Dry
2116,191419,1,Lüneburger Straße,2019,1,12,6,3,5,2,0,1,0,0,0,1,0,0,Mitte,Accident with minor injuries,Collision with a turning/crossing vehicle,Turning accident,Daylight,Dry
2117,191420,2,Oranienplatz,2019,1,0,6,3,5,3,2,1,1,0,0,0,0,1,Friedrichshain - Kreuzberg,Accident with minor injuries,Collision with a turning/crossing vehicle,Turning/Crossing accident,Dark,Wet/moist/slippery
2118,191421,11,Stralauer Kiez,2019,1,6,6,3,6,4,2,0,1,1,0,0,0,1,Lichtenberg,Accident with minor injuries,Collision between vehicle and pedestrian,Pedestrian crossing accident,Dark,Wet/moist/slippery
2119,191422,10,Kaulsdorf Nord I,2019,1,6,6,3,6,2,2,0,1,1,0,0,0,1,Marzahn-Hellersdorf,Accident with minor injuries,Collision between vehicle and pedestrian,Turning accident,Dark,Wet/moist/slippery
2120,191423,3,Buchholz,2019,1,7,6,3,5,3,1,1,1,0,0,0,0,2,Pankow,Accident with minor injuries,Collision with a turning/crossing vehicle,Turning/Crossing accident,Twilight,Snowy
2121,191424,7,Bayerischer Platz,2019,1,7,6,3,6,2,1,0,1,1,0,0,0,1,Tempelhof-Schöneberg,Accident with minor injuries,Collision between vehicle and pedestrian,Turning accident,Twilight,Wet/moist/slippery
2122,191425,2,Friedenstraße,2019,1,7,6,2,6,4,1,0,1,1,0,0,0,1,Friedrichshain - Kreuzberg,Accident with serious injuries,Collision between vehicle and pedestrian,Pedestrian crossing accident,Twilight,Wet/moist/slippery
2123,191426,7,Friedenau,2019,1,8,6,3,6,2,0,0,1,1,0,0,0,1,Tempelhof-Schöneberg,Accident with minor injuries,Collision between vehicle and pedestrian,Turning accident,Daylight,Wet/moist/slippery
2124,191427,1,Alexanderplatzviertel,2019,1,8,6,3,6,4,0,1,0,1,0,0,0,1,Mitte,Accident with minor injuries,Collision between vehicle and pedestrian,Pedestrian crossing accident,Daylight,Wet/moist/slippery
2125,191428,7,Barbarossaplatz,2019,1,8,6,3,1,5,0,1,1,0,0,0,0,0,Tempelhof-Schöneberg,Accident with minor injuries,Collision with a moving/standing/parked vehicle,Accident involving parked vehicles,Daylight,Dry
2126,191429,10,Oberfeldstraße,2019,1,9,6,3,5,2,0,0,1,0,0,0,0,1,Marzahn-Hellersdorf,Accident with minor injuries,Collision with a turning/crossing vehicle,Turning accident,Daylight,Wet/moist/slippery
2127,191430,1,Leipziger Straße,2019,1,11,6,3,2,7,0,0,1,0,0,0,0,0,Mitte,Accident with minor injuries,Collision with the vehicle in front/waiting vehicle,Others,Daylight,Dry
2128,191431,8,Gropiusstadt Nord,2019,1,10,6,3,2,6,0,0,1,0,0,0,1,1,Neukölln,Accident with minor injuries,Collision with the vehicle in front/waiting vehicle,Collision involving vehicles going in the same way,Daylight,Wet/moist/slippery
2129,191432,12,Waldidyll/Flughafensee,2019,1,12,6,3,5,3,0,0,1,0,0,0,1,0,Reinickendorf,Accident with minor injuries,Collision with a turning/crossing vehicle,Turning/Crossing accident,Daylight,Dry
2130,191433,1,Körnerstraße,2019,1,10,1,3,5,3,0,0,1,0,0,0,0,0,Mitte,Accident with minor injuries,Collision with a turning/crossing vehicle,Turning/Crossing accident,Daylight,Dry
2131,191434,2,Weberwiese,2019,1,10,6,3,1,7,0,0,1,0,0,0,0,0,Friedrichshain - Kreuzberg,Accident with minor injuries,Collision with a moving/standing/parked vehicle,Others,Daylight,Dry
2132,191435,1,Westhafen,2019,1,7,5,3,5,2,2,1,1,0,0,0,0,1,Mitte,Accident with minor injuries,Collision with a turning/crossing vehicle,Turning accident,Dark,Wet/moist/slippery
2133,191436,1,Lüneburger Straße,2019,1,5,5,3,5,2,2,0,1,0,0,0,0,1,Mitte,Accident with minor injuries,Collision with a turning/crossing vehicle,Turning accident,Dark,Wet/moist/slippery
2134,191437,4,Hindemithplatz,2019,1,21,5,3,6,2,2,0,1,1,0,0,0,1,Charlottenburg - Wilmersdorf,Accident with minor injuries,Collision between vehicle and pedestrian,Turning accident,Dark,Wet/moist/slippery
2135,191438,9,Kietzer Feld/Nachtheide,2019,1,20,5,2,3,6,2,1,1,0,0,0,0,1,Treptow-Köpenick,Accident with serious injuries,Collision with a vehicle traveling laterally in the same direction,Collision involving vehicles going in the same way,Dark,Wet/moist/slippery
2136,191439,7,Friedenau,2019,1,19,5,3,6,7,2,0,1,1,0,0,0,1,Tempelhof-Schöneberg,Accident with minor injuries,Collision between vehicle and pedestrian,Others,Dark,Wet/moist/slippery
2137,191440,10,Havemannstraße,2019,1,19,5,3,6,3,2,0,1,1,0,0,0,1,Marzahn-Hellersdorf,Accident with minor injuries,Collision between vehicle and pedestrian,Turning/Crossing accident,Dark,Wet/moist/slippery
2138,191441,11,Falkenberg West,2019,1,18,5,2,6,2,2,0,1,1,0,0,0,1,Lichtenberg,Accident with serious injuries,Collision between vehicle and pedestrian,Turning accident,Dark,Wet/moist/slippery
2139,191442,3,Bucher Forst,2019,1,18,7,3,4,6,2,0,1,0,0,0,0,1,Pankow,Accident with minor injuries,Collision with oncoming vehicle,Collision involving vehicles going in the same way,Dark,Wet/moist/slippery
2140,191443,1,Leopoldplatz,2019,1,19,5,3,2,6,2,0,1,0,0,0,0,1,Mitte,Accident with minor injuries,Collision with the vehicle in front/waiting vehicle,Collision involving vehicles going in the same way,Dark,Wet/moist/slippery
2141,191444,1,Reinickendorfer Straße,2019,1,18,5,3,5,3,1,1,1,0,0,0,0,1,Mitte,Accident with minor injuries,Collision with a turning/crossing vehicle,Turning/Crossing accident,Twilight,Wet/moist/slippery
2142,191445,2,Askanischer Platz,2019,1,18,5,3,5,2,2,1,1,0,0,0,0,1,Friedrichshain - Kreuzberg,Accident with minor injuries,Collision with a turning/crossing vehicle,Turning accident,Dark,Wet/moist/slippery
2143,191446,8,Glasower Straße,2019,1,18,5,3,5,7,2,0,1,0,1,0,0,1,Neukölln,Accident with minor injuries,Collision with a turning/crossing vehicle,Others,Dark,Wet/moist/slippery
2144,191447,9,Baumschulenstraße,2019,1,18,5,2,6,2,2,0,1,1,0,0,0,1,Treptow-Köpenick,Accident with serious injuries,Collision between vehicle and pedestrian,Turning accident,Dark,Wet/moist/slippery
2145,191448,1,Unter den Linden Nord,2019,1,18,5,3,3,6,2,1,1,0,0,0,0,1,Mitte,Accident with minor injuries,Collision with a vehicle traveling laterally in the same direction,Collision involving vehicles going in the same way,Dark,Wet/moist/slippery
2146,191449,2,Friedenstraße,2019,1,18,5,2,0,2,2,0,1,0,0,0,1,1,Friedrichshain - Kreuzberg,Accident with serious injuries,Others,Turning accident,Dark,Wet/moist/slippery
2147,191450,4,Richard-Wagner-Straße,2019,1,13,5,3,6,2,0,0,1,1,0,0,0,0,Charlottenburg - Wilmersdorf,Accident with minor injuries,Collision between vehicle and pedestrian,Turning accident,Daylight,Dry
2148,191451,1,Charitéviertel,2019,1,11,5,2,6,4,0,0,0,1,0,0,1,0,Mitte,Accident with serious injuries,Collision between vehicle and pedestrian,Pedestrian crossing accident,Daylight,Dry
2149,191452,6,Lankwitz Kirche,2019,1,12,5,3,1,5,0,1,1,0,0,0,0,0,Steglitz-Zehlendorf,Accident with minor injuries,Collision with a moving/standing/parked vehicle,Accident involving parked vehicles,Daylight,Dry
2150,191453,4,Schaperstraße,2019,1,14,5,2,5,7,0,0,1,0,0,0,0,0,Charlottenburg - Wilmersdorf,Accident with serious injuries,Collision with a turning/crossing vehicle,Others,Daylight,Dry
2151,191454,4,Halensee,2019,1,18,7,3,1,5,2,1,1,0,0,0,1,0,Charlottenburg - Wilmersdorf,Accident with minor injuries,Collision with a moving/standing/parked vehicle,Accident involving parked vehicles,Dark,Dry
2152,191455,6,Teltower Damm,2019,1,14,5,2,2,3,0,1,1,0,0,0,0,0,Steglitz-Zehlendorf,Accident with serious injuries,Collision with the vehicle in front/waiting vehicle,Turning/Crossing accident,Daylight,Dry
2153,191456,1,Beusselkiez,2019,1,15,5,3,1,5,0,1,1,0,0,0,0,1,Mitte,Accident with minor injuries,Collision with a moving/standing/parked vehicle,Accident involving parked vehicles,Daylight,Wet/moist/slippery
2154,191457,7,Marienhöhe,2019,1,15,5,3,5,2,0,0,1,0,1,0,0,0,Tempelhof-Schöneberg,Accident with minor injuries,Collision with a turning/crossing vehicle,Turning accident,Daylight,Dry
2155,191458,7,Franziusweg/Rohrbachstraße,2019,1,14,1,2,6,2,0,0,1,1,0,0,0,0,Tempelhof-Schöneberg,Accident with serious injuries,Collision between vehicle and pedestrian,Turning accident,Daylight,Dry
2156,191459,4,Wilhelmsaue,2019,1,16,5,2,6,2,0,0,1,1,0,0,0,0,Charlottenburg - Wilmersdorf,Accident with serious injuries,Collision between vehicle and pedestrian,Turning accident,Daylight,Dry
2157,191460,7,Marienfelder Allee Nordwest,2019,1,16,5,3,0,2,1,0,1,0,0,0,1,0,Tempelhof-Schöneberg,Accident with minor injuries,Others,Turning accident,Twilight,Dry
2158,191461,4,Schaperstraße,2019,1,17,5,3,2,1,1,0,1,0,0,0,0,1,Charlottenburg - Wilmersdorf,Accident with minor injuries,Collision with the vehicle in front/waiting vehicle,Driving accident,Twilight,Wet/moist/slippery
2159,191462,4,Hagenplatz,2019,1,17,5,3,1,5,1,0,1,0,0,0,0,1,Charlottenburg - Wilmersdorf,Accident with minor injuries,Collision with a moving/standing/parked vehicle,Accident involving parked vehicles,Twilight,Wet/moist/slippery
2160,191463,9,Adlershof West,2019,1,17,5,2,2,6,1,0,1,0,1,0,0,1,Treptow-Köpenick,Accident with serious injuries,Collision with the vehicle in front/waiting vehicle,Collision involving vehicles going in the same way,Twilight,Wet/moist/slippery
2161,191464,8,Buschkrugallee Nord,2019,1,17,5,3,8,1,1,0,1,0,0,0,0,1,Neukölln,Accident with minor injuries,Departure from the roadway to the right,Driving accident,Twilight,Wet/moist/slippery
2162,191465,11,Dorf Falkenberg,2019,1,10,5,2,9,1,0,0,1,0,0,0,0,0,Lichtenberg,Accident with serious injuries,Departure from the roadway to the left,Driving accident,Daylight,Dry
2163,191466,8,Zittauer Straße,2019,1,22,4,2,1,1,2,0,1,0,0,0,1,0,Neukölln,Accident with serious injuries,Collision with a moving/standing/parked vehicle,Driving accident,Dark,Dry
2164,191467,1,Humboldthain Nordwest,2019,1,21,4,2,6,4,2,1,0,1,0,0,0,0,Mitte,Accident with serious injuries,Collision between vehicle and pedestrian,Pedestrian crossing accident,Dark,Dry
2165,191468,1,Oranienburger Straße,2019,1,21,4,3,1,5,2,1,1,0,0,0,0,0,Mitte,Accident with minor injuries,Collision with a moving/standing/parked vehicle,Accident involving parked vehicles,Dark,Dry
2166,191469,3,Humannplatz,2019,1,21,4,3,5,3,2,1,1,0,0,0,0,0,Pankow,Accident with minor injuries,Collision with a turning/crossing vehicle,Turning/Crossing accident,Dark,Dry
2167,191470,1,Lüneburger Straße,2019,1,17,4,3,2,6,2,0,1,0,0,0,0,0,Mitte,Accident with minor injuries,Collision with the vehicle in front/waiting vehicle,Collision involving vehicles going in the same way,Dark,Dry
2168,191471,5,Freiheit,2019,1,14,4,3,2,6,0,0,1,0,0,0,1,0,Spandau,Accident with minor injuries,Collision with the vehicle in front/waiting vehicle,Collision involving vehicles going in the same way,Daylight,Dry
2169,191472,11,Rüdigerstraße,2019,1,15,4,3,5,2,0,0,1,0,0,0,0,0,Lichtenberg,Accident with minor injuries,Collision with a turning/crossing vehicle,Turning accident,Daylight,Dry