,object id,district,street,year,month,hour of day,weekday,category,accident type,accident type 2,light situation,bike involved,car involved,pedestrian involved,motor bike involved,big track involved,other vehicle involved,road condition,district name,category name,accident detail,accident type detail,light condition,road condition detail
2170,191473,12,Heiligensee,2019,1,14,4,3,2,3,0,1,1,0,0,0,0,0,Reinickendorf,Accident with minor injuries,Collision with the vehicle in front/waiting vehicle,Turning/Crossing accident,Daylight,Dry
2171,191474,4,Königin-Elisabeth-Straße,2019,1,13,4,3,5,3,0,0,1,0,0,0,0,0,Charlottenburg - Wilmersdorf,Accident with minor injuries,Collision with a turning/crossing vehicle,Turning/Crossing accident,Daylight,Dry
2172,191475,5,Adamstraße,2019,1,13,4,3,5,3,0,0,1,0,0,0,1,0,Spandau,Accident with minor injuries,Collision with a turning/crossing vehicle,Turning/Crossing accident,Daylight,Dry
2173,191476,4,Ernst-Reuter-Platz,2019,1,11,4,3,6,4,0,0,1,1,0,0,0,1,Charlottenburg - Wilmersdorf,Accident with minor injuries,Collision between vehicle and pedestrian,Pedestrian crossing accident,Daylight,Wet/moist/slippery
2174,191477,8,Silbersteinstraße,2019,1,10,4,3,6,4,0,0,1,1,0,0,0,1,Neukölln,Accident with minor injuries,Collision between vehicle and pedestrian,Pedestrian crossing accident,Daylight,Wet/moist/slippery
2175,191478,3,Humannplatz,2019,1,7,4,3,5,3,1,1,1,0,0,0,0,1,Pankow,Accident with minor injuries,Collision with a turning/crossing vehicle,Turning/Crossing accident,Twilight,Wet/moist/slippery
2176,191479,7,Marienfelder Allee Nordwest,2019,1,12,4,3,6,2,0,0,1,1,0,0,0,0,Tempelhof-Schöneberg,Accident with minor injuries,Collision between vehicle and pedestrian,Turning accident,Daylight,Dry
2177,191480,6,Zehlendorf Mitte,2019,1,9,4,3,6,2,0,0,0,1,1,0,0,1,Steglitz-Zehlendorf,Accident with minor injuries,Collision between vehicle and pedestrian,Turning accident,Daylight,Wet/moist/slippery
2178,191481,11,Hauptstraße,2019,1,7,4,3,5,2,1,0,1,0,0,1,0,1,Lichtenberg,Accident with minor injuries,Collision with a turning/crossing vehicle,Turning accident,Twilight,Wet/moist/slippery
2179,191482,7,Kettinger Straße/Schillerstraße,2019,1,17,7,3,5,2,2,1,0,0,0,0,1,0,Tempelhof-Schöneberg,Accident with minor injuries,Collision with a turning/crossing vehicle,Turning accident,Dark,Dry
2180,191483,3,Erich-Weinert-Straße,2019,1,7,4,3,6,4,1,0,1,1,0,0,0,1,Pankow,Accident with minor injuries,Collision between vehicle and pedestrian,Pedestrian crossing accident,Twilight,Wet/moist/slippery
2181,191484,10,Adele-Sandrock-Straße,2019,1,7,4,3,5,3,1,1,1,0,0,0,0,1,Marzahn-Hellersdorf,Accident with minor injuries,Collision with a turning/crossing vehicle,Turning/Crossing accident,Twilight,Wet/moist/slippery
2182,191485,12,Breitkopfbecken,2019,1,8,4,3,5,2,0,0,1,0,0,0,0,1,Reinickendorf,Accident with minor injuries,Collision with a turning/crossing vehicle,Turning accident,Daylight,Wet/moist/slippery
2183,191486,4,Rüdesheimer Platz,2019,1,9,4,3,5,3,0,0,1,0,0,0,0,1,Charlottenburg - Wilmersdorf,Accident with minor injuries,Collision with a turning/crossing vehicle,Turning/Crossing accident,Daylight,Wet/moist/slippery
2184,191487,8,Reuterkiez,2019,1,15,4,3,6,2,0,0,0,1,0,0,1,0,Neukölln,Accident with minor injuries,Collision between vehicle and pedestrian,Turning accident,Daylight,Dry
2185,191488,1,Gesundbrunnen,2019,1,12,3,3,5,2,0,1,1,0,0,0,0,0,Mitte,Accident with minor injuries,Collision with a turning/crossing vehicle,Turning accident,Daylight,Dry
2186,191489,1,Unter den Linden Nord,2019,1,22,3,2,0,1,2,0,0,0,1,0,0,1,Mitte,Accident with serious injuries,Others,Driving accident,Dark,Wet/moist/slippery
2187,191490,5,Hakenfelde Nord,2019,1,18,3,3,6,2,2,0,1,1,0,0,0,1,Spandau,Accident with minor injuries,Collision between vehicle and pedestrian,Turning accident,Dark,Wet/moist/slippery
2188,191491,5,Maulbeerallee,2019,1,17,3,3,9,1,2,0,1,0,0,0,0,1,Spandau,Accident with minor injuries,Departure from the roadway to the left,Driving accident,Dark,Wet/moist/slippery
2189,191492,10,Marzahner Chaussee,2019,1,12,3,3,2,2,0,0,1,0,0,0,0,1,Marzahn-Hellersdorf,Accident with minor injuries,Collision with the vehicle in front/waiting vehicle,Turning accident,Daylight,Wet/moist/slippery
2190,191493,4,Reichsstraße,2019,1,20,3,3,0,3,2,0,0,0,1,0,1,1,Charlottenburg - Wilmersdorf,Accident with minor injuries,Others,Turning/Crossing accident,Dark,Wet/moist/slippery
2191,191494,7,Fritz-Werner-Straße,2019,1,17,7,3,5,2,1,0,1,0,0,0,0,0,Tempelhof-Schöneberg,Accident with minor injuries,Collision with a turning/crossing vehicle,Turning accident,Twilight,Dry
2192,191495,7,Fritz-Werner-Straße,2019,1,20,3,3,5,3,2,0,1,0,0,0,1,0,Tempelhof-Schöneberg,Accident with minor injuries,Collision with a turning/crossing vehicle,Turning/Crossing accident,Dark,Dry
2193,191496,4,Flatowallee,2019,1,16,3,3,0,1,2,0,0,0,1,0,0,1,Charlottenburg - Wilmersdorf,Accident with minor injuries,Others,Driving accident,Dark,Wet/moist/slippery
2194,191497,10,Alt-Marzahn,2019,1,16,3,2,6,2,2,0,1,1,0,0,0,1,Marzahn-Hellersdorf,Accident with serious injuries,Collision between vehicle and pedestrian,Turning accident,Dark,Wet/moist/slippery
2195,191498,12,Waldidyll/Flughafensee,2019,1,16,3,3,0,5,0,0,1,0,1,0,0,1,Reinickendorf,Accident with minor injuries,Others,Accident involving parked vehicles,Daylight,Wet/moist/slippery
2196,191499,4,Breitscheidplatz,2019,1,14,3,3,2,2,0,0,0,0,0,1,1,1,Charlottenburg - Wilmersdorf,Accident with minor injuries,Collision with the vehicle in front/waiting vehicle,Turning accident,Daylight,Wet/moist/slippery
2197,191500,5,Rohrdamm,2019,1,14,3,3,0,2,0,0,1,0,0,0,1,1,Spandau,Accident with minor injuries,Others,Turning accident,Daylight,Wet/moist/slippery
2198,191501,12,Alt-Tegel,2019,1,14,3,3,1,5,0,0,1,0,0,0,0,1,Reinickendorf,Accident with minor injuries,Collision with a moving/standing/parked vehicle,Accident involving parked vehicles,Daylight,Wet/moist/slippery
2199,191502,3,Conrad-Blenkle-Straße,2019,1,13,3,3,5,3,0,0,1,0,0,0,0,1,Pankow,Accident with minor injuries,Collision with a turning/crossing vehicle,Turning/Crossing accident,Daylight,Wet/moist/slippery
2200,191503,8,Donaustraße,2019,1,10,3,3,0,7,0,0,1,0,0,0,0,1,Neukölln,Accident with minor injuries,Others,Others,Daylight,Wet/moist/slippery
2201,191504,2,Traveplatz,2019,1,10,3,3,5,3,1,1,1,0,0,0,0,1,Friedrichshain - Kreuzberg,Accident with minor injuries,Collision with a turning/crossing vehicle,Turning/Crossing accident,Twilight,Wet/moist/slippery
2202,191505,3,Weißenseer Spitze,2019,1,10,3,3,1,5,0,1,1,0,0,0,0,1,Pankow,Accident with minor injuries,Collision with a moving/standing/parked vehicle,Accident involving parked vehicles,Daylight,Wet/moist/slippery
2203,191506,3,Pankow Zentrum,2019,1,9,3,3,5,3,0,0,1,0,0,0,0,1,Pankow,Accident with minor injuries,Collision with a turning/crossing vehicle,Turning/Crossing accident,Daylight,Wet/moist/slippery
2204,191507,1,Alexanderplatzviertel,2019,1,5,3,3,5,2,2,0,0,0,0,0,1,0,Mitte,Accident with minor injuries,Collision with a turning/crossing vehicle,Turning accident,Dark,Dry
2205,191508,2,Wriezener Bahnhof/Entwicklungsgebiet,2019,1,22,3,3,6,3,2,0,1,1,0,0,0,1,Friedrichshain - Kreuzberg,Accident with minor injuries,Collision between vehicle and pedestrian,Turning/Crossing accident,Dark,Wet/moist/slippery
2206,191509,3,Erich-Weinert-Straße,2019,1,17,3,3,2,2,1,0,1,0,0,1,0,1,Pankow,Accident with minor injuries,Collision with the vehicle in front/waiting vehicle,Turning accident,Twilight,Wet/moist/slippery
2207,191510,6,Königsberger Straße,2019,1,17,3,3,6,4,1,0,1,1,0,0,0,1,Steglitz-Zehlendorf,Accident with minor injuries,Collision between vehicle and pedestrian,Pedestrian crossing accident,Twilight,Wet/moist/slippery
2208,191511,12,Dannenwalder Weg,2019,1,17,3,2,6,4,1,0,1,1,0,0,0,1,Reinickendorf,Accident with serious injuries,Collision between vehicle and pedestrian,Pedestrian crossing accident,Twilight,Wet/moist/slippery
2209,191512,8,Rixdorf,2019,1,15,3,3,6,4,0,0,1,1,0,0,0,1,Neukölln,Accident with minor injuries,Collision between vehicle and pedestrian,Pedestrian crossing accident,Daylight,Wet/moist/slippery
2210,191513,4,Königin-Elisabeth-Straße,2019,1,17,3,2,5,2,1,0,1,0,0,0,0,1,Charlottenburg - Wilmersdorf,Accident with serious injuries,Collision with a turning/crossing vehicle,Turning accident,Twilight,Wet/moist/slippery
2211,191514,5,Gütersloher Weg,2019,1,17,3,3,6,2,2,0,1,1,0,0,0,1,Spandau,Accident with minor injuries,Collision between vehicle and pedestrian,Turning accident,Dark,Wet/moist/slippery
2212,191515,1,Leipziger Straße,2019,1,18,3,3,6,7,1,0,1,1,0,0,0,1,Mitte,Accident with minor injuries,Collision between vehicle and pedestrian,Others,Twilight,Wet/moist/slippery
2213,191516,4,Breitscheidplatz,2019,1,18,3,3,6,7,1,0,1,1,0,0,0,1,Charlottenburg - Wilmersdorf,Accident with minor injuries,Collision between vehicle and pedestrian,Others,Twilight,Wet/moist/slippery
2214,191517,5,Zitadellenweg,2019,1,19,3,3,4,1,2,0,1,0,0,0,0,1,Spandau,Accident with minor injuries,Collision with oncoming vehicle,Driving accident,Dark,Wet/moist/slippery
2215,191518,1,Wilhelmstraße,2019,1,22,3,3,6,2,2,0,1,1,0,0,0,1,Mitte,Accident with minor injuries,Collision between vehicle and pedestrian,Turning accident,Dark,Wet/moist/slippery
2216,191519,8,Donaustraße,2019,1,23,3,3,6,4,2,0,1,1,0,0,0,1,Neukölln,Accident with minor injuries,Collision between vehicle and pedestrian,Pedestrian crossing accident,Dark,Wet/moist/slippery
2217,191520,9,Adlershof West,2019,1,23,3,3,5,2,2,1,1,0,0,0,0,1,Treptow-Köpenick,Accident with minor injuries,Collision with a turning/crossing vehicle,Turning accident,Dark,Wet/moist/slippery
2218,191521,1,Emdener Straße,2019,1,22,2,3,0,7,2,0,1,0,0,0,0,0,Mitte,Accident with minor injuries,Others,Others,Dark,Dry
2219,191522,1,Stülerstraße,2019,1,21,2,3,5,2,2,1,1,0,0,0,0,0,Mitte,Accident with minor injuries,Collision with a turning/crossing vehicle,Turning accident,Dark,Dry
2220,191523,4,Droysenstraße,2019,1,17,2,3,6,7,2,0,1,1,0,0,0,0,Charlottenburg - Wilmersdorf,Accident with minor injuries,Collision between vehicle and pedestrian,Others,Dark,Dry
2221,191524,8,Zittauer Straße,2019,1,6,2,3,5,3,2,0,1,0,0,0,0,1,Neukölln,Accident with minor injuries,Collision with a turning/crossing vehicle,Turning/Crossing accident,Dark,Wet/moist/slippery
2222,191525,12,Wittenau Süd,2019,1,7,2,3,5,3,0,0,1,0,0,0,1,1,Reinickendorf,Accident with minor injuries,Collision with a turning/crossing vehicle,Turning/Crossing accident,Daylight,Wet/moist/slippery
2223,191526,7,Marienfelde Nordost,2019,1,8,2,3,6,4,0,0,0,1,0,1,0,1,Tempelhof-Schöneberg,Accident with minor injuries,Collision between vehicle and pedestrian,Pedestrian crossing accident,Daylight,Wet/moist/slippery
2224,191527,1,Großer Tiergarten,2019,1,9,2,3,6,4,0,1,0,1,0,0,0,1,Mitte,Accident with minor injuries,Collision between vehicle and pedestrian,Pedestrian crossing accident,Daylight,Wet/moist/slippery
2225,191528,7,Kettinger Straße/Schillerstraße,2019,1,9,2,2,5,2,0,0,1,0,0,0,1,0,Tempelhof-Schöneberg,Accident with serious injuries,Collision with a turning/crossing vehicle,Turning accident,Daylight,Dry
2226,191529,6,Gemeindepark Lankwitz,2019,1,18,2,2,6,2,2,0,1,1,0,0,0,0,Steglitz-Zehlendorf,Accident with serious injuries,Collision between vehicle and pedestrian,Turning accident,Dark,Dry
2227,191530,4,Schaperstraße,2019,1,17,2,3,2,6,2,0,1,0,0,0,0,1,Charlottenburg - Wilmersdorf,Accident with minor injuries,Collision with the vehicle in front/waiting vehicle,Collision involving vehicles going in the same way,Dark,Wet/moist/slippery
2228,191531,7,Rathausstraße,2019,1,17,2,3,5,3,2,0,1,0,0,0,0,0,Tempelhof-Schöneberg,Accident with minor injuries,Collision with a turning/crossing vehicle,Turning/Crossing accident,Dark,Dry
2229,191532,3,Erich-Weinert-Straße,2019,1,17,2,3,6,4,2,0,1,1,0,0,0,1,Pankow,Accident with minor injuries,Collision between vehicle and pedestrian,Pedestrian crossing accident,Dark,Wet/moist/slippery
2230,191533,1,Alexanderplatzviertel,2019,1,20,2,3,6,7,2,0,1,1,0,0,0,0,Mitte,Accident with minor injuries,Collision between vehicle and pedestrian,Others,Dark,Dry
2231,191534,8,Rixdorf,2019,1,17,2,3,6,4,2,0,1,1,0,0,0,1,Neukölln,Accident with minor injuries,Collision between vehicle and pedestrian,Pedestrian crossing accident,Dark,Wet/moist/slippery
2232,191535,7,Manteuffelstraße,2019,1,16,2,3,6,4,2,0,1,1,0,0,0,1,Tempelhof-Schöneberg,Accident with minor injuries,Collision between vehicle and pedestrian,Pedestrian crossing accident,Dark,Wet/moist/slippery
2233,191536,4,Schloßstraße,2019,1,16,7,2,5,2,1,0,1,0,0,0,0,0,Charlottenburg - Wilmersdorf,Accident with serious injuries,Collision with a turning/crossing vehicle,Turning accident,Twilight,Dry
2234,191537,9,Dammvorstadt,2019,1,16,2,3,6,4,0,0,1,1,0,0,0,2,Treptow-Köpenick,Accident with minor injuries,Collision between vehicle and pedestrian,Pedestrian crossing accident,Daylight,Snowy
2235,191538,9,Adlershof Ost,2019,1,16,2,3,5,3,0,0,1,0,0,0,0,1,Treptow-Köpenick,Accident with minor injuries,Collision with a turning/crossing vehicle,Turning/Crossing accident,Daylight,Wet/moist/slippery
2236,191539,7,Rathausstraße,2019,1,16,2,2,6,4,2,0,1,1,0,0,0,0,Tempelhof-Schöneberg,Accident with serious injuries,Collision between vehicle and pedestrian,Pedestrian crossing accident,Dark,Dry
2237,191540,10,Alt-Marzahn,2019,1,14,2,3,5,3,0,0,1,0,0,0,0,1,Marzahn-Hellersdorf,Accident with minor injuries,Collision with a turning/crossing vehicle,Turning/Crossing accident,Daylight,Wet/moist/slippery
2238,191541,4,Eichkamp,2019,1,15,2,3,6,4,0,0,1,1,0,0,0,0,Charlottenburg - Wilmersdorf,Accident with minor injuries,Collision between vehicle and pedestrian,Pedestrian crossing accident,Daylight,Dry
2239,191542,3,Buch,2019,1,14,2,3,5,2,0,0,1,0,0,0,0,1,Pankow,Accident with minor injuries,Collision with a turning/crossing vehicle,Turning accident,Daylight,Wet/moist/slippery
2240,191543,2,Lausitzer Platz,2019,1,13,2,3,0,6,0,0,1,0,1,0,0,1,Friedrichshain - Kreuzberg,Accident with minor injuries,Others,Collision involving vehicles going in the same way,Daylight,Wet/moist/slippery
2241,191544,5,Ackerstraße,2019,1,13,2,3,5,2,0,0,1,0,0,0,0,0,Spandau,Accident with minor injuries,Collision with a turning/crossing vehicle,Turning accident,Daylight,Dry
2242,191545,1,Alexanderplatzviertel,2019,1,14,7,2,0,3,0,0,1,0,0,0,1,0,Mitte,Accident with serious injuries,Others,Turning/Crossing accident,Daylight,Dry
2243,191546,8,Rollberg,2019,1,13,2,2,5,3,0,0,1,0,1,0,0,0,Neukölln,Accident with serious injuries,Collision with a turning/crossing vehicle,Turning/Crossing accident,Daylight,Dry
2244,191547,7,John-Locke-Straße,2019,1,11,2,3,5,2,0,1,1,0,0,0,0,0,Tempelhof-Schöneberg,Accident with minor injuries,Collision with a turning/crossing vehicle,Turning accident,Daylight,Dry
2245,191548,6,Gemeindepark Lankwitz,2019,1,13,7,3,2,1,0,0,1,0,0,0,0,0,Steglitz-Zehlendorf,Accident with minor injuries,Collision with the vehicle in front/waiting vehicle,Driving accident,Daylight,Dry
2246,191549,7,Grazer Platz,2019,1,11,2,3,5,2,0,0,1,0,0,0,1,0,Tempelhof-Schöneberg,Accident with minor injuries,Collision with a turning/crossing vehicle,Turning accident,Daylight,Dry
2247,191550,5,Adamstraße,2019,1,7,2,3,0,5,1,0,1,0,0,0,0,0,Spandau,Accident with minor injuries,Others,Accident involving parked vehicles,Twilight,Dry
2248,191551,3,Komponistenviertel Weißensee,2019,1,10,2,3,6,4,0,0,1,1,0,0,0,1,Pankow,Accident with minor injuries,Collision between vehicle and pedestrian,Pedestrian crossing accident,Daylight,Wet/moist/slippery
2249,191552,12,Rollbergesiedlung,2019,1,15,1,3,5,3,1,0,1,0,0,0,0,1,Reinickendorf,Accident with minor injuries,Collision with a turning/crossing vehicle,Turning/Crossing accident,Twilight,Wet/moist/slippery
2250,191553,1,Karl-Marx-Allee,2019,1,22,1,3,5,3,2,1,0,0,0,0,1,1,Mitte,Accident with minor injuries,Collision with a turning/crossing vehicle,Turning/Crossing accident,Dark,Wet/moist/slippery
2251,191554,11,Rüdigerstraße,2019,1,20,1,2,5,2,2,0,1,0,0,0,0,1,Lichtenberg,Accident with serious injuries,Collision with a turning/crossing vehicle,Turning accident,Dark,Wet/moist/slippery
2252,191555,3,Wilhelmsruh,2019,1,19,1,3,5,3,2,0,1,0,0,0,1,1,Pankow,Accident with minor injuries,Collision with a turning/crossing vehicle,Turning/Crossing accident,Dark,Wet/moist/slippery
2253,191556,8,Rixdorf,2019,1,18,1,2,6,4,2,0,1,1,0,0,1,1,Neukölln,Accident with serious injuries,Collision between vehicle and pedestrian,Pedestrian crossing accident,Dark,Wet/moist/slippery
2254,191557,4,Droysenstraße,2019,1,17,1,3,6,2,2,0,1,1,0,0,0,1,Charlottenburg - Wilmersdorf,Accident with minor injuries,Collision between vehicle and pedestrian,Turning accident,Dark,Wet/moist/slippery
2255,191558,10,Kaulsdorf Nord I,2019,1,17,1,3,2,6,2,0,1,0,0,0,0,1,Marzahn-Hellersdorf,Accident with minor injuries,Collision with the vehicle in front/waiting vehicle,Collision involving vehicles going in the same way,Dark,Wet/moist/slippery
2256,191559,12,Wittenau Süd,2019,1,16,1,2,6,2,2,0,1,1,0,0,0,1,Reinickendorf,Accident with serious injuries,Collision between vehicle and pedestrian,Turning accident,Dark,Wet/moist/slippery
2257,191560,5,Gütersloher Weg,2019,1,13,1,3,2,6,0,0,1,0,0,0,0,1,Spandau,Accident with minor injuries,Collision with the vehicle in front/waiting vehicle,Collision involving vehicles going in the same way,Daylight,Wet/moist/slippery
2258,191561,1,Nördlicher Landwehrkanal,2019,1,14,1,3,5,5,0,1,1,0,0,0,0,1,Mitte,Accident with minor injuries,Collision with a turning/crossing vehicle,Accident involving parked vehicles,Daylight,Wet/moist/slippery
2259,191562,2,Urbanstraße,2019,1,3,1,3,5,3,2,0,1,0,0,0,0,1,Friedrichshain - Kreuzberg,Accident with minor injuries,Collision with a turning/crossing vehicle,Turning/Crossing accident,Dark,Wet/moist/slippery
2260,191563,8,Blumenviertel,2019,1,3,1,3,5,7,2,0,1,0,0,0,0,1,Neukölln,Accident with minor injuries,Collision with a turning/crossing vehicle,Others,Dark,Wet/moist/slippery
2261,191564,6,Schweizer Viertel,2019,1,7,1,3,6,2,2,0,1,1,0,0,0,1,Steglitz-Zehlendorf,Accident with minor injuries,Collision between vehicle and pedestrian,Turning accident,Dark,Wet/moist/slippery
2262,191565,1,Sparrplatz,2019,1,7,1,3,2,2,2,0,1,0,0,0,0,1,Mitte,Accident with minor injuries,Collision with the vehicle in front/waiting vehicle,Turning accident,Dark,Wet/moist/slippery
2263,191566,5,Freiheit,2019,1,11,1,2,1,1,0,0,1,0,1,0,0,1,Spandau,Accident with serious injuries,Collision with a moving/standing/parked vehicle,Driving accident,Daylight,Wet/moist/slippery
2264,191567,11,Karlshorst West,2019,1,12,1,3,5,3,0,0,1,0,0,0,0,1,Lichtenberg,Accident with minor injuries,Collision with a turning/crossing vehicle,Turning/Crossing accident,Daylight,Wet/moist/slippery
2265,191568,4,Eisenzahnstraße,2019,1,1,1,3,5,3,2,0,1,0,0,0,1,1,Charlottenburg - Wilmersdorf,Accident with minor injuries,Collision with a turning/crossing vehicle,Turning/Crossing accident,Dark,Wet/moist/slippery
2266,191569,9,Schnellerstraße,2019,1,9,7,3,6,2,0,0,1,1,0,0,0,0,Treptow-Köpenick,Accident with minor injuries,Collision between vehicle and pedestrian,Turning accident,Daylight,Dry
2267,191570,7,Nollendorfplatz,2019,1,11,7,3,2,2,0,0,1,0,0,0,0,1,Tempelhof-Schöneberg,Accident with minor injuries,Collision with the vehicle in front/waiting vehicle,Turning accident,Daylight,Wet/moist/slippery
2268,191571,8,Buckow Mitte,2019,1,17,7,3,6,2,1,0,1,1,0,0,0,1,Neukölln,Accident with minor injuries,Collision between vehicle and pedestrian,Turning accident,Twilight,Wet/moist/slippery
2269,191572,7,Rathaus Tempelhof,2019,1,18,7,3,5,3,2,0,1,0,0,0,0,1,Tempelhof-Schöneberg,Accident with minor injuries,Collision with a turning/crossing vehicle,Turning/Crossing accident,Dark,Wet/moist/slippery
2270,191573,10,Hellersdorfer Promenade,2019,1,18,7,3,6,2,2,0,1,1,0,0,0,1,Marzahn-Hellersdorf,Accident with minor injuries,Collision between vehicle and pedestrian,Turning accident,Dark,Wet/moist/slippery
2271,191574,7,Nollendorfplatz,2019,1,18,7,3,6,2,2,0,1,1,0,0,0,1,Tempelhof-Schöneberg,Accident with minor injuries,Collision between vehicle and pedestrian,Turning accident,Dark,Wet/moist/slippery
2272,191575,7,Marienfelde Süd,2019,1,17,7,3,3,5,2,0,1,0,0,0,0,1,Tempelhof-Schöneberg,Accident with minor injuries,Collision with a vehicle traveling laterally in the same direction,Accident involving parked vehicles,Dark,Wet/moist/slippery
2273,191576,4,Savignyplatz,2019,1,17,7,3,6,2,2,0,1,1,0,0,0,1,Charlottenburg - Wilmersdorf,Accident with minor injuries,Collision between vehicle and pedestrian,Turning accident,Dark,Wet/moist/slippery
2274,191577,7,Nollendorfplatz,2019,1,17,7,3,6,2,2,0,1,1,0,0,0,1,Tempelhof-Schöneberg,Accident with minor injuries,Collision between vehicle and pedestrian,Turning accident,Dark,Wet/moist/slippery
2275,191578,5,Borkumer Straße,2019,1,16,7,3,2,6,1,0,1,0,0,0,0,1,Spandau,Accident with minor injuries,Collision with the vehicle in front/waiting vehicle,Collision involving vehicles going in the same way,Twilight,Wet/moist/slippery
2276,191579,1,Gesundbrunnen,2019,1,15,7,3,2,6,1,0,1,0,0,0,0,1,Mitte,Accident with minor injuries,Collision with the vehicle in front/waiting vehicle,Collision involving vehicles going in the same way,Twilight,Wet/moist/slippery
2277,191580,1,Leipziger Straße,2019,1,14,7,3,5,3,0,0,1,0,0,0,0,1,Mitte,Accident with minor injuries,Collision with a turning/crossing vehicle,Turning/Crossing accident,Daylight,Wet/moist/slippery
2278,191581,3,Niederschönhausen,2019,1,11,7,3,5,3,0,0,1,0,0,0,0,1,Pankow,Accident with minor injuries,Collision with a turning/crossing vehicle,Turning/Crossing accident,Daylight,Wet/moist/slippery
2279,191582,5,Borkumer Straße,2019,1,11,7,3,2,6,0,0,1,0,0,0,1,1,Spandau,Accident with minor injuries,Collision with the vehicle in front/waiting vehicle,Collision involving vehicles going in the same way,Daylight,Wet/moist/slippery
2280,191583,8,Gropiusstadt Nord,2019,1,20,7,3,6,4,2,0,1,1,0,0,0,1,Neukölln,Accident with minor injuries,Collision between vehicle and pedestrian,Pedestrian crossing accident,Dark,Wet/moist/slippery
2281,191584,1,Pankow Zentrum,2019,1,21,7,3,2,1,2,0,1,0,0,0,0,1,Mitte,Accident with minor injuries,Collision with the vehicle in front/waiting vehicle,Driving accident,Dark,Wet/moist/slippery
2282,191585,11,Karlshorst Nord,2019,1,23,7,3,6,4,2,0,1,1,0,0,0,1,Lichtenberg,Accident with minor injuries,Collision between vehicle and pedestrian,Pedestrian crossing accident,Dark,Wet/moist/slippery
2283,191586,1,Elberfelder Straße,2019,1,23,7,2,0,4,2,0,0,1,1,0,0,1,Mitte,Accident with serious injuries,Others,Pedestrian crossing accident,Dark,Wet/moist/slippery
2284,191587,9,Altstadt Kietz,2019,1,13,6,3,0,3,0,0,1,0,0,0,1,0,Treptow-Köpenick,Accident with minor injuries,Others,Turning/Crossing accident,Daylight,Dry
2285,191588,10,Alt-Marzahn,2019,1,19,7,3,6,2,2,0,1,1,0,0,0,1,Marzahn-Hellersdorf,Accident with minor injuries,Collision between vehicle and pedestrian,Turning accident,Dark,Wet/moist/slippery
2286,191589,1,Karl-Marx-Allee,2019,1,19,7,3,8,1,2,0,0,0,1,0,0,1,Mitte,Accident with minor injuries,Departure from the roadway to the right,Driving accident,Dark,Wet/moist/slippery
2287,191590,11,Hauptstraße,2019,1,17,7,2,0,7,2,1,0,0,0,0,0,1,Lichtenberg,Accident with serious injuries,Others,Others,Dark,Wet/moist/slippery
2288,191591,4,Hundekehle,2019,1,13,7,3,0,1,0,0,0,0,1,0,0,1,Charlottenburg - Wilmersdorf,Accident with minor injuries,Others,Driving accident,Daylight,Wet/moist/slippery
2289,191592,6,Teltower Damm,2019,1,18,7,1,6,4,2,0,1,1,0,0,1,1,Steglitz-Zehlendorf,Accident with fatalities,Collision between vehicle and pedestrian,Pedestrian crossing accident,Dark,Wet/moist/slippery
2290,191593,6,Bismarckstraße,2019,1,17,6,3,0,7,1,0,1,0,1,0,0,1,Steglitz-Zehlendorf,Accident with minor injuries,Others,Others,Twilight,Wet/moist/slippery
2291,191594,5,Adamstraße,2019,1,18,6,3,5,5,2,0,1,0,1,0,0,1,Spandau,Accident with minor injuries,Collision with a turning/crossing vehicle,Accident involving parked vehicles,Dark,Wet/moist/slippery
2292,191595,6,Gemeindepark Lankwitz,2019,1,17,6,3,0,4,1,0,1,1,0,0,0,1,Steglitz-Zehlendorf,Accident with minor injuries,Others,Pedestrian crossing accident,Twilight,Wet/moist/slippery
2293,191596,2,Richard-Sorge-Viertel,2019,1,15,6,3,4,6,0,1,1,0,0,0,0,1,Friedrichshain - Kreuzberg,Accident with minor injuries,Collision with oncoming vehicle,Collision involving vehicles going in the same way,Daylight,Wet/moist/slippery
2294,191597,4,Ernst-Reuter-Platz,2019,1,20,6,2,5,3,2,0,1,0,0,0,0,1,Charlottenburg - Wilmersdorf,Accident with serious injuries,Collision with a turning/crossing vehicle,Turning/Crossing accident,Dark,Wet/moist/slippery
2295,191598,3,Erich-Weinert-Straße,2019,1,18,7,3,0,1,2,0,0,0,1,0,0,1,Pankow,Accident with minor injuries,Others,Driving accident,Dark,Wet/moist/slippery
2296,191599,8,Reuterkiez,2019,1,19,6,3,5,3,2,0,1,0,0,0,0,1,Neukölln,Accident with minor injuries,Collision with a turning/crossing vehicle,Turning/Crossing accident,Dark,Wet/moist/slippery
2297,191600,2,Mehringplatz,2019,1,19,6,3,1,5,2,1,1,0,0,0,0,1,Friedrichshain - Kreuzberg,Accident with minor injuries,Collision with a moving/standing/parked vehicle,Accident involving parked vehicles,Dark,Wet/moist/slippery
2298,191601,4,Breite Straße,2019,1,17,6,2,6,2,2,0,1,1,0,0,0,1,Charlottenburg - Wilmersdorf,Accident with serious injuries,Collision between vehicle and pedestrian,Turning accident,Dark,Wet/moist/slippery
2299,191602,4,Droysenstraße,2019,1,17,6,3,6,2,2,0,0,1,0,0,1,1,Charlottenburg - Wilmersdorf,Accident with minor injuries,Collision between vehicle and pedestrian,Turning accident,Dark,Wet/moist/slippery
2300,191603,10,Kaulsdorf Süd,2019,1,16,6,3,6,2,2,0,1,1,0,0,0,1,Marzahn-Hellersdorf,Accident with minor injuries,Collision between vehicle and pedestrian,Turning accident,Dark,Wet/moist/slippery
2301,191604,1,Unter den Linden Nord,2019,1,15,6,3,5,3,1,1,1,0,0,0,0,1,Mitte,Accident with minor injuries,Collision with a turning/crossing vehicle,Turning/Crossing accident,Twilight,Wet/moist/slippery
2302,191605,12,Alt-Tegel,2019,1,15,6,3,2,6,0,0,1,0,0,0,0,1,Reinickendorf,Accident with minor injuries,Collision with the vehicle in front/waiting vehicle,Collision involving vehicles going in the same way,Daylight,Wet/moist/slippery