,object id,district,street,year,month,hour of day,weekday,category,accident type,accident type 2,light situation,bike involved,car involved,pedestrian involved,motor bike involved,big track involved,other vehicle involved,road condition,district name,category name,accident detail,accident type detail,light condition,road condition detail
2303,191606,2,Traveplatz,2019,1,14,6,2,6,4,0,1,0,1,0,0,0,1,Friedrichshain - Kreuzberg,Accident with serious injuries,Collision between vehicle and pedestrian,Pedestrian crossing accident,Daylight,Wet/moist/slippery
2304,191607,4,Hindemithplatz,2019,1,14,6,3,5,2,0,1,1,0,0,0,0,1,Charlottenburg - Wilmersdorf,Accident with minor injuries,Collision with a turning/crossing vehicle,Turning accident,Daylight,Wet/moist/slippery
2305,191608,9,Adlershof West,2019,1,14,6,3,5,3,0,0,1,0,0,0,0,1,Treptow-Köpenick,Accident with minor injuries,Collision with a turning/crossing vehicle,Turning/Crossing accident,Daylight,Wet/moist/slippery
2306,191609,12,Ziekowstraße/Freie Scholle,2019,1,9,1,3,1,5,0,0,1,0,0,0,1,0,Reinickendorf,Accident with minor injuries,Collision with a moving/standing/parked vehicle,Accident involving parked vehicles,Daylight,Dry
2307,191610,2,Moritzplatz,2019,1,14,6,3,5,7,0,1,1,0,0,0,0,1,Friedrichshain - Kreuzberg,Accident with minor injuries,Collision with a turning/crossing vehicle,Others,Daylight,Wet/moist/slippery
2308,191611,11,Karlshorst Nord,2019,1,2,7,2,5,3,2,0,1,0,0,0,1,0,Lichtenberg,Accident with serious injuries,Collision with a turning/crossing vehicle,Turning/Crossing accident,Dark,Dry
2309,191612,4,Reichsstraße,2019,1,13,6,3,6,3,0,0,1,1,0,0,0,1,Charlottenburg - Wilmersdorf,Accident with minor injuries,Collision between vehicle and pedestrian,Turning/Crossing accident,Daylight,Wet/moist/slippery
2310,191613,11,Sewanstraße,2019,1,13,6,3,5,3,0,1,1,0,0,0,0,1,Lichtenberg,Accident with minor injuries,Collision with a turning/crossing vehicle,Turning/Crossing accident,Daylight,Wet/moist/slippery
2311,191614,7,Volkspark (Rudolf-Wilde-Park),2019,1,11,6,3,6,4,0,0,1,1,0,0,0,1,Tempelhof-Schöneberg,Accident with minor injuries,Collision between vehicle and pedestrian,Pedestrian crossing accident,Daylight,Wet/moist/slippery
2312,191615,5,Kurstraße,2019,1,13,1,3,5,2,0,0,1,0,0,0,0,0,Spandau,Accident with minor injuries,Collision with a turning/crossing vehicle,Turning accident,Daylight,Dry
2313,191616,7,Dennewitzplatz,2019,1,11,6,3,5,3,0,0,1,0,0,0,0,1,Tempelhof-Schöneberg,Accident with minor injuries,Collision with a turning/crossing vehicle,Turning/Crossing accident,Daylight,Wet/moist/slippery
2314,191617,7,Manteuffelstraße,2019,1,10,6,3,5,2,0,0,1,0,0,0,0,1,Tempelhof-Schöneberg,Accident with minor injuries,Collision with a turning/crossing vehicle,Turning accident,Daylight,Wet/moist/slippery
2315,191618,11,Sewanstraße,2019,1,13,7,3,2,6,0,0,1,0,0,0,0,1,Lichtenberg,Accident with minor injuries,Collision with the vehicle in front/waiting vehicle,Collision involving vehicles going in the same way,Daylight,Wet/moist/slippery
2316,191619,7,Dennewitzplatz,2019,1,10,6,3,5,3,0,1,1,0,0,0,0,1,Tempelhof-Schöneberg,Accident with minor injuries,Collision with a turning/crossing vehicle,Turning/Crossing accident,Daylight,Wet/moist/slippery
2317,191620,12,Alt-Tegel,2019,1,10,6,2,5,7,0,0,1,1,0,0,0,1,Reinickendorf,Accident with serious injuries,Collision with a turning/crossing vehicle,Others,Daylight,Wet/moist/slippery
2318,191621,4,Schloßgarten,2019,1,9,6,3,2,6,0,0,1,0,0,0,0,1,Charlottenburg - Wilmersdorf,Accident with minor injuries,Collision with the vehicle in front/waiting vehicle,Collision involving vehicles going in the same way,Daylight,Wet/moist/slippery
2319,191622,3,Volkspark Prenzlauer Berg,2019,1,8,6,3,0,7,0,1,0,0,0,0,0,1,Pankow,Accident with minor injuries,Others,Others,Daylight,Wet/moist/slippery
2320,191623,10,Mahlsdorf Süd,2019,1,8,6,3,6,4,0,0,1,1,0,0,0,1,Marzahn-Hellersdorf,Accident with minor injuries,Collision between vehicle and pedestrian,Pedestrian crossing accident,Daylight,Wet/moist/slippery
2321,191624,9,Dorf Altglienicke,2019,1,8,6,3,1,5,1,0,1,0,0,0,0,1,Treptow-Köpenick,Accident with minor injuries,Collision with a moving/standing/parked vehicle,Accident involving parked vehicles,Twilight,Wet/moist/slippery
2322,191625,2,Reichenberger Straße,2019,1,14,6,2,0,3,0,0,1,0,0,0,1,1,Friedrichshain - Kreuzberg,Accident with serious injuries,Others,Turning/Crossing accident,Daylight,Wet/moist/slippery
2323,191626,12,Humboldtstraße,2019,1,0,7,3,6,4,2,0,1,1,0,0,0,2,Reinickendorf,Accident with minor injuries,Collision between vehicle and pedestrian,Pedestrian crossing accident,Dark,Snowy
2324,191627,9,Dammvorstadt,2019,1,7,6,3,5,2,2,1,1,0,0,0,0,1,Treptow-Köpenick,Accident with minor injuries,Collision with a turning/crossing vehicle,Turning accident,Dark,Wet/moist/slippery
2325,191628,9,Altstadt Kietz,2019,1,13,6,3,2,7,0,0,1,0,0,0,1,1,Treptow-Köpenick,Accident with minor injuries,Collision with the vehicle in front/waiting vehicle,Others,Daylight,Wet/moist/slippery
2326,191629,7,Marienfelde Süd,2019,1,17,5,3,1,7,1,0,1,0,0,0,0,0,Tempelhof-Schöneberg,Accident with minor injuries,Collision with a moving/standing/parked vehicle,Others,Twilight,Dry
2327,191630,7,John-Locke-Straße,2019,1,15,5,3,1,5,0,1,1,0,0,0,0,1,Tempelhof-Schöneberg,Accident with minor injuries,Collision with a moving/standing/parked vehicle,Accident involving parked vehicles,Daylight,Wet/moist/slippery
2328,191631,5,Adamstraße,2019,1,9,5,2,4,7,0,0,1,0,0,0,1,0,Spandau,Accident with serious injuries,Collision with oncoming vehicle,Others,Daylight,Dry
2329,191632,5,Groß-Glienicker Weg,2019,1,8,5,3,5,3,0,1,1,0,0,0,0,0,Spandau,Accident with minor injuries,Collision with a turning/crossing vehicle,Turning/Crossing accident,Daylight,Dry
2330,191633,8,Flughafenstraße,2019,1,8,5,2,0,7,0,0,1,0,0,0,1,1,Neukölln,Accident with serious injuries,Others,Others,Daylight,Wet/moist/slippery
2331,191634,7,Friedenau,2019,1,7,5,2,6,4,0,0,1,1,0,0,0,1,Tempelhof-Schöneberg,Accident with serious injuries,Collision between vehicle and pedestrian,Pedestrian crossing accident,Daylight,Wet/moist/slippery
2332,191635,5,Adamstraße,2019,1,7,7,3,2,6,1,0,1,0,0,0,0,0,Spandau,Accident with minor injuries,Collision with the vehicle in front/waiting vehicle,Collision involving vehicles going in the same way,Twilight,Dry
2333,191636,11,Zingster Straße West,2019,1,7,5,2,6,4,1,0,1,1,0,0,0,1,Lichtenberg,Accident with serious injuries,Collision between vehicle and pedestrian,Pedestrian crossing accident,Twilight,Wet/moist/slippery
2334,191637,7,Hundsteinweg,2019,1,7,5,3,6,2,2,0,1,1,0,0,0,1,Tempelhof-Schöneberg,Accident with minor injuries,Collision between vehicle and pedestrian,Turning accident,Dark,Wet/moist/slippery
2335,191638,1,Reinickendorfer Straße,2019,1,7,5,2,6,4,2,0,1,1,0,0,0,1,Mitte,Accident with serious injuries,Collision between vehicle and pedestrian,Pedestrian crossing accident,Dark,Wet/moist/slippery
2336,191639,1,Unter den Linden Süd,2019,1,13,7,3,0,7,0,0,1,0,0,0,1,0,Mitte,Accident with minor injuries,Others,Others,Daylight,Dry
2337,191640,11,Wartenberg Nord,2019,1,16,5,2,0,6,2,0,1,0,0,0,1,0,Lichtenberg,Accident with serious injuries,Others,Collision involving vehicles going in the same way,Dark,Dry
2338,191641,8,Tempelhofer Weg,2019,1,19,5,3,5,3,2,0,1,0,0,0,0,0,Neukölln,Accident with minor injuries,Collision with a turning/crossing vehicle,Turning/Crossing accident,Dark,Dry
2339,191642,9,Dammvorstadt,2019,1,15,7,2,6,2,0,0,1,1,0,0,0,0,Treptow-Köpenick,Accident with serious injuries,Collision between vehicle and pedestrian,Turning accident,Daylight,Dry
2340,191643,11,Rüdigerstraße,2019,1,19,5,3,4,5,2,0,1,0,0,0,0,0,Lichtenberg,Accident with minor injuries,Collision with oncoming vehicle,Accident involving parked vehicles,Dark,Dry
2341,191644,2,Boxhagener Platz,2019,1,13,7,3,5,2,0,1,1,0,0,0,0,0,Friedrichshain - Kreuzberg,Accident with minor injuries,Collision with a turning/crossing vehicle,Turning accident,Daylight,Dry
2342,191645,7,Nahariyastraße,2019,1,10,7,2,5,3,0,0,1,0,0,0,0,0,Tempelhof-Schöneberg,Accident with serious injuries,Collision with a turning/crossing vehicle,Turning/Crossing accident,Daylight,Dry
2343,191646,3,Heinersdorf,2019,1,16,5,3,2,6,1,0,1,0,0,0,1,0,Pankow,Accident with minor injuries,Collision with the vehicle in front/waiting vehicle,Collision involving vehicles going in the same way,Twilight,Dry
2344,191647,2,Wriezener Bahnhof/Entwicklungsgebiet,2019,1,16,5,3,5,3,2,1,1,0,0,0,0,0,Friedrichshain - Kreuzberg,Accident with minor injuries,Collision with a turning/crossing vehicle,Turning/Crossing accident,Dark,Dry
2345,191648,8,Waltersdorfer Chaussee Ost,2019,1,14,5,3,1,5,0,0,1,0,0,0,0,0,Neukölln,Accident with minor injuries,Collision with a moving/standing/parked vehicle,Accident involving parked vehicles,Daylight,Dry
2346,191649,12,Scharnweberstraße,2019,1,9,7,3,2,6,0,0,1,0,0,1,0,1,Reinickendorf,Accident with minor injuries,Collision with the vehicle in front/waiting vehicle,Collision involving vehicles going in the same way,Daylight,Wet/moist/slippery
2347,191650,4,Breitscheidplatz,2019,1,14,5,3,1,5,0,1,1,0,0,0,0,1,Charlottenburg - Wilmersdorf,Accident with minor injuries,Collision with a moving/standing/parked vehicle,Accident involving parked vehicles,Daylight,Wet/moist/slippery
2348,191651,11,Karlshorst West,2019,1,9,7,3,4,6,0,1,1,0,0,0,1,0,Lichtenberg,Accident with minor injuries,Collision with oncoming vehicle,Collision involving vehicles going in the same way,Daylight,Dry
2349,191652,1,Reinickendorfer Straße,2019,1,14,5,3,2,6,0,0,1,0,0,0,0,0,Mitte,Accident with minor injuries,Collision with the vehicle in front/waiting vehicle,Collision involving vehicles going in the same way,Daylight,Dry
2350,191653,7,Volkspark (Rudolf-Wilde-Park),2019,1,14,5,3,6,4,0,1,0,1,0,0,0,0,Tempelhof-Schöneberg,Accident with minor injuries,Collision between vehicle and pedestrian,Pedestrian crossing accident,Daylight,Dry
2351,191654,12,Wittenau Süd,2019,1,20,7,2,6,2,2,0,1,1,0,0,0,0,Reinickendorf,Accident with serious injuries,Collision between vehicle and pedestrian,Turning accident,Dark,Dry
2352,191655,8,Körnerpark,2019,1,13,5,3,5,3,0,1,1,0,0,0,0,0,Neukölln,Accident with minor injuries,Collision with a turning/crossing vehicle,Turning/Crossing accident,Daylight,Dry
2353,191656,8,Parchimer Allee,2019,1,13,5,3,5,3,0,0,1,0,0,0,0,0,Neukölln,Accident with minor injuries,Collision with a turning/crossing vehicle,Turning/Crossing accident,Daylight,Dry
2354,191657,2,Samariterviertel,2019,1,12,5,3,1,5,0,1,1,0,0,0,0,0,Friedrichshain - Kreuzberg,Accident with minor injuries,Collision with a moving/standing/parked vehicle,Accident involving parked vehicles,Daylight,Dry
2355,191658,12,Humboldtstraße,2019,1,12,5,3,2,2,0,0,1,0,0,0,0,0,Reinickendorf,Accident with minor injuries,Collision with the vehicle in front/waiting vehicle,Turning accident,Daylight,Dry
2356,191659,7,Bayerischer Platz,2019,1,10,5,3,5,2,0,0,1,0,0,0,0,0,Tempelhof-Schöneberg,Accident with minor injuries,Collision with a turning/crossing vehicle,Turning accident,Daylight,Dry
2357,191660,3,Humannplatz,2019,1,16,5,3,6,7,2,1,0,1,0,0,0,0,Pankow,Accident with minor injuries,Collision between vehicle and pedestrian,Others,Dark,Dry
2358,191661,12,Waldidyll/Flughafensee,2019,1,21,6,3,2,6,2,0,1,0,0,0,0,1,Reinickendorf,Accident with minor injuries,Collision with the vehicle in front/waiting vehicle,Collision involving vehicles going in the same way,Dark,Wet/moist/slippery
2359,191662,10,Alt-Marzahn,2019,1,14,5,2,6,4,0,0,0,1,0,0,1,0,Marzahn-Hellersdorf,Accident with serious injuries,Collision between vehicle and pedestrian,Pedestrian crossing accident,Daylight,Dry
2360,191663,10,Kaulsdorf Nord,2019,1,16,5,2,5,2,1,1,1,0,0,0,0,0,Marzahn-Hellersdorf,Accident with serious injuries,Collision with a turning/crossing vehicle,Turning accident,Twilight,Dry
2361,191664,12,Waldidyll/Flughafensee,2019,1,20,6,2,6,2,2,0,1,1,0,0,0,1,Reinickendorf,Accident with serious injuries,Collision between vehicle and pedestrian,Turning accident,Dark,Wet/moist/slippery
2362,191665,2,Graefekiez,2019,1,22,5,2,6,4,2,0,1,1,0,0,0,0,Friedrichshain - Kreuzberg,Accident with serious injuries,Collision between vehicle and pedestrian,Pedestrian crossing accident,Dark,Dry
2363,191666,3,Pankow Süd,2019,1,20,5,3,5,3,2,1,1,0,0,0,0,0,Pankow,Accident with minor injuries,Collision with a turning/crossing vehicle,Turning/Crossing accident,Dark,Dry
2364,191667,8,Buschkrugallee Nord,2019,1,11,4,3,2,6,0,0,0,0,0,1,1,1,Neukölln,Accident with minor injuries,Collision with the vehicle in front/waiting vehicle,Collision involving vehicles going in the same way,Daylight,Wet/moist/slippery
2365,191668,6,Südende,2019,1,17,4,3,2,6,1,0,1,0,0,0,0,1,Steglitz-Zehlendorf,Accident with minor injuries,Collision with the vehicle in front/waiting vehicle,Collision involving vehicles going in the same way,Twilight,Wet/moist/slippery
2366,191669,2,Urbanstraße,2019,1,20,4,3,5,3,2,0,1,0,1,0,0,1,Friedrichshain - Kreuzberg,Accident with minor injuries,Collision with a turning/crossing vehicle,Turning/Crossing accident,Dark,Wet/moist/slippery
2367,191670,1,Alexanderplatzviertel,2019,1,20,4,3,2,6,2,0,1,0,0,0,0,1,Mitte,Accident with minor injuries,Collision with the vehicle in front/waiting vehicle,Collision involving vehicles going in the same way,Dark,Wet/moist/slippery
2368,191671,6,Komponistenviertel Lankwitz,2019,1,19,4,3,5,3,2,1,1,0,0,0,0,1,Steglitz-Zehlendorf,Accident with minor injuries,Collision with a turning/crossing vehicle,Turning/Crossing accident,Dark,Wet/moist/slippery
2369,191672,4,Breitscheidplatz,2019,1,10,4,3,1,5,1,1,1,0,0,0,0,1,Charlottenburg - Wilmersdorf,Accident with minor injuries,Collision with a moving/standing/parked vehicle,Accident involving parked vehicles,Twilight,Wet/moist/slippery
2370,191673,1,Reinickendorfer Straße,2019,1,20,7,3,2,6,2,0,1,0,0,0,0,0,Mitte,Accident with minor injuries,Collision with the vehicle in front/waiting vehicle,Collision involving vehicles going in the same way,Dark,Dry
2371,191674,2,Traveplatz,2019,1,8,4,3,3,6,0,1,0,0,0,0,1,1,Friedrichshain - Kreuzberg,Accident with minor injuries,Collision with a vehicle traveling laterally in the same direction,Collision involving vehicles going in the same way,Daylight,Wet/moist/slippery
2372,191675,6,Berlepschstraße,2019,1,16,4,3,5,3,2,1,1,0,0,0,0,1,Steglitz-Zehlendorf,Accident with minor injuries,Collision with a turning/crossing vehicle,Turning/Crossing accident,Dark,Wet/moist/slippery
2373,191676,5,Ackerstraße,2019,1,16,4,3,0,2,1,1,1,0,0,0,0,1,Spandau,Accident with minor injuries,Others,Turning accident,Twilight,Wet/moist/slippery
2374,191677,2,Andreasviertel,2019,1,18,4,3,5,3,2,0,1,0,0,0,0,1,Friedrichshain - Kreuzberg,Accident with minor injuries,Collision with a turning/crossing vehicle,Turning/Crossing accident,Dark,Wet/moist/slippery
2375,191678,3,Pankow Süd,2019,1,10,1,3,5,3,0,0,1,0,0,0,0,0,Pankow,Accident with minor injuries,Collision with a turning/crossing vehicle,Turning/Crossing accident,Daylight,Dry
2376,191679,7,Marienhöhe,2019,1,13,4,3,1,5,0,1,1,0,0,0,0,0,Tempelhof-Schöneberg,Accident with minor injuries,Collision with a moving/standing/parked vehicle,Accident involving parked vehicles,Daylight,Dry
2377,191680,3,Komponistenviertel Weißensee,2019,1,18,4,3,2,2,2,0,1,0,0,0,0,0,Pankow,Accident with minor injuries,Collision with the vehicle in front/waiting vehicle,Turning accident,Dark,Dry
2378,191681,11,Herzbergstraße,2019,1,18,4,3,2,6,2,0,1,0,0,0,0,0,Lichtenberg,Accident with minor injuries,Collision with the vehicle in front/waiting vehicle,Collision involving vehicles going in the same way,Dark,Dry
2379,191682,1,Soldiner Straße,2019,1,18,4,3,6,4,2,0,1,1,0,0,0,0,Mitte,Accident with minor injuries,Collision between vehicle and pedestrian,Pedestrian crossing accident,Dark,Dry
2380,191683,11,Karlshorst West,2019,1,7,4,3,2,6,0,0,1,0,0,0,0,2,Lichtenberg,Accident with minor injuries,Collision with the vehicle in front/waiting vehicle,Collision involving vehicles going in the same way,Daylight,Snowy
2381,191684,6,Feuerbachstraße,2019,1,17,4,2,6,4,0,0,1,1,0,0,0,0,Steglitz-Zehlendorf,Accident with serious injuries,Collision between vehicle and pedestrian,Pedestrian crossing accident,Daylight,Dry
2382,191685,3,Kollwitzplatz,2019,1,18,5,3,2,2,1,0,1,0,0,0,0,0,Pankow,Accident with minor injuries,Collision with the vehicle in front/waiting vehicle,Turning accident,Twilight,Dry
2383,191686,12,Letteplatz,2019,1,7,4,3,6,4,0,0,1,1,0,0,0,0,Reinickendorf,Accident with minor injuries,Collision between vehicle and pedestrian,Pedestrian crossing accident,Daylight,Dry
2384,191687,1,Sparrplatz,2019,1,6,4,3,5,2,1,1,1,0,0,0,0,0,Mitte,Accident with minor injuries,Collision with a turning/crossing vehicle,Turning accident,Twilight,Dry
2385,191688,4,Eisenzahnstraße,2019,1,8,4,3,6,4,0,0,1,1,0,0,0,0,Charlottenburg - Wilmersdorf,Accident with minor injuries,Collision between vehicle and pedestrian,Pedestrian crossing accident,Daylight,Dry
2386,191689,4,Nikolsburger Platz,2019,1,8,4,3,6,4,0,0,1,1,0,0,0,0,Charlottenburg - Wilmersdorf,Accident with minor injuries,Collision between vehicle and pedestrian,Pedestrian crossing accident,Daylight,Dry
2387,191690,1,Soldiner Straße,2019,1,8,4,3,1,5,0,1,1,0,0,0,0,0,Mitte,Accident with minor injuries,Collision with a moving/standing/parked vehicle,Accident involving parked vehicles,Daylight,Dry
2388,191691,3,Buchholz,2019,1,9,4,3,6,2,0,0,1,1,0,0,0,0,Pankow,Accident with minor injuries,Collision between vehicle and pedestrian,Turning accident,Daylight,Dry
2389,191692,7,Bayerischer Platz,2019,1,11,4,3,5,2,0,1,1,0,0,0,0,1,Tempelhof-Schöneberg,Accident with minor injuries,Collision with a turning/crossing vehicle,Turning accident,Daylight,Wet/moist/slippery
2390,191693,1,Alexanderplatzviertel,2019,1,11,4,3,5,2,0,1,1,0,0,0,0,0,Mitte,Accident with minor injuries,Collision with a turning/crossing vehicle,Turning accident,Daylight,Dry
2391,191694,2,Moritzplatz,2019,1,11,4,3,0,3,0,0,1,0,0,0,1,0,Friedrichshain - Kreuzberg,Accident with minor injuries,Others,Turning/Crossing accident,Daylight,Dry
2392,191695,7,Wittenbergplatz/Viktoria-Luise-Platz,2019,1,15,5,3,5,2,0,1,1,0,0,0,0,0,Tempelhof-Schöneberg,Accident with minor injuries,Collision with a turning/crossing vehicle,Turning accident,Daylight,Dry
2393,191696,10,Marzahner Promenade,2019,1,12,4,3,6,4,0,0,1,1,0,0,0,0,Marzahn-Hellersdorf,Accident with minor injuries,Collision between vehicle and pedestrian,Pedestrian crossing accident,Daylight,Dry
2394,191697,8,Buckow Mitte,2019,1,12,4,3,6,3,0,0,1,1,0,0,0,0,Neukölln,Accident with minor injuries,Collision between vehicle and pedestrian,Turning/Crossing accident,Daylight,Dry
2395,191698,10,Mahlsdorf Süd,2019,1,17,4,3,6,2,2,0,1,1,0,0,0,0,Marzahn-Hellersdorf,Accident with minor injuries,Collision between vehicle and pedestrian,Turning accident,Dark,Dry
2396,191699,9,Oberschöneweide West,2019,1,12,4,3,5,7,0,0,1,0,0,0,1,0,Treptow-Köpenick,Accident with minor injuries,Collision with a turning/crossing vehicle,Others,Daylight,Dry
2397,191700,5,Gütersloher Weg,2019,1,18,5,3,6,2,2,0,0,1,0,0,1,0,Spandau,Accident with minor injuries,Collision between vehicle and pedestrian,Turning accident,Dark,Dry
2398,191701,1,Leopoldplatz,2019,1,17,4,3,6,4,2,1,0,1,0,0,0,1,Mitte,Accident with minor injuries,Collision between vehicle and pedestrian,Pedestrian crossing accident,Dark,Wet/moist/slippery
2399,191702,12,Schäfersee,2019,1,15,4,3,2,6,0,0,1,0,0,0,0,0,Reinickendorf,Accident with minor injuries,Collision with the vehicle in front/waiting vehicle,Collision involving vehicles going in the same way,Daylight,Dry
2400,191703,3,Kollwitzplatz,2019,1,8,4,3,5,3,0,0,1,0,1,0,0,0,Pankow,Accident with minor injuries,Collision with a turning/crossing vehicle,Turning/Crossing accident,Daylight,Dry
2401,191704,2,Lausitzer Platz,2019,1,19,3,2,6,4,2,0,1,1,0,0,0,0,Friedrichshain - Kreuzberg,Accident with serious injuries,Collision between vehicle and pedestrian,Pedestrian crossing accident,Dark,Dry
2402,191705,9,Rahnsdorf/Hessenwinkel,2019,1,17,3,3,4,3,2,0,1,0,0,0,0,0,Treptow-Köpenick,Accident with minor injuries,Collision with oncoming vehicle,Turning/Crossing accident,Dark,Dry
2403,191706,1,Emdener Straße,2019,2,11,6,1,6,2,0,0,0,1,0,0,1,1,Mitte,Accident with fatalities,Collision between vehicle and pedestrian,Turning accident,Daylight,Wet/moist/slippery
2404,191707,5,Germersheimer Platz,2019,1,18,3,3,2,6,2,0,1,0,0,0,0,1,Spandau,Accident with minor injuries,Collision with the vehicle in front/waiting vehicle,Collision involving vehicles going in the same way,Dark,Wet/moist/slippery
2405,191708,8,Silbersteinstraße,2019,1,18,3,3,2,6,2,0,1,0,0,0,0,0,Neukölln,Accident with minor injuries,Collision with the vehicle in front/waiting vehicle,Collision involving vehicles going in the same way,Dark,Dry
2406,191709,11,Rüdigerstraße,2019,1,16,3,2,6,4,0,0,1,1,0,0,0,1,Lichtenberg,Accident with serious injuries,Collision between vehicle and pedestrian,Pedestrian crossing accident,Daylight,Wet/moist/slippery
2407,191710,1,Elberfelder Straße,2019,1,16,4,3,6,4,0,1,0,1,0,0,0,0,Mitte,Accident with minor injuries,Collision between vehicle and pedestrian,Pedestrian crossing accident,Daylight,Dry
2408,191711,8,Gropiusstadt Nord,2019,1,17,3,3,3,6,2,0,1,0,0,0,0,1,Neukölln,Accident with minor injuries,Collision with a vehicle traveling laterally in the same direction,Collision involving vehicles going in the same way,Dark,Wet/moist/slippery
2409,191712,6,Schloßstraße,2019,1,16,3,2,6,4,1,0,1,1,0,0,0,0,Steglitz-Zehlendorf,Accident with serious injuries,Collision between vehicle and pedestrian,Pedestrian crossing accident,Twilight,Dry
2410,191713,2,Traveplatz,2019,1,16,3,3,1,5,2,1,1,0,0,0,0,0,Friedrichshain - Kreuzberg,Accident with minor injuries,Collision with a moving/standing/parked vehicle,Accident involving parked vehicles,Dark,Dry
2411,191714,1,Heine-Viertel West,2019,1,16,3,3,2,6,2,1,1,0,0,0,0,0,Mitte,Accident with minor injuries,Collision with the vehicle in front/waiting vehicle,Collision involving vehicles going in the same way,Dark,Dry
2412,191715,1,Humboldthain Nordwest,2019,1,16,3,3,5,2,2,0,1,0,0,0,0,1,Mitte,Accident with minor injuries,Collision with a turning/crossing vehicle,Turning accident,Dark,Wet/moist/slippery
2413,191716,6,Lichterfelde West,2019,1,16,3,2,6,4,0,0,1,1,0,0,0,0,Steglitz-Zehlendorf,Accident with serious injuries,Collision between vehicle and pedestrian,Pedestrian crossing accident,Daylight,Dry
2414,191717,1,Leipziger Straße,2019,1,16,3,3,5,3,1,1,1,0,0,0,0,1,Mitte,Accident with minor injuries,Collision with a turning/crossing vehicle,Turning/Crossing accident,Twilight,Wet/moist/slippery
2415,191718,7,Manteuffelstraße,2019,1,9,5,3,5,3,0,0,1,0,0,0,0,1,Tempelhof-Schöneberg,Accident with minor injuries,Collision with a turning/crossing vehicle,Turning/Crossing accident,Daylight,Wet/moist/slippery
2416,191719,2,Mehringplatz,2019,1,16,3,3,6,4,0,0,1,1,0,0,0,1,Friedrichshain - Kreuzberg,Accident with minor injuries,Collision between vehicle and pedestrian,Pedestrian crossing accident,Daylight,Wet/moist/slippery
2417,191720,6,Lankwitz Kirche,2019,1,15,3,3,5,7,0,0,1,0,0,0,0,1,Steglitz-Zehlendorf,Accident with minor injuries,Collision with a turning/crossing vehicle,Others,Daylight,Wet/moist/slippery
2418,191721,4,Babelsberger Straße,2019,1,18,4,3,2,2,2,0,1,0,0,0,0,0,Charlottenburg - Wilmersdorf,Accident with minor injuries,Collision with the vehicle in front/waiting vehicle,Turning accident,Dark,Dry
2419,191722,1,Emdener Straße,2019,1,7,3,3,0,5,0,1,0,0,0,0,0,2,Mitte,Accident with minor injuries,Others,Accident involving parked vehicles,Daylight,Snowy
2420,191723,11,Große-Leege-Straße,2019,1,20,3,2,0,1,2,1,0,0,0,0,0,1,Lichtenberg,Accident with serious injuries,Others,Driving accident,Dark,Wet/moist/slippery
2421,191724,1,Leopoldplatz,2019,1,15,3,3,5,3,1,1,1,0,0,0,0,0,Mitte,Accident with minor injuries,Collision with a turning/crossing vehicle,Turning/Crossing accident,Twilight,Dry
2422,191725,4,Park Ruhwald,2019,1,14,3,3,2,6,0,0,1,0,0,0,0,0,Charlottenburg - Wilmersdorf,Accident with minor injuries,Collision with the vehicle in front/waiting vehicle,Collision involving vehicles going in the same way,Daylight,Dry
2423,191726,12,Ziekowstraße/Freie Scholle,2019,1,13,3,3,2,6,0,0,1,0,0,0,0,0,Reinickendorf,Accident with minor injuries,Collision with the vehicle in front/waiting vehicle,Collision involving vehicles going in the same way,Daylight,Dry
2424,191727,5,Gartenfelder Straße,2019,1,13,3,3,6,4,0,0,1,1,0,0,0,0,Spandau,Accident with minor injuries,Collision between vehicle and pedestrian,Pedestrian crossing accident,Daylight,Dry
2425,191728,12,Waldidyll/Flughafensee,2019,1,6,5,3,3,6,2,0,1,0,0,0,1,0,Reinickendorf,Accident with minor injuries,Collision with a vehicle traveling laterally in the same direction,Collision involving vehicles going in the same way,Dark,Dry
2426,191729,4,Alt-Lietzow,2019,1,13,3,3,0,3,0,0,1,0,1,0,0,0,Charlottenburg - Wilmersdorf,Accident with minor injuries,Others,Turning/Crossing accident,Daylight,Dry
2427,191730,2,Mehringplatz,2019,1,22,3,3,5,7,2,0,1,0,0,0,0,0,Friedrichshain - Kreuzberg,Accident with minor injuries,Collision with a turning/crossing vehicle,Others,Dark,Dry
2428,191731,6,Lichterfelde West,2019,1,22,3,3,5,2,2,0,1,0,0,0,0,0,Steglitz-Zehlendorf,Accident with minor injuries,Collision with a turning/crossing vehicle,Turning accident,Dark,Dry
2429,191732,12,Hermsdorf,2019,1,11,5,3,6,2,0,0,0,1,0,1,0,0,Reinickendorf,Accident with minor injuries,Collision between vehicle and pedestrian,Turning accident,Daylight,Dry
2430,191733,4,Nikolsburger Platz,2019,1,10,3,3,2,6,0,1,1,0,0,0,0,1,Charlottenburg - Wilmersdorf,Accident with minor injuries,Collision with the vehicle in front/waiting vehicle,Collision involving vehicles going in the same way,Daylight,Wet/moist/slippery
2431,191734,1,Rehberge,2019,1,8,3,3,1,5,0,1,0,0,0,1,0,1,Mitte,Accident with minor injuries,Collision with a moving/standing/parked vehicle,Accident involving parked vehicles,Daylight,Wet/moist/slippery
2432,191735,1,Karl-Marx-Allee,2019,1,8,3,3,5,2,0,1,0,0,0,0,1,1,Mitte,Accident with minor injuries,Collision with a turning/crossing vehicle,Turning accident,Daylight,Wet/moist/slippery