,object id,district,street,year,month,hour of day,weekday,category,accident type,accident type 2,light situation,bike involved,car involved,pedestrian involved,motor bike involved,big track involved,other vehicle involved,road condition,district name,category name,accident detail,accident type detail,light condition,road condition detail
2433,191736,8,Gropiusstadt Süd,2019,1,13,4,3,5,3,0,1,1,0,0,0,0,0,Neukölln,Accident with minor injuries,Collision with a turning/crossing vehicle,Turning/Crossing accident,Daylight,Dry
2434,191737,8,Rixdorf,2019,1,7,3,3,6,2,0,0,1,1,0,0,0,1,Neukölln,Accident with minor injuries,Collision between vehicle and pedestrian,Turning accident,Daylight,Wet/moist/slippery
2435,191738,10,Landsberger Tor,2019,1,6,3,2,6,4,1,0,1,1,0,0,0,1,Marzahn-Hellersdorf,Accident with serious injuries,Collision between vehicle and pedestrian,Pedestrian crossing accident,Twilight,Wet/moist/slippery
2436,191739,11,Mühlengrund,2019,1,2,3,3,6,4,2,0,1,1,0,0,0,1,Lichtenberg,Accident with minor injuries,Collision between vehicle and pedestrian,Pedestrian crossing accident,Dark,Wet/moist/slippery
2437,191740,1,Heine-Viertel Ost,2019,1,9,3,3,1,5,0,1,1,0,0,0,0,0,Mitte,Accident with minor injuries,Collision with a moving/standing/parked vehicle,Accident involving parked vehicles,Daylight,Dry
2438,191741,4,Ernst-Reuter-Platz,2019,1,21,2,3,5,3,2,0,1,0,0,0,0,0,Charlottenburg - Wilmersdorf,Accident with minor injuries,Collision with a turning/crossing vehicle,Turning/Crossing accident,Dark,Dry
2439,191742,7,Grazer Platz,2019,1,11,2,3,5,2,0,1,1,0,0,0,0,1,Tempelhof-Schöneberg,Accident with minor injuries,Collision with a turning/crossing vehicle,Turning accident,Daylight,Wet/moist/slippery
2440,191743,6,Hindenburgdamm,2019,1,18,5,3,1,5,2,1,1,0,0,0,0,0,Steglitz-Zehlendorf,Accident with minor injuries,Collision with a moving/standing/parked vehicle,Accident involving parked vehicles,Dark,Dry
2441,191744,5,Rohrdamm,2019,1,20,2,3,6,7,2,0,1,1,0,0,0,1,Spandau,Accident with minor injuries,Collision between vehicle and pedestrian,Others,Dark,Wet/moist/slippery
2442,191745,3,Buch,2019,1,17,2,3,2,6,1,1,0,0,0,0,1,1,Pankow,Accident with minor injuries,Collision with the vehicle in front/waiting vehicle,Collision involving vehicles going in the same way,Twilight,Wet/moist/slippery
2443,191746,10,Mahlsdorf Nord,2019,1,20,2,2,5,3,2,0,1,0,0,0,0,1,Marzahn-Hellersdorf,Accident with serious injuries,Collision with a turning/crossing vehicle,Turning/Crossing accident,Dark,Wet/moist/slippery
2444,191747,8,Reuterkiez,2019,1,18,2,2,6,2,2,0,1,1,0,0,0,1,Neukölln,Accident with serious injuries,Collision between vehicle and pedestrian,Turning accident,Dark,Wet/moist/slippery
2445,191748,7,Buckow West,2019,1,17,2,3,6,2,2,0,1,1,0,0,0,1,Tempelhof-Schöneberg,Accident with minor injuries,Collision between vehicle and pedestrian,Turning accident,Dark,Wet/moist/slippery
2446,191749,6,Feuerbachstraße,2019,1,17,2,2,6,4,2,0,1,1,0,0,0,1,Steglitz-Zehlendorf,Accident with serious injuries,Collision between vehicle and pedestrian,Pedestrian crossing accident,Dark,Wet/moist/slippery
2447,191750,6,Lichterfelde West,2019,1,17,2,3,2,2,2,0,1,0,0,0,0,1,Steglitz-Zehlendorf,Accident with minor injuries,Collision with the vehicle in front/waiting vehicle,Turning accident,Dark,Wet/moist/slippery
2448,191751,7,Fritz-Werner-Straße,2019,1,16,2,2,5,3,1,0,1,0,1,0,0,1,Tempelhof-Schöneberg,Accident with serious injuries,Collision with a turning/crossing vehicle,Turning/Crossing accident,Twilight,Wet/moist/slippery
2449,191752,7,Dennewitzplatz,2019,1,8,2,3,0,1,0,1,0,0,0,0,0,2,Tempelhof-Schöneberg,Accident with minor injuries,Others,Driving accident,Daylight,Snowy
2450,191753,8,Handwerker-Siedlung,2019,1,15,2,3,5,3,1,1,1,0,0,0,0,1,Neukölln,Accident with minor injuries,Collision with a turning/crossing vehicle,Turning/Crossing accident,Twilight,Wet/moist/slippery
2451,191754,4,Plötzensee,2019,1,8,2,3,2,6,0,0,1,0,0,0,0,1,Charlottenburg - Wilmersdorf,Accident with minor injuries,Collision with the vehicle in front/waiting vehicle,Collision involving vehicles going in the same way,Daylight,Wet/moist/slippery
2452,191755,5,Hakenfelde Nord,2019,1,15,2,2,5,3,0,0,1,0,0,0,0,1,Spandau,Accident with serious injuries,Collision with a turning/crossing vehicle,Turning/Crossing accident,Daylight,Wet/moist/slippery
2453,191756,8,Blumenviertel,2019,1,16,5,3,5,3,1,1,1,0,0,0,0,0,Neukölln,Accident with minor injuries,Collision with a turning/crossing vehicle,Turning/Crossing accident,Twilight,Dry
2454,191757,6,Fischerhüttenstraße,2019,1,9,2,3,1,1,0,0,1,0,0,0,1,2,Steglitz-Zehlendorf,Accident with minor injuries,Collision with a moving/standing/parked vehicle,Driving accident,Daylight,Snowy
2455,191758,10,Alte Hellersdorfer Straße,2019,1,20,2,3,5,3,2,0,1,0,0,0,0,1,Marzahn-Hellersdorf,Accident with minor injuries,Collision with a turning/crossing vehicle,Turning/Crossing accident,Dark,Wet/moist/slippery
2456,191759,6,Lankwitz Kirche,2019,1,15,2,3,5,2,0,0,1,0,1,0,0,0,Steglitz-Zehlendorf,Accident with minor injuries,Collision with a turning/crossing vehicle,Turning accident,Daylight,Dry
2457,191760,9,Oberschöneweide Ost,2019,1,13,2,3,5,3,0,1,1,0,0,0,0,1,Treptow-Köpenick,Accident with minor injuries,Collision with a turning/crossing vehicle,Turning/Crossing accident,Daylight,Wet/moist/slippery
2458,191761,6,Krumme Lanke,2019,1,8,2,3,0,1,0,1,0,0,0,0,0,2,Steglitz-Zehlendorf,Accident with minor injuries,Others,Driving accident,Daylight,Snowy
2459,191762,8,Alt-Rudow,2019,1,8,5,3,3,6,0,0,1,0,0,1,0,0,Neukölln,Accident with minor injuries,Collision with a vehicle traveling laterally in the same direction,Collision involving vehicles going in the same way,Daylight,Dry
2460,191763,1,Humboldthain Nordwest,2019,1,13,2,3,2,6,0,0,1,0,0,0,1,0,Mitte,Accident with minor injuries,Collision with the vehicle in front/waiting vehicle,Collision involving vehicles going in the same way,Daylight,Dry
2461,191764,4,Messegelände,2019,1,8,2,3,0,1,0,1,0,0,0,0,0,2,Charlottenburg - Wilmersdorf,Accident with minor injuries,Others,Driving accident,Daylight,Snowy
2462,191765,4,Schloßgarten,2019,1,6,2,2,6,2,2,0,1,1,0,0,0,1,Charlottenburg - Wilmersdorf,Accident with serious injuries,Collision between vehicle and pedestrian,Turning accident,Dark,Wet/moist/slippery
2463,191766,6,Komponistenviertel Lankwitz,2019,2,13,6,3,2,6,0,0,1,0,0,0,0,0,Steglitz-Zehlendorf,Accident with minor injuries,Collision with the vehicle in front/waiting vehicle,Collision involving vehicles going in the same way,Daylight,Dry
2464,191767,9,Adlershof Ost,2019,1,6,2,2,6,2,2,0,1,1,0,0,0,1,Treptow-Köpenick,Accident with serious injuries,Collision between vehicle and pedestrian,Turning accident,Dark,Wet/moist/slippery
2465,191768,1,Westliche Müllerstraße,2019,1,19,2,3,6,2,2,0,1,1,0,0,0,0,Mitte,Accident with minor injuries,Collision between vehicle and pedestrian,Turning accident,Dark,Dry
2466,191769,10,Mahlsdorf Süd,2019,1,13,2,3,5,2,0,0,1,0,0,0,0,0,Marzahn-Hellersdorf,Accident with minor injuries,Collision with a turning/crossing vehicle,Turning accident,Daylight,Dry
2467,191770,4,Rathaus Wilmersdorf,2019,1,9,4,3,5,2,0,0,1,0,0,0,0,0,Charlottenburg - Wilmersdorf,Accident with minor injuries,Collision with a turning/crossing vehicle,Turning accident,Daylight,Dry
2468,191771,5,Motardstraße,2019,1,6,2,2,5,3,2,1,1,0,0,0,0,1,Spandau,Accident with serious injuries,Collision with a turning/crossing vehicle,Turning/Crossing accident,Dark,Wet/moist/slippery
2469,191772,10,Springpfuhl,2019,1,19,2,2,6,4,2,0,1,1,0,0,0,1,Marzahn-Hellersdorf,Accident with serious injuries,Collision between vehicle and pedestrian,Pedestrian crossing accident,Dark,Wet/moist/slippery
2470,191773,10,Biesdorf Süd,2019,1,12,2,2,5,2,0,0,1,0,1,0,0,0,Marzahn-Hellersdorf,Accident with serious injuries,Collision with a turning/crossing vehicle,Turning accident,Daylight,Dry
2471,191774,8,Gewerbegebiet Köllnische Heide,2019,1,5,2,3,5,7,2,1,0,0,0,0,1,1,Neukölln,Accident with minor injuries,Collision with a turning/crossing vehicle,Others,Dark,Wet/moist/slippery
2472,191775,4,Amtsgerichtsplatz,2019,1,19,2,3,5,3,2,0,1,0,0,0,0,1,Charlottenburg - Wilmersdorf,Accident with minor injuries,Collision with a turning/crossing vehicle,Turning/Crossing accident,Dark,Wet/moist/slippery
2473,191776,4,Jungfernheide,2019,1,9,5,3,0,2,0,1,1,0,0,0,0,1,Charlottenburg - Wilmersdorf,Accident with minor injuries,Others,Turning accident,Daylight,Wet/moist/slippery
2474,191777,1,Rehberge,2019,1,5,2,3,6,2,2,0,1,1,0,0,0,1,Mitte,Accident with minor injuries,Collision between vehicle and pedestrian,Turning accident,Dark,Wet/moist/slippery
2475,191778,12,Teichstraße,2019,1,19,2,3,6,2,2,0,1,1,0,0,0,1,Reinickendorf,Accident with minor injuries,Collision between vehicle and pedestrian,Turning accident,Dark,Wet/moist/slippery
2476,191779,4,Hindemithplatz,2019,1,14,4,3,5,7,0,0,1,0,0,0,1,1,Charlottenburg - Wilmersdorf,Accident with minor injuries,Collision with a turning/crossing vehicle,Others,Daylight,Wet/moist/slippery
2477,191780,1,Rehberge,2019,1,10,2,3,1,5,0,0,1,0,0,0,0,1,Mitte,Accident with minor injuries,Collision with a moving/standing/parked vehicle,Accident involving parked vehicles,Daylight,Wet/moist/slippery
2478,191781,11,Victoriastadt,2019,1,18,2,3,2,2,2,0,1,0,0,0,0,1,Lichtenberg,Accident with minor injuries,Collision with the vehicle in front/waiting vehicle,Turning accident,Dark,Wet/moist/slippery
2479,191782,3,Pankow Süd,2019,1,10,2,3,5,3,0,1,1,0,0,0,0,1,Pankow,Accident with minor injuries,Collision with a turning/crossing vehicle,Turning/Crossing accident,Daylight,Wet/moist/slippery
2480,191783,8,Flughafenstraße,2019,1,22,4,3,5,7,2,0,1,0,0,0,1,0,Neukölln,Accident with minor injuries,Collision with a turning/crossing vehicle,Others,Dark,Dry
2481,191784,6,Teltower Damm,2019,1,10,2,3,0,3,0,1,1,0,0,0,0,2,Steglitz-Zehlendorf,Accident with minor injuries,Others,Turning/Crossing accident,Daylight,Snowy
2482,191785,6,Stadtpark,2019,1,18,2,2,6,2,2,0,1,1,0,0,0,1,Steglitz-Zehlendorf,Accident with serious injuries,Collision between vehicle and pedestrian,Turning accident,Dark,Wet/moist/slippery
2483,191786,5,Rohrdamm,2019,1,9,2,3,0,5,0,1,1,0,0,0,0,2,Spandau,Accident with minor injuries,Others,Accident involving parked vehicles,Daylight,Snowy
2484,191787,7,Rathausstraße,2019,1,9,2,3,2,2,0,0,1,0,0,0,0,1,Tempelhof-Schöneberg,Accident with minor injuries,Collision with the vehicle in front/waiting vehicle,Turning accident,Daylight,Wet/moist/slippery
2485,191788,1,Humboldthain Süd,2019,1,18,2,2,5,3,2,1,1,0,0,0,0,1,Mitte,Accident with serious injuries,Collision with a turning/crossing vehicle,Turning/Crossing accident,Dark,Wet/moist/slippery
2486,191789,12,Frohnau,2019,1,8,2,3,0,1,0,1,0,0,0,0,0,2,Reinickendorf,Accident with minor injuries,Others,Driving accident,Daylight,Snowy
2487,191790,7,Friedenau,2019,1,13,5,3,1,5,0,1,1,0,0,0,0,0,Tempelhof-Schöneberg,Accident with minor injuries,Collision with a moving/standing/parked vehicle,Accident involving parked vehicles,Daylight,Dry
2488,191791,9,Rahnsdorf/Hessenwinkel,2019,1,9,2,2,0,1,0,1,0,0,0,0,0,2,Treptow-Köpenick,Accident with serious injuries,Others,Driving accident,Daylight,Snowy
2489,191792,4,Droysenstraße,2019,1,11,2,3,6,2,0,0,0,1,0,0,1,0,Charlottenburg - Wilmersdorf,Accident with minor injuries,Collision between vehicle and pedestrian,Turning accident,Daylight,Dry
2490,191793,1,Lübecker Straße,2019,1,2,1,3,1,7,2,0,1,0,0,0,0,1,Mitte,Accident with minor injuries,Collision with a moving/standing/parked vehicle,Others,Dark,Wet/moist/slippery
2491,191794,1,Oranienburger Straße,2019,1,11,1,3,6,7,0,0,1,1,0,0,0,1,Mitte,Accident with minor injuries,Collision between vehicle and pedestrian,Others,Daylight,Wet/moist/slippery
2492,191795,5,Hakenfelde Nord,2019,1,19,1,3,6,2,2,0,1,1,0,0,0,1,Spandau,Accident with minor injuries,Collision between vehicle and pedestrian,Turning accident,Dark,Wet/moist/slippery
2493,191796,5,Zitadellenweg,2019,1,19,1,3,2,6,2,0,1,0,0,0,0,1,Spandau,Accident with minor injuries,Collision with the vehicle in front/waiting vehicle,Collision involving vehicles going in the same way,Dark,Wet/moist/slippery
2494,191797,5,Carl-Schurz-Straße,2019,1,20,1,3,6,4,2,0,1,1,0,0,0,0,Spandau,Accident with minor injuries,Collision between vehicle and pedestrian,Pedestrian crossing accident,Dark,Dry
2495,191798,8,Rollberg,2019,1,11,1,3,5,3,0,0,1,0,0,0,0,1,Neukölln,Accident with minor injuries,Collision with a turning/crossing vehicle,Turning/Crossing accident,Daylight,Wet/moist/slippery
2496,191799,4,Droysenstraße,2019,1,8,1,2,1,1,0,0,1,0,0,0,0,1,Charlottenburg - Wilmersdorf,Accident with serious injuries,Collision with a moving/standing/parked vehicle,Driving accident,Daylight,Wet/moist/slippery
2497,191800,1,Reinickendorfer Straße,2019,1,4,1,3,5,3,2,0,1,0,0,0,1,0,Mitte,Accident with minor injuries,Collision with a turning/crossing vehicle,Turning/Crossing accident,Dark,Dry
2498,191801,8,Reuterkiez,2019,1,18,1,3,2,6,2,0,1,0,0,0,0,1,Neukölln,Accident with minor injuries,Collision with the vehicle in front/waiting vehicle,Collision involving vehicles going in the same way,Dark,Wet/moist/slippery
2499,191802,4,Alt-Lietzow,2019,1,18,1,2,6,2,2,0,1,1,0,0,0,1,Charlottenburg - Wilmersdorf,Accident with serious injuries,Collision between vehicle and pedestrian,Turning accident,Dark,Wet/moist/slippery
2500,191803,3,Buchholz,2019,1,5,5,3,0,6,2,0,1,0,0,0,1,1,Pankow,Accident with minor injuries,Others,Collision involving vehicles going in the same way,Dark,Wet/moist/slippery
2501,191804,1,Großer Tiergarten,2019,1,18,1,3,2,6,2,0,1,0,0,0,0,1,Mitte,Accident with minor injuries,Collision with the vehicle in front/waiting vehicle,Collision involving vehicles going in the same way,Dark,Wet/moist/slippery
2502,191805,7,Hundsteinweg,2019,1,18,1,2,6,4,2,0,1,1,0,0,0,1,Tempelhof-Schöneberg,Accident with serious injuries,Collision between vehicle and pedestrian,Pedestrian crossing accident,Dark,Wet/moist/slippery
2503,191806,5,Amorbacher Weg,2019,1,17,1,3,5,3,2,0,1,0,0,0,0,1,Spandau,Accident with minor injuries,Collision with a turning/crossing vehicle,Turning/Crossing accident,Dark,Wet/moist/slippery
2504,191807,6,Teltower Damm,2019,1,16,1,3,5,2,2,1,1,0,0,0,0,1,Steglitz-Zehlendorf,Accident with minor injuries,Collision with a turning/crossing vehicle,Turning accident,Dark,Wet/moist/slippery
2505,191808,6,Schweizer Viertel,2019,1,15,1,3,4,6,0,1,1,0,0,0,0,1,Steglitz-Zehlendorf,Accident with minor injuries,Collision with oncoming vehicle,Collision involving vehicles going in the same way,Daylight,Wet/moist/slippery
2506,191809,12,Tegeler Forst,2019,1,21,7,3,4,6,2,0,1,0,0,0,0,1,Reinickendorf,Accident with minor injuries,Collision with oncoming vehicle,Collision involving vehicles going in the same way,Dark,Wet/moist/slippery
2507,191810,4,Preußenpark,2019,1,22,7,2,6,4,2,0,1,1,0,0,0,1,Charlottenburg - Wilmersdorf,Accident with serious injuries,Collision between vehicle and pedestrian,Pedestrian crossing accident,Dark,Wet/moist/slippery
2508,191811,7,Kettinger Straße/Schillerstraße,2019,1,14,7,2,0,7,0,0,1,0,0,0,0,1,Tempelhof-Schöneberg,Accident with serious injuries,Others,Others,Daylight,Wet/moist/slippery
2509,191812,11,Mühlengrund,2019,1,13,7,3,6,4,0,0,0,1,0,0,1,2,Lichtenberg,Accident with minor injuries,Collision between vehicle and pedestrian,Pedestrian crossing accident,Daylight,Snowy
2510,191813,1,Heine-Viertel West,2019,1,15,5,3,5,7,0,1,0,0,0,0,1,0,Mitte,Accident with minor injuries,Collision with a turning/crossing vehicle,Others,Daylight,Dry
2511,191814,12,Letteplatz,2019,1,13,7,3,5,3,0,0,1,0,0,0,0,1,Reinickendorf,Accident with minor injuries,Collision with a turning/crossing vehicle,Turning/Crossing accident,Daylight,Wet/moist/slippery
2512,191815,8,Buckow Mitte,2019,1,12,7,3,6,4,0,0,1,1,0,0,0,1,Neukölln,Accident with minor injuries,Collision between vehicle and pedestrian,Pedestrian crossing accident,Daylight,Wet/moist/slippery
2513,191816,9,Köpenicker Landstraße,2019,1,11,7,2,4,6,0,0,1,0,0,0,0,1,Treptow-Köpenick,Accident with serious injuries,Collision with oncoming vehicle,Collision involving vehicles going in the same way,Daylight,Wet/moist/slippery
2514,191817,1,Oranienburger Straße,2019,1,19,5,3,1,5,2,1,1,0,0,0,0,0,Mitte,Accident with minor injuries,Collision with a moving/standing/parked vehicle,Accident involving parked vehicles,Dark,Dry
2515,191818,3,Pankow Süd,2019,1,11,7,3,5,3,0,0,1,0,0,0,0,1,Pankow,Accident with minor injuries,Collision with a turning/crossing vehicle,Turning/Crossing accident,Daylight,Wet/moist/slippery
2516,191819,7,Eisenacher Straße,2019,1,10,7,2,1,5,0,0,1,0,0,0,0,1,Tempelhof-Schöneberg,Accident with serious injuries,Collision with a moving/standing/parked vehicle,Accident involving parked vehicles,Daylight,Wet/moist/slippery
2517,191820,1,Reinickendorfer Straße,2019,1,8,7,3,2,6,0,0,1,0,0,0,0,1,Mitte,Accident with minor injuries,Collision with the vehicle in front/waiting vehicle,Collision involving vehicles going in the same way,Daylight,Wet/moist/slippery
2518,191821,5,Germersheimer Platz,2019,1,22,7,3,6,7,2,0,1,1,0,0,0,1,Spandau,Accident with minor injuries,Collision between vehicle and pedestrian,Others,Dark,Wet/moist/slippery
2519,191822,2,Wriezener Bahnhof/Entwicklungsgebiet,2019,1,21,7,3,5,7,2,0,1,0,0,0,0,1,Friedrichshain - Kreuzberg,Accident with minor injuries,Collision with a turning/crossing vehicle,Others,Dark,Wet/moist/slippery
2520,191823,4,Droysenstraße,2019,1,20,7,3,6,7,2,0,1,1,0,0,0,1,Charlottenburg - Wilmersdorf,Accident with minor injuries,Collision between vehicle and pedestrian,Others,Dark,Wet/moist/slippery
2521,191824,8,Schillerpromenade,2019,2,22,6,3,4,5,2,1,0,0,0,0,1,0,Neukölln,Accident with minor injuries,Collision with oncoming vehicle,Accident involving parked vehicles,Dark,Dry
2522,191825,6,Dahlem,2019,1,20,7,3,6,2,2,0,1,1,0,0,0,1,Steglitz-Zehlendorf,Accident with minor injuries,Collision between vehicle and pedestrian,Turning accident,Dark,Wet/moist/slippery
2523,191826,4,Halensee,2019,1,17,7,3,0,3,1,1,1,0,0,0,0,1,Charlottenburg - Wilmersdorf,Accident with minor injuries,Others,Turning/Crossing accident,Twilight,Wet/moist/slippery
2524,191827,3,Lietzengraben,2019,1,4,7,3,9,1,2,0,1,0,0,0,0,2,Pankow,Accident with minor injuries,Departure from the roadway to the left,Driving accident,Dark,Snowy
2525,191828,2,Rathaus Yorckstraße,2019,1,12,4,3,5,3,0,1,1,0,0,0,0,0,Friedrichshain - Kreuzberg,Accident with minor injuries,Collision with a turning/crossing vehicle,Turning/Crossing accident,Daylight,Dry
2526,191829,9,Johannisthal Ost,2019,1,18,7,3,6,2,2,0,1,1,0,0,0,1,Treptow-Köpenick,Accident with minor injuries,Collision between vehicle and pedestrian,Turning accident,Dark,Wet/moist/slippery
2527,191830,3,Pankow Zentrum,2019,1,17,7,3,5,3,1,0,1,0,0,0,0,1,Pankow,Accident with minor injuries,Collision with a turning/crossing vehicle,Turning/Crossing accident,Twilight,Wet/moist/slippery
2528,191831,1,Leipziger Straße,2019,1,17,7,3,5,2,1,0,1,0,0,0,0,1,Mitte,Accident with minor injuries,Collision with a turning/crossing vehicle,Turning accident,Twilight,Wet/moist/slippery
2529,191832,7,Manteuffelstraße,2019,1,17,7,2,5,3,1,1,1,0,0,0,0,1,Tempelhof-Schöneberg,Accident with serious injuries,Collision with a turning/crossing vehicle,Turning/Crossing accident,Twilight,Wet/moist/slippery
2530,191833,6,Kaiser-Wilhelm-Straße,2019,1,0,7,3,1,5,2,0,0,0,1,1,0,1,Steglitz-Zehlendorf,Accident with minor injuries,Collision with a moving/standing/parked vehicle,Accident involving parked vehicles,Dark,Wet/moist/slippery
2531,191834,4,Breitscheidplatz,2019,1,12,5,3,5,3,0,0,1,0,0,0,0,0,Charlottenburg - Wilmersdorf,Accident with minor injuries,Collision with a turning/crossing vehicle,Turning/Crossing accident,Daylight,Dry
2532,191835,9,Altstadt Kietz,2019,1,17,7,3,6,4,1,0,1,1,0,0,0,1,Treptow-Köpenick,Accident with minor injuries,Collision between vehicle and pedestrian,Pedestrian crossing accident,Twilight,Wet/moist/slippery
2533,191836,4,Jungfernheide,2019,1,16,7,3,2,2,1,0,1,0,0,0,0,1,Charlottenburg - Wilmersdorf,Accident with minor injuries,Collision with the vehicle in front/waiting vehicle,Turning accident,Twilight,Wet/moist/slippery
2534,191837,10,Marzahner Chaussee,2019,1,13,5,3,2,6,0,0,1,0,0,0,0,0,Marzahn-Hellersdorf,Accident with minor injuries,Collision with the vehicle in front/waiting vehicle,Collision involving vehicles going in the same way,Daylight,Dry
2535,191838,7,Friedenau,2019,1,16,7,3,3,6,1,1,0,0,0,0,1,1,Tempelhof-Schöneberg,Accident with minor injuries,Collision with a vehicle traveling laterally in the same direction,Collision involving vehicles going in the same way,Twilight,Wet/moist/slippery
2536,191839,1,Lützowstraße,2019,1,18,6,3,2,6,2,0,1,0,0,0,0,1,Mitte,Accident with minor injuries,Collision with the vehicle in front/waiting vehicle,Collision involving vehicles going in the same way,Dark,Wet/moist/slippery
2537,191840,7,Grazer Platz,2019,1,20,4,3,2,6,2,0,1,0,0,0,0,0,Tempelhof-Schöneberg,Accident with minor injuries,Collision with the vehicle in front/waiting vehicle,Collision involving vehicles going in the same way,Dark,Dry
2538,191841,8,Donaustraße,2019,1,22,6,3,5,2,2,1,1,0,0,0,0,1,Neukölln,Accident with minor injuries,Collision with a turning/crossing vehicle,Turning accident,Dark,Wet/moist/slippery
2539,191842,3,Buchholz,2019,1,21,6,2,0,7,2,0,1,0,0,0,1,0,Pankow,Accident with serious injuries,Others,Others,Dark,Dry
2540,191843,10,Gewerbegebiet Bitterfelder Straße,2019,1,12,6,3,9,1,0,0,1,0,0,0,0,2,Marzahn-Hellersdorf,Accident with minor injuries,Departure from the roadway to the left,Driving accident,Daylight,Snowy
2541,191844,8,Schillerpromenade,2019,1,19,6,3,0,5,2,1,1,0,0,0,0,1,Neukölln,Accident with minor injuries,Others,Accident involving parked vehicles,Dark,Wet/moist/slippery
2542,191845,6,Thielallee,2019,1,7,6,3,0,1,1,1,0,0,0,0,0,1,Steglitz-Zehlendorf,Accident with minor injuries,Others,Driving accident,Twilight,Wet/moist/slippery
2543,191846,1,Andreasviertel,2019,1,7,6,2,5,2,1,1,1,0,0,0,0,1,Mitte,Accident with serious injuries,Collision with a turning/crossing vehicle,Turning accident,Twilight,Wet/moist/slippery
2544,191847,6,Komponistenviertel Lankwitz,2019,1,6,5,3,2,6,2,0,1,0,0,0,1,0,Steglitz-Zehlendorf,Accident with minor injuries,Collision with the vehicle in front/waiting vehicle,Collision involving vehicles going in the same way,Dark,Dry
2545,191848,1,Großer Tiergarten,2019,1,8,6,3,2,6,0,0,1,0,0,0,0,2,Mitte,Accident with minor injuries,Collision with the vehicle in front/waiting vehicle,Collision involving vehicles going in the same way,Daylight,Snowy
2546,191849,1,Heine-Viertel Ost,2019,1,10,6,3,6,2,0,0,0,1,0,0,1,1,Mitte,Accident with minor injuries,Collision between vehicle and pedestrian,Turning accident,Daylight,Wet/moist/slippery
2547,191850,4,Königin-Elisabeth-Straße,2019,1,11,6,3,5,2,0,0,1,0,0,0,1,0,Charlottenburg - Wilmersdorf,Accident with minor injuries,Collision with a turning/crossing vehicle,Turning accident,Daylight,Dry
2548,191851,7,Neu-Tempelhof,2019,1,11,6,3,2,7,0,0,1,0,0,0,0,1,Tempelhof-Schöneberg,Accident with minor injuries,Collision with the vehicle in front/waiting vehicle,Others,Daylight,Wet/moist/slippery
2549,191852,11,Rummelsburg,2019,1,13,6,3,6,4,0,0,1,1,0,0,0,1,Lichtenberg,Accident with minor injuries,Collision between vehicle and pedestrian,Pedestrian crossing accident,Daylight,Wet/moist/slippery
2550,191853,11,Rummelsburg,2019,1,13,6,2,2,2,0,1,0,0,0,1,0,0,Lichtenberg,Accident with serious injuries,Collision with the vehicle in front/waiting vehicle,Turning accident,Daylight,Dry
2551,191854,9,Allende I,2019,1,14,6,3,5,3,0,0,1,0,0,0,0,0,Treptow-Köpenick,Accident with minor injuries,Collision with a turning/crossing vehicle,Turning/Crossing accident,Daylight,Dry
2552,191855,12,Wittenau Nord,2019,1,6,6,3,5,2,1,0,1,0,0,0,0,1,Reinickendorf,Accident with minor injuries,Collision with a turning/crossing vehicle,Turning accident,Twilight,Wet/moist/slippery
2553,191856,2,Traveplatz,2019,1,18,6,3,5,2,2,0,1,0,1,0,0,1,Friedrichshain - Kreuzberg,Accident with minor injuries,Collision with a turning/crossing vehicle,Turning accident,Dark,Wet/moist/slippery
2554,191857,9,Bölschestraße,2019,1,10,6,3,0,7,0,0,1,0,0,0,0,1,Treptow-Köpenick,Accident with minor injuries,Others,Others,Daylight,Wet/moist/slippery
2555,191858,8,Gropiusstadt Ost,2019,1,18,6,2,6,4,2,0,1,1,0,0,0,1,Neukölln,Accident with serious injuries,Collision between vehicle and pedestrian,Pedestrian crossing accident,Dark,Wet/moist/slippery
2556,191859,9,Adlershof West,2019,1,17,6,3,5,2,2,0,1,0,0,0,0,1,Treptow-Köpenick,Accident with minor injuries,Collision with a turning/crossing vehicle,Turning accident,Dark,Wet/moist/slippery
2557,191860,7,Rathaus Tempelhof,2019,1,18,5,3,6,2,2,0,1,1,0,0,0,0,Tempelhof-Schöneberg,Accident with minor injuries,Collision between vehicle and pedestrian,Turning accident,Dark,Dry
2558,191861,4,Schaperstraße,2019,1,16,6,3,5,3,1,0,1,0,0,0,0,0,Charlottenburg - Wilmersdorf,Accident with minor injuries,Collision with a turning/crossing vehicle,Turning/Crossing accident,Twilight,Dry
2559,191862,4,Savignyplatz,2019,1,19,5,3,3,6,2,1,1,0,0,0,0,0,Charlottenburg - Wilmersdorf,Accident with minor injuries,Collision with a vehicle traveling laterally in the same direction,Collision involving vehicles going in the same way,Dark,Dry
2560,191863,11,Fennpfuhl Ost,2019,1,18,5,3,2,6,2,0,1,0,0,0,0,0,Lichtenberg,Accident with minor injuries,Collision with the vehicle in front/waiting vehicle,Collision involving vehicles going in the same way,Dark,Dry
2561,191864,8,Buschkrugallee Nord,2019,1,17,5,2,5,3,2,0,1,0,0,0,1,0,Neukölln,Accident with serious injuries,Collision with a turning/crossing vehicle,Turning/Crossing accident,Dark,Dry
2562,191865,6,Nikolassee,2019,1,16,5,3,5,3,2,1,1,0,0,0,0,0,Steglitz-Zehlendorf,Accident with minor injuries,Collision with a turning/crossing vehicle,Turning/Crossing accident,Dark,Dry
2563,191866,10,Havemannstraße,2019,1,15,5,2,6,4,0,0,1,1,0,0,0,0,Marzahn-Hellersdorf,Accident with serious injuries,Collision between vehicle and pedestrian,Pedestrian crossing accident,Daylight,Dry