,object id,district,street,year,month,hour of day,weekday,category,accident type,accident type 2,light situation,bike involved,car involved,pedestrian involved,motor bike involved,big track involved,other vehicle involved,road condition,district name,category name,accident detail,accident type detail,light condition,road condition detail
2564,191867,6,Wannsee,2019,2,15,6,3,5,3,0,0,1,0,0,0,0,0,Steglitz-Zehlendorf,Accident with minor injuries,Collision with a turning/crossing vehicle,Turning/Crossing accident,Daylight,Dry
2565,191868,10,Wuhletalstraße,2019,1,15,5,3,5,3,0,0,1,0,0,1,0,0,Marzahn-Hellersdorf,Accident with minor injuries,Collision with a turning/crossing vehicle,Turning/Crossing accident,Daylight,Dry
2566,191869,8,Silbersteinstraße,2019,1,14,5,3,6,7,0,1,0,1,0,0,0,0,Neukölln,Accident with minor injuries,Collision between vehicle and pedestrian,Others,Daylight,Dry
2567,191870,9,Adlershof West,2019,1,9,5,3,6,4,0,0,1,1,0,0,0,0,Treptow-Köpenick,Accident with minor injuries,Collision between vehicle and pedestrian,Pedestrian crossing accident,Daylight,Dry
2568,191871,9,Dorf Altglienicke,2019,1,7,5,3,1,5,0,0,1,0,0,0,0,0,Treptow-Köpenick,Accident with minor injuries,Collision with a moving/standing/parked vehicle,Accident involving parked vehicles,Daylight,Dry
2569,191872,7,Schöneberger Insel,2019,1,12,4,3,2,6,0,0,1,0,0,0,0,0,Tempelhof-Schöneberg,Accident with minor injuries,Collision with the vehicle in front/waiting vehicle,Collision involving vehicles going in the same way,Daylight,Dry
2570,191873,5,Pillnitzer Weg,2019,1,15,4,2,6,4,0,0,1,1,0,0,0,0,Spandau,Accident with serious injuries,Collision between vehicle and pedestrian,Pedestrian crossing accident,Daylight,Dry
2571,191874,8,Alt-Rudow,2019,1,16,4,3,5,2,2,0,1,0,0,0,0,0,Neukölln,Accident with minor injuries,Collision with a turning/crossing vehicle,Turning accident,Dark,Dry
2572,191875,9,Elsenstraße,2019,1,17,5,3,2,2,1,0,1,0,0,0,0,0,Treptow-Köpenick,Accident with minor injuries,Collision with the vehicle in front/waiting vehicle,Turning accident,Twilight,Dry
2573,191876,1,Unter den Linden Süd,2019,1,15,4,3,5,2,0,1,1,0,0,0,0,0,Mitte,Accident with minor injuries,Collision with a turning/crossing vehicle,Turning accident,Daylight,Dry
2574,191877,7,Dennewitzplatz,2019,1,15,4,3,2,6,0,0,0,0,1,0,0,0,Tempelhof-Schöneberg,Accident with minor injuries,Collision with the vehicle in front/waiting vehicle,Collision involving vehicles going in the same way,Daylight,Dry
2575,191878,3,Komponistenviertel Weißensee,2019,1,15,4,3,1,5,0,1,1,0,0,0,0,0,Pankow,Accident with minor injuries,Collision with a moving/standing/parked vehicle,Accident involving parked vehicles,Daylight,Dry
2576,191879,3,Arnimplatz,2019,1,14,4,3,1,5,0,0,1,0,0,0,0,0,Pankow,Accident with minor injuries,Collision with a moving/standing/parked vehicle,Accident involving parked vehicles,Daylight,Dry
2577,191880,4,Droysenstraße,2019,1,12,4,2,5,2,0,0,1,0,1,0,0,0,Charlottenburg - Wilmersdorf,Accident with serious injuries,Collision with a turning/crossing vehicle,Turning accident,Daylight,Dry
2578,191881,3,Märchenland,2019,1,7,5,3,2,6,0,0,1,0,0,0,0,0,Pankow,Accident with minor injuries,Collision with the vehicle in front/waiting vehicle,Collision involving vehicles going in the same way,Daylight,Dry
2579,191882,9,Johannisthal West,2019,1,6,4,3,2,6,2,0,1,0,0,0,0,1,Treptow-Köpenick,Accident with minor injuries,Collision with the vehicle in front/waiting vehicle,Collision involving vehicles going in the same way,Dark,Wet/moist/slippery
2580,191883,9,Johannisthal West,2019,1,6,4,3,0,6,2,0,1,0,0,0,1,0,Treptow-Köpenick,Accident with minor injuries,Others,Collision involving vehicles going in the same way,Dark,Dry
2581,191884,2,Andreasviertel,2019,1,22,4,3,5,3,2,0,1,0,0,0,0,0,Friedrichshain - Kreuzberg,Accident with minor injuries,Collision with a turning/crossing vehicle,Turning/Crossing accident,Dark,Dry
2582,191885,3,Buchholz,2019,1,7,4,3,6,4,0,0,1,1,0,0,0,0,Pankow,Accident with minor injuries,Collision between vehicle and pedestrian,Pedestrian crossing accident,Daylight,Dry
2583,191886,4,Schaperstraße,2019,1,7,4,3,3,6,0,1,1,0,0,0,0,0,Charlottenburg - Wilmersdorf,Accident with minor injuries,Collision with a vehicle traveling laterally in the same direction,Collision involving vehicles going in the same way,Daylight,Dry
2584,191887,1,Charitéviertel,2019,1,8,4,3,2,6,0,1,1,0,0,0,0,1,Mitte,Accident with minor injuries,Collision with the vehicle in front/waiting vehicle,Collision involving vehicles going in the same way,Daylight,Wet/moist/slippery
2585,191888,9,Baumschulenstraße,2019,1,17,4,3,5,2,2,1,1,0,0,0,0,0,Treptow-Köpenick,Accident with minor injuries,Collision with a turning/crossing vehicle,Turning accident,Dark,Dry
2586,191889,4,Schloßgarten,2019,1,8,4,3,2,6,0,0,1,0,0,0,0,0,Charlottenburg - Wilmersdorf,Accident with minor injuries,Collision with the vehicle in front/waiting vehicle,Collision involving vehicles going in the same way,Daylight,Dry
2587,191890,4,Kaiserin-Augusta-Allee,2019,1,8,4,3,5,2,0,1,1,0,0,0,0,0,Charlottenburg - Wilmersdorf,Accident with minor injuries,Collision with a turning/crossing vehicle,Turning accident,Daylight,Dry
2588,191891,5,Germersheimer Platz,2019,1,9,4,3,6,2,0,0,1,1,0,0,0,0,Spandau,Accident with minor injuries,Collision between vehicle and pedestrian,Turning accident,Daylight,Dry
2589,191892,7,Kettinger Straße/Schillerstraße,2019,1,11,4,2,6,2,0,0,1,1,0,0,0,0,Tempelhof-Schöneberg,Accident with serious injuries,Collision between vehicle and pedestrian,Turning accident,Daylight,Dry
2590,191893,12,Märkisches Zentrum,2019,1,6,4,3,2,6,2,0,1,0,0,0,0,0,Reinickendorf,Accident with minor injuries,Collision with the vehicle in front/waiting vehicle,Collision involving vehicles going in the same way,Dark,Dry
2591,191894,8,Reuterkiez,2019,1,9,5,3,0,3,0,0,1,0,1,0,0,0,Neukölln,Accident with minor injuries,Others,Turning/Crossing accident,Daylight,Dry
2592,191895,6,Lichterfelde West,2019,1,19,4,2,5,3,2,0,1,0,0,0,0,2,Steglitz-Zehlendorf,Accident with serious injuries,Collision with a turning/crossing vehicle,Turning/Crossing accident,Dark,Snowy
2593,191896,2,Urbanstraße,2019,1,18,4,3,5,2,2,1,1,0,0,0,0,0,Friedrichshain - Kreuzberg,Accident with minor injuries,Collision with a turning/crossing vehicle,Turning accident,Dark,Dry
2594,191897,4,Ernst-Reuter-Platz,2019,1,14,4,3,6,4,0,1,0,1,0,0,0,0,Charlottenburg - Wilmersdorf,Accident with minor injuries,Collision between vehicle and pedestrian,Pedestrian crossing accident,Daylight,Dry
2595,191898,4,Leon-Jessel-Platz,2019,1,12,4,3,6,4,0,0,1,1,0,0,0,0,Charlottenburg - Wilmersdorf,Accident with minor injuries,Collision between vehicle and pedestrian,Pedestrian crossing accident,Daylight,Dry
2596,191899,8,Reuterkiez,2019,1,18,4,3,2,6,2,0,1,0,0,0,0,0,Neukölln,Accident with minor injuries,Collision with the vehicle in front/waiting vehicle,Collision involving vehicles going in the same way,Dark,Dry
2597,191900,6,Feuerbachstraße,2019,1,18,4,3,5,3,2,1,1,0,0,0,0,0,Steglitz-Zehlendorf,Accident with minor injuries,Collision with a turning/crossing vehicle,Turning/Crossing accident,Dark,Dry
2598,191901,3,Pankow Süd,2019,1,12,4,2,5,3,0,1,1,0,0,0,0,0,Pankow,Accident with serious injuries,Collision with a turning/crossing vehicle,Turning/Crossing accident,Daylight,Dry
2599,191902,2,Graefekiez,2019,1,4,4,2,8,1,2,0,1,0,0,0,0,0,Friedrichshain - Kreuzberg,Accident with serious injuries,Departure from the roadway to the right,Driving accident,Dark,Dry
2600,191903,4,Breitscheidplatz,2019,1,17,4,3,6,4,2,1,0,1,0,0,0,0,Charlottenburg - Wilmersdorf,Accident with minor injuries,Collision between vehicle and pedestrian,Pedestrian crossing accident,Dark,Dry
2601,191904,7,Rathaus Tempelhof,2019,1,17,4,3,5,2,2,1,1,0,0,0,0,0,Tempelhof-Schöneberg,Accident with minor injuries,Collision with a turning/crossing vehicle,Turning accident,Dark,Dry
2602,191905,2,Richard-Sorge-Viertel,2019,1,17,4,3,2,6,2,0,1,0,0,0,0,0,Friedrichshain - Kreuzberg,Accident with minor injuries,Collision with the vehicle in front/waiting vehicle,Collision involving vehicles going in the same way,Dark,Dry
2603,191906,2,Lausitzer Platz,2019,1,13,4,3,1,5,0,1,0,0,0,0,1,0,Friedrichshain - Kreuzberg,Accident with minor injuries,Collision with a moving/standing/parked vehicle,Accident involving parked vehicles,Daylight,Dry
2604,191907,6,Königsberger Straße,2019,1,13,5,3,5,2,0,1,1,0,0,0,0,0,Steglitz-Zehlendorf,Accident with minor injuries,Collision with a turning/crossing vehicle,Turning accident,Daylight,Dry
2605,191908,8,Parchimer Allee,2019,1,7,3,3,2,6,0,0,1,0,0,0,0,0,Neukölln,Accident with minor injuries,Collision with the vehicle in front/waiting vehicle,Collision involving vehicles going in the same way,Daylight,Dry
2606,191909,3,Arnimplatz,2019,1,10,3,2,5,7,0,0,1,0,0,0,1,0,Pankow,Accident with serious injuries,Collision with a turning/crossing vehicle,Others,Daylight,Dry
2607,191910,1,Brunnenstraße,2019,1,16,3,3,6,4,0,1,0,1,0,0,0,0,Mitte,Accident with minor injuries,Collision between vehicle and pedestrian,Pedestrian crossing accident,Daylight,Dry
2608,191911,4,Ernst-Reuter-Platz,2019,1,13,4,2,5,3,0,1,1,0,0,0,0,0,Charlottenburg - Wilmersdorf,Accident with serious injuries,Collision with a turning/crossing vehicle,Turning/Crossing accident,Daylight,Dry
2609,191912,11,Landsberger Allee,2019,1,14,3,3,5,3,0,0,1,0,0,0,0,0,Lichtenberg,Accident with minor injuries,Collision with a turning/crossing vehicle,Turning/Crossing accident,Daylight,Dry
2610,191913,3,Greifswalder Straße,2019,1,14,3,3,5,2,0,1,1,0,0,0,0,0,Pankow,Accident with minor injuries,Collision with a turning/crossing vehicle,Turning accident,Daylight,Dry
2611,191914,6,Dahlem,2019,1,13,3,3,2,2,0,0,1,0,0,1,0,0,Steglitz-Zehlendorf,Accident with minor injuries,Collision with the vehicle in front/waiting vehicle,Turning accident,Daylight,Dry
2612,191915,6,Bergstraße,2019,1,13,3,3,2,2,0,1,1,0,0,0,0,0,Steglitz-Zehlendorf,Accident with minor injuries,Collision with the vehicle in front/waiting vehicle,Turning accident,Daylight,Dry
2613,191916,8,Mohriner Allee Nord,2019,1,13,3,3,4,6,0,0,1,0,0,0,0,0,Neukölln,Accident with minor injuries,Collision with oncoming vehicle,Collision involving vehicles going in the same way,Daylight,Dry
2614,191917,10,Mahlsdorf Süd,2019,1,12,3,3,5,2,0,0,1,0,0,0,1,0,Marzahn-Hellersdorf,Accident with minor injuries,Collision with a turning/crossing vehicle,Turning accident,Daylight,Dry
2615,191918,12,Dannenwalder Weg,2019,1,18,5,2,6,2,2,0,1,1,0,0,0,0,Reinickendorf,Accident with serious injuries,Collision between vehicle and pedestrian,Turning accident,Dark,Dry
2616,191919,3,Wilhelmsruh,2019,1,12,3,2,5,3,0,1,1,0,0,0,0,0,Pankow,Accident with serious injuries,Collision with a turning/crossing vehicle,Turning/Crossing accident,Daylight,Dry
2617,191920,8,Buschkrugallee Nord,2019,1,12,3,3,6,7,0,0,1,1,0,0,0,0,Neukölln,Accident with minor injuries,Collision between vehicle and pedestrian,Others,Daylight,Dry
2618,191921,8,Zittauer Straße,2019,1,18,3,3,6,4,1,0,1,1,0,0,0,0,Neukölln,Accident with minor injuries,Collision between vehicle and pedestrian,Pedestrian crossing accident,Twilight,Dry
2619,191922,8,Hertzbergplatz,2019,1,10,3,3,5,3,0,0,1,0,0,0,1,0,Neukölln,Accident with minor injuries,Collision with a turning/crossing vehicle,Turning/Crossing accident,Daylight,Dry
2620,191923,8,Gropiusstadt Nord,2019,1,18,5,2,6,2,1,0,1,1,0,0,0,0,Neukölln,Accident with serious injuries,Collision between vehicle and pedestrian,Turning accident,Twilight,Dry
2621,191924,11,Herzbergstraße,2019,1,9,3,3,2,6,0,0,1,0,0,0,1,0,Lichtenberg,Accident with minor injuries,Collision with the vehicle in front/waiting vehicle,Collision involving vehicles going in the same way,Daylight,Dry
2622,191925,4,George-Grosz-Platz,2019,1,9,3,2,3,3,0,0,1,0,0,0,1,0,Charlottenburg - Wilmersdorf,Accident with serious injuries,Collision with a vehicle traveling laterally in the same direction,Turning/Crossing accident,Daylight,Dry
2623,191926,3,Kollwitzplatz,2019,1,22,3,2,5,2,2,1,1,0,0,0,0,0,Pankow,Accident with serious injuries,Collision with a turning/crossing vehicle,Turning accident,Dark,Dry
2624,191927,4,Park Ruhwald,2019,1,20,3,3,5,2,2,0,1,0,0,0,0,0,Charlottenburg - Wilmersdorf,Accident with minor injuries,Collision with a turning/crossing vehicle,Turning accident,Dark,Dry
2625,191928,12,Alt-Tegel,2019,1,19,3,3,6,7,2,0,1,1,0,0,0,0,Reinickendorf,Accident with minor injuries,Collision between vehicle and pedestrian,Others,Dark,Dry
2626,191929,6,Dahlem,2019,1,8,3,3,2,2,0,1,1,0,0,0,0,0,Steglitz-Zehlendorf,Accident with minor injuries,Collision with the vehicle in front/waiting vehicle,Turning accident,Daylight,Dry
2627,191930,2,Wassertorplatz,2019,1,18,3,3,6,4,1,1,0,1,0,0,0,0,Friedrichshain - Kreuzberg,Accident with minor injuries,Collision between vehicle and pedestrian,Pedestrian crossing accident,Twilight,Dry
2628,191931,10,Alt-Marzahn,2019,1,20,2,3,2,6,2,0,1,0,0,0,0,1,Marzahn-Hellersdorf,Accident with minor injuries,Collision with the vehicle in front/waiting vehicle,Collision involving vehicles going in the same way,Dark,Wet/moist/slippery
2629,191932,10,Gut Hellersdorf,2019,1,16,5,3,6,4,0,0,1,1,0,0,0,0,Marzahn-Hellersdorf,Accident with minor injuries,Collision between vehicle and pedestrian,Pedestrian crossing accident,Daylight,Dry
2630,191933,9,Baumschulenstraße,2019,1,19,2,3,5,3,2,0,1,0,0,0,0,0,Treptow-Köpenick,Accident with minor injuries,Collision with a turning/crossing vehicle,Turning/Crossing accident,Dark,Dry
2631,191934,1,Sparrplatz,2019,1,18,2,3,2,6,2,0,1,0,0,0,0,0,Mitte,Accident with minor injuries,Collision with the vehicle in front/waiting vehicle,Collision involving vehicles going in the same way,Dark,Dry
2632,191935,4,Alt-Lietzow,2019,1,17,2,2,6,2,2,0,1,1,0,0,0,0,Charlottenburg - Wilmersdorf,Accident with serious injuries,Collision between vehicle and pedestrian,Turning accident,Dark,Dry
2633,191936,11,Gensinger Straße,2019,1,17,2,2,6,4,2,0,1,1,0,0,0,0,Lichtenberg,Accident with serious injuries,Collision between vehicle and pedestrian,Pedestrian crossing accident,Dark,Dry
2634,191937,9,Oberschöneweide West,2019,1,17,2,3,2,6,2,0,1,0,0,0,0,1,Treptow-Köpenick,Accident with minor injuries,Collision with the vehicle in front/waiting vehicle,Collision involving vehicles going in the same way,Dark,Wet/moist/slippery
2635,191938,4,Halensee,2019,1,14,2,3,2,3,0,0,1,0,0,0,0,0,Charlottenburg - Wilmersdorf,Accident with minor injuries,Collision with the vehicle in front/waiting vehicle,Turning/Crossing accident,Daylight,Dry
2636,191939,7,Manteuffelstraße,2019,1,7,2,3,2,6,0,0,1,0,0,0,0,1,Tempelhof-Schöneberg,Accident with minor injuries,Collision with the vehicle in front/waiting vehicle,Collision involving vehicles going in the same way,Daylight,Wet/moist/slippery
2637,191940,7,Germaniagarten,2019,1,7,2,3,5,2,0,1,1,0,0,0,0,0,Tempelhof-Schöneberg,Accident with minor injuries,Collision with a turning/crossing vehicle,Turning accident,Daylight,Dry
2638,191941,3,Wilhelmsruh,2019,1,7,2,3,3,6,2,0,1,0,0,1,0,0,Pankow,Accident with minor injuries,Collision with a vehicle traveling laterally in the same direction,Collision involving vehicles going in the same way,Dark,Dry
2639,191942,12,Dannenwalder Weg,2019,2,12,6,3,5,2,0,1,0,0,0,1,0,0,Reinickendorf,Accident with minor injuries,Collision with a turning/crossing vehicle,Turning accident,Daylight,Dry
2640,191943,6,Krumme Lanke,2019,1,6,2,3,6,2,2,0,1,1,0,0,0,1,Steglitz-Zehlendorf,Accident with minor injuries,Collision between vehicle and pedestrian,Turning accident,Dark,Wet/moist/slippery
2641,191944,9,Dorf Altglienicke,2019,1,5,2,3,5,2,2,0,1,0,0,0,0,0,Treptow-Köpenick,Accident with minor injuries,Collision with a turning/crossing vehicle,Turning accident,Dark,Dry
2642,191945,8,Buckow Ost,2019,1,17,2,3,2,2,1,0,1,0,1,0,0,0,Neukölln,Accident with minor injuries,Collision with the vehicle in front/waiting vehicle,Turning accident,Twilight,Dry
2643,191946,1,Invalidenstraße,2019,1,13,4,3,6,4,0,0,0,1,0,0,1,0,Mitte,Accident with minor injuries,Collision between vehicle and pedestrian,Pedestrian crossing accident,Daylight,Dry
2644,191947,9,Köpenick Nord,2019,1,17,2,2,6,2,1,0,1,1,0,0,0,0,Treptow-Köpenick,Accident with serious injuries,Collision between vehicle and pedestrian,Turning accident,Twilight,Dry
2645,191948,7,Schöneberger Insel,2019,1,15,2,3,6,4,0,1,0,1,0,0,0,0,Tempelhof-Schöneberg,Accident with minor injuries,Collision between vehicle and pedestrian,Pedestrian crossing accident,Daylight,Dry
2646,191949,10,Alt-Kaulsdorf,2019,1,15,2,3,2,2,0,0,1,0,0,0,0,0,Marzahn-Hellersdorf,Accident with minor injuries,Collision with the vehicle in front/waiting vehicle,Turning accident,Daylight,Dry
2647,191950,4,Königin-Elisabeth-Straße,2019,1,13,2,3,2,2,0,0,1,0,0,0,0,0,Charlottenburg - Wilmersdorf,Accident with minor injuries,Collision with the vehicle in front/waiting vehicle,Turning accident,Daylight,Dry
2648,191951,8,Parchimer Allee,2019,1,13,2,3,0,3,0,0,1,0,0,0,1,0,Neukölln,Accident with minor injuries,Others,Turning/Crossing accident,Daylight,Dry
2649,191952,2,Oranienplatz,2019,1,9,5,3,3,6,0,0,1,0,0,0,1,0,Friedrichshain - Kreuzberg,Accident with minor injuries,Collision with a vehicle traveling laterally in the same direction,Collision involving vehicles going in the same way,Daylight,Dry
2650,191953,2,Graefekiez,2019,1,12,2,3,6,7,0,0,1,1,0,0,0,0,Friedrichshain - Kreuzberg,Accident with minor injuries,Collision between vehicle and pedestrian,Others,Daylight,Dry
2651,191954,8,Buschkrugallee Nord,2019,1,11,2,3,2,6,0,0,1,0,0,0,0,0,Neukölln,Accident with minor injuries,Collision with the vehicle in front/waiting vehicle,Collision involving vehicles going in the same way,Daylight,Dry
2652,191955,4,Karl-August-Platz,2019,1,8,5,3,0,2,0,1,1,0,0,0,0,0,Charlottenburg - Wilmersdorf,Accident with minor injuries,Others,Turning accident,Daylight,Dry
2653,191956,1,Charitéviertel,2019,1,11,2,3,6,4,0,0,1,1,0,0,0,0,Mitte,Accident with minor injuries,Collision between vehicle and pedestrian,Pedestrian crossing accident,Daylight,Dry
2654,191957,6,Dahlem,2019,1,10,2,3,5,3,0,1,1,0,0,0,0,0,Steglitz-Zehlendorf,Accident with minor injuries,Collision with a turning/crossing vehicle,Turning/Crossing accident,Daylight,Dry
2655,191958,1,Westhafen,2019,1,9,2,3,2,6,0,0,1,0,0,0,0,0,Mitte,Accident with minor injuries,Collision with the vehicle in front/waiting vehicle,Collision involving vehicles going in the same way,Daylight,Dry
2656,191959,1,Alexanderplatzviertel,2019,1,21,4,3,2,6,2,0,1,0,0,0,0,0,Mitte,Accident with minor injuries,Collision with the vehicle in front/waiting vehicle,Collision involving vehicles going in the same way,Dark,Dry
2657,191960,5,Isenburger Weg,2019,1,8,2,3,6,4,0,0,1,1,0,0,0,0,Spandau,Accident with minor injuries,Collision between vehicle and pedestrian,Pedestrian crossing accident,Daylight,Dry
2658,191961,4,Klausenerplatz,2019,1,10,2,3,0,1,0,0,0,0,1,0,0,2,Charlottenburg - Wilmersdorf,Accident with minor injuries,Others,Driving accident,Daylight,Snowy
2659,191962,1,Gesundbrunnen,2019,1,15,1,3,1,5,0,1,1,0,0,0,1,1,Mitte,Accident with minor injuries,Collision with a moving/standing/parked vehicle,Accident involving parked vehicles,Daylight,Wet/moist/slippery
2660,191963,1,Humboldthain Nordwest,2019,1,23,1,2,5,3,2,1,1,0,0,0,0,0,Mitte,Accident with serious injuries,Collision with a turning/crossing vehicle,Turning/Crossing accident,Dark,Dry
2661,191964,6,Bismarckstraße,2019,1,17,1,3,6,2,2,0,1,1,0,0,0,0,Steglitz-Zehlendorf,Accident with minor injuries,Collision between vehicle and pedestrian,Turning accident,Dark,Dry
2662,191965,4,Jungfernheide,2019,1,17,1,3,5,2,2,0,1,0,0,0,0,1,Charlottenburg - Wilmersdorf,Accident with minor injuries,Collision with a turning/crossing vehicle,Turning accident,Dark,Wet/moist/slippery
2663,191966,4,Richard-Wagner-Straße,2019,1,10,5,3,5,2,0,0,1,0,0,0,0,0,Charlottenburg - Wilmersdorf,Accident with minor injuries,Collision with a turning/crossing vehicle,Turning accident,Daylight,Dry
2664,191967,1,Humboldthain Süd,2019,1,15,1,3,2,1,0,1,1,0,0,0,0,0,Mitte,Accident with minor injuries,Collision with the vehicle in front/waiting vehicle,Driving accident,Daylight,Dry
2665,191968,8,Gropiusstadt Ost,2019,1,14,1,3,5,2,0,0,1,0,0,0,0,1,Neukölln,Accident with minor injuries,Collision with a turning/crossing vehicle,Turning accident,Daylight,Wet/moist/slippery
2666,191969,12,Letteplatz,2019,1,1,1,2,1,1,2,0,1,0,0,0,1,1,Reinickendorf,Accident with serious injuries,Collision with a moving/standing/parked vehicle,Driving accident,Dark,Wet/moist/slippery
2667,191970,1,Schillerpark,2019,2,15,3,3,5,3,0,0,1,0,0,0,0,0,Mitte,Accident with minor injuries,Collision with a turning/crossing vehicle,Turning/Crossing accident,Daylight,Dry
2668,191971,12,Scharnweberstraße,2019,2,13,3,3,3,6,0,1,1,0,0,0,0,0,Reinickendorf,Accident with minor injuries,Collision with a vehicle traveling laterally in the same direction,Collision involving vehicles going in the same way,Daylight,Dry
2669,191972,1,Emdener Straße,2019,2,14,3,3,5,3,0,1,1,0,0,0,0,0,Mitte,Accident with minor injuries,Collision with a turning/crossing vehicle,Turning/Crossing accident,Daylight,Dry
2670,191973,3,Erich-Weinert-Straße,2019,2,17,5,3,5,3,2,1,1,0,0,0,0,0,Pankow,Accident with minor injuries,Collision with a turning/crossing vehicle,Turning/Crossing accident,Dark,Dry
2671,191974,9,Hirschgarten,2019,2,14,3,2,2,7,0,0,1,0,0,0,0,0,Treptow-Köpenick,Accident with serious injuries,Collision with the vehicle in front/waiting vehicle,Others,Daylight,Dry
2672,191975,9,Kietzer Feld/Nachtheide,2019,2,15,3,2,6,4,0,0,1,1,0,0,0,0,Treptow-Köpenick,Accident with serious injuries,Collision between vehicle and pedestrian,Pedestrian crossing accident,Daylight,Dry
2673,191976,6,Stadtpark,2019,2,14,3,3,5,2,0,1,1,1,0,0,0,0,Steglitz-Zehlendorf,Accident with minor injuries,Collision with a turning/crossing vehicle,Turning accident,Daylight,Dry
2674,191977,4,Park Ruhwald,2019,2,14,5,2,5,2,0,0,1,0,0,0,0,0,Charlottenburg - Wilmersdorf,Accident with serious injuries,Collision with a turning/crossing vehicle,Turning accident,Daylight,Dry
2675,191978,4,Halensee,2019,2,14,3,3,6,7,0,0,1,1,0,0,0,0,Charlottenburg - Wilmersdorf,Accident with minor injuries,Collision between vehicle and pedestrian,Others,Daylight,Dry
2676,191979,5,Döberitzer Weg,2019,2,11,3,3,2,2,0,0,1,0,0,0,0,0,Spandau,Accident with minor injuries,Collision with the vehicle in front/waiting vehicle,Turning accident,Daylight,Dry
2677,191980,5,An der Kappe,2019,2,11,3,2,5,3,0,0,1,0,0,0,0,0,Spandau,Accident with serious injuries,Collision with a turning/crossing vehicle,Turning/Crossing accident,Daylight,Dry
2678,191981,6,Lankwitz Süd,2019,2,7,3,3,3,6,0,1,0,0,0,0,1,0,Steglitz-Zehlendorf,Accident with minor injuries,Collision with a vehicle traveling laterally in the same direction,Collision involving vehicles going in the same way,Daylight,Dry
2679,191982,2,Urbanstraße,2019,2,17,3,3,8,1,2,0,1,0,0,0,0,0,Friedrichshain - Kreuzberg,Accident with minor injuries,Departure from the roadway to the right,Driving accident,Dark,Dry
2680,191983,4,Halensee,2019,2,18,3,3,2,6,2,0,1,0,0,0,0,0,Charlottenburg - Wilmersdorf,Accident with minor injuries,Collision with the vehicle in front/waiting vehicle,Collision involving vehicles going in the same way,Dark,Dry
2681,191984,8,Gropiusstadt Ost,2019,2,20,3,3,5,3,2,1,1,0,0,0,0,0,Neukölln,Accident with minor injuries,Collision with a turning/crossing vehicle,Turning/Crossing accident,Dark,Dry
2682,191985,8,Schillerpromenade,2019,2,17,3,3,2,6,2,1,1,0,0,0,0,0,Neukölln,Accident with minor injuries,Collision with the vehicle in front/waiting vehicle,Collision involving vehicles going in the same way,Dark,Dry
2683,191986,1,Heine-Viertel West,2019,2,17,3,3,1,5,2,1,1,0,0,0,0,0,Mitte,Accident with minor injuries,Collision with a moving/standing/parked vehicle,Accident involving parked vehicles,Dark,Dry
2684,191987,2,Lausitzer Platz,2019,2,13,5,2,6,4,0,1,0,1,0,0,0,0,Friedrichshain - Kreuzberg,Accident with serious injuries,Collision between vehicle and pedestrian,Pedestrian crossing accident,Daylight,Dry
2685,191988,7,Rathausstraße,2019,2,17,3,3,1,7,2,0,1,0,0,0,1,0,Tempelhof-Schöneberg,Accident with minor injuries,Collision with a moving/standing/parked vehicle,Others,Dark,Dry
2686,191989,2,Graefekiez,2019,2,15,5,3,3,6,0,1,1,0,0,0,0,0,Friedrichshain - Kreuzberg,Accident with minor injuries,Collision with a vehicle traveling laterally in the same direction,Collision involving vehicles going in the same way,Daylight,Dry
2687,191990,8,Alt-Rudow,2019,2,16,3,3,6,4,1,0,1,1,0,0,0,0,Neukölln,Accident with minor injuries,Collision between vehicle and pedestrian,Pedestrian crossing accident,Twilight,Dry
2688,191991,1,Humboldthain Nordwest,2019,2,16,3,3,6,4,0,0,0,1,1,0,0,0,Mitte,Accident with minor injuries,Collision between vehicle and pedestrian,Pedestrian crossing accident,Daylight,Dry
2689,191992,12,Wittenau Süd,2019,2,16,3,3,5,2,0,0,1,0,0,0,0,0,Reinickendorf,Accident with minor injuries,Collision with a turning/crossing vehicle,Turning accident,Daylight,Dry
2690,191993,5,Gartenfelder Straße,2019,2,13,5,3,2,6,0,0,1,0,0,0,0,0,Spandau,Accident with minor injuries,Collision with the vehicle in front/waiting vehicle,Collision involving vehicles going in the same way,Daylight,Dry
2691,191994,5,Maulbeerallee,2019,2,15,3,3,5,3,0,1,1,0,0,0,0,0,Spandau,Accident with minor injuries,Collision with a turning/crossing vehicle,Turning/Crossing accident,Daylight,Dry
2692,191995,4,Preußenpark,2019,2,17,3,2,5,2,2,1,1,0,0,0,0,0,Charlottenburg - Wilmersdorf,Accident with serious injuries,Collision with a turning/crossing vehicle,Turning accident,Dark,Dry
2693,191996,12,Waldidyll/Flughafensee,2019,2,10,3,3,2,2,0,1,0,0,0,0,0,0,Reinickendorf,Accident with minor injuries,Collision with the vehicle in front/waiting vehicle,Turning accident,Daylight,Dry
2694,191997,1,Alexanderplatzviertel,2019,2,14,6,3,5,2,0,1,0,0,0,0,1,0,Mitte,Accident with minor injuries,Collision with a turning/crossing vehicle,Turning accident,Daylight,Dry
2695,191998,6,Lankwitz Kirche,2019,2,10,3,3,3,6,0,0,1,0,0,0,1,0,Steglitz-Zehlendorf,Accident with minor injuries,Collision with a vehicle traveling laterally in the same direction,Collision involving vehicles going in the same way,Daylight,Dry