,object id,district,street,year,month,hour of day,weekday,category,accident type,accident type 2,light situation,bike involved,car involved,pedestrian involved,motor bike involved,big track involved,other vehicle involved,road condition,district name,category name,accident detail,accident type detail,light condition,road condition detail
2696,191999,5,Adamstraße,2019,2,7,3,3,2,7,0,0,1,0,0,0,0,0,Spandau,Accident with minor injuries,Collision with the vehicle in front/waiting vehicle,Others,Daylight,Dry
2697,192000,1,Stülerstraße,2019,2,13,5,3,2,6,0,0,1,0,0,0,0,0,Mitte,Accident with minor injuries,Collision with the vehicle in front/waiting vehicle,Collision involving vehicles going in the same way,Daylight,Dry
2698,192001,2,Andreasviertel,2019,2,7,3,3,5,3,1,1,1,0,0,0,0,0,Friedrichshain - Kreuzberg,Accident with minor injuries,Collision with a turning/crossing vehicle,Turning/Crossing accident,Twilight,Dry
2699,192002,2,Wrangelkiez,2019,2,17,2,3,2,6,2,0,1,0,0,0,0,0,Friedrichshain - Kreuzberg,Accident with minor injuries,Collision with the vehicle in front/waiting vehicle,Collision involving vehicles going in the same way,Dark,Dry
2700,192003,2,Wrangelkiez,2019,2,17,2,3,2,6,2,0,1,0,0,0,0,0,Friedrichshain - Kreuzberg,Accident with minor injuries,Collision with the vehicle in front/waiting vehicle,Collision involving vehicles going in the same way,Dark,Dry
2701,192004,11,Rüdigerstraße,2019,2,9,5,3,4,6,0,0,1,0,0,0,0,0,Lichtenberg,Accident with minor injuries,Collision with oncoming vehicle,Collision involving vehicles going in the same way,Daylight,Dry
2702,192005,4,Breitscheidplatz,2019,2,15,2,3,2,6,0,0,1,0,0,0,0,0,Charlottenburg - Wilmersdorf,Accident with minor injuries,Collision with the vehicle in front/waiting vehicle,Collision involving vehicles going in the same way,Daylight,Dry
2703,192006,3,Niederschönhausen,2019,2,9,2,3,5,2,0,0,1,0,0,1,0,1,Pankow,Accident with minor injuries,Collision with a turning/crossing vehicle,Turning accident,Daylight,Wet/moist/slippery
2704,192007,9,Köllnische Vorstadt,2019,2,8,2,3,2,2,0,0,1,0,0,0,0,1,Treptow-Köpenick,Accident with minor injuries,Collision with the vehicle in front/waiting vehicle,Turning accident,Daylight,Wet/moist/slippery
2705,192008,1,Oranienburger Straße,2019,2,9,5,3,5,2,0,1,1,0,0,0,0,0,Mitte,Accident with minor injuries,Collision with a turning/crossing vehicle,Turning accident,Daylight,Dry
2706,192009,9,Schmöckwitz/Rauchfangswerder,2019,2,11,2,3,2,6,0,0,1,0,0,0,0,1,Treptow-Köpenick,Accident with minor injuries,Collision with the vehicle in front/waiting vehicle,Collision involving vehicles going in the same way,Daylight,Wet/moist/slippery
2707,192010,1,Zillesiedlung,2019,2,21,2,3,6,7,2,0,1,1,0,0,0,0,Mitte,Accident with minor injuries,Collision between vehicle and pedestrian,Others,Dark,Dry
2708,192011,4,Breite Straße,2019,2,14,6,3,0,1,0,1,0,0,0,0,0,0,Charlottenburg - Wilmersdorf,Accident with minor injuries,Others,Driving accident,Daylight,Dry
2709,192012,9,Grünau,2019,2,21,2,3,6,7,2,0,0,1,0,0,1,0,Treptow-Köpenick,Accident with minor injuries,Collision between vehicle and pedestrian,Others,Dark,Dry
2710,192013,5,Magistratsweg,2019,2,5,2,3,3,6,2,1,0,0,0,0,1,1,Spandau,Accident with minor injuries,Collision with a vehicle traveling laterally in the same direction,Collision involving vehicles going in the same way,Dark,Wet/moist/slippery
2711,192014,10,Wuhletalstraße,2019,2,11,5,3,5,3,0,0,1,0,0,0,0,0,Marzahn-Hellersdorf,Accident with minor injuries,Collision with a turning/crossing vehicle,Turning/Crossing accident,Daylight,Dry
2712,192015,12,Schäfersee,2019,2,7,2,3,6,2,0,0,1,1,0,0,0,1,Reinickendorf,Accident with minor injuries,Collision between vehicle and pedestrian,Turning accident,Daylight,Wet/moist/slippery
2713,192016,8,Treptower Straße Nord,2019,2,5,2,2,5,3,2,0,0,0,1,0,1,1,Neukölln,Accident with serious injuries,Collision with a turning/crossing vehicle,Turning/Crossing accident,Dark,Wet/moist/slippery
2714,192017,8,Rixdorf,2019,2,11,5,3,2,6,0,0,1,0,0,0,1,0,Neukölln,Accident with minor injuries,Collision with the vehicle in front/waiting vehicle,Collision involving vehicles going in the same way,Daylight,Dry
2715,192018,5,Adamstraße,2019,2,19,2,3,6,2,2,0,1,1,0,0,0,0,Spandau,Accident with minor injuries,Collision between vehicle and pedestrian,Turning accident,Dark,Dry
2716,192019,1,Hansaviertel,2019,2,7,2,2,6,7,1,1,0,1,0,0,0,1,Mitte,Accident with serious injuries,Collision between vehicle and pedestrian,Others,Twilight,Wet/moist/slippery
2717,192020,8,Buckow Mitte,2019,2,18,2,3,6,2,1,0,1,1,0,0,0,0,Neukölln,Accident with minor injuries,Collision between vehicle and pedestrian,Turning accident,Twilight,Dry
2718,192021,1,Unter den Linden Nord,2019,2,19,5,3,0,2,2,1,0,0,0,0,1,0,Mitte,Accident with minor injuries,Others,Turning accident,Dark,Dry
2719,192022,7,Wittenbergplatz/Viktoria-Luise-Platz,2019,2,16,2,3,6,7,0,1,0,1,0,0,0,0,Tempelhof-Schöneberg,Accident with minor injuries,Collision between vehicle and pedestrian,Others,Daylight,Dry
2720,192023,11,Große-Leege-Straße,2019,2,16,2,2,5,3,0,1,1,0,0,0,0,0,Lichtenberg,Accident with serious injuries,Collision with a turning/crossing vehicle,Turning/Crossing accident,Daylight,Dry
2721,192024,8,Parchimer Allee,2019,2,15,2,3,6,4,0,0,1,1,0,0,0,0,Neukölln,Accident with minor injuries,Collision between vehicle and pedestrian,Pedestrian crossing accident,Daylight,Dry
2722,192025,4,Eisenzahnstraße,2019,2,7,5,3,5,2,0,1,1,0,0,0,0,1,Charlottenburg - Wilmersdorf,Accident with minor injuries,Collision with a turning/crossing vehicle,Turning accident,Daylight,Wet/moist/slippery
2723,192026,9,Grünau,2019,2,15,2,2,0,1,0,1,1,0,0,0,0,0,Treptow-Köpenick,Accident with serious injuries,Others,Driving accident,Daylight,Dry
2724,192027,1,Brunnenstraße,2019,2,14,2,3,2,6,0,0,1,0,0,0,0,1,Mitte,Accident with minor injuries,Collision with the vehicle in front/waiting vehicle,Collision involving vehicles going in the same way,Daylight,Wet/moist/slippery
2725,192028,10,Alt-Mahlsdorf,2019,2,12,2,3,2,6,0,0,1,0,1,0,0,0,Marzahn-Hellersdorf,Accident with minor injuries,Collision with the vehicle in front/waiting vehicle,Collision involving vehicles going in the same way,Daylight,Dry
2726,192029,6,Augustaplatz,2019,2,7,5,3,5,3,0,0,1,0,0,0,0,0,Steglitz-Zehlendorf,Accident with minor injuries,Collision with a turning/crossing vehicle,Turning/Crossing accident,Daylight,Dry
2727,192030,4,Königin-Elisabeth-Straße,2019,2,12,2,3,6,2,0,0,1,1,0,0,0,1,Charlottenburg - Wilmersdorf,Accident with minor injuries,Collision between vehicle and pedestrian,Turning accident,Daylight,Wet/moist/slippery
2728,192031,3,Helmholtzplatz,2019,2,8,2,3,5,7,0,0,1,0,0,0,1,1,Pankow,Accident with minor injuries,Collision with a turning/crossing vehicle,Others,Daylight,Wet/moist/slippery
2729,192032,12,Borsigwalde,2019,2,8,2,3,5,7,0,0,1,0,0,0,1,1,Reinickendorf,Accident with minor injuries,Collision with a turning/crossing vehicle,Others,Daylight,Wet/moist/slippery
2730,192033,8,Buschkrugallee Nord,2019,2,7,5,3,5,2,0,0,1,0,0,0,1,1,Neukölln,Accident with minor injuries,Collision with a turning/crossing vehicle,Turning accident,Daylight,Wet/moist/slippery
2731,192034,9,Köpenicker Landstraße,2019,2,18,2,3,6,4,1,0,1,1,0,0,0,0,Treptow-Köpenick,Accident with minor injuries,Collision between vehicle and pedestrian,Pedestrian crossing accident,Twilight,Dry
2732,192035,8,Reuterkiez,2019,2,16,1,3,2,2,2,0,1,0,0,0,0,1,Neukölln,Accident with minor injuries,Collision with the vehicle in front/waiting vehicle,Turning accident,Dark,Wet/moist/slippery
2733,192036,9,Adlershof Ost,2019,2,21,1,3,2,7,2,0,1,0,1,0,0,1,Treptow-Köpenick,Accident with minor injuries,Collision with the vehicle in front/waiting vehicle,Others,Dark,Wet/moist/slippery
2734,192037,12,Wittenau Süd,2019,2,16,5,3,5,2,0,1,1,0,0,0,0,0,Reinickendorf,Accident with minor injuries,Collision with a turning/crossing vehicle,Turning accident,Daylight,Dry
2735,192038,10,Gut Hellersdorf,2019,2,15,1,3,5,2,0,0,1,0,0,0,0,1,Marzahn-Hellersdorf,Accident with minor injuries,Collision with a turning/crossing vehicle,Turning accident,Daylight,Wet/moist/slippery
2736,192039,5,Carl-Schurz-Straße,2019,2,1,1,3,8,1,1,0,1,0,0,0,0,1,Spandau,Accident with minor injuries,Departure from the roadway to the right,Driving accident,Twilight,Wet/moist/slippery
2737,192040,2,Oranienplatz,2019,2,18,1,2,2,6,2,1,1,0,0,0,0,1,Friedrichshain - Kreuzberg,Accident with serious injuries,Collision with the vehicle in front/waiting vehicle,Collision involving vehicles going in the same way,Dark,Wet/moist/slippery
2738,192041,8,Waltersdorfer Chaussee Ost,2019,2,7,5,3,0,3,0,0,1,0,1,0,0,0,Neukölln,Accident with minor injuries,Others,Turning/Crossing accident,Daylight,Dry
2739,192042,4,Halensee,2019,2,19,1,2,6,2,2,0,1,1,0,0,0,1,Charlottenburg - Wilmersdorf,Accident with serious injuries,Collision between vehicle and pedestrian,Turning accident,Dark,Wet/moist/slippery
2740,192043,6,Königsberger Straße,2019,2,18,1,2,8,1,2,0,1,0,0,0,1,1,Steglitz-Zehlendorf,Accident with serious injuries,Departure from the roadway to the right,Driving accident,Dark,Wet/moist/slippery
2741,192044,1,Sparrplatz,2019,2,9,1,3,2,6,0,0,1,0,0,0,0,1,Mitte,Accident with minor injuries,Collision with the vehicle in front/waiting vehicle,Collision involving vehicles going in the same way,Daylight,Wet/moist/slippery
2742,192045,2,Mehringplatz,2019,2,2,1,3,5,3,2,0,1,0,0,0,1,0,Friedrichshain - Kreuzberg,Accident with minor injuries,Collision with a turning/crossing vehicle,Turning/Crossing accident,Dark,Dry
2743,192046,11,Hauptstraße,2019,2,10,6,3,5,2,0,1,1,0,0,0,0,0,Lichtenberg,Accident with minor injuries,Collision with a turning/crossing vehicle,Turning accident,Daylight,Dry
2744,192047,2,Lausitzer Platz,2019,2,3,7,3,0,1,2,1,0,0,0,0,0,0,Friedrichshain - Kreuzberg,Accident with minor injuries,Others,Driving accident,Dark,Dry
2745,192048,1,Rehberge,2019,2,1,7,2,8,1,2,0,1,0,0,0,0,0,Mitte,Accident with serious injuries,Departure from the roadway to the right,Driving accident,Dark,Dry
2746,192049,12,Dannenwalder Weg,2019,2,23,7,3,0,3,2,0,1,0,1,0,0,1,Reinickendorf,Accident with minor injuries,Others,Turning/Crossing accident,Dark,Wet/moist/slippery
2747,192050,8,Gropiusstadt Ost,2019,2,23,7,3,2,6,2,0,1,0,0,0,1,1,Neukölln,Accident with minor injuries,Collision with the vehicle in front/waiting vehicle,Collision involving vehicles going in the same way,Dark,Wet/moist/slippery
2748,192051,8,Rixdorf,2019,2,21,7,3,6,4,2,0,1,1,0,0,0,0,Neukölln,Accident with minor injuries,Collision between vehicle and pedestrian,Pedestrian crossing accident,Dark,Dry
2749,192052,10,Havemannstraße,2019,2,14,5,3,6,4,0,0,1,1,0,0,0,0,Marzahn-Hellersdorf,Accident with minor injuries,Collision between vehicle and pedestrian,Pedestrian crossing accident,Daylight,Dry
2750,192053,1,Lüneburger Straße,2019,2,14,7,3,0,7,0,0,1,0,0,0,1,0,Mitte,Accident with minor injuries,Others,Others,Daylight,Dry
2751,192054,11,Zingster Straße West,2019,2,20,7,3,5,2,2,0,1,0,0,0,0,1,Lichtenberg,Accident with minor injuries,Collision with a turning/crossing vehicle,Turning accident,Dark,Wet/moist/slippery
2752,192055,9,Dammvorstadt,2019,2,18,7,3,2,6,2,0,1,0,0,0,0,1,Treptow-Köpenick,Accident with minor injuries,Collision with the vehicle in front/waiting vehicle,Collision involving vehicles going in the same way,Dark,Wet/moist/slippery
2753,192056,6,Südende,2019,2,5,5,3,3,6,2,0,1,0,0,0,0,0,Steglitz-Zehlendorf,Accident with minor injuries,Collision with a vehicle traveling laterally in the same direction,Collision involving vehicles going in the same way,Dark,Dry
2754,192057,1,Heine-Viertel West,2019,2,17,7,3,9,1,2,0,0,0,0,0,1,0,Mitte,Accident with minor injuries,Departure from the roadway to the left,Driving accident,Dark,Dry
2755,192058,4,Plötzensee,2019,2,15,7,3,5,2,0,0,1,0,0,0,0,0,Charlottenburg - Wilmersdorf,Accident with minor injuries,Collision with a turning/crossing vehicle,Turning accident,Daylight,Dry
2756,192059,4,Plötzensee,2019,2,15,7,3,5,2,0,0,1,0,0,0,0,0,Charlottenburg - Wilmersdorf,Accident with minor injuries,Collision with a turning/crossing vehicle,Turning accident,Daylight,Dry
2757,192060,1,Humboldthain Nordwest,2019,2,11,6,2,6,2,0,0,0,1,0,1,0,0,Mitte,Accident with serious injuries,Collision between vehicle and pedestrian,Turning accident,Daylight,Dry
2758,192061,4,Babelsberger Straße,2019,2,14,7,3,3,6,0,1,1,0,0,0,0,0,Charlottenburg - Wilmersdorf,Accident with minor injuries,Collision with a vehicle traveling laterally in the same direction,Collision involving vehicles going in the same way,Daylight,Dry
2759,192062,5,Gartenfelder Straße,2019,2,14,7,3,0,2,0,1,1,0,0,0,0,0,Spandau,Accident with minor injuries,Others,Turning accident,Daylight,Dry
2760,192063,8,Vogelviertel Süd,2019,2,9,5,3,0,1,0,1,0,0,0,0,0,1,Neukölln,Accident with minor injuries,Others,Driving accident,Daylight,Wet/moist/slippery
2761,192064,7,Manteuffelstraße,2019,2,20,7,2,5,3,2,0,1,0,0,0,0,1,Tempelhof-Schöneberg,Accident with serious injuries,Collision with a turning/crossing vehicle,Turning/Crossing accident,Dark,Wet/moist/slippery
2762,192065,5,Ackerstraße,2019,2,20,7,2,6,4,2,0,1,1,0,0,0,1,Spandau,Accident with serious injuries,Collision between vehicle and pedestrian,Pedestrian crossing accident,Dark,Wet/moist/slippery
2763,192066,4,Schaperstraße,2019,2,13,7,3,2,6,0,0,1,0,0,0,1,0,Charlottenburg - Wilmersdorf,Accident with minor injuries,Collision with the vehicle in front/waiting vehicle,Collision involving vehicles going in the same way,Daylight,Dry
2764,192067,1,Sparrplatz,2019,2,14,4,3,5,2,0,1,1,0,0,0,0,0,Mitte,Accident with minor injuries,Collision with a turning/crossing vehicle,Turning accident,Daylight,Dry
2765,192068,3,Arnimplatz,2019,2,13,7,3,5,3,0,0,1,0,0,0,0,0,Pankow,Accident with minor injuries,Collision with a turning/crossing vehicle,Turning/Crossing accident,Daylight,Dry
2766,192069,9,Dammvorstadt,2019,2,13,7,3,2,6,0,0,1,0,0,0,0,0,Treptow-Köpenick,Accident with minor injuries,Collision with the vehicle in front/waiting vehicle,Collision involving vehicles going in the same way,Daylight,Dry
2767,192070,1,Emdener Straße,2019,2,12,7,3,5,2,0,1,1,0,0,0,0,1,Mitte,Accident with minor injuries,Collision with a turning/crossing vehicle,Turning accident,Daylight,Wet/moist/slippery
2768,192071,2,Boxhagener Platz,2019,2,7,4,3,2,2,0,1,1,0,0,0,0,0,Friedrichshain - Kreuzberg,Accident with minor injuries,Collision with the vehicle in front/waiting vehicle,Turning accident,Daylight,Dry
2769,192072,7,Eisenacher Straße,2019,2,12,7,2,5,2,0,1,1,0,0,0,0,0,Tempelhof-Schöneberg,Accident with serious injuries,Collision with a turning/crossing vehicle,Turning accident,Daylight,Dry
2770,192073,9,Oberschöneweide West,2019,2,12,7,3,2,6,0,0,1,0,0,0,0,0,Treptow-Köpenick,Accident with minor injuries,Collision with the vehicle in front/waiting vehicle,Collision involving vehicles going in the same way,Daylight,Dry
2771,192074,3,Gustav-Adolf-Straße,2019,2,14,7,3,5,3,0,1,0,0,0,0,1,0,Pankow,Accident with minor injuries,Collision with a turning/crossing vehicle,Turning/Crossing accident,Daylight,Dry
2772,192075,6,Schütte-Lanz-Straße,2019,2,18,5,2,0,3,1,0,0,0,0,0,1,0,Steglitz-Zehlendorf,Accident with serious injuries,Others,Turning/Crossing accident,Twilight,Dry
2773,192076,4,Breitscheidplatz,2019,2,10,6,3,1,5,0,0,1,0,0,1,0,0,Charlottenburg - Wilmersdorf,Accident with minor injuries,Collision with a moving/standing/parked vehicle,Accident involving parked vehicles,Daylight,Dry
2774,192077,10,Havemannstraße,2019,2,12,6,3,5,3,0,0,1,0,0,0,0,0,Marzahn-Hellersdorf,Accident with minor injuries,Collision with a turning/crossing vehicle,Turning/Crossing accident,Daylight,Dry
2775,192078,4,Reichsstraße,2019,2,13,4,3,5,3,0,0,1,0,0,0,0,0,Charlottenburg - Wilmersdorf,Accident with minor injuries,Collision with a turning/crossing vehicle,Turning/Crossing accident,Daylight,Dry
2776,192079,11,Wartenberg Süd,2019,2,9,6,2,5,3,0,0,1,0,0,0,0,0,Lichtenberg,Accident with serious injuries,Collision with a turning/crossing vehicle,Turning/Crossing accident,Daylight,Dry
2777,192080,11,Fennpfuhl Ost,2019,2,14,6,3,0,7,0,0,0,0,0,0,1,0,Lichtenberg,Accident with minor injuries,Others,Others,Daylight,Dry
2778,192081,11,Hauptstraße,2019,2,15,4,3,5,3,0,0,1,0,0,0,0,1,Lichtenberg,Accident with minor injuries,Collision with a turning/crossing vehicle,Turning/Crossing accident,Daylight,Wet/moist/slippery
2779,192082,2,Boxhagener Platz,2019,2,23,6,3,6,7,2,0,1,1,0,0,0,0,Friedrichshain - Kreuzberg,Accident with minor injuries,Collision between vehicle and pedestrian,Others,Dark,Dry
2780,192083,4,Bismarckallee,2019,2,9,6,3,0,6,0,0,1,0,0,0,0,0,Charlottenburg - Wilmersdorf,Accident with minor injuries,Others,Collision involving vehicles going in the same way,Daylight,Dry
2781,192084,10,Springpfuhl,2019,2,5,6,3,6,4,2,0,1,1,0,0,0,0,Marzahn-Hellersdorf,Accident with minor injuries,Collision between vehicle and pedestrian,Pedestrian crossing accident,Dark,Dry
2782,192085,11,Herzbergstraße,2019,2,15,4,2,3,6,0,0,1,0,1,0,0,1,Lichtenberg,Accident with serious injuries,Collision with a vehicle traveling laterally in the same direction,Collision involving vehicles going in the same way,Daylight,Wet/moist/slippery
2783,192086,4,Breitscheidplatz,2019,2,15,6,2,5,2,0,0,1,0,1,0,0,0,Charlottenburg - Wilmersdorf,Accident with serious injuries,Collision with a turning/crossing vehicle,Turning accident,Daylight,Dry
2784,192087,6,Stadtpark,2019,2,17,6,3,5,2,1,0,1,0,0,0,0,0,Steglitz-Zehlendorf,Accident with minor injuries,Collision with a turning/crossing vehicle,Turning accident,Twilight,Dry
2785,192088,1,Unter den Linden Nord,2019,2,18,6,3,6,4,1,0,1,1,0,0,0,0,Mitte,Accident with minor injuries,Collision between vehicle and pedestrian,Pedestrian crossing accident,Twilight,Dry
2786,192089,1,Reinickendorfer Straße,2019,2,21,5,2,5,2,2,1,0,0,0,1,0,0,Mitte,Accident with serious injuries,Collision with a turning/crossing vehicle,Turning accident,Dark,Dry
2787,192090,6,Thielallee,2019,2,2,6,2,5,3,2,0,1,0,0,0,0,1,Steglitz-Zehlendorf,Accident with serious injuries,Collision with a turning/crossing vehicle,Turning/Crossing accident,Dark,Wet/moist/slippery
2788,192091,11,Wartenberg Nord,2019,2,5,6,3,5,3,2,0,1,0,0,0,0,0,Lichtenberg,Accident with minor injuries,Collision with a turning/crossing vehicle,Turning/Crossing accident,Dark,Dry
2789,192092,3,Wilhelmsruh,2019,2,5,6,3,2,6,2,0,1,0,0,0,0,0,Pankow,Accident with minor injuries,Collision with the vehicle in front/waiting vehicle,Collision involving vehicles going in the same way,Dark,Dry
2790,192093,1,Westliche Müllerstraße,2019,2,15,4,3,5,3,0,0,1,0,1,0,0,1,Mitte,Accident with minor injuries,Collision with a turning/crossing vehicle,Turning/Crossing accident,Daylight,Wet/moist/slippery
2791,192094,3,Volkspark Prenzlauer Berg,2019,2,8,6,3,2,6,0,0,1,0,0,0,1,0,Pankow,Accident with minor injuries,Collision with the vehicle in front/waiting vehicle,Collision involving vehicles going in the same way,Daylight,Dry
2792,192095,4,Hindemithplatz,2019,2,9,6,2,1,5,0,1,0,0,0,0,1,1,Charlottenburg - Wilmersdorf,Accident with serious injuries,Collision with a moving/standing/parked vehicle,Accident involving parked vehicles,Daylight,Wet/moist/slippery
2793,192096,3,Buchholz,2019,2,11,6,3,0,2,0,0,1,0,0,0,1,0,Pankow,Accident with minor injuries,Others,Turning accident,Daylight,Dry
2794,192097,8,Körnerpark,2019,2,11,6,3,5,3,0,0,1,0,0,0,0,0,Neukölln,Accident with minor injuries,Collision with a turning/crossing vehicle,Turning/Crossing accident,Daylight,Dry
2795,192098,9,Müggelheim,2019,2,11,6,3,4,2,0,0,1,0,0,0,0,0,Treptow-Köpenick,Accident with minor injuries,Collision with oncoming vehicle,Turning accident,Daylight,Dry
2796,192099,2,Andreasviertel,2019,2,16,5,3,5,2,0,1,1,0,0,0,0,0,Friedrichshain - Kreuzberg,Accident with minor injuries,Collision with a turning/crossing vehicle,Turning accident,Daylight,Dry
2797,192100,3,Buchholz,2019,2,13,6,2,6,4,0,0,1,1,0,0,0,0,Pankow,Accident with serious injuries,Collision between vehicle and pedestrian,Pedestrian crossing accident,Daylight,Dry
2798,192101,5,Zitadellenweg,2019,2,14,6,3,2,6,0,0,1,0,0,0,0,0,Spandau,Accident with minor injuries,Collision with the vehicle in front/waiting vehicle,Collision involving vehicles going in the same way,Daylight,Dry
2799,192102,2,Graefekiez,2019,2,14,6,3,2,6,0,0,1,0,0,0,0,0,Friedrichshain - Kreuzberg,Accident with minor injuries,Collision with the vehicle in front/waiting vehicle,Collision involving vehicles going in the same way,Daylight,Dry
2800,192103,12,Heiligensee,2019,2,14,6,3,5,3,0,0,1,0,0,0,0,0,Reinickendorf,Accident with minor injuries,Collision with a turning/crossing vehicle,Turning/Crossing accident,Daylight,Dry
2801,192104,1,Arkonaplatz,2019,2,20,5,3,6,7,2,1,0,1,0,0,0,0,Mitte,Accident with minor injuries,Collision between vehicle and pedestrian,Others,Dark,Dry
2802,192105,7,Volkspark (Rudolf-Wilde-Park),2019,2,15,6,3,1,5,0,1,1,0,0,0,0,0,Tempelhof-Schöneberg,Accident with minor injuries,Collision with a moving/standing/parked vehicle,Accident involving parked vehicles,Daylight,Dry
2803,192106,6,Oberhofer Platz,2019,2,5,6,2,9,1,1,0,1,0,0,0,0,1,Steglitz-Zehlendorf,Accident with serious injuries,Departure from the roadway to the left,Driving accident,Twilight,Wet/moist/slippery
2804,192107,12,Ziekowstraße/Freie Scholle,2019,2,20,5,2,9,1,2,0,1,0,0,0,0,1,Reinickendorf,Accident with serious injuries,Departure from the roadway to the left,Driving accident,Dark,Wet/moist/slippery
2805,192108,10,Alte Hellersdorfer Straße,2019,2,15,4,3,2,6,0,0,1,0,0,0,1,0,Marzahn-Hellersdorf,Accident with minor injuries,Collision with the vehicle in front/waiting vehicle,Collision involving vehicles going in the same way,Daylight,Dry
2806,192109,1,Heine-Viertel Ost,2019,2,5,5,3,5,3,2,0,1,0,1,0,0,0,Mitte,Accident with minor injuries,Collision with a turning/crossing vehicle,Turning/Crossing accident,Dark,Dry
2807,192110,3,Buch,2019,2,10,5,3,5,2,0,0,1,0,0,0,0,0,Pankow,Accident with minor injuries,Collision with a turning/crossing vehicle,Turning accident,Daylight,Dry
2808,192111,6,Zehlendorf Mitte,2019,2,10,5,3,2,2,0,0,1,0,0,0,0,0,Steglitz-Zehlendorf,Accident with minor injuries,Collision with the vehicle in front/waiting vehicle,Turning accident,Daylight,Dry
2809,192112,9,Grünau,2019,2,11,5,3,2,7,0,0,1,0,0,0,1,0,Treptow-Köpenick,Accident with minor injuries,Collision with the vehicle in front/waiting vehicle,Others,Daylight,Dry
2810,192113,8,Glasower Straße,2019,2,13,5,3,5,3,0,0,1,0,0,0,0,0,Neukölln,Accident with minor injuries,Collision with a turning/crossing vehicle,Turning/Crossing accident,Daylight,Dry
2811,192114,5,Zitadellenweg,2019,2,15,5,3,5,7,0,0,1,0,0,0,1,1,Spandau,Accident with minor injuries,Collision with a turning/crossing vehicle,Others,Daylight,Wet/moist/slippery
2812,192115,7,Manteuffelstraße,2019,2,14,5,3,5,2,0,1,1,0,0,0,0,0,Tempelhof-Schöneberg,Accident with minor injuries,Collision with a turning/crossing vehicle,Turning accident,Daylight,Dry
2813,192116,7,Neu-Tempelhof,2019,2,17,5,3,3,6,2,0,1,0,0,0,0,0,Tempelhof-Schöneberg,Accident with minor injuries,Collision with a vehicle traveling laterally in the same direction,Collision involving vehicles going in the same way,Dark,Dry
2814,192117,3,Volkspark Prenzlauer Berg,2019,2,18,5,3,2,2,2,0,1,0,0,0,0,0,Pankow,Accident with minor injuries,Collision with the vehicle in front/waiting vehicle,Turning accident,Dark,Dry
2815,192118,10,Kaulsdorf Nord,2019,2,20,5,3,5,3,2,0,1,0,0,0,0,0,Marzahn-Hellersdorf,Accident with minor injuries,Collision with a turning/crossing vehicle,Turning/Crossing accident,Dark,Dry
2816,192119,9,Späthsfelde,2019,2,16,4,3,2,6,0,0,1,0,0,0,1,0,Treptow-Köpenick,Accident with minor injuries,Collision with the vehicle in front/waiting vehicle,Collision involving vehicles going in the same way,Daylight,Dry
2817,192120,7,Manteuffelstraße,2019,2,20,5,3,2,6,2,0,1,0,0,0,0,0,Tempelhof-Schöneberg,Accident with minor injuries,Collision with the vehicle in front/waiting vehicle,Collision involving vehicles going in the same way,Dark,Dry
2818,192121,5,Zitadellenweg,2019,2,21,5,3,2,6,2,0,1,0,0,1,0,0,Spandau,Accident with minor injuries,Collision with the vehicle in front/waiting vehicle,Collision involving vehicles going in the same way,Dark,Dry
2819,192122,9,Baumschulenstraße,2019,2,21,5,3,5,3,2,0,1,0,0,0,0,0,Treptow-Köpenick,Accident with minor injuries,Collision with a turning/crossing vehicle,Turning/Crossing accident,Dark,Dry
2820,192123,4,Kaiserin-Augusta-Allee,2019,2,16,4,2,5,7,0,0,1,0,1,0,0,0,Charlottenburg - Wilmersdorf,Accident with serious injuries,Collision with a turning/crossing vehicle,Others,Daylight,Dry
2821,192124,4,Motardstraße,2019,2,18,5,2,2,6,1,0,1,0,1,0,0,1,Charlottenburg - Wilmersdorf,Accident with serious injuries,Collision with the vehicle in front/waiting vehicle,Collision involving vehicles going in the same way,Twilight,Wet/moist/slippery
2822,192125,1,Gesundbrunnen,2019,2,23,5,3,5,2,2,0,1,0,0,0,0,0,Mitte,Accident with minor injuries,Collision with a turning/crossing vehicle,Turning accident,Dark,Dry
2823,192126,6,Lankwitz Süd,2019,2,16,5,3,5,3,0,0,1,0,0,0,0,1,Steglitz-Zehlendorf,Accident with minor injuries,Collision with a turning/crossing vehicle,Turning/Crossing accident,Daylight,Wet/moist/slippery
2824,192127,5,Tiefwerder,2019,2,11,5,3,2,6,0,0,1,0,0,0,0,0,Spandau,Accident with minor injuries,Collision with the vehicle in front/waiting vehicle,Collision involving vehicles going in the same way,Daylight,Dry
2825,192128,1,Heine-Viertel West,2019,2,14,6,3,2,6,0,1,1,0,0,0,0,0,Mitte,Accident with minor injuries,Collision with the vehicle in front/waiting vehicle,Collision involving vehicles going in the same way,Daylight,Dry
2826,192129,11,Dorf Wartenberg,2019,2,17,5,3,0,7,2,0,0,0,0,1,0,1,Lichtenberg,Accident with minor injuries,Others,Others,Dark,Wet/moist/slippery
2827,192130,8,Gropiusstadt Ost,2019,2,20,5,3,6,7,2,0,1,1,0,0,0,0,Neukölln,Accident with minor injuries,Collision between vehicle and pedestrian,Others,Dark,Dry
2828,192131,1,Alexanderplatzviertel,2019,2,16,4,3,0,4,1,0,0,1,0,0,1,1,Mitte,Accident with minor injuries,Others,Pedestrian crossing accident,Twilight,Wet/moist/slippery