,object id,district,street,year,month,hour of day,weekday,category,accident type,accident type 2,light situation,bike involved,car involved,pedestrian involved,motor bike involved,big track involved,other vehicle involved,road condition,district name,category name,accident detail,accident type detail,light condition,road condition detail
2829,192132,12,Scharnweberstraße,2019,2,11,4,3,2,6,0,0,1,0,0,0,0,0,Reinickendorf,Accident with minor injuries,Collision with the vehicle in front/waiting vehicle,Collision involving vehicles going in the same way,Daylight,Dry
2830,192133,12,Reinickes Hof,2019,2,10,4,3,2,6,0,0,1,0,0,0,0,0,Reinickendorf,Accident with minor injuries,Collision with the vehicle in front/waiting vehicle,Collision involving vehicles going in the same way,Daylight,Dry
2831,192134,8,Buckow Ost,2019,2,16,4,2,5,2,0,0,1,0,1,0,0,0,Neukölln,Accident with serious injuries,Collision with a turning/crossing vehicle,Turning accident,Daylight,Dry
2832,192135,3,Alt-Karow,2019,2,12,4,3,5,3,0,0,1,0,0,0,0,1,Pankow,Accident with minor injuries,Collision with a turning/crossing vehicle,Turning/Crossing accident,Daylight,Wet/moist/slippery
2833,192136,2,Andreasviertel,2019,2,22,4,3,6,4,2,1,0,1,0,0,0,0,Friedrichshain - Kreuzberg,Accident with minor injuries,Collision between vehicle and pedestrian,Pedestrian crossing accident,Dark,Dry
2834,192137,3,Weißer See,2019,2,15,4,3,2,2,0,0,1,0,0,0,0,0,Pankow,Accident with minor injuries,Collision with the vehicle in front/waiting vehicle,Turning accident,Daylight,Dry
2835,192138,12,Schorfheidestraße,2019,2,15,4,3,6,7,0,0,1,1,0,0,0,0,Reinickendorf,Accident with minor injuries,Collision between vehicle and pedestrian,Others,Daylight,Dry
2836,192139,6,Botanischer Garten,2019,2,16,5,3,5,3,0,0,1,0,0,0,0,0,Steglitz-Zehlendorf,Accident with minor injuries,Collision with a turning/crossing vehicle,Turning/Crossing accident,Daylight,Dry
2837,192140,11,Landsberger Allee,2019,2,15,4,2,5,3,0,1,1,0,0,0,0,0,Lichtenberg,Accident with serious injuries,Collision with a turning/crossing vehicle,Turning/Crossing accident,Daylight,Dry
2838,192141,10,Gut Hellersdorf,2019,2,14,4,3,5,3,0,0,1,0,0,0,0,0,Marzahn-Hellersdorf,Accident with minor injuries,Collision with a turning/crossing vehicle,Turning/Crossing accident,Daylight,Dry
2839,192142,5,Gartenfelder Straße,2019,2,12,4,3,1,5,0,0,1,0,0,1,0,0,Spandau,Accident with minor injuries,Collision with a moving/standing/parked vehicle,Accident involving parked vehicles,Daylight,Dry
2840,192143,1,Westhafen,2019,2,13,6,3,2,2,0,0,1,0,0,0,1,0,Mitte,Accident with minor injuries,Collision with the vehicle in front/waiting vehicle,Turning accident,Daylight,Dry
2841,192144,3,Heinersdorf,2019,2,14,4,3,2,7,0,0,1,0,0,0,0,0,Pankow,Accident with minor injuries,Collision with the vehicle in front/waiting vehicle,Others,Daylight,Dry
2842,192145,1,Rehberge,2019,2,14,4,2,5,2,0,0,1,0,0,0,0,0,Mitte,Accident with serious injuries,Collision with a turning/crossing vehicle,Turning accident,Daylight,Dry
2843,192146,9,Johannisthal West,2019,2,11,4,3,9,1,0,0,1,0,0,0,0,0,Treptow-Köpenick,Accident with minor injuries,Departure from the roadway to the left,Driving accident,Daylight,Dry
2844,192147,1,Oranienburger Straße,2019,2,13,4,3,6,7,0,0,1,1,0,0,0,0,Mitte,Accident with minor injuries,Collision between vehicle and pedestrian,Others,Daylight,Dry
2845,192148,7,Rathaus Tempelhof,2019,2,13,4,3,6,4,0,0,1,1,0,0,0,0,Tempelhof-Schöneberg,Accident with minor injuries,Collision between vehicle and pedestrian,Pedestrian crossing accident,Daylight,Dry
2846,192149,3,Arnimplatz,2019,2,20,4,3,6,2,2,0,1,1,0,0,0,1,Pankow,Accident with minor injuries,Collision between vehicle and pedestrian,Turning accident,Dark,Wet/moist/slippery
2847,192150,11,Victoriastadt,2019,2,11,4,3,1,5,0,1,0,0,0,1,1,0,Lichtenberg,Accident with minor injuries,Collision with a moving/standing/parked vehicle,Accident involving parked vehicles,Daylight,Dry
2848,192151,7,Marienfelde Süd,2019,2,10,4,3,5,3,0,0,1,0,0,0,1,1,Tempelhof-Schöneberg,Accident with minor injuries,Collision with a turning/crossing vehicle,Turning/Crossing accident,Daylight,Wet/moist/slippery
2849,192152,12,Wittenau Süd,2019,2,9,4,2,9,1,0,0,1,0,0,0,0,1,Reinickendorf,Accident with serious injuries,Departure from the roadway to the left,Driving accident,Daylight,Wet/moist/slippery
2850,192153,6,Goerzwerke,2019,2,19,5,3,2,6,2,0,1,0,0,0,0,0,Steglitz-Zehlendorf,Accident with minor injuries,Collision with the vehicle in front/waiting vehicle,Collision involving vehicles going in the same way,Dark,Dry
2851,192154,3,Weißenseer Spitze,2019,2,9,4,3,5,3,0,0,1,0,0,0,0,0,Pankow,Accident with minor injuries,Collision with a turning/crossing vehicle,Turning/Crossing accident,Daylight,Dry
2852,192155,8,Rixdorf,2019,2,8,4,3,9,1,0,1,0,0,0,0,0,0,Neukölln,Accident with minor injuries,Departure from the roadway to the left,Driving accident,Daylight,Dry
2853,192156,12,Tegel Süd,2019,2,7,4,3,0,5,0,0,1,0,0,1,0,0,Reinickendorf,Accident with minor injuries,Others,Accident involving parked vehicles,Daylight,Dry
2854,192157,1,Leopoldplatz,2019,2,5,4,3,6,4,2,0,1,1,0,0,0,1,Mitte,Accident with minor injuries,Collision between vehicle and pedestrian,Pedestrian crossing accident,Dark,Wet/moist/slippery
2855,192158,12,Heiligensee,2019,2,7,4,2,5,2,0,1,1,0,0,0,0,0,Reinickendorf,Accident with serious injuries,Collision with a turning/crossing vehicle,Turning accident,Daylight,Dry
2856,192159,2,Weberwiese,2019,2,19,4,3,1,5,2,1,1,0,0,0,0,0,Friedrichshain - Kreuzberg,Accident with minor injuries,Collision with a moving/standing/parked vehicle,Accident involving parked vehicles,Dark,Dry
2857,192160,1,Karl-Marx-Allee,2019,2,19,4,3,0,6,1,0,1,0,0,0,1,0,Mitte,Accident with minor injuries,Others,Collision involving vehicles going in the same way,Twilight,Dry
2858,192161,4,Spreestadt,2019,2,18,4,3,0,1,2,1,0,0,0,0,0,0,Charlottenburg - Wilmersdorf,Accident with minor injuries,Others,Driving accident,Dark,Dry
2859,192162,5,Borkumer Straße,2019,2,16,4,3,0,2,0,0,0,0,0,0,1,0,Spandau,Accident with minor injuries,Others,Turning accident,Daylight,Dry
2860,192163,10,Mahlsdorf Süd,2019,2,6,4,3,5,2,2,0,1,0,0,0,1,1,Marzahn-Hellersdorf,Accident with minor injuries,Collision with a turning/crossing vehicle,Turning accident,Dark,Wet/moist/slippery
2861,192164,6,Zehlendorf Eiche,2019,2,8,3,3,5,3,0,1,1,0,0,0,0,1,Steglitz-Zehlendorf,Accident with minor injuries,Collision with a turning/crossing vehicle,Turning/Crossing accident,Daylight,Wet/moist/slippery
2862,192165,2,Reichenberger Straße,2019,2,15,3,3,5,3,0,0,1,0,0,0,0,0,Friedrichshain - Kreuzberg,Accident with minor injuries,Collision with a turning/crossing vehicle,Turning/Crossing accident,Daylight,Dry
2863,192166,2,Wriezener Bahnhof/Entwicklungsgebiet,2019,2,11,3,3,5,2,0,0,1,0,0,0,0,0,Friedrichshain - Kreuzberg,Accident with minor injuries,Collision with a turning/crossing vehicle,Turning accident,Daylight,Dry
2864,192167,3,Karow Nord,2019,2,16,5,3,5,3,1,0,1,0,0,0,0,1,Pankow,Accident with minor injuries,Collision with a turning/crossing vehicle,Turning/Crossing accident,Twilight,Wet/moist/slippery
2865,192168,7,Marienhöhe,2019,2,10,3,3,5,2,0,1,1,0,0,0,0,1,Tempelhof-Schöneberg,Accident with minor injuries,Collision with a turning/crossing vehicle,Turning accident,Daylight,Wet/moist/slippery
2866,192169,2,Stralauer Kiez,2019,2,5,3,2,5,3,2,0,1,0,0,0,0,0,Friedrichshain - Kreuzberg,Accident with serious injuries,Collision with a turning/crossing vehicle,Turning/Crossing accident,Dark,Dry
2867,192170,6,Markelstraße,2019,2,11,3,3,5,3,0,0,1,0,1,0,0,1,Steglitz-Zehlendorf,Accident with minor injuries,Collision with a turning/crossing vehicle,Turning/Crossing accident,Daylight,Wet/moist/slippery
2868,192171,1,Arkonaplatz,2019,2,20,4,2,5,3,2,0,1,0,0,0,0,1,Mitte,Accident with serious injuries,Collision with a turning/crossing vehicle,Turning/Crossing accident,Dark,Wet/moist/slippery
2869,192172,2,Moritzplatz,2019,2,12,3,3,6,4,0,0,1,1,0,0,0,1,Friedrichshain - Kreuzberg,Accident with minor injuries,Collision between vehicle and pedestrian,Pedestrian crossing accident,Daylight,Wet/moist/slippery
2870,192173,1,Oranienburger Straße,2019,2,15,3,3,2,6,0,0,1,0,0,0,0,0,Mitte,Accident with minor injuries,Collision with the vehicle in front/waiting vehicle,Collision involving vehicles going in the same way,Daylight,Dry
2871,192174,4,George-Grosz-Platz,2019,2,7,3,3,5,3,0,0,1,0,0,0,0,1,Charlottenburg - Wilmersdorf,Accident with minor injuries,Collision with a turning/crossing vehicle,Turning/Crossing accident,Daylight,Wet/moist/slippery
2872,192175,2,Moritzplatz,2019,2,17,3,3,6,7,2,0,1,1,0,0,0,0,Friedrichshain - Kreuzberg,Accident with minor injuries,Collision between vehicle and pedestrian,Others,Dark,Dry
2873,192176,9,Spindlersfeld,2019,2,20,3,3,2,6,2,0,1,0,0,0,0,1,Treptow-Köpenick,Accident with minor injuries,Collision with the vehicle in front/waiting vehicle,Collision involving vehicles going in the same way,Dark,Wet/moist/slippery
2874,192177,12,Mellerbogen,2019,2,22,3,3,6,2,2,0,1,1,0,0,0,0,Reinickendorf,Accident with minor injuries,Collision between vehicle and pedestrian,Turning accident,Dark,Dry
2875,192178,1,Charitéviertel,2019,2,6,4,3,6,2,1,0,1,1,0,0,0,1,Mitte,Accident with minor injuries,Collision between vehicle and pedestrian,Turning accident,Twilight,Wet/moist/slippery
2876,192179,1,Charitéviertel,2019,2,22,3,3,5,2,2,0,1,0,0,0,0,0,Mitte,Accident with minor injuries,Collision with a turning/crossing vehicle,Turning accident,Dark,Dry
2877,192180,7,Dennewitzplatz,2019,2,22,3,3,0,2,2,0,1,0,1,0,0,0,Tempelhof-Schöneberg,Accident with minor injuries,Others,Turning accident,Dark,Dry
2878,192181,12,Wittenau Süd,2019,2,21,3,3,5,2,2,0,1,0,0,0,0,0,Reinickendorf,Accident with minor injuries,Collision with a turning/crossing vehicle,Turning accident,Dark,Dry
2879,192182,4,Schloßstraße,2019,2,11,3,2,5,2,0,1,1,0,0,0,0,1,Charlottenburg - Wilmersdorf,Accident with serious injuries,Collision with a turning/crossing vehicle,Turning accident,Daylight,Wet/moist/slippery
2880,192183,10,Alt-Mahlsdorf,2019,2,15,5,3,5,2,0,1,1,0,0,0,0,0,Marzahn-Hellersdorf,Accident with minor injuries,Collision with a turning/crossing vehicle,Turning accident,Daylight,Dry
2881,192184,8,Reuterkiez,2019,2,17,3,2,5,2,2,0,1,0,1,0,0,1,Neukölln,Accident with serious injuries,Collision with a turning/crossing vehicle,Turning accident,Dark,Wet/moist/slippery
2882,192185,4,Plötzensee,2019,2,11,3,2,4,6,0,0,1,0,0,0,1,0,Charlottenburg - Wilmersdorf,Accident with serious injuries,Collision with oncoming vehicle,Collision involving vehicles going in the same way,Daylight,Dry
2883,192186,7,Rathaus Tempelhof,2019,2,13,3,2,2,6,0,0,1,0,0,0,0,1,Tempelhof-Schöneberg,Accident with serious injuries,Collision with the vehicle in front/waiting vehicle,Collision involving vehicles going in the same way,Daylight,Wet/moist/slippery
2884,192187,6,Königsberger Straße,2019,2,18,4,3,2,6,2,0,1,0,0,0,0,1,Steglitz-Zehlendorf,Accident with minor injuries,Collision with the vehicle in front/waiting vehicle,Collision involving vehicles going in the same way,Dark,Wet/moist/slippery
2885,192188,5,Zitadellenweg,2019,2,17,3,3,1,6,2,0,1,0,0,0,0,1,Spandau,Accident with minor injuries,Collision with a moving/standing/parked vehicle,Collision involving vehicles going in the same way,Dark,Wet/moist/slippery
2886,192189,5,Carl-Schurz-Straße,2019,2,12,3,2,1,5,0,1,1,0,0,0,0,1,Spandau,Accident with serious injuries,Collision with a moving/standing/parked vehicle,Accident involving parked vehicles,Daylight,Wet/moist/slippery
2887,192190,8,Donaustraße,2019,2,21,3,3,0,1,2,1,0,0,0,0,0,1,Neukölln,Accident with minor injuries,Others,Driving accident,Dark,Wet/moist/slippery
2888,192191,4,Rathaus Wilmersdorf,2019,2,10,6,3,6,2,0,0,1,1,0,0,0,0,Charlottenburg - Wilmersdorf,Accident with minor injuries,Collision between vehicle and pedestrian,Turning accident,Daylight,Dry
2889,192192,7,Schöneberger Insel,2019,2,14,3,3,8,1,0,0,1,0,0,0,0,0,Tempelhof-Schöneberg,Accident with minor injuries,Departure from the roadway to the right,Driving accident,Daylight,Dry
2890,192193,12,Scharnweberstraße,2019,2,9,2,3,5,3,0,1,1,0,0,0,0,1,Reinickendorf,Accident with minor injuries,Collision with a turning/crossing vehicle,Turning/Crossing accident,Daylight,Wet/moist/slippery
2891,192194,9,Dorf Altglienicke,2019,2,18,4,2,6,2,2,0,1,1,0,0,0,1,Treptow-Köpenick,Accident with serious injuries,Collision between vehicle and pedestrian,Turning accident,Dark,Wet/moist/slippery
2892,192195,4,Amtsgerichtsplatz,2019,2,21,2,3,0,7,2,0,0,0,1,0,0,1,Charlottenburg - Wilmersdorf,Accident with minor injuries,Others,Others,Dark,Wet/moist/slippery
2893,192196,3,Karow Nord,2019,2,20,2,3,5,3,2,0,1,0,0,0,0,1,Pankow,Accident with minor injuries,Collision with a turning/crossing vehicle,Turning/Crossing accident,Dark,Wet/moist/slippery
2894,192197,9,Späthsfelde,2019,2,6,4,3,2,6,1,0,1,0,0,0,0,1,Treptow-Köpenick,Accident with minor injuries,Collision with the vehicle in front/waiting vehicle,Collision involving vehicles going in the same way,Twilight,Wet/moist/slippery
2895,192198,8,Flughafenstraße,2019,2,20,2,3,1,5,2,1,1,0,0,0,0,0,Neukölln,Accident with minor injuries,Collision with a moving/standing/parked vehicle,Accident involving parked vehicles,Dark,Dry
2896,192199,1,Wilhelmstraße,2019,2,20,2,3,5,3,2,0,1,0,0,0,0,0,Mitte,Accident with minor injuries,Collision with a turning/crossing vehicle,Turning/Crossing accident,Dark,Dry
2897,192200,4,Flinsberger Platz,2019,2,20,2,3,5,2,2,0,1,0,0,0,0,0,Charlottenburg - Wilmersdorf,Accident with minor injuries,Collision with a turning/crossing vehicle,Turning accident,Dark,Dry
2898,192201,4,Kaiserin-Augusta-Allee,2019,2,9,4,3,0,1,0,0,0,0,1,0,0,1,Charlottenburg - Wilmersdorf,Accident with minor injuries,Others,Driving accident,Daylight,Wet/moist/slippery
2899,192202,8,Rixdorf,2019,2,19,2,3,2,6,2,0,1,0,0,0,0,1,Neukölln,Accident with minor injuries,Collision with the vehicle in front/waiting vehicle,Collision involving vehicles going in the same way,Dark,Wet/moist/slippery
2900,192203,3,Volkspark Prenzlauer Berg,2019,2,18,2,3,2,6,2,0,1,0,0,0,0,0,Pankow,Accident with minor injuries,Collision with the vehicle in front/waiting vehicle,Collision involving vehicles going in the same way,Dark,Dry
2901,192204,8,Schillerpromenade,2019,2,18,2,2,6,4,2,0,1,1,0,0,0,0,Neukölln,Accident with serious injuries,Collision between vehicle and pedestrian,Pedestrian crossing accident,Dark,Dry
2902,192205,10,Alt-Marzahn,2019,2,15,6,2,5,3,0,0,1,0,0,0,1,0,Marzahn-Hellersdorf,Accident with serious injuries,Collision with a turning/crossing vehicle,Turning/Crossing accident,Daylight,Dry
2903,192206,5,Adamstraße,2019,2,17,2,2,6,4,2,0,1,1,0,0,0,0,Spandau,Accident with serious injuries,Collision between vehicle and pedestrian,Pedestrian crossing accident,Dark,Dry
2904,192207,2,Moritzplatz,2019,2,17,2,2,6,4,2,0,1,1,0,0,0,0,Friedrichshain - Kreuzberg,Accident with serious injuries,Collision between vehicle and pedestrian,Pedestrian crossing accident,Dark,Dry
2905,192208,6,Königsberger Straße,2019,2,7,4,3,3,2,0,1,0,0,0,1,0,0,Steglitz-Zehlendorf,Accident with minor injuries,Collision with a vehicle traveling laterally in the same direction,Turning accident,Daylight,Dry
2906,192209,6,Königsberger Straße,2019,2,15,2,3,2,6,0,0,1,0,0,0,1,0,Steglitz-Zehlendorf,Accident with minor injuries,Collision with the vehicle in front/waiting vehicle,Collision involving vehicles going in the same way,Daylight,Dry
2907,192210,4,Alt-Lietzow,2019,2,14,2,3,5,3,0,1,1,0,0,0,0,0,Charlottenburg - Wilmersdorf,Accident with minor injuries,Collision with a turning/crossing vehicle,Turning/Crossing accident,Daylight,Dry
2908,192211,7,Bayerischer Platz,2019,2,8,4,3,5,3,0,0,1,0,0,0,0,1,Tempelhof-Schöneberg,Accident with minor injuries,Collision with a turning/crossing vehicle,Turning/Crossing accident,Daylight,Wet/moist/slippery
2909,192212,4,Alt-Lietzow,2019,2,14,2,3,9,1,0,0,1,0,0,0,0,0,Charlottenburg - Wilmersdorf,Accident with minor injuries,Departure from the roadway to the left,Driving accident,Daylight,Dry
2910,192213,5,Carl-Schurz-Straße,2019,2,14,2,3,6,4,0,0,1,1,0,0,0,0,Spandau,Accident with minor injuries,Collision between vehicle and pedestrian,Pedestrian crossing accident,Daylight,Dry
2911,192214,2,Andreasviertel,2019,2,13,2,3,5,3,0,1,1,0,0,0,0,0,Friedrichshain - Kreuzberg,Accident with minor injuries,Collision with a turning/crossing vehicle,Turning/Crossing accident,Daylight,Dry
2912,192215,7,Dennewitzplatz,2019,2,19,5,3,5,2,2,0,1,0,0,0,1,0,Tempelhof-Schöneberg,Accident with minor injuries,Collision with a turning/crossing vehicle,Turning accident,Dark,Dry
2913,192216,2,Andreasviertel,2019,2,13,2,3,6,2,0,0,1,1,0,0,0,0,Friedrichshain - Kreuzberg,Accident with minor injuries,Collision between vehicle and pedestrian,Turning accident,Daylight,Dry
2914,192217,3,Arnimplatz,2019,2,11,2,3,0,7,0,0,1,0,0,0,1,1,Pankow,Accident with minor injuries,Others,Others,Daylight,Wet/moist/slippery
2915,192218,5,Rohrdamm,2019,2,5,2,3,6,2,2,0,1,1,0,0,0,1,Spandau,Accident with minor injuries,Collision between vehicle and pedestrian,Turning accident,Dark,Wet/moist/slippery
2916,192219,11,Rüdigerstraße,2019,2,20,5,3,6,2,2,0,1,1,0,0,0,0,Lichtenberg,Accident with minor injuries,Collision between vehicle and pedestrian,Turning accident,Dark,Dry
2917,192220,12,Alt-Tegel,2019,2,6,2,3,6,4,1,0,1,1,0,0,0,1,Reinickendorf,Accident with minor injuries,Collision between vehicle and pedestrian,Pedestrian crossing accident,Twilight,Wet/moist/slippery
2918,192221,3,Pankow Süd,2019,2,6,2,3,2,2,2,0,1,0,0,0,1,1,Pankow,Accident with minor injuries,Collision with the vehicle in front/waiting vehicle,Turning accident,Dark,Wet/moist/slippery
2919,192222,4,Rathaus Wilmersdorf,2019,2,7,2,3,5,3,0,1,1,0,0,0,0,1,Charlottenburg - Wilmersdorf,Accident with minor injuries,Collision with a turning/crossing vehicle,Turning/Crossing accident,Daylight,Wet/moist/slippery
2920,192223,9,Bölschestraße,2019,2,8,4,3,0,1,0,1,0,0,0,0,0,1,Treptow-Köpenick,Accident with minor injuries,Others,Driving accident,Daylight,Wet/moist/slippery
2921,192224,6,Thielallee,2019,2,7,2,3,6,2,0,0,1,1,0,0,0,1,Steglitz-Zehlendorf,Accident with minor injuries,Collision between vehicle and pedestrian,Turning accident,Daylight,Wet/moist/slippery
2922,192225,4,Rüdesheimer Platz,2019,2,8,2,3,6,2,0,0,1,1,0,0,0,1,Charlottenburg - Wilmersdorf,Accident with minor injuries,Collision between vehicle and pedestrian,Turning accident,Daylight,Wet/moist/slippery
2923,192226,12,Reinickes Hof,2019,2,9,2,3,2,6,0,0,1,0,0,0,0,1,Reinickendorf,Accident with minor injuries,Collision with the vehicle in front/waiting vehicle,Collision involving vehicles going in the same way,Daylight,Wet/moist/slippery
2924,192227,1,Leipziger Straße,2019,2,18,4,3,5,3,2,0,1,0,0,0,0,1,Mitte,Accident with minor injuries,Collision with a turning/crossing vehicle,Turning/Crossing accident,Dark,Wet/moist/slippery
2925,192228,2,Viktoriapark,2019,2,12,2,3,2,6,0,0,1,0,0,0,0,1,Friedrichshain - Kreuzberg,Accident with minor injuries,Collision with the vehicle in front/waiting vehicle,Collision involving vehicles going in the same way,Daylight,Wet/moist/slippery
2926,192229,11,Wartenberg Nord,2019,2,12,2,3,0,3,0,0,1,0,0,0,1,0,Lichtenberg,Accident with minor injuries,Others,Turning/Crossing accident,Daylight,Dry
2927,192230,12,Breitkopfbecken,2019,2,11,1,3,5,2,0,0,1,0,0,0,0,1,Reinickendorf,Accident with minor injuries,Collision with a turning/crossing vehicle,Turning accident,Daylight,Wet/moist/slippery
2928,192231,3,Buchholz,2019,2,16,5,2,6,4,0,0,1,1,0,0,0,0,Pankow,Accident with serious injuries,Collision between vehicle and pedestrian,Pedestrian crossing accident,Daylight,Dry
2929,192232,2,Moritzplatz,2019,2,4,1,3,5,3,2,0,1,0,0,0,0,0,Friedrichshain - Kreuzberg,Accident with minor injuries,Collision with a turning/crossing vehicle,Turning/Crossing accident,Dark,Dry
2930,192233,8,Körnerpark,2019,2,1,1,3,5,3,2,0,1,0,0,0,0,1,Neukölln,Accident with minor injuries,Collision with a turning/crossing vehicle,Turning/Crossing accident,Dark,Wet/moist/slippery
2931,192234,4,Flatowallee,2019,2,15,1,3,5,3,0,0,1,0,1,0,0,1,Charlottenburg - Wilmersdorf,Accident with minor injuries,Collision with a turning/crossing vehicle,Turning/Crossing accident,Daylight,Wet/moist/slippery
2932,192235,4,Droysenstraße,2019,2,18,4,3,6,2,2,0,1,1,0,0,0,1,Charlottenburg - Wilmersdorf,Accident with minor injuries,Collision between vehicle and pedestrian,Turning accident,Dark,Wet/moist/slippery
2933,192236,4,Rüdesheimer Platz,2019,2,15,1,3,6,2,0,0,1,1,0,0,0,0,Charlottenburg - Wilmersdorf,Accident with minor injuries,Collision between vehicle and pedestrian,Turning accident,Daylight,Dry
2934,192237,1,Arkonaplatz,2019,2,16,1,3,5,3,1,0,1,0,0,0,0,0,Mitte,Accident with minor injuries,Collision with a turning/crossing vehicle,Turning/Crossing accident,Twilight,Dry
2935,192238,1,Stülerstraße,2019,2,17,1,3,6,4,1,1,0,1,0,0,0,0,Mitte,Accident with minor injuries,Collision between vehicle and pedestrian,Pedestrian crossing accident,Twilight,Dry
2936,192239,10,Gut Hellersdorf,2019,2,19,1,3,5,2,2,0,1,0,0,0,0,1,Marzahn-Hellersdorf,Accident with minor injuries,Collision with a turning/crossing vehicle,Turning accident,Dark,Wet/moist/slippery
2937,192240,6,Lankwitz Kirche,2019,2,7,4,3,6,4,0,0,1,1,0,0,0,0,Steglitz-Zehlendorf,Accident with minor injuries,Collision between vehicle and pedestrian,Pedestrian crossing accident,Daylight,Dry
2938,192241,11,Fennpfuhl Ost,2019,2,13,1,3,5,3,0,0,1,0,0,0,0,1,Lichtenberg,Accident with minor injuries,Collision with a turning/crossing vehicle,Turning/Crossing accident,Daylight,Wet/moist/slippery
2939,192242,8,Donaustraße,2019,2,23,7,3,6,4,2,0,1,1,0,0,0,1,Neukölln,Accident with minor injuries,Collision between vehicle and pedestrian,Pedestrian crossing accident,Dark,Wet/moist/slippery
2940,192243,4,Spreestadt,2019,2,21,7,3,5,2,2,0,1,0,0,0,0,1,Charlottenburg - Wilmersdorf,Accident with minor injuries,Collision with a turning/crossing vehicle,Turning accident,Dark,Wet/moist/slippery
2941,192244,9,Adlershof West,2019,2,20,7,3,5,2,2,0,1,0,0,0,0,1,Treptow-Köpenick,Accident with minor injuries,Collision with a turning/crossing vehicle,Turning accident,Dark,Wet/moist/slippery
2942,192245,4,Prager Platz,2019,2,18,7,2,5,3,2,0,1,0,0,0,0,1,Charlottenburg - Wilmersdorf,Accident with serious injuries,Collision with a turning/crossing vehicle,Turning/Crossing accident,Dark,Wet/moist/slippery
2943,192246,3,Märchenland,2019,2,14,5,3,2,6,0,0,1,0,0,0,1,0,Pankow,Accident with minor injuries,Collision with the vehicle in front/waiting vehicle,Collision involving vehicles going in the same way,Daylight,Dry
2944,192247,4,Park Ruhwald,2019,2,20,7,3,2,6,2,0,1,0,0,0,0,1,Charlottenburg - Wilmersdorf,Accident with minor injuries,Collision with the vehicle in front/waiting vehicle,Collision involving vehicles going in the same way,Dark,Wet/moist/slippery
2945,192248,3,Karow Nord,2019,2,18,7,3,5,3,2,0,1,0,0,0,0,1,Pankow,Accident with minor injuries,Collision with a turning/crossing vehicle,Turning/Crossing accident,Dark,Wet/moist/slippery
2946,192249,1,Karl-Marx-Allee,2019,2,17,7,3,5,2,2,0,1,0,0,0,0,1,Mitte,Accident with minor injuries,Collision with a turning/crossing vehicle,Turning accident,Dark,Wet/moist/slippery
2947,192250,10,Wuhletalstraße,2019,2,17,4,2,6,4,1,0,1,1,0,0,0,1,Marzahn-Hellersdorf,Accident with serious injuries,Collision between vehicle and pedestrian,Pedestrian crossing accident,Twilight,Wet/moist/slippery
2948,192251,7,Imbrosweg,2019,2,16,7,3,3,2,2,0,1,0,0,0,1,1,Tempelhof-Schöneberg,Accident with minor injuries,Collision with a vehicle traveling laterally in the same direction,Turning accident,Dark,Wet/moist/slippery
2949,192252,1,Humboldthain Nordwest,2019,2,16,7,3,5,3,1,0,1,0,0,0,0,1,Mitte,Accident with minor injuries,Collision with a turning/crossing vehicle,Turning/Crossing accident,Twilight,Wet/moist/slippery
2950,192253,11,Rüdigerstraße,2019,2,16,7,3,5,3,1,0,1,0,0,0,0,1,Lichtenberg,Accident with minor injuries,Collision with a turning/crossing vehicle,Turning/Crossing accident,Twilight,Wet/moist/slippery
2951,192254,1,Huttenkiez,2019,2,14,6,3,2,6,0,0,1,0,0,0,0,0,Mitte,Accident with minor injuries,Collision with the vehicle in front/waiting vehicle,Collision involving vehicles going in the same way,Daylight,Dry
2952,192255,7,Nollendorfplatz,2019,2,15,7,3,5,3,0,1,1,0,0,0,0,1,Tempelhof-Schöneberg,Accident with minor injuries,Collision with a turning/crossing vehicle,Turning/Crossing accident,Daylight,Wet/moist/slippery
2953,192256,6,Dahlem,2019,2,15,7,3,5,2,0,0,1,0,0,0,0,2,Steglitz-Zehlendorf,Accident with minor injuries,Collision with a turning/crossing vehicle,Turning accident,Daylight,Snowy
2954,192257,5,Germersheimer Platz,2019,2,15,7,3,2,6,0,0,1,0,0,0,0,1,Spandau,Accident with minor injuries,Collision with the vehicle in front/waiting vehicle,Collision involving vehicles going in the same way,Daylight,Wet/moist/slippery
2955,192258,9,Späthsfelde,2019,2,15,7,3,5,3,0,0,1,0,0,0,0,1,Treptow-Köpenick,Accident with minor injuries,Collision with a turning/crossing vehicle,Turning/Crossing accident,Daylight,Wet/moist/slippery
2956,192259,4,Olympiagelände,2019,2,11,6,3,5,2,0,0,1,0,0,0,0,0,Charlottenburg - Wilmersdorf,Accident with minor injuries,Collision with a turning/crossing vehicle,Turning accident,Daylight,Dry
2957,192260,2,Moritzplatz,2019,2,12,7,3,1,5,0,1,1,0,0,0,0,0,Friedrichshain - Kreuzberg,Accident with minor injuries,Collision with a moving/standing/parked vehicle,Accident involving parked vehicles,Daylight,Dry
2958,192261,12,Wittenau Süd,2019,2,9,7,3,2,2,0,0,1,0,0,0,0,1,Reinickendorf,Accident with minor injuries,Collision with the vehicle in front/waiting vehicle,Turning accident,Daylight,Wet/moist/slippery
2959,192262,8,Parchimer Allee,2019,2,17,4,3,5,3,1,1,1,0,0,0,0,0,Neukölln,Accident with minor injuries,Collision with a turning/crossing vehicle,Turning/Crossing accident,Twilight,Dry
2960,192263,4,Wittenbergplatz/Viktoria-Luise-Platz,2019,2,19,6,3,2,6,2,0,1,0,0,0,0,0,Charlottenburg - Wilmersdorf,Accident with minor injuries,Collision with the vehicle in front/waiting vehicle,Collision involving vehicles going in the same way,Dark,Dry