,object id,district,street,year,month,hour of day,weekday,category,accident type,accident type 2,light situation,bike involved,car involved,pedestrian involved,motor bike involved,big track involved,other vehicle involved,road condition,district name,category name,accident detail,accident type detail,light condition,road condition detail
2961,192264,5,Carl-Schurz-Straße,2019,2,10,6,3,3,6,0,0,1,0,0,0,0,0,Spandau,Accident with minor injuries,Collision with a vehicle traveling laterally in the same direction,Collision involving vehicles going in the same way,Daylight,Dry
2962,192265,1,Emdener Straße,2019,2,12,6,3,2,6,0,0,1,0,0,0,0,1,Mitte,Accident with minor injuries,Collision with the vehicle in front/waiting vehicle,Collision involving vehicles going in the same way,Daylight,Wet/moist/slippery
2963,192266,2,Wriezener Bahnhof/Entwicklungsgebiet,2019,2,7,4,3,2,2,0,0,1,0,0,0,0,1,Friedrichshain - Kreuzberg,Accident with minor injuries,Collision with the vehicle in front/waiting vehicle,Turning accident,Daylight,Wet/moist/slippery
2964,192267,1,Gesundbrunnen,2019,2,17,6,3,1,5,1,0,1,0,0,0,0,0,Mitte,Accident with minor injuries,Collision with a moving/standing/parked vehicle,Accident involving parked vehicles,Twilight,Dry
2965,192268,4,Breitscheidplatz,2019,2,20,6,3,5,2,2,0,1,0,0,0,1,0,Charlottenburg - Wilmersdorf,Accident with minor injuries,Collision with a turning/crossing vehicle,Turning accident,Dark,Dry
2966,192269,5,Graetschelsteig,2019,2,19,6,3,5,2,2,0,1,0,0,0,0,1,Spandau,Accident with minor injuries,Collision with a turning/crossing vehicle,Turning accident,Dark,Wet/moist/slippery
2967,192270,11,Fennpfuhl Ost,2019,2,18,5,3,2,6,2,0,1,0,0,0,0,0,Lichtenberg,Accident with minor injuries,Collision with the vehicle in front/waiting vehicle,Collision involving vehicles going in the same way,Dark,Dry
2968,192271,9,Köllnische Vorstadt,2019,2,17,6,3,2,6,2,0,1,0,0,0,0,1,Treptow-Köpenick,Accident with minor injuries,Collision with the vehicle in front/waiting vehicle,Collision involving vehicles going in the same way,Dark,Wet/moist/slippery
2969,192272,6,Gemeindepark Lankwitz,2019,2,15,6,3,5,3,0,0,1,0,0,0,0,1,Steglitz-Zehlendorf,Accident with minor injuries,Collision with a turning/crossing vehicle,Turning/Crossing accident,Daylight,Wet/moist/slippery
2970,192273,5,Gütersloher Weg,2019,2,16,4,2,6,4,1,0,1,1,0,0,0,1,Spandau,Accident with serious injuries,Collision between vehicle and pedestrian,Pedestrian crossing accident,Twilight,Wet/moist/slippery
2971,192274,3,Volkspark Prenzlauer Berg,2019,2,23,6,2,6,4,2,0,1,1,0,0,0,1,Pankow,Accident with serious injuries,Collision between vehicle and pedestrian,Pedestrian crossing accident,Dark,Wet/moist/slippery
2972,192275,3,Pankow Süd,2019,2,8,6,3,5,3,0,1,1,0,0,0,0,1,Pankow,Accident with minor injuries,Collision with a turning/crossing vehicle,Turning/Crossing accident,Daylight,Wet/moist/slippery
2973,192276,3,Niederschönhausen,2019,2,7,4,3,3,2,0,0,1,0,0,1,0,0,Pankow,Accident with minor injuries,Collision with a vehicle traveling laterally in the same direction,Turning accident,Daylight,Dry
2974,192277,7,Friedenau,2019,2,16,6,3,2,6,1,0,1,0,0,0,0,0,Tempelhof-Schöneberg,Accident with minor injuries,Collision with the vehicle in front/waiting vehicle,Collision involving vehicles going in the same way,Twilight,Dry
2975,192278,1,Wilhelmstraße,2019,2,17,6,3,1,5,1,1,1,0,0,0,0,0,Mitte,Accident with minor injuries,Collision with a moving/standing/parked vehicle,Accident involving parked vehicles,Twilight,Dry
2976,192279,3,Pankow Zentrum,2019,2,10,6,3,0,2,0,0,1,0,0,0,1,0,Pankow,Accident with minor injuries,Others,Turning accident,Daylight,Dry
2977,192280,2,Urbanstraße,2019,2,7,4,3,2,6,0,0,1,0,0,0,1,0,Friedrichshain - Kreuzberg,Accident with minor injuries,Collision with the vehicle in front/waiting vehicle,Collision involving vehicles going in the same way,Daylight,Dry
2978,192281,4,George-Grosz-Platz,2019,2,10,6,3,0,5,0,0,1,0,1,0,0,0,Charlottenburg - Wilmersdorf,Accident with minor injuries,Others,Accident involving parked vehicles,Daylight,Dry
2979,192282,4,Amtsgerichtsplatz,2019,2,9,6,2,1,5,0,1,1,0,0,0,1,0,Charlottenburg - Wilmersdorf,Accident with serious injuries,Collision with a moving/standing/parked vehicle,Accident involving parked vehicles,Daylight,Dry
2980,192283,4,Breitscheidplatz,2019,2,9,6,3,1,5,0,0,1,0,1,0,0,0,Charlottenburg - Wilmersdorf,Accident with minor injuries,Collision with a moving/standing/parked vehicle,Accident involving parked vehicles,Daylight,Dry
2981,192284,2,Lausitzer Platz,2019,2,19,5,3,1,5,2,1,1,0,0,0,0,0,Friedrichshain - Kreuzberg,Accident with minor injuries,Collision with a moving/standing/parked vehicle,Accident involving parked vehicles,Dark,Dry
2982,192285,6,Krumme Lanke,2019,2,7,6,3,5,2,1,1,1,0,0,0,0,1,Steglitz-Zehlendorf,Accident with minor injuries,Collision with a turning/crossing vehicle,Turning accident,Twilight,Wet/moist/slippery
2983,192286,1,Reinickendorfer Straße,2019,2,7,6,3,5,3,1,0,1,0,0,0,0,0,Mitte,Accident with minor injuries,Collision with a turning/crossing vehicle,Turning/Crossing accident,Twilight,Dry
2984,192287,8,Zittauer Straße,2019,2,7,6,3,5,3,1,0,1,0,0,0,0,0,Neukölln,Accident with minor injuries,Collision with a turning/crossing vehicle,Turning/Crossing accident,Twilight,Dry
2985,192288,1,Andreasviertel,2019,2,9,3,3,2,6,0,0,1,0,0,0,0,0,Mitte,Accident with minor injuries,Collision with the vehicle in front/waiting vehicle,Collision involving vehicles going in the same way,Daylight,Dry
2986,192289,2,Wassertorplatz,2019,2,7,6,3,5,3,1,1,1,0,0,0,0,1,Friedrichshain - Kreuzberg,Accident with minor injuries,Collision with a turning/crossing vehicle,Turning/Crossing accident,Twilight,Wet/moist/slippery
2987,192290,2,Graefekiez,2019,2,6,6,3,6,4,2,0,1,1,0,0,0,1,Friedrichshain - Kreuzberg,Accident with minor injuries,Collision between vehicle and pedestrian,Pedestrian crossing accident,Dark,Wet/moist/slippery
2988,192291,2,Askanischer Platz,2019,2,20,1,3,5,3,2,0,1,0,1,0,0,0,Friedrichshain - Kreuzberg,Accident with minor injuries,Collision with a turning/crossing vehicle,Turning/Crossing accident,Dark,Dry
2989,192292,1,Arkonaplatz,2019,2,12,4,3,6,4,0,1,0,1,0,0,0,0,Mitte,Accident with minor injuries,Collision between vehicle and pedestrian,Pedestrian crossing accident,Daylight,Dry
2990,192293,9,Bohnsdorf,2019,2,14,1,3,5,3,0,0,1,0,1,0,0,0,Treptow-Köpenick,Accident with minor injuries,Collision with a turning/crossing vehicle,Turning/Crossing accident,Daylight,Dry
2991,192294,12,Märkisches Zentrum,2019,2,13,1,3,6,4,0,0,1,1,0,0,0,0,Reinickendorf,Accident with minor injuries,Collision between vehicle and pedestrian,Pedestrian crossing accident,Daylight,Dry
2992,192295,12,Hermsdorf,2019,2,7,4,3,5,2,0,1,1,0,0,0,0,0,Reinickendorf,Accident with minor injuries,Collision with a turning/crossing vehicle,Turning accident,Daylight,Dry
2993,192296,3,Humannplatz,2019,2,12,1,3,5,3,0,0,1,0,0,0,0,0,Pankow,Accident with minor injuries,Collision with a turning/crossing vehicle,Turning/Crossing accident,Daylight,Dry
2994,192297,4,Halensee,2019,2,0,1,3,2,6,2,0,1,0,0,0,0,0,Charlottenburg - Wilmersdorf,Accident with minor injuries,Collision with the vehicle in front/waiting vehicle,Collision involving vehicles going in the same way,Dark,Dry
2995,192298,2,Rathaus Yorckstraße,2019,2,0,1,3,5,3,2,0,1,0,0,0,0,0,Friedrichshain - Kreuzberg,Accident with minor injuries,Collision with a turning/crossing vehicle,Turning/Crossing accident,Dark,Dry
2996,192299,1,Leipziger Straße,2019,2,22,4,3,5,3,2,0,1,0,0,0,0,0,Mitte,Accident with minor injuries,Collision with a turning/crossing vehicle,Turning/Crossing accident,Dark,Dry
2997,192300,2,Reichenberger Straße,2019,2,5,7,3,5,3,1,0,1,0,0,0,0,0,Friedrichshain - Kreuzberg,Accident with minor injuries,Collision with a turning/crossing vehicle,Turning/Crossing accident,Twilight,Dry
2998,192301,10,Biesdorf Süd,2019,2,13,7,3,6,4,0,0,1,1,0,0,0,0,Marzahn-Hellersdorf,Accident with minor injuries,Collision between vehicle and pedestrian,Pedestrian crossing accident,Daylight,Dry
2999,192302,10,Wuhletalstraße,2019,2,19,7,2,6,4,2,0,0,1,0,0,1,0,Marzahn-Hellersdorf,Accident with serious injuries,Collision between vehicle and pedestrian,Pedestrian crossing accident,Dark,Dry
3000,192303,2,Lausitzer Platz,2019,2,20,7,3,5,3,2,1,1,0,0,0,0,0,Friedrichshain - Kreuzberg,Accident with minor injuries,Collision with a turning/crossing vehicle,Turning/Crossing accident,Dark,Dry
3001,192304,11,Dorf Falkenberg,2019,2,20,7,3,2,6,2,0,1,0,0,0,0,0,Lichtenberg,Accident with minor injuries,Collision with the vehicle in front/waiting vehicle,Collision involving vehicles going in the same way,Dark,Dry
3002,192305,12,Borsigwalde,2019,2,19,7,3,5,2,2,0,1,0,0,0,0,0,Reinickendorf,Accident with minor injuries,Collision with a turning/crossing vehicle,Turning accident,Dark,Dry
3003,192306,4,Flinsberger Platz,2019,2,19,7,3,3,6,2,0,1,0,0,0,0,0,Charlottenburg - Wilmersdorf,Accident with minor injuries,Collision with a vehicle traveling laterally in the same direction,Collision involving vehicles going in the same way,Dark,Dry
3004,192307,5,Carl-Schurz-Straße,2019,2,21,7,2,0,1,2,0,1,0,0,0,0,0,Spandau,Accident with serious injuries,Others,Driving accident,Dark,Dry
3005,192308,4,Leon-Jessel-Platz,2019,2,8,7,3,1,5,0,1,1,0,0,0,0,0,Charlottenburg - Wilmersdorf,Accident with minor injuries,Collision with a moving/standing/parked vehicle,Accident involving parked vehicles,Daylight,Dry
3006,192309,6,Goerzwerke,2019,2,20,4,3,1,5,2,0,1,0,0,0,0,0,Steglitz-Zehlendorf,Accident with minor injuries,Collision with a moving/standing/parked vehicle,Accident involving parked vehicles,Dark,Dry
3007,192310,5,Hakenfelde Nord,2019,2,13,7,3,0,7,0,0,1,0,0,0,0,0,Spandau,Accident with minor injuries,Others,Others,Daylight,Dry
3008,192311,4,Amtsgerichtsplatz,2019,2,20,4,3,5,3,2,1,1,0,0,0,0,0,Charlottenburg - Wilmersdorf,Accident with minor injuries,Collision with a turning/crossing vehicle,Turning/Crossing accident,Dark,Dry
3009,192312,3,Kollwitzplatz,2019,2,12,7,3,2,6,0,0,1,0,0,0,0,0,Pankow,Accident with minor injuries,Collision with the vehicle in front/waiting vehicle,Collision involving vehicles going in the same way,Daylight,Dry
3010,192313,7,Hundsteinweg,2019,2,12,7,2,6,4,0,0,1,1,0,0,0,0,Tempelhof-Schöneberg,Accident with serious injuries,Collision between vehicle and pedestrian,Pedestrian crossing accident,Daylight,Dry
3011,192314,11,Mühlengrund,2019,2,12,7,3,6,4,0,1,0,1,0,0,0,0,Lichtenberg,Accident with minor injuries,Collision between vehicle and pedestrian,Pedestrian crossing accident,Daylight,Dry
3012,192315,4,Hagenplatz,2019,2,19,4,3,3,6,2,0,1,0,0,0,0,0,Charlottenburg - Wilmersdorf,Accident with minor injuries,Collision with a vehicle traveling laterally in the same direction,Collision involving vehicles going in the same way,Dark,Dry
3013,192316,4,Amtsgerichtsplatz,2019,2,11,7,3,0,1,0,0,0,0,1,0,0,0,Charlottenburg - Wilmersdorf,Accident with minor injuries,Others,Driving accident,Daylight,Dry
3014,192317,9,Baumschulenstraße,2019,2,11,7,3,5,2,0,1,1,0,0,0,0,0,Treptow-Köpenick,Accident with minor injuries,Collision with a turning/crossing vehicle,Turning accident,Daylight,Dry
3015,192318,4,Messegelände,2019,2,11,7,3,5,2,0,1,1,0,0,0,0,0,Charlottenburg - Wilmersdorf,Accident with minor injuries,Collision with a turning/crossing vehicle,Turning accident,Daylight,Dry
3016,192319,12,Alt-Tegel,2019,2,19,4,2,6,4,2,0,1,1,0,0,0,0,Reinickendorf,Accident with serious injuries,Collision between vehicle and pedestrian,Pedestrian crossing accident,Dark,Dry
3017,192320,10,Marzahner Chaussee,2019,2,10,7,3,2,6,0,0,1,0,0,0,0,0,Marzahn-Hellersdorf,Accident with minor injuries,Collision with the vehicle in front/waiting vehicle,Collision involving vehicles going in the same way,Daylight,Dry
3018,192321,2,Lausitzer Platz,2019,2,1,7,3,1,5,2,1,1,0,0,0,0,0,Friedrichshain - Kreuzberg,Accident with minor injuries,Collision with a moving/standing/parked vehicle,Accident involving parked vehicles,Dark,Dry
3019,192322,1,Wilhelmstraße,2019,2,19,4,3,5,2,2,1,0,0,0,0,1,0,Mitte,Accident with minor injuries,Collision with a turning/crossing vehicle,Turning accident,Dark,Dry
3020,192323,9,Elsenstraße,2019,2,3,7,2,5,3,2,0,1,0,0,0,0,0,Treptow-Köpenick,Accident with serious injuries,Collision with a turning/crossing vehicle,Turning/Crossing accident,Dark,Dry
3021,192324,5,Ackerstraße,2019,2,9,7,3,5,2,0,0,1,0,0,0,0,0,Spandau,Accident with minor injuries,Collision with a turning/crossing vehicle,Turning accident,Daylight,Dry
3022,192325,12,Treuenbrietzener Straße,2019,2,10,7,3,6,7,0,0,1,1,0,0,0,0,Reinickendorf,Accident with minor injuries,Collision between vehicle and pedestrian,Others,Daylight,Dry
3023,192326,8,Vogelviertel Süd,2019,2,19,4,3,6,2,2,0,1,1,0,0,0,0,Neukölln,Accident with minor injuries,Collision between vehicle and pedestrian,Turning accident,Dark,Dry
3024,192327,1,Emdener Straße,2019,2,10,7,3,2,6,0,0,1,0,0,0,0,0,Mitte,Accident with minor injuries,Collision with the vehicle in front/waiting vehicle,Collision involving vehicles going in the same way,Daylight,Dry
3025,192328,11,Victoriastadt,2019,2,19,5,2,0,1,2,1,0,0,0,0,0,0,Lichtenberg,Accident with serious injuries,Others,Driving accident,Dark,Dry
3026,192329,1,Alexanderplatzviertel,2019,2,19,7,3,2,6,2,0,1,0,0,0,0,0,Mitte,Accident with minor injuries,Collision with the vehicle in front/waiting vehicle,Collision involving vehicles going in the same way,Dark,Dry
3027,192330,12,Borsigwalde,2019,2,17,7,3,5,3,1,0,1,0,0,0,1,0,Reinickendorf,Accident with minor injuries,Collision with a turning/crossing vehicle,Turning/Crossing accident,Twilight,Dry
3028,192331,4,Karl-August-Platz,2019,2,18,4,3,1,5,1,1,1,0,0,0,0,0,Charlottenburg - Wilmersdorf,Accident with minor injuries,Collision with a moving/standing/parked vehicle,Accident involving parked vehicles,Twilight,Dry
3029,192332,1,Charitéviertel,2019,2,10,5,3,1,5,0,1,1,0,0,0,0,0,Mitte,Accident with minor injuries,Collision with a moving/standing/parked vehicle,Accident involving parked vehicles,Daylight,Dry
3030,192333,3,Erich-Weinert-Straße,2019,2,17,7,3,2,6,2,0,1,0,0,0,0,0,Pankow,Accident with minor injuries,Collision with the vehicle in front/waiting vehicle,Collision involving vehicles going in the same way,Dark,Dry
3031,192334,1,Charitéviertel,2019,2,16,7,3,5,3,0,1,1,0,0,0,0,0,Mitte,Accident with minor injuries,Collision with a turning/crossing vehicle,Turning/Crossing accident,Daylight,Dry
3032,192335,7,Marienfelde Nordost,2019,2,18,4,3,5,3,2,0,1,0,0,0,0,0,Tempelhof-Schöneberg,Accident with minor injuries,Collision with a turning/crossing vehicle,Turning/Crossing accident,Dark,Dry
3033,192336,3,Komponistenviertel Weißensee,2019,2,15,7,3,5,3,0,0,1,0,0,0,0,0,Pankow,Accident with minor injuries,Collision with a turning/crossing vehicle,Turning/Crossing accident,Daylight,Dry
3034,192337,1,Alexanderplatzviertel,2019,2,13,7,3,6,7,0,0,1,1,0,0,0,0,Mitte,Accident with minor injuries,Collision between vehicle and pedestrian,Others,Daylight,Dry
3035,192338,3,Kollwitzplatz,2019,2,17,4,3,2,7,1,1,1,0,0,0,0,0,Pankow,Accident with minor injuries,Collision with the vehicle in front/waiting vehicle,Others,Twilight,Dry
3036,192339,12,Breitkopfbecken,2019,2,13,7,2,6,7,0,0,0,1,0,0,1,0,Reinickendorf,Accident with serious injuries,Collision between vehicle and pedestrian,Others,Daylight,Dry
3037,192340,4,Preußenpark,2019,2,9,6,3,0,5,0,0,1,0,1,0,0,0,Charlottenburg - Wilmersdorf,Accident with minor injuries,Others,Accident involving parked vehicles,Daylight,Dry
3038,192341,3,Eldenaer Straße,2019,2,18,4,3,5,3,1,1,0,0,0,0,0,0,Pankow,Accident with minor injuries,Collision with a turning/crossing vehicle,Turning/Crossing accident,Twilight,Dry
3039,192342,6,Lichterfelde Süd,2019,2,18,6,3,3,2,2,1,1,0,0,0,0,1,Steglitz-Zehlendorf,Accident with minor injuries,Collision with a vehicle traveling laterally in the same direction,Turning accident,Dark,Wet/moist/slippery
3040,192343,3,Arnimplatz,2019,2,13,4,3,5,2,0,1,1,0,0,0,0,0,Pankow,Accident with minor injuries,Collision with a turning/crossing vehicle,Turning accident,Daylight,Dry
3041,192344,6,Bergstraße,2019,2,14,6,3,2,6,0,0,1,0,0,0,0,0,Steglitz-Zehlendorf,Accident with minor injuries,Collision with the vehicle in front/waiting vehicle,Collision involving vehicles going in the same way,Daylight,Dry
3042,192345,6,Zehlendorf Süd,2019,2,8,6,3,2,6,0,0,1,0,0,0,1,0,Steglitz-Zehlendorf,Accident with minor injuries,Collision with the vehicle in front/waiting vehicle,Collision involving vehicles going in the same way,Daylight,Dry
3043,192346,4,Rathaus Wilmersdorf,2019,2,17,4,3,5,2,0,1,1,0,0,0,0,0,Charlottenburg - Wilmersdorf,Accident with minor injuries,Collision with a turning/crossing vehicle,Turning accident,Daylight,Dry
3044,192347,4,Halensee,2019,2,21,6,3,5,2,2,1,1,0,0,0,0,0,Charlottenburg - Wilmersdorf,Accident with minor injuries,Collision with a turning/crossing vehicle,Turning accident,Dark,Dry
3045,192348,11,Zingster Straße West,2019,2,13,6,3,6,4,0,0,1,1,0,0,0,0,Lichtenberg,Accident with minor injuries,Collision between vehicle and pedestrian,Pedestrian crossing accident,Daylight,Dry
3046,192349,1,Sparrplatz,2019,2,12,6,3,5,2,0,1,0,0,0,1,0,0,Mitte,Accident with minor injuries,Collision with a turning/crossing vehicle,Turning accident,Daylight,Dry
3047,192350,1,Gesundbrunnen,2019,2,16,4,3,2,6,1,0,1,0,0,0,1,0,Mitte,Accident with minor injuries,Collision with the vehicle in front/waiting vehicle,Collision involving vehicles going in the same way,Twilight,Dry
3048,192351,2,Friedenstraße,2019,2,13,6,3,6,2,0,0,1,1,0,0,0,0,Friedrichshain - Kreuzberg,Accident with minor injuries,Collision between vehicle and pedestrian,Turning accident,Daylight,Dry
3049,192352,5,Carl-Schurz-Straße,2019,2,13,6,3,6,4,0,0,1,1,0,0,0,0,Spandau,Accident with minor injuries,Collision between vehicle and pedestrian,Pedestrian crossing accident,Daylight,Dry
3050,192353,1,Reinickendorfer Straße,2019,2,14,6,3,2,2,0,1,1,0,0,0,0,0,Mitte,Accident with minor injuries,Collision with the vehicle in front/waiting vehicle,Turning accident,Daylight,Dry
3051,192354,6,Berlepschstraße,2019,2,17,4,3,2,6,2,1,1,0,0,0,0,0,Steglitz-Zehlendorf,Accident with minor injuries,Collision with the vehicle in front/waiting vehicle,Collision involving vehicles going in the same way,Dark,Dry
3052,192355,3,Kollwitzplatz,2019,2,13,6,3,0,3,0,1,0,0,1,0,0,0,Pankow,Accident with minor injuries,Others,Turning/Crossing accident,Daylight,Dry
3053,192356,3,Bucher Forst,2019,2,14,6,3,2,6,0,0,1,0,0,0,0,0,Pankow,Accident with minor injuries,Collision with the vehicle in front/waiting vehicle,Collision involving vehicles going in the same way,Daylight,Dry
3054,192357,2,Friedenstraße,2019,2,14,6,3,1,5,0,1,1,0,0,0,0,0,Friedrichshain - Kreuzberg,Accident with minor injuries,Collision with a moving/standing/parked vehicle,Accident involving parked vehicles,Daylight,Dry
3055,192358,8,Buckow Mitte,2019,2,16,4,3,1,5,0,0,1,0,0,0,0,0,Neukölln,Accident with minor injuries,Collision with a moving/standing/parked vehicle,Accident involving parked vehicles,Daylight,Dry
3056,192359,9,Oberschöneweide West,2019,2,14,6,3,6,4,0,0,1,1,0,0,0,0,Treptow-Köpenick,Accident with minor injuries,Collision between vehicle and pedestrian,Pedestrian crossing accident,Daylight,Dry
3057,192360,9,Adlershof West,2019,2,10,4,3,2,6,0,0,1,0,0,0,0,0,Treptow-Köpenick,Accident with minor injuries,Collision with the vehicle in front/waiting vehicle,Collision involving vehicles going in the same way,Daylight,Dry
3058,192361,2,Friedenstraße,2019,2,7,6,3,6,7,0,0,1,1,0,0,0,0,Friedrichshain - Kreuzberg,Accident with minor injuries,Collision between vehicle and pedestrian,Others,Daylight,Dry
3059,192362,2,Wriezener Bahnhof/Entwicklungsgebiet,2019,2,15,6,3,5,3,0,1,1,0,0,0,0,0,Friedrichshain - Kreuzberg,Accident with minor injuries,Collision with a turning/crossing vehicle,Turning/Crossing accident,Daylight,Dry
3060,192363,1,Humboldthain Süd,2019,2,15,4,3,5,3,0,0,1,0,0,0,0,0,Mitte,Accident with minor injuries,Collision with a turning/crossing vehicle,Turning/Crossing accident,Daylight,Dry
3061,192364,2,Chamissokiez,2019,2,12,6,3,5,7,0,1,1,0,0,0,0,0,Friedrichshain - Kreuzberg,Accident with minor injuries,Collision with a turning/crossing vehicle,Others,Daylight,Dry
3062,192365,7,Friedenau,2019,2,5,6,3,0,5,2,0,0,0,0,0,1,0,Tempelhof-Schöneberg,Accident with minor injuries,Others,Accident involving parked vehicles,Dark,Dry
3063,192366,1,Leipziger Straße,2019,2,16,6,3,5,3,0,0,1,0,0,0,0,0,Mitte,Accident with minor injuries,Collision with a turning/crossing vehicle,Turning/Crossing accident,Daylight,Dry
3064,192367,4,George-Grosz-Platz,2019,2,15,4,3,1,5,0,1,1,0,0,0,0,0,Charlottenburg - Wilmersdorf,Accident with minor injuries,Collision with a moving/standing/parked vehicle,Accident involving parked vehicles,Daylight,Dry
3065,192368,2,Reichenberger Straße,2019,2,11,6,3,5,5,0,0,1,0,1,0,0,0,Friedrichshain - Kreuzberg,Accident with minor injuries,Collision with a turning/crossing vehicle,Accident involving parked vehicles,Daylight,Dry
3066,192369,2,Wriezener Bahnhof/Entwicklungsgebiet,2019,2,16,6,3,1,5,0,1,1,0,0,0,1,0,Friedrichshain - Kreuzberg,Accident with minor injuries,Collision with a moving/standing/parked vehicle,Accident involving parked vehicles,Daylight,Dry
3067,192370,3,Gustav-Adolf-Straße,2019,2,11,6,3,5,2,0,0,0,0,1,1,0,1,Pankow,Accident with minor injuries,Collision with a turning/crossing vehicle,Turning accident,Daylight,Wet/moist/slippery
3068,192371,11,Malchower Weg,2019,2,16,6,3,2,7,0,0,1,0,0,0,0,0,Lichtenberg,Accident with minor injuries,Collision with the vehicle in front/waiting vehicle,Others,Daylight,Dry
3069,192372,8,Alt-Rudow,2019,2,15,4,2,6,4,0,0,1,1,0,0,0,0,Neukölln,Accident with serious injuries,Collision between vehicle and pedestrian,Pedestrian crossing accident,Daylight,Dry
3070,192373,4,Tegeler Weg,2019,2,11,6,3,2,6,0,0,0,0,0,1,1,0,Charlottenburg - Wilmersdorf,Accident with minor injuries,Collision with the vehicle in front/waiting vehicle,Collision involving vehicles going in the same way,Daylight,Dry
3071,192374,4,Preußenpark,2019,2,10,6,3,5,3,0,0,1,0,0,0,0,0,Charlottenburg - Wilmersdorf,Accident with minor injuries,Collision with a turning/crossing vehicle,Turning/Crossing accident,Daylight,Dry
3072,192375,1,Oranienburger Straße,2019,2,18,6,3,1,5,1,1,1,0,0,0,0,0,Mitte,Accident with minor injuries,Collision with a moving/standing/parked vehicle,Accident involving parked vehicles,Twilight,Dry
3073,192376,5,Borkumer Straße,2019,2,7,4,3,0,2,0,1,1,0,0,0,0,0,Spandau,Accident with minor injuries,Others,Turning accident,Daylight,Dry
3074,192377,3,Falkplatz,2019,2,14,6,3,5,2,0,1,1,0,0,0,0,0,Pankow,Accident with minor injuries,Collision with a turning/crossing vehicle,Turning accident,Daylight,Dry
3075,192378,3,Falkplatz,2019,2,19,6,3,2,6,2,0,1,0,1,0,0,0,Pankow,Accident with minor injuries,Collision with the vehicle in front/waiting vehicle,Collision involving vehicles going in the same way,Dark,Dry
3076,192379,4,Droysenstraße,2019,2,5,4,3,6,4,2,0,1,1,0,0,0,0,Charlottenburg - Wilmersdorf,Accident with minor injuries,Collision between vehicle and pedestrian,Pedestrian crossing accident,Dark,Dry
3077,192380,11,Rüdigerstraße,2019,2,10,6,3,5,2,0,1,1,0,0,0,0,0,Lichtenberg,Accident with minor injuries,Collision with a turning/crossing vehicle,Turning accident,Daylight,Dry
3078,192381,4,Ludwigkirchplatz,2019,2,19,6,3,6,7,2,0,1,1,0,0,0,0,Charlottenburg - Wilmersdorf,Accident with minor injuries,Collision between vehicle and pedestrian,Others,Dark,Dry
3079,192382,2,Traveplatz,2019,2,20,6,3,5,3,2,1,1,0,0,0,0,0,Friedrichshain - Kreuzberg,Accident with minor injuries,Collision with a turning/crossing vehicle,Turning/Crossing accident,Dark,Dry
3080,192383,5,Carl-Schurz-Straße,2019,2,7,3,3,2,6,0,0,1,0,0,0,0,0,Spandau,Accident with minor injuries,Collision with the vehicle in front/waiting vehicle,Collision involving vehicles going in the same way,Daylight,Dry
3081,192384,7,Nahariyastraße,2019,2,20,6,3,6,4,2,1,0,1,0,0,0,0,Tempelhof-Schöneberg,Accident with minor injuries,Collision between vehicle and pedestrian,Pedestrian crossing accident,Dark,Dry
3082,192385,4,Eisenzahnstraße,2019,2,21,6,3,5,2,2,0,1,0,0,0,0,0,Charlottenburg - Wilmersdorf,Accident with minor injuries,Collision with a turning/crossing vehicle,Turning accident,Dark,Dry
3083,192386,10,Mahlsdorf Nord,2019,2,11,6,2,5,3,0,1,1,0,0,0,0,0,Marzahn-Hellersdorf,Accident with serious injuries,Collision with a turning/crossing vehicle,Turning/Crossing accident,Daylight,Dry
3084,192387,5,Kurstraße,2019,2,13,3,3,5,3,0,0,1,0,0,0,0,0,Spandau,Accident with minor injuries,Collision with a turning/crossing vehicle,Turning/Crossing accident,Daylight,Dry
3085,192388,1,Sparrplatz,2019,2,9,6,3,2,6,0,0,1,0,0,0,1,0,Mitte,Accident with minor injuries,Collision with the vehicle in front/waiting vehicle,Collision involving vehicles going in the same way,Daylight,Dry
3086,192389,8,Buckow Mitte,2019,2,14,6,3,5,2,0,0,1,0,0,0,1,0,Neukölln,Accident with minor injuries,Collision with a turning/crossing vehicle,Turning accident,Daylight,Dry
3087,192390,10,Ringkolonnaden,2019,2,7,3,3,5,3,0,0,1,0,0,0,1,0,Marzahn-Hellersdorf,Accident with minor injuries,Collision with a turning/crossing vehicle,Turning/Crossing accident,Daylight,Dry
3088,192391,12,Waldidyll/Flughafensee,2019,2,16,6,2,3,6,0,1,1,0,0,0,0,0,Reinickendorf,Accident with serious injuries,Collision with a vehicle traveling laterally in the same direction,Collision involving vehicles going in the same way,Daylight,Dry
3089,192392,6,Alt-Lankwitz,2019,2,20,6,3,0,1,2,0,0,0,1,0,0,0,Steglitz-Zehlendorf,Accident with minor injuries,Others,Driving accident,Dark,Dry
3090,192393,9,Dammvorstadt,2019,2,16,6,2,0,1,0,0,0,0,1,0,0,0,Treptow-Köpenick,Accident with serious injuries,Others,Driving accident,Daylight,Dry
3091,192394,12,Waldidyll/Flughafensee,2019,2,12,3,3,6,4,0,0,1,1,0,0,0,0,Reinickendorf,Accident with minor injuries,Collision between vehicle and pedestrian,Pedestrian crossing accident,Daylight,Dry
3092,192395,7,Bayerischer Platz,2019,2,16,5,3,3,6,0,0,1,0,0,0,0,0,Tempelhof-Schöneberg,Accident with minor injuries,Collision with a vehicle traveling laterally in the same direction,Collision involving vehicles going in the same way,Daylight,Dry