,object id,district,street,year,month,hour of day,weekday,category,accident type,accident type 2,light situation,bike involved,car involved,pedestrian involved,motor bike involved,big track involved,other vehicle involved,road condition,district name,category name,accident detail,accident type detail,light condition,road condition detail
3093,192396,7,Marienhöhe,2019,2,15,5,3,5,2,0,0,1,0,0,0,1,0,Tempelhof-Schöneberg,Accident with minor injuries,Collision with a turning/crossing vehicle,Turning accident,Daylight,Dry
3094,192397,7,Bayerischer Platz,2019,2,18,5,2,6,2,2,0,1,1,0,0,0,1,Tempelhof-Schöneberg,Accident with serious injuries,Collision between vehicle and pedestrian,Turning accident,Dark,Wet/moist/slippery
3095,192398,7,John-Locke-Straße,2019,2,15,3,3,5,3,0,0,1,0,0,0,0,0,Tempelhof-Schöneberg,Accident with minor injuries,Collision with a turning/crossing vehicle,Turning/Crossing accident,Daylight,Dry
3096,192399,8,Hertzbergplatz,2019,2,16,5,3,1,5,0,0,1,0,0,0,0,1,Neukölln,Accident with minor injuries,Collision with a moving/standing/parked vehicle,Accident involving parked vehicles,Daylight,Wet/moist/slippery
3097,192400,8,Reuterkiez,2019,2,20,5,3,6,2,2,0,1,1,0,0,0,0,Neukölln,Accident with minor injuries,Collision between vehicle and pedestrian,Turning accident,Dark,Dry
3098,192401,7,Friedenau,2019,2,11,5,3,2,6,0,0,1,0,0,0,0,1,Tempelhof-Schöneberg,Accident with minor injuries,Collision with the vehicle in front/waiting vehicle,Collision involving vehicles going in the same way,Daylight,Wet/moist/slippery
3099,192402,4,Breite Straße,2019,2,21,5,3,6,2,2,0,1,1,0,0,0,1,Charlottenburg - Wilmersdorf,Accident with minor injuries,Collision between vehicle and pedestrian,Turning accident,Dark,Wet/moist/slippery
3100,192403,10,Mahlsdorf Süd,2019,2,12,3,3,5,3,0,0,1,0,0,0,0,0,Marzahn-Hellersdorf,Accident with minor injuries,Collision with a turning/crossing vehicle,Turning/Crossing accident,Daylight,Dry
3101,192404,1,Nördlicher Landwehrkanal,2019,2,19,5,2,5,2,2,0,1,0,1,0,0,1,Mitte,Accident with serious injuries,Collision with a turning/crossing vehicle,Turning accident,Dark,Wet/moist/slippery
3102,192405,2,Oranienplatz,2019,2,19,5,3,6,2,2,0,1,1,0,0,0,1,Friedrichshain - Kreuzberg,Accident with minor injuries,Collision between vehicle and pedestrian,Turning accident,Dark,Wet/moist/slippery
3103,192406,2,Lausitzer Platz,2019,2,9,3,3,3,6,0,1,0,0,0,1,0,0,Friedrichshain - Kreuzberg,Accident with minor injuries,Collision with a vehicle traveling laterally in the same direction,Collision involving vehicles going in the same way,Daylight,Dry
3104,192407,1,Wittenbergplatz/Viktoria-Luise-Platz,2019,2,19,5,3,5,3,2,1,1,0,0,0,0,1,Mitte,Accident with minor injuries,Collision with a turning/crossing vehicle,Turning/Crossing accident,Dark,Wet/moist/slippery
3105,192408,8,Reuterkiez,2019,2,19,5,3,5,2,2,0,0,0,1,0,1,1,Neukölln,Accident with minor injuries,Collision with a turning/crossing vehicle,Turning accident,Dark,Wet/moist/slippery
3106,192409,2,Wriezener Bahnhof/Entwicklungsgebiet,2019,2,9,3,3,5,2,0,1,1,0,0,0,0,0,Friedrichshain - Kreuzberg,Accident with minor injuries,Collision with a turning/crossing vehicle,Turning accident,Daylight,Dry
3107,192410,10,Mahlsdorf Nord,2019,2,19,5,2,6,2,2,0,1,1,0,0,0,1,Marzahn-Hellersdorf,Accident with serious injuries,Collision between vehicle and pedestrian,Turning accident,Dark,Wet/moist/slippery
3108,192411,4,Reichsstraße,2019,2,13,4,3,6,2,0,0,1,1,0,0,0,0,Charlottenburg - Wilmersdorf,Accident with minor injuries,Collision between vehicle and pedestrian,Turning accident,Daylight,Dry
3109,192412,7,Hundsteinweg,2019,2,18,5,3,5,2,1,0,1,0,1,0,0,1,Tempelhof-Schöneberg,Accident with minor injuries,Collision with a turning/crossing vehicle,Turning accident,Twilight,Wet/moist/slippery
3110,192413,5,Gartenfelder Straße,2019,2,17,5,3,5,7,2,0,1,0,1,0,0,1,Spandau,Accident with minor injuries,Collision with a turning/crossing vehicle,Others,Dark,Wet/moist/slippery
3111,192414,1,Körnerstraße,2019,2,8,3,3,5,2,0,1,1,0,0,0,0,0,Mitte,Accident with minor injuries,Collision with a turning/crossing vehicle,Turning accident,Daylight,Dry
3112,192415,3,Erich-Weinert-Straße,2019,2,17,5,3,5,3,2,1,1,0,0,0,0,1,Pankow,Accident with minor injuries,Collision with a turning/crossing vehicle,Turning/Crossing accident,Dark,Wet/moist/slippery
3113,192416,1,Leipziger Straße,2019,2,15,4,3,2,6,0,0,1,0,0,0,0,0,Mitte,Accident with minor injuries,Collision with the vehicle in front/waiting vehicle,Collision involving vehicles going in the same way,Daylight,Dry
3114,192417,4,Droysenstraße,2019,2,16,5,3,5,7,0,0,1,0,0,0,0,1,Charlottenburg - Wilmersdorf,Accident with minor injuries,Collision with a turning/crossing vehicle,Others,Daylight,Wet/moist/slippery
3115,192418,12,Alt-Tegel,2019,2,16,5,3,0,2,0,1,1,0,0,0,0,1,Reinickendorf,Accident with minor injuries,Others,Turning accident,Daylight,Wet/moist/slippery
3116,192419,9,Johannisthal Ost,2019,2,6,3,3,3,6,0,0,1,0,0,0,0,0,Treptow-Köpenick,Accident with minor injuries,Collision with a vehicle traveling laterally in the same direction,Collision involving vehicles going in the same way,Daylight,Dry
3117,192420,6,Zehlendorf Mitte,2019,2,10,5,3,0,7,0,0,1,0,0,0,0,1,Steglitz-Zehlendorf,Accident with minor injuries,Others,Others,Daylight,Wet/moist/slippery
3118,192421,11,Rummelsburg,2019,2,8,5,3,2,2,0,0,1,0,0,0,0,1,Lichtenberg,Accident with minor injuries,Collision with the vehicle in front/waiting vehicle,Turning accident,Daylight,Wet/moist/slippery
3119,192422,8,Handwerker-Siedlung,2019,2,8,5,3,5,2,0,0,1,0,0,0,1,1,Neukölln,Accident with minor injuries,Collision with a turning/crossing vehicle,Turning accident,Daylight,Wet/moist/slippery
3120,192423,11,Hauptstraße,2019,2,18,3,3,1,1,2,0,1,0,0,0,0,0,Lichtenberg,Accident with minor injuries,Collision with a moving/standing/parked vehicle,Driving accident,Dark,Dry
3121,192424,1,Unter den Linden Nord,2019,2,8,5,3,6,7,0,0,1,1,0,0,0,1,Mitte,Accident with minor injuries,Collision between vehicle and pedestrian,Others,Daylight,Wet/moist/slippery
3122,192425,10,Oberfeldstraße,2019,2,7,5,3,5,2,0,0,1,0,0,0,1,0,Marzahn-Hellersdorf,Accident with minor injuries,Collision with a turning/crossing vehicle,Turning accident,Daylight,Dry
3123,192426,1,Brunnenstraße,2019,2,6,5,3,6,2,0,0,1,1,0,0,0,1,Mitte,Accident with minor injuries,Collision between vehicle and pedestrian,Turning accident,Daylight,Wet/moist/slippery
3124,192427,6,Augustaplatz,2019,2,8,4,3,5,7,0,0,1,0,0,0,0,0,Steglitz-Zehlendorf,Accident with minor injuries,Collision with a turning/crossing vehicle,Others,Daylight,Dry
3125,192428,9,Köllnische Vorstadt,2019,2,6,5,2,5,2,0,1,1,0,0,0,0,1,Treptow-Köpenick,Accident with serious injuries,Collision with a turning/crossing vehicle,Turning accident,Daylight,Wet/moist/slippery
3126,192429,1,Gesundbrunnen,2019,2,1,5,3,1,1,2,0,1,0,0,0,0,0,Mitte,Accident with minor injuries,Collision with a moving/standing/parked vehicle,Driving accident,Dark,Dry
3127,192430,3,Buch,2019,2,5,3,3,2,6,2,0,1,0,0,0,0,0,Pankow,Accident with minor injuries,Collision with the vehicle in front/waiting vehicle,Collision involving vehicles going in the same way,Dark,Dry
3128,192431,4,Paul-Hertz-Siedlung,2019,2,6,5,3,5,2,1,0,1,0,1,0,0,1,Charlottenburg - Wilmersdorf,Accident with minor injuries,Collision with a turning/crossing vehicle,Turning accident,Twilight,Wet/moist/slippery
3129,192432,1,Humboldthain Süd,2019,2,13,5,3,5,3,0,0,1,0,0,0,0,0,Mitte,Accident with minor injuries,Collision with a turning/crossing vehicle,Turning/Crossing accident,Daylight,Dry
3130,192433,2,Richard-Sorge-Viertel,2019,2,12,5,3,5,3,0,0,1,0,1,0,0,1,Friedrichshain - Kreuzberg,Accident with minor injuries,Collision with a turning/crossing vehicle,Turning/Crossing accident,Daylight,Wet/moist/slippery
3131,192434,1,Unter den Linden Nord,2019,2,12,5,3,2,6,0,0,1,0,0,0,0,0,Mitte,Accident with minor injuries,Collision with the vehicle in front/waiting vehicle,Collision involving vehicles going in the same way,Daylight,Dry
3132,192435,4,Angerburger Allee,2019,2,0,3,3,5,3,2,0,1,0,0,0,0,0,Charlottenburg - Wilmersdorf,Accident with minor injuries,Collision with a turning/crossing vehicle,Turning/Crossing accident,Dark,Dry
3133,192436,10,Marzahner Chaussee,2019,2,12,5,3,6,4,0,0,1,1,0,0,0,1,Marzahn-Hellersdorf,Accident with minor injuries,Collision between vehicle and pedestrian,Pedestrian crossing accident,Daylight,Wet/moist/slippery
3134,192437,5,Freiheit,2019,2,11,5,2,2,6,0,0,1,0,0,0,1,0,Spandau,Accident with serious injuries,Collision with the vehicle in front/waiting vehicle,Collision involving vehicles going in the same way,Daylight,Dry
3135,192438,8,Buckow Mitte,2019,2,11,5,2,6,2,0,0,0,1,0,0,1,1,Neukölln,Accident with serious injuries,Collision between vehicle and pedestrian,Turning accident,Daylight,Wet/moist/slippery
3136,192439,5,Motardstraße,2019,2,16,3,2,5,2,0,0,1,0,0,0,0,0,Spandau,Accident with serious injuries,Collision with a turning/crossing vehicle,Turning accident,Daylight,Dry
3137,192440,7,Marienhöhe,2019,2,9,5,3,0,6,0,1,1,0,0,0,0,0,Tempelhof-Schöneberg,Accident with minor injuries,Others,Collision involving vehicles going in the same way,Daylight,Dry
3138,192441,3,Heinersdorf,2019,2,11,5,2,6,3,0,0,1,1,0,0,0,0,Pankow,Accident with serious injuries,Collision between vehicle and pedestrian,Turning/Crossing accident,Daylight,Dry
3139,192442,7,Grazer Platz,2019,2,10,5,3,5,3,0,0,1,0,0,0,0,1,Tempelhof-Schöneberg,Accident with minor injuries,Collision with a turning/crossing vehicle,Turning/Crossing accident,Daylight,Wet/moist/slippery
3140,192443,1,Oranienburger Straße,2019,2,18,4,3,3,6,2,1,0,0,0,0,0,0,Mitte,Accident with minor injuries,Collision with a vehicle traveling laterally in the same direction,Collision involving vehicles going in the same way,Dark,Dry
3141,192444,10,Oberfeldstraße,2019,2,14,4,3,2,6,0,0,1,0,0,0,0,0,Marzahn-Hellersdorf,Accident with minor injuries,Collision with the vehicle in front/waiting vehicle,Collision involving vehicles going in the same way,Daylight,Dry
3142,192445,12,Borsigwalde,2019,2,8,4,3,0,6,0,0,1,0,0,0,0,0,Reinickendorf,Accident with minor injuries,Others,Collision involving vehicles going in the same way,Daylight,Dry
3143,192446,1,Nördlicher Landwehrkanal,2019,2,17,4,3,0,3,0,1,1,0,0,0,0,0,Mitte,Accident with minor injuries,Others,Turning/Crossing accident,Daylight,Dry
3144,192447,11,Rosenfelder Ring,2019,2,16,3,3,2,2,0,1,1,0,0,0,1,0,Lichtenberg,Accident with minor injuries,Collision with the vehicle in front/waiting vehicle,Turning accident,Daylight,Dry
3145,192448,6,Südende,2019,2,8,4,3,6,4,0,0,1,1,0,0,0,0,Steglitz-Zehlendorf,Accident with minor injuries,Collision between vehicle and pedestrian,Pedestrian crossing accident,Daylight,Dry
3146,192449,3,Alt-Karow,2019,2,5,4,3,5,2,2,1,1,0,0,0,0,0,Pankow,Accident with minor injuries,Collision with a turning/crossing vehicle,Turning accident,Dark,Dry
3147,192450,3,Niederschönhausen,2019,2,7,4,3,5,3,0,0,1,0,0,0,0,0,Pankow,Accident with minor injuries,Collision with a turning/crossing vehicle,Turning/Crossing accident,Daylight,Dry
3148,192451,8,Buschkrugallee Nord,2019,2,11,3,2,0,1,0,0,0,0,1,0,0,0,Neukölln,Accident with serious injuries,Others,Driving accident,Daylight,Dry
3149,192452,7,Alt-Lichtenrade/Töpchiner Weg,2019,2,7,4,3,5,3,0,1,1,0,0,0,0,0,Tempelhof-Schöneberg,Accident with minor injuries,Collision with a turning/crossing vehicle,Turning/Crossing accident,Daylight,Dry
3150,192453,10,Rotes Viertel,2019,2,11,5,3,5,3,0,0,1,0,0,0,0,0,Marzahn-Hellersdorf,Accident with minor injuries,Collision with a turning/crossing vehicle,Turning/Crossing accident,Daylight,Dry
3151,192454,8,Hasenheide,2019,2,12,4,3,2,6,0,0,1,0,0,0,0,0,Neukölln,Accident with minor injuries,Collision with the vehicle in front/waiting vehicle,Collision involving vehicles going in the same way,Daylight,Dry
3152,192455,10,Weiße Taube,2019,2,13,4,3,0,3,0,0,1,0,0,0,1,0,Marzahn-Hellersdorf,Accident with minor injuries,Others,Turning/Crossing accident,Daylight,Dry
3153,192456,2,Urbanstraße,2019,2,16,3,3,3,6,0,1,1,0,0,0,0,0,Friedrichshain - Kreuzberg,Accident with minor injuries,Collision with a vehicle traveling laterally in the same direction,Collision involving vehicles going in the same way,Daylight,Dry
3154,192457,4,Droysenstraße,2019,2,10,4,3,6,2,0,0,1,1,0,0,0,0,Charlottenburg - Wilmersdorf,Accident with minor injuries,Collision between vehicle and pedestrian,Turning accident,Daylight,Dry
3155,192458,8,Schillerpromenade,2019,2,11,4,3,0,2,0,0,1,0,1,0,0,0,Neukölln,Accident with minor injuries,Others,Turning accident,Daylight,Dry
3156,192459,1,Emdener Straße,2019,2,11,4,3,1,5,0,1,1,0,0,0,0,0,Mitte,Accident with minor injuries,Collision with a moving/standing/parked vehicle,Accident involving parked vehicles,Daylight,Dry
3157,192460,5,Zitadellenweg,2019,2,14,4,3,5,3,0,0,1,0,0,0,0,0,Spandau,Accident with minor injuries,Collision with a turning/crossing vehicle,Turning/Crossing accident,Daylight,Dry
3158,192461,1,Karl-Marx-Allee,2019,2,18,2,2,0,7,2,0,0,0,1,0,0,0,Mitte,Accident with serious injuries,Others,Others,Dark,Dry
3159,192462,1,Thomasiusstraße,2019,2,11,4,3,6,3,0,0,1,1,0,0,0,0,Mitte,Accident with minor injuries,Collision between vehicle and pedestrian,Turning/Crossing accident,Daylight,Dry
3160,192463,1,Thomasiusstraße,2019,2,13,4,3,5,2,0,1,1,0,0,0,0,0,Mitte,Accident with minor injuries,Collision with a turning/crossing vehicle,Turning accident,Daylight,Dry
3161,192464,8,Bouchéstraße,2019,2,14,2,3,1,5,0,0,1,0,0,0,0,0,Neukölln,Accident with minor injuries,Collision with a moving/standing/parked vehicle,Accident involving parked vehicles,Daylight,Dry
3162,192465,2,Lausitzer Platz,2019,2,14,4,3,3,6,0,1,1,0,0,0,0,0,Friedrichshain - Kreuzberg,Accident with minor injuries,Collision with a vehicle traveling laterally in the same direction,Collision involving vehicles going in the same way,Daylight,Dry
3163,192466,4,Breitscheidplatz,2019,2,15,4,3,5,2,0,0,1,0,0,0,0,0,Charlottenburg - Wilmersdorf,Accident with minor injuries,Collision with a turning/crossing vehicle,Turning accident,Daylight,Dry
3164,192467,4,Alt-Lietzow,2019,2,10,4,3,0,1,0,0,0,0,1,0,0,0,Charlottenburg - Wilmersdorf,Accident with minor injuries,Others,Driving accident,Daylight,Dry
3165,192468,1,Westhafen,2019,2,8,2,3,2,6,0,0,0,0,0,1,1,0,Mitte,Accident with minor injuries,Collision with the vehicle in front/waiting vehicle,Collision involving vehicles going in the same way,Daylight,Dry
3166,192469,5,Darbystraße,2019,2,16,4,2,5,3,0,0,1,0,0,0,0,0,Spandau,Accident with serious injuries,Collision with a turning/crossing vehicle,Turning/Crossing accident,Daylight,Dry
3167,192470,7,Bayerischer Platz,2019,2,17,5,3,5,2,1,0,1,0,0,0,0,0,Tempelhof-Schöneberg,Accident with minor injuries,Collision with a turning/crossing vehicle,Turning accident,Twilight,Dry
3168,192471,3,Komponistenviertel Weißensee,2019,2,17,4,2,6,4,0,0,1,1,0,0,0,0,Pankow,Accident with serious injuries,Collision between vehicle and pedestrian,Pedestrian crossing accident,Daylight,Dry
3169,192472,8,Parchimer Allee,2019,2,17,4,3,2,6,1,0,1,0,0,0,0,0,Neukölln,Accident with minor injuries,Collision with the vehicle in front/waiting vehicle,Collision involving vehicles going in the same way,Twilight,Dry
3170,192473,10,Springpfuhl,2019,2,7,2,3,0,7,0,1,0,0,0,0,0,0,Marzahn-Hellersdorf,Accident with minor injuries,Others,Others,Daylight,Dry
3171,192474,3,Erich-Weinert-Straße,2019,2,18,4,2,6,4,1,0,1,1,0,0,0,0,Pankow,Accident with serious injuries,Collision between vehicle and pedestrian,Pedestrian crossing accident,Twilight,Dry
3172,192475,2,Rathaus Yorckstraße,2019,2,12,3,3,5,2,0,0,1,0,0,0,0,0,Friedrichshain - Kreuzberg,Accident with minor injuries,Collision with a turning/crossing vehicle,Turning accident,Daylight,Dry
3173,192476,6,Markelstraße,2019,2,18,2,3,5,2,2,1,0,0,0,0,1,0,Steglitz-Zehlendorf,Accident with minor injuries,Collision with a turning/crossing vehicle,Turning accident,Dark,Dry
3174,192477,3,Märchenland,2019,2,17,2,3,1,5,1,1,0,0,0,1,0,0,Pankow,Accident with minor injuries,Collision with a moving/standing/parked vehicle,Accident involving parked vehicles,Twilight,Dry
3175,192478,4,Karl-August-Platz,2019,2,8,3,3,0,4,0,1,0,1,0,0,0,0,Charlottenburg - Wilmersdorf,Accident with minor injuries,Others,Pedestrian crossing accident,Daylight,Dry
3176,192479,1,Unter den Linden Nord,2019,2,10,3,3,5,7,0,0,1,0,0,0,0,0,Mitte,Accident with minor injuries,Collision with a turning/crossing vehicle,Others,Daylight,Dry
3177,192480,3,Pankow Zentrum,2019,2,17,2,2,6,4,0,0,1,1,0,0,0,0,Pankow,Accident with serious injuries,Collision between vehicle and pedestrian,Pedestrian crossing accident,Daylight,Dry
3178,192481,4,Hindemithplatz,2019,2,16,3,3,1,5,0,1,1,0,0,0,0,0,Charlottenburg - Wilmersdorf,Accident with minor injuries,Collision with a moving/standing/parked vehicle,Accident involving parked vehicles,Daylight,Dry
3179,192482,5,Gütersloher Weg,2019,2,15,3,3,5,7,0,0,1,0,1,0,0,0,Spandau,Accident with minor injuries,Collision with a turning/crossing vehicle,Others,Daylight,Dry
3180,192483,6,Zehlendorf Mitte,2019,2,16,2,3,0,2,0,1,0,0,0,0,1,0,Steglitz-Zehlendorf,Accident with minor injuries,Others,Turning accident,Daylight,Dry
3181,192484,3,Gustav-Adolf-Straße,2019,2,14,3,3,4,7,0,0,1,0,0,0,0,0,Pankow,Accident with minor injuries,Collision with oncoming vehicle,Others,Daylight,Dry
3182,192485,2,Graefekiez,2019,2,12,4,3,2,6,0,0,1,0,0,0,0,0,Friedrichshain - Kreuzberg,Accident with minor injuries,Collision with the vehicle in front/waiting vehicle,Collision involving vehicles going in the same way,Daylight,Dry
3183,192486,12,Waldidyll/Flughafensee,2019,2,12,3,3,5,3,0,0,1,0,0,0,1,0,Reinickendorf,Accident with minor injuries,Collision with a turning/crossing vehicle,Turning/Crossing accident,Daylight,Dry
3184,192487,12,Wittenau Süd,2019,2,11,3,3,5,3,0,0,1,0,0,0,1,0,Reinickendorf,Accident with minor injuries,Collision with a turning/crossing vehicle,Turning/Crossing accident,Daylight,Dry
3185,192488,2,Chamissokiez,2019,2,16,2,3,5,3,0,0,1,0,0,0,0,0,Friedrichshain - Kreuzberg,Accident with minor injuries,Collision with a turning/crossing vehicle,Turning/Crossing accident,Daylight,Dry
3186,192489,6,Lankwitz Kirche,2019,2,10,3,3,2,6,0,0,1,0,0,0,0,0,Steglitz-Zehlendorf,Accident with minor injuries,Collision with the vehicle in front/waiting vehicle,Collision involving vehicles going in the same way,Daylight,Dry
3187,192490,11,Mühlengrund,2019,2,9,3,3,2,4,0,0,1,1,1,0,0,0,Lichtenberg,Accident with minor injuries,Collision with the vehicle in front/waiting vehicle,Pedestrian crossing accident,Daylight,Dry
3188,192491,9,Wendenschloß,2019,2,9,3,3,0,1,0,1,0,0,0,0,0,0,Treptow-Köpenick,Accident with minor injuries,Others,Driving accident,Daylight,Dry
3189,192492,12,Waldidyll/Flughafensee,2019,2,16,2,3,5,3,0,0,1,0,1,0,0,0,Reinickendorf,Accident with minor injuries,Collision with a turning/crossing vehicle,Turning/Crossing accident,Daylight,Dry
3190,192493,2,Traveplatz,2019,2,8,3,3,5,7,0,1,1,0,0,0,0,0,Friedrichshain - Kreuzberg,Accident with minor injuries,Collision with a turning/crossing vehicle,Others,Daylight,Dry
3191,192494,1,Rehberge,2019,2,8,3,3,5,3,0,1,1,0,0,0,0,0,Mitte,Accident with minor injuries,Collision with a turning/crossing vehicle,Turning/Crossing accident,Daylight,Dry
3192,192495,1,Elberfelder Straße,2019,2,8,3,3,5,2,0,1,1,0,0,0,0,0,Mitte,Accident with minor injuries,Collision with a turning/crossing vehicle,Turning accident,Daylight,Dry
3193,192496,12,Waldidyll/Flughafensee,2019,2,7,3,3,6,4,0,1,0,1,0,0,0,0,Reinickendorf,Accident with minor injuries,Collision between vehicle and pedestrian,Pedestrian crossing accident,Daylight,Dry
3194,192497,1,Nördlicher Landwehrkanal,2019,2,22,3,3,0,7,2,1,0,0,0,0,0,0,Mitte,Accident with minor injuries,Others,Others,Dark,Dry
3195,192498,8,Silbersteinstraße,2019,2,20,3,3,6,4,2,0,1,1,0,0,0,1,Neukölln,Accident with minor injuries,Collision between vehicle and pedestrian,Pedestrian crossing accident,Dark,Wet/moist/slippery
3196,192499,8,Reuterkiez,2019,2,18,3,3,5,2,2,1,1,0,0,0,0,0,Neukölln,Accident with minor injuries,Collision with a turning/crossing vehicle,Turning accident,Dark,Dry
3197,192500,6,Krumme Lanke,2019,2,11,4,3,5,2,0,1,1,0,0,0,0,0,Steglitz-Zehlendorf,Accident with minor injuries,Collision with a turning/crossing vehicle,Turning accident,Daylight,Dry
3198,192501,12,Letteplatz,2019,2,17,3,3,3,6,2,1,1,0,0,0,0,0,Reinickendorf,Accident with minor injuries,Collision with a vehicle traveling laterally in the same direction,Collision involving vehicles going in the same way,Dark,Dry
3199,192502,1,Karl-Marx-Allee,2019,2,17,3,3,2,6,2,1,1,0,0,0,0,0,Mitte,Accident with minor injuries,Collision with the vehicle in front/waiting vehicle,Collision involving vehicles going in the same way,Dark,Dry
3200,192503,12,Konradshöhe/Tegelort,2019,2,15,2,3,0,7,0,0,0,0,0,0,1,0,Reinickendorf,Accident with minor injuries,Others,Others,Daylight,Dry
3201,192504,1,Huttenkiez,2019,2,17,3,3,6,4,1,0,1,1,0,0,0,0,Mitte,Accident with minor injuries,Collision between vehicle and pedestrian,Pedestrian crossing accident,Twilight,Dry
3202,192505,9,Dorf Altglienicke,2019,2,14,2,3,5,2,0,0,1,0,0,0,0,0,Treptow-Köpenick,Accident with minor injuries,Collision with a turning/crossing vehicle,Turning accident,Daylight,Dry
3203,192506,8,Rollberg,2019,2,7,2,3,5,3,0,0,1,0,0,0,0,0,Neukölln,Accident with minor injuries,Collision with a turning/crossing vehicle,Turning/Crossing accident,Daylight,Dry
3204,192507,6,Goerzwerke,2019,2,15,2,3,2,6,0,0,1,0,0,0,1,0,Steglitz-Zehlendorf,Accident with minor injuries,Collision with the vehicle in front/waiting vehicle,Collision involving vehicles going in the same way,Daylight,Dry
3205,192508,2,Wriezener Bahnhof/Entwicklungsgebiet,2019,2,19,2,3,1,5,2,1,1,0,0,0,1,0,Friedrichshain - Kreuzberg,Accident with minor injuries,Collision with a moving/standing/parked vehicle,Accident involving parked vehicles,Dark,Dry
3206,192509,9,Dammvorstadt,2019,2,13,2,2,6,4,0,1,0,1,0,0,0,0,Treptow-Köpenick,Accident with serious injuries,Collision between vehicle and pedestrian,Pedestrian crossing accident,Daylight,Dry
3207,192510,1,Lützowstraße,2019,2,21,2,3,5,3,2,1,1,0,0,0,0,0,Mitte,Accident with minor injuries,Collision with a turning/crossing vehicle,Turning/Crossing accident,Dark,Dry
3208,192511,2,Wassertorplatz,2019,2,19,2,3,3,6,2,0,1,0,1,0,0,0,Friedrichshain - Kreuzberg,Accident with minor injuries,Collision with a vehicle traveling laterally in the same direction,Collision involving vehicles going in the same way,Dark,Dry
3209,192512,9,Köllnische Vorstadt,2019,2,17,2,3,2,7,2,0,1,0,0,0,0,0,Treptow-Köpenick,Accident with minor injuries,Collision with the vehicle in front/waiting vehicle,Others,Dark,Dry
3210,192513,7,Barbarossaplatz,2019,2,17,2,3,6,4,1,1,0,1,0,0,0,0,Tempelhof-Schöneberg,Accident with minor injuries,Collision between vehicle and pedestrian,Pedestrian crossing accident,Twilight,Dry
3211,192514,2,Chamissokiez,2019,2,15,2,3,4,5,0,1,0,0,0,0,0,0,Friedrichshain - Kreuzberg,Accident with minor injuries,Collision with oncoming vehicle,Accident involving parked vehicles,Daylight,Dry
3212,192515,4,Breitscheidplatz,2019,2,17,2,2,0,6,0,0,1,0,0,0,1,0,Charlottenburg - Wilmersdorf,Accident with serious injuries,Others,Collision involving vehicles going in the same way,Daylight,Dry
3213,192516,8,Flughafenstraße,2019,2,17,2,3,6,4,0,0,1,1,0,0,0,0,Neukölln,Accident with minor injuries,Collision between vehicle and pedestrian,Pedestrian crossing accident,Daylight,Dry
3214,192517,2,Mehringplatz,2019,2,9,4,2,5,3,0,0,1,0,0,0,0,0,Friedrichshain - Kreuzberg,Accident with serious injuries,Collision with a turning/crossing vehicle,Turning/Crossing accident,Daylight,Dry
3215,192518,12,Letteplatz,2019,2,14,2,3,5,3,0,1,1,0,0,0,0,0,Reinickendorf,Accident with minor injuries,Collision with a turning/crossing vehicle,Turning/Crossing accident,Daylight,Dry
3216,192519,8,Weiße Siedlung,2019,2,14,2,3,5,3,0,0,1,0,0,0,0,0,Neukölln,Accident with minor injuries,Collision with a turning/crossing vehicle,Turning/Crossing accident,Daylight,Dry
3217,192520,10,Gut Hellersdorf,2019,2,14,2,3,2,6,0,0,1,0,0,0,0,0,Marzahn-Hellersdorf,Accident with minor injuries,Collision with the vehicle in front/waiting vehicle,Collision involving vehicles going in the same way,Daylight,Dry
3218,192521,11,Landsberger Allee,2019,2,12,2,3,5,3,0,1,0,0,0,0,1,0,Lichtenberg,Accident with minor injuries,Collision with a turning/crossing vehicle,Turning/Crossing accident,Daylight,Dry
3219,192522,10,Herzbergstraße,2019,2,11,2,3,3,6,0,0,1,0,0,0,0,0,Marzahn-Hellersdorf,Accident with minor injuries,Collision with a vehicle traveling laterally in the same direction,Collision involving vehicles going in the same way,Daylight,Dry
3220,192523,3,Herthaplatz,2019,2,11,2,3,0,5,0,1,1,0,0,0,0,0,Pankow,Accident with minor injuries,Others,Accident involving parked vehicles,Daylight,Dry
3221,192524,5,Amorbacher Weg,2019,2,14,2,3,3,6,0,1,1,0,0,0,0,0,Spandau,Accident with minor injuries,Collision with a vehicle traveling laterally in the same direction,Collision involving vehicles going in the same way,Daylight,Dry
3222,192525,9,Altstadt Kietz,2019,2,11,2,2,0,1,0,1,0,0,0,0,0,0,Treptow-Köpenick,Accident with serious injuries,Others,Driving accident,Daylight,Dry
3223,192526,1,Westliche Müllerstraße,2019,2,10,2,3,2,6,0,0,1,0,0,0,0,0,Mitte,Accident with minor injuries,Collision with the vehicle in front/waiting vehicle,Collision involving vehicles going in the same way,Daylight,Dry
3224,192527,4,Schloßstraße,2019,2,8,2,2,6,4,0,0,1,1,0,0,0,0,Charlottenburg - Wilmersdorf,Accident with serious injuries,Collision between vehicle and pedestrian,Pedestrian crossing accident,Daylight,Dry
3225,192528,8,Vogelviertel Süd,2019,2,13,2,3,1,1,0,0,1,0,0,0,1,0,Neukölln,Accident with minor injuries,Collision with a moving/standing/parked vehicle,Driving accident,Daylight,Dry
3226,192529,1,Invalidenstraße,2019,2,17,2,3,5,3,0,0,1,0,1,0,0,0,Mitte,Accident with minor injuries,Collision with a turning/crossing vehicle,Turning/Crossing accident,Daylight,Dry
3227,192530,7,Kaiser-Wilhelm-Platz,2019,2,16,2,3,5,2,0,1,0,0,0,0,0,0,Tempelhof-Schöneberg,Accident with minor injuries,Collision with a turning/crossing vehicle,Turning accident,Daylight,Dry