,object id,district,street,year,month,hour of day,weekday,category,accident type,accident type 2,light situation,bike involved,car involved,pedestrian involved,motor bike involved,big track involved,other vehicle involved,road condition,district name,category name,accident detail,accident type detail,light condition,road condition detail
3228,192531,11,Hauptstraße,2019,2,13,2,2,6,4,0,0,1,1,0,0,0,0,Lichtenberg,Accident with serious injuries,Collision between vehicle and pedestrian,Pedestrian crossing accident,Daylight,Dry
3229,192532,3,Buchholz,2019,2,16,2,3,5,2,0,1,1,0,0,0,0,0,Pankow,Accident with minor injuries,Collision with a turning/crossing vehicle,Turning accident,Daylight,Dry
3230,192533,6,Botanischer Garten,2019,2,16,2,3,5,2,0,0,1,0,0,0,0,0,Steglitz-Zehlendorf,Accident with minor injuries,Collision with a turning/crossing vehicle,Turning accident,Daylight,Dry
3231,192534,12,Mellerbogen,2019,2,13,2,3,2,6,0,0,1,0,1,0,0,0,Reinickendorf,Accident with minor injuries,Collision with the vehicle in front/waiting vehicle,Collision involving vehicles going in the same way,Daylight,Dry
3232,192535,1,Großer Tiergarten,2019,2,15,2,3,3,2,0,0,1,0,1,0,0,0,Mitte,Accident with minor injuries,Collision with a vehicle traveling laterally in the same direction,Turning accident,Daylight,Dry
3233,192536,4,Breite Straße,2019,2,15,5,2,5,3,0,0,1,0,0,0,0,0,Charlottenburg - Wilmersdorf,Accident with serious injuries,Collision with a turning/crossing vehicle,Turning/Crossing accident,Daylight,Dry
3234,192537,9,Oberschöneweide Ost,2019,2,14,2,3,5,3,0,1,1,0,0,0,0,0,Treptow-Köpenick,Accident with minor injuries,Collision with a turning/crossing vehicle,Turning/Crossing accident,Daylight,Dry
3235,192538,1,Elberfelder Straße,2019,2,14,2,3,5,5,0,0,1,0,1,0,0,0,Mitte,Accident with minor injuries,Collision with a turning/crossing vehicle,Accident involving parked vehicles,Daylight,Dry
3236,192539,9,Baumschulenstraße,2019,2,10,2,3,6,4,0,0,1,1,0,0,0,0,Treptow-Köpenick,Accident with minor injuries,Collision between vehicle and pedestrian,Pedestrian crossing accident,Daylight,Dry
3237,192540,3,Greifswalder Straße,2019,2,20,1,3,6,4,2,0,1,1,0,0,0,0,Pankow,Accident with minor injuries,Collision between vehicle and pedestrian,Pedestrian crossing accident,Dark,Dry
3238,192541,1,Nördlicher Landwehrkanal,2019,2,23,5,3,5,2,2,0,1,0,0,0,0,0,Mitte,Accident with minor injuries,Collision with a turning/crossing vehicle,Turning accident,Dark,Dry
3239,192542,7,Volkspark (Rudolf-Wilde-Park),2019,2,13,1,3,1,5,0,1,1,0,0,0,0,0,Tempelhof-Schöneberg,Accident with minor injuries,Collision with a moving/standing/parked vehicle,Accident involving parked vehicles,Daylight,Dry
3240,192543,8,Buckow West,2019,2,14,1,3,2,6,0,0,1,0,0,0,0,0,Neukölln,Accident with minor injuries,Collision with the vehicle in front/waiting vehicle,Collision involving vehicles going in the same way,Daylight,Dry
3241,192544,3,Herthaplatz,2019,2,10,2,3,3,6,0,0,1,0,0,1,0,0,Pankow,Accident with minor injuries,Collision with a vehicle traveling laterally in the same direction,Collision involving vehicles going in the same way,Daylight,Dry
3242,192545,9,Johannisthal Ost,2019,2,9,1,3,3,6,0,1,0,0,0,0,1,0,Treptow-Köpenick,Accident with minor injuries,Collision with a vehicle traveling laterally in the same direction,Collision involving vehicles going in the same way,Daylight,Dry
3243,192546,5,Carl-Schurz-Straße,2019,2,18,1,2,2,4,2,0,1,1,0,0,0,0,Spandau,Accident with serious injuries,Collision with the vehicle in front/waiting vehicle,Pedestrian crossing accident,Dark,Dry
3244,192547,11,Sewanstraße,2019,2,10,2,3,6,2,0,0,1,1,0,0,0,0,Lichtenberg,Accident with minor injuries,Collision between vehicle and pedestrian,Turning accident,Daylight,Dry
3245,192548,4,Rüdesheimer Platz,2019,2,16,1,3,1,5,0,1,1,0,0,0,0,0,Charlottenburg - Wilmersdorf,Accident with minor injuries,Collision with a moving/standing/parked vehicle,Accident involving parked vehicles,Daylight,Dry
3246,192549,2,Askanischer Platz,2019,2,21,1,2,6,2,2,0,1,1,0,0,0,0,Friedrichshain - Kreuzberg,Accident with serious injuries,Collision between vehicle and pedestrian,Turning accident,Dark,Dry
3247,192550,1,Unter den Linden Nord,2019,2,9,2,3,0,7,0,0,1,0,1,0,0,0,Mitte,Accident with minor injuries,Others,Others,Daylight,Dry
3248,192551,2,Friedenstraße,2019,2,21,1,2,5,2,2,0,1,0,1,0,0,0,Friedrichshain - Kreuzberg,Accident with serious injuries,Collision with a turning/crossing vehicle,Turning accident,Dark,Dry
3249,192552,11,Fennpfuhl West,2019,2,13,4,3,5,2,0,1,1,0,0,0,0,0,Lichtenberg,Accident with minor injuries,Collision with a turning/crossing vehicle,Turning accident,Daylight,Dry
3250,192553,1,Leipziger Straße,2019,2,17,1,3,5,2,1,1,1,0,0,0,0,0,Mitte,Accident with minor injuries,Collision with a turning/crossing vehicle,Turning accident,Twilight,Dry
3251,192554,9,Altstadt Kietz,2019,2,15,1,3,6,4,0,1,0,1,0,0,0,0,Treptow-Köpenick,Accident with minor injuries,Collision between vehicle and pedestrian,Pedestrian crossing accident,Daylight,Dry
3252,192555,4,Eisenzahnstraße,2019,2,9,2,3,5,7,0,0,1,0,0,0,1,0,Charlottenburg - Wilmersdorf,Accident with minor injuries,Collision with a turning/crossing vehicle,Others,Daylight,Dry
3253,192556,1,Gesundbrunnen,2019,2,15,1,3,6,2,0,0,1,1,0,0,0,0,Mitte,Accident with minor injuries,Collision between vehicle and pedestrian,Turning accident,Daylight,Dry
3254,192557,2,Wrangelkiez,2019,2,15,1,3,2,6,0,1,1,0,0,0,0,0,Friedrichshain - Kreuzberg,Accident with minor injuries,Collision with the vehicle in front/waiting vehicle,Collision involving vehicles going in the same way,Daylight,Dry
3255,192558,11,Fennpfuhl Ost,2019,2,14,1,3,5,3,0,0,1,0,0,0,0,0,Lichtenberg,Accident with minor injuries,Collision with a turning/crossing vehicle,Turning/Crossing accident,Daylight,Dry
3256,192559,12,Hermsdorf,2019,2,8,2,3,2,6,0,0,1,0,0,0,0,0,Reinickendorf,Accident with minor injuries,Collision with the vehicle in front/waiting vehicle,Collision involving vehicles going in the same way,Daylight,Dry
3257,192560,1,Sparrplatz,2019,2,14,1,3,2,1,0,1,1,0,0,0,0,0,Mitte,Accident with minor injuries,Collision with the vehicle in front/waiting vehicle,Driving accident,Daylight,Dry
3258,192561,4,Jungfernheide,2019,2,3,1,3,9,1,2,0,1,0,0,0,0,0,Charlottenburg - Wilmersdorf,Accident with minor injuries,Departure from the roadway to the left,Driving accident,Dark,Dry
3259,192562,2,Lausitzer Platz,2019,2,14,1,3,1,5,0,0,1,0,0,0,0,0,Friedrichshain - Kreuzberg,Accident with minor injuries,Collision with a moving/standing/parked vehicle,Accident involving parked vehicles,Daylight,Dry
3260,192563,1,Alexanderplatzviertel,2019,2,22,2,3,5,2,2,1,1,0,0,0,0,0,Mitte,Accident with minor injuries,Collision with a turning/crossing vehicle,Turning accident,Dark,Dry
3261,192564,1,Unter den Linden Nord,2019,2,18,1,2,5,2,2,1,1,0,0,0,0,0,Mitte,Accident with serious injuries,Collision with a turning/crossing vehicle,Turning accident,Dark,Dry
3262,192565,7,Volkspark (Rudolf-Wilde-Park),2019,2,21,1,2,5,2,2,0,1,0,0,0,1,0,Tempelhof-Schöneberg,Accident with serious injuries,Collision with a turning/crossing vehicle,Turning accident,Dark,Dry
3263,192566,10,Landsberger Tor,2019,2,15,1,2,5,2,0,0,1,0,0,0,0,0,Marzahn-Hellersdorf,Accident with serious injuries,Collision with a turning/crossing vehicle,Turning accident,Daylight,Dry
3264,192567,12,Letteplatz,2019,2,5,2,3,2,6,2,0,1,0,0,0,0,0,Reinickendorf,Accident with minor injuries,Collision with the vehicle in front/waiting vehicle,Collision involving vehicles going in the same way,Dark,Dry
3265,192568,2,Viktoriapark,2019,2,8,1,3,1,5,0,0,1,0,0,0,1,0,Friedrichshain - Kreuzberg,Accident with minor injuries,Collision with a moving/standing/parked vehicle,Accident involving parked vehicles,Daylight,Dry
3266,192569,6,Nikolassee,2019,2,8,4,3,5,3,0,1,1,0,0,0,0,0,Steglitz-Zehlendorf,Accident with minor injuries,Collision with a turning/crossing vehicle,Turning/Crossing accident,Daylight,Dry
3267,192570,11,Dorf Wartenberg,2019,2,10,7,3,5,2,0,0,1,0,1,0,0,0,Lichtenberg,Accident with minor injuries,Collision with a turning/crossing vehicle,Turning accident,Daylight,Dry
3268,192571,1,Lüneburger Straße,2019,2,2,7,3,6,4,2,0,1,1,0,0,0,0,Mitte,Accident with minor injuries,Collision between vehicle and pedestrian,Pedestrian crossing accident,Dark,Dry
3269,192572,9,Kietzer Feld/Nachtheide,2019,2,6,2,3,2,6,1,0,1,0,0,0,0,0,Treptow-Köpenick,Accident with minor injuries,Collision with the vehicle in front/waiting vehicle,Collision involving vehicles going in the same way,Twilight,Dry
3270,192573,4,Breitscheidplatz,2019,2,22,7,3,5,3,2,1,1,0,0,0,0,0,Charlottenburg - Wilmersdorf,Accident with minor injuries,Collision with a turning/crossing vehicle,Turning/Crossing accident,Dark,Dry
3271,192574,2,Oranienplatz,2019,2,21,7,3,3,6,2,1,1,0,0,0,0,0,Friedrichshain - Kreuzberg,Accident with minor injuries,Collision with a vehicle traveling laterally in the same direction,Collision involving vehicles going in the same way,Dark,Dry
3272,192575,4,Karl-August-Platz,2019,2,18,7,3,1,5,2,0,1,0,0,0,0,0,Charlottenburg - Wilmersdorf,Accident with minor injuries,Collision with a moving/standing/parked vehicle,Accident involving parked vehicles,Dark,Dry
3273,192576,12,Scharnweberstraße,2019,2,7,2,3,3,6,0,0,1,0,0,1,0,0,Reinickendorf,Accident with minor injuries,Collision with a vehicle traveling laterally in the same direction,Collision involving vehicles going in the same way,Daylight,Dry
3274,192577,10,Gut Hellersdorf,2019,2,17,7,3,5,3,1,0,1,0,0,0,1,0,Marzahn-Hellersdorf,Accident with minor injuries,Collision with a turning/crossing vehicle,Turning/Crossing accident,Twilight,Dry
3275,192578,7,Wittenbergplatz/Viktoria-Luise-Platz,2019,2,11,7,3,5,2,0,1,1,0,0,0,0,0,Tempelhof-Schöneberg,Accident with minor injuries,Collision with a turning/crossing vehicle,Turning accident,Daylight,Dry
3276,192579,3,Alt-Karow,2019,2,9,7,3,5,3,0,0,1,0,0,0,0,0,Pankow,Accident with minor injuries,Collision with a turning/crossing vehicle,Turning/Crossing accident,Daylight,Dry
3277,192580,5,Amorbacher Weg,2019,2,16,7,3,0,7,0,0,1,0,0,0,0,0,Spandau,Accident with minor injuries,Others,Others,Daylight,Dry
3278,192581,12,Scharnweberstraße,2019,2,20,2,3,1,5,2,0,1,0,0,0,0,0,Reinickendorf,Accident with minor injuries,Collision with a moving/standing/parked vehicle,Accident involving parked vehicles,Dark,Dry
3279,192582,4,Breitscheidplatz,2019,2,15,7,3,6,4,0,0,1,1,0,0,0,0,Charlottenburg - Wilmersdorf,Accident with minor injuries,Collision between vehicle and pedestrian,Pedestrian crossing accident,Daylight,Dry
3280,192583,8,Glasower Straße,2019,2,14,7,3,5,2,0,1,1,0,0,0,0,0,Neukölln,Accident with minor injuries,Collision with a turning/crossing vehicle,Turning accident,Daylight,Dry
3281,192584,2,Urbanstraße,2019,2,14,7,3,2,6,0,0,1,0,0,0,0,0,Friedrichshain - Kreuzberg,Accident with minor injuries,Collision with the vehicle in front/waiting vehicle,Collision involving vehicles going in the same way,Daylight,Dry
3282,192585,3,Hansastraße,2019,2,7,4,3,5,2,0,1,1,0,0,0,0,0,Pankow,Accident with minor injuries,Collision with a turning/crossing vehicle,Turning accident,Daylight,Dry
3283,192586,4,Eisenzahnstraße,2019,2,13,7,2,6,7,0,0,1,1,0,0,0,0,Charlottenburg - Wilmersdorf,Accident with serious injuries,Collision between vehicle and pedestrian,Others,Daylight,Dry
3284,192587,7,Neu-Tempelhof,2019,2,13,7,3,6,4,0,0,1,1,0,0,0,0,Tempelhof-Schöneberg,Accident with minor injuries,Collision between vehicle and pedestrian,Pedestrian crossing accident,Daylight,Dry
3285,192588,10,Springpfuhl,2019,2,19,2,3,6,7,2,0,1,1,0,0,0,0,Marzahn-Hellersdorf,Accident with minor injuries,Collision between vehicle and pedestrian,Others,Dark,Dry
3286,192589,7,Marienfelde Süd,2019,2,13,7,3,2,6,0,0,1,0,0,0,0,0,Tempelhof-Schöneberg,Accident with minor injuries,Collision with the vehicle in front/waiting vehicle,Collision involving vehicles going in the same way,Daylight,Dry
3287,192590,1,Unter den Linden Nord,2019,2,20,6,2,5,3,2,1,1,0,0,0,0,0,Mitte,Accident with serious injuries,Collision with a turning/crossing vehicle,Turning/Crossing accident,Dark,Dry
3288,192591,5,Carl-Schurz-Straße,2019,2,19,6,3,2,6,2,0,1,0,0,0,0,0,Spandau,Accident with minor injuries,Collision with the vehicle in front/waiting vehicle,Collision involving vehicles going in the same way,Dark,Dry
3289,192592,12,Hermsdorf,2019,2,7,2,3,1,5,0,1,1,0,0,0,0,0,Reinickendorf,Accident with minor injuries,Collision with a moving/standing/parked vehicle,Accident involving parked vehicles,Daylight,Dry
3290,192593,3,Humannplatz,2019,2,21,6,3,6,4,2,1,0,1,0,0,0,0,Pankow,Accident with minor injuries,Collision between vehicle and pedestrian,Pedestrian crossing accident,Dark,Dry
3291,192594,5,Eckschanze,2019,2,10,5,2,1,7,0,0,1,0,0,0,1,0,Spandau,Accident with serious injuries,Collision with a moving/standing/parked vehicle,Others,Daylight,Dry
3292,192595,4,Motardstraße,2019,2,20,6,3,2,6,2,0,1,0,1,0,0,0,Charlottenburg - Wilmersdorf,Accident with minor injuries,Collision with the vehicle in front/waiting vehicle,Collision involving vehicles going in the same way,Dark,Dry
3293,192596,12,Dannenwalder Weg,2019,2,18,6,3,2,6,2,0,1,0,0,0,0,0,Reinickendorf,Accident with minor injuries,Collision with the vehicle in front/waiting vehicle,Collision involving vehicles going in the same way,Dark,Dry
3294,192597,10,Buckower Ring,2019,2,21,2,2,9,1,2,0,0,0,1,0,0,0,Marzahn-Hellersdorf,Accident with serious injuries,Departure from the roadway to the left,Driving accident,Dark,Dry
3295,192598,9,Kietzer Feld/Nachtheide,2019,2,8,6,3,5,3,0,0,1,0,0,0,1,0,Treptow-Köpenick,Accident with minor injuries,Collision with a turning/crossing vehicle,Turning/Crossing accident,Daylight,Dry
3296,192599,4,Breitscheidplatz,2019,2,8,6,3,1,5,0,0,1,0,1,0,0,0,Charlottenburg - Wilmersdorf,Accident with minor injuries,Collision with a moving/standing/parked vehicle,Accident involving parked vehicles,Daylight,Dry
3297,192600,8,Treptower Straße Nord,2019,2,8,6,3,6,4,0,0,1,1,0,0,0,0,Neukölln,Accident with minor injuries,Collision between vehicle and pedestrian,Pedestrian crossing accident,Daylight,Dry
3298,192601,4,Prager Platz,2019,2,7,6,3,5,2,0,1,1,0,0,0,0,0,Charlottenburg - Wilmersdorf,Accident with minor injuries,Collision with a turning/crossing vehicle,Turning accident,Daylight,Dry
3299,192602,7,Ceciliengärten,2019,2,7,2,3,0,1,0,0,0,0,1,0,0,0,Tempelhof-Schöneberg,Accident with minor injuries,Others,Driving accident,Daylight,Dry
3300,192603,1,Elberfelder Straße,2019,2,15,6,2,6,2,0,0,1,1,0,0,0,0,Mitte,Accident with serious injuries,Collision between vehicle and pedestrian,Turning accident,Daylight,Dry
3301,192604,12,Teichstraße,2019,2,15,6,3,2,6,0,0,1,0,0,0,0,0,Reinickendorf,Accident with minor injuries,Collision with the vehicle in front/waiting vehicle,Collision involving vehicles going in the same way,Daylight,Dry
3302,192605,3,Niederschönhausen,2019,2,8,2,3,5,3,0,1,1,0,0,0,0,0,Pankow,Accident with minor injuries,Collision with a turning/crossing vehicle,Turning/Crossing accident,Daylight,Dry
3303,192606,1,Nördlicher Landwehrkanal,2019,2,15,6,3,1,5,0,1,1,0,0,0,0,0,Mitte,Accident with minor injuries,Collision with a moving/standing/parked vehicle,Accident involving parked vehicles,Daylight,Dry
3304,192607,9,Elsenstraße,2019,2,16,6,2,2,7,0,1,1,0,0,0,0,0,Treptow-Köpenick,Accident with serious injuries,Collision with the vehicle in front/waiting vehicle,Others,Daylight,Dry
3305,192608,1,Leopoldplatz,2019,2,7,6,2,2,7,0,1,0,0,0,0,0,0,Mitte,Accident with serious injuries,Collision with the vehicle in front/waiting vehicle,Others,Daylight,Dry
3306,192609,4,Plötzensee,2019,2,16,1,3,2,6,0,0,1,0,0,0,0,0,Charlottenburg - Wilmersdorf,Accident with minor injuries,Collision with the vehicle in front/waiting vehicle,Collision involving vehicles going in the same way,Daylight,Dry
3307,192610,10,Kaulsdorf Nord I,2019,2,7,6,3,3,6,0,0,1,0,0,1,0,0,Marzahn-Hellersdorf,Accident with minor injuries,Collision with a vehicle traveling laterally in the same direction,Collision involving vehicles going in the same way,Daylight,Dry
3308,192611,11,Orankesee,2019,2,18,5,3,2,6,1,0,1,0,0,0,0,0,Lichtenberg,Accident with minor injuries,Collision with the vehicle in front/waiting vehicle,Collision involving vehicles going in the same way,Twilight,Dry
3309,192612,8,Reuterkiez,2019,2,7,6,3,6,2,0,0,1,1,0,0,0,0,Neukölln,Accident with minor injuries,Collision between vehicle and pedestrian,Turning accident,Daylight,Dry
3310,192613,7,Eisenacher Straße,2019,2,7,6,3,5,3,1,1,1,0,0,0,0,0,Tempelhof-Schöneberg,Accident with minor injuries,Collision with a turning/crossing vehicle,Turning/Crossing accident,Twilight,Dry
3311,192614,7,Kettinger Straße/Schillerstraße,2019,2,16,1,3,0,7,0,0,0,1,0,0,1,0,Tempelhof-Schöneberg,Accident with minor injuries,Others,Others,Daylight,Dry
3312,192615,1,Wilhelmstraße,2019,2,6,6,3,2,6,0,0,1,0,0,0,0,0,Mitte,Accident with minor injuries,Collision with the vehicle in front/waiting vehicle,Collision involving vehicles going in the same way,Daylight,Dry
3313,192616,2,Viktoriapark,2019,2,5,6,2,5,2,2,1,1,0,0,0,0,0,Friedrichshain - Kreuzberg,Accident with serious injuries,Collision with a turning/crossing vehicle,Turning accident,Dark,Dry
3314,192617,9,Adlershof Ost,2019,2,16,1,3,2,6,0,0,1,0,0,0,0,0,Treptow-Köpenick,Accident with minor injuries,Collision with the vehicle in front/waiting vehicle,Collision involving vehicles going in the same way,Daylight,Dry
3315,192618,9,Oberschöneweide West,2019,2,5,6,2,3,6,2,0,1,0,0,1,0,0,Treptow-Köpenick,Accident with serious injuries,Collision with a vehicle traveling laterally in the same direction,Collision involving vehicles going in the same way,Dark,Dry
3316,192619,3,Gustav-Adolf-Straße,2019,2,16,6,3,6,4,0,0,1,1,0,0,0,0,Pankow,Accident with minor injuries,Collision between vehicle and pedestrian,Pedestrian crossing accident,Daylight,Dry
3317,192620,8,Vogelviertel Süd,2019,2,16,1,3,1,5,0,0,1,0,0,0,1,0,Neukölln,Accident with minor injuries,Collision with a moving/standing/parked vehicle,Accident involving parked vehicles,Daylight,Dry
3318,192621,3,Pankow Süd,2019,2,16,6,2,2,6,1,0,1,0,0,0,0,0,Pankow,Accident with serious injuries,Collision with the vehicle in front/waiting vehicle,Collision involving vehicles going in the same way,Twilight,Dry
3319,192622,8,Buckow Mitte,2019,2,17,6,3,1,1,1,0,1,0,0,0,1,0,Neukölln,Accident with minor injuries,Collision with a moving/standing/parked vehicle,Driving accident,Twilight,Dry
3320,192623,2,Rathaus Yorckstraße,2019,2,8,6,3,2,3,0,1,1,0,0,0,0,0,Friedrichshain - Kreuzberg,Accident with minor injuries,Collision with the vehicle in front/waiting vehicle,Turning/Crossing accident,Daylight,Dry
3321,192624,1,Alexanderplatzviertel,2019,2,16,1,3,5,7,0,0,1,0,0,0,0,0,Mitte,Accident with minor injuries,Collision with a turning/crossing vehicle,Others,Daylight,Dry
3322,192625,2,Urbanstraße,2019,2,8,6,3,5,2,0,1,1,0,0,0,0,0,Friedrichshain - Kreuzberg,Accident with minor injuries,Collision with a turning/crossing vehicle,Turning accident,Daylight,Dry
3323,192626,3,Humannplatz,2019,2,14,4,3,3,6,0,0,1,0,0,0,0,0,Pankow,Accident with minor injuries,Collision with a vehicle traveling laterally in the same direction,Collision involving vehicles going in the same way,Daylight,Dry
3324,192627,6,Botanischer Garten,2019,2,18,6,3,5,2,1,0,1,0,0,0,1,0,Steglitz-Zehlendorf,Accident with minor injuries,Collision with a turning/crossing vehicle,Turning accident,Twilight,Dry
3325,192628,3,Teutoburger Platz,2019,2,18,6,3,6,4,1,0,1,1,0,0,0,0,Pankow,Accident with minor injuries,Collision between vehicle and pedestrian,Pedestrian crossing accident,Twilight,Dry
3326,192629,4,Schaperstraße,2019,2,17,1,3,5,7,1,1,1,0,0,0,0,0,Charlottenburg - Wilmersdorf,Accident with minor injuries,Collision with a turning/crossing vehicle,Others,Twilight,Dry
3327,192630,9,Dammvorstadt,2019,2,9,6,3,3,6,0,1,0,0,0,0,0,0,Treptow-Köpenick,Accident with minor injuries,Collision with a vehicle traveling laterally in the same direction,Collision involving vehicles going in the same way,Daylight,Dry
3328,192631,8,Buschkrugallee Nord,2019,2,18,6,3,5,3,2,0,1,0,0,0,0,0,Neukölln,Accident with minor injuries,Collision with a turning/crossing vehicle,Turning/Crossing accident,Dark,Dry
3329,192632,5,Gartenfelder Straße,2019,2,15,6,3,5,2,0,1,1,0,0,0,0,0,Spandau,Accident with minor injuries,Collision with a turning/crossing vehicle,Turning accident,Daylight,Dry
3330,192633,4,Paul-Hertz-Siedlung,2019,2,17,1,3,2,7,2,0,1,0,0,1,0,0,Charlottenburg - Wilmersdorf,Accident with minor injuries,Collision with the vehicle in front/waiting vehicle,Others,Dark,Dry
3331,192634,11,Rüdigerstraße,2019,2,10,6,3,5,3,0,0,1,0,0,0,0,0,Lichtenberg,Accident with minor injuries,Collision with a turning/crossing vehicle,Turning/Crossing accident,Daylight,Dry
3332,192635,4,Alt-Lietzow,2019,2,7,4,3,6,4,0,0,1,1,0,0,0,0,Charlottenburg - Wilmersdorf,Accident with minor injuries,Collision between vehicle and pedestrian,Pedestrian crossing accident,Daylight,Dry
3333,192636,2,Viktoriapark,2019,3,23,2,3,5,3,2,0,1,0,0,0,0,1,Friedrichshain - Kreuzberg,Accident with minor injuries,Collision with a turning/crossing vehicle,Turning/Crossing accident,Dark,Wet/moist/slippery
3334,192637,9,Köllnische Vorstadt,2019,3,17,5,3,6,2,0,0,1,1,0,0,0,1,Treptow-Köpenick,Accident with minor injuries,Collision between vehicle and pedestrian,Turning accident,Daylight,Wet/moist/slippery
3335,192638,7,Bayerischer Platz,2019,3,8,2,3,5,2,0,0,1,0,0,0,0,1,Tempelhof-Schöneberg,Accident with minor injuries,Collision with a turning/crossing vehicle,Turning accident,Daylight,Wet/moist/slippery
3336,192639,12,Breitkopfbecken,2019,3,22,2,3,9,1,2,0,1,0,0,0,0,1,Reinickendorf,Accident with minor injuries,Departure from the roadway to the left,Driving accident,Dark,Wet/moist/slippery
3337,192640,6,Nikolassee,2019,3,16,5,2,5,3,0,1,1,0,0,0,0,1,Steglitz-Zehlendorf,Accident with serious injuries,Collision with a turning/crossing vehicle,Turning/Crossing accident,Daylight,Wet/moist/slippery
3338,192641,4,Breitscheidplatz,2019,3,8,2,3,1,5,0,1,1,0,0,0,1,1,Charlottenburg - Wilmersdorf,Accident with minor injuries,Collision with a moving/standing/parked vehicle,Accident involving parked vehicles,Daylight,Wet/moist/slippery
3339,192642,3,Komponistenviertel Weißensee,2019,3,5,1,3,1,1,2,0,1,0,0,0,0,0,Pankow,Accident with minor injuries,Collision with a moving/standing/parked vehicle,Driving accident,Dark,Dry
3340,192643,11,Orankesee,2019,3,5,1,3,2,6,2,0,1,0,0,0,0,0,Lichtenberg,Accident with minor injuries,Collision with the vehicle in front/waiting vehicle,Collision involving vehicles going in the same way,Dark,Dry
3341,192644,12,Ziekowstraße/Freie Scholle,2019,3,16,5,3,5,3,1,1,1,0,0,0,0,1,Reinickendorf,Accident with minor injuries,Collision with a turning/crossing vehicle,Turning/Crossing accident,Twilight,Wet/moist/slippery
3342,192645,9,Elsenstraße,2019,3,20,1,3,6,2,2,0,1,1,0,0,0,1,Treptow-Köpenick,Accident with minor injuries,Collision between vehicle and pedestrian,Turning accident,Dark,Wet/moist/slippery
3343,192646,2,Viktoriapark,2019,3,19,5,3,5,3,2,1,1,0,0,0,0,1,Friedrichshain - Kreuzberg,Accident with minor injuries,Collision with a turning/crossing vehicle,Turning/Crossing accident,Dark,Wet/moist/slippery
3344,192647,7,Nollendorfplatz,2019,3,19,1,3,5,2,2,1,1,0,0,0,0,1,Tempelhof-Schöneberg,Accident with minor injuries,Collision with a turning/crossing vehicle,Turning accident,Dark,Wet/moist/slippery
3345,192648,2,Stralauer Kiez,2019,3,20,1,3,5,2,2,1,1,0,0,0,0,1,Friedrichshain - Kreuzberg,Accident with minor injuries,Collision with a turning/crossing vehicle,Turning accident,Dark,Wet/moist/slippery
3346,192649,11,Sewanstraße,2019,3,18,1,3,6,2,1,0,1,1,0,0,0,1,Lichtenberg,Accident with minor injuries,Collision between vehicle and pedestrian,Turning accident,Twilight,Wet/moist/slippery
3347,192650,2,Graefekiez,2019,3,20,1,2,5,7,2,0,1,0,0,0,0,1,Friedrichshain - Kreuzberg,Accident with serious injuries,Collision with a turning/crossing vehicle,Others,Dark,Wet/moist/slippery
3348,192651,12,Scharnweberstraße,2019,3,19,1,3,5,3,2,0,1,0,0,0,0,1,Reinickendorf,Accident with minor injuries,Collision with a turning/crossing vehicle,Turning/Crossing accident,Dark,Wet/moist/slippery
3349,192652,10,Gut Hellersdorf,2019,3,18,1,2,6,2,2,0,1,1,0,0,0,1,Marzahn-Hellersdorf,Accident with serious injuries,Collision between vehicle and pedestrian,Turning accident,Dark,Wet/moist/slippery
3350,192653,4,Savignyplatz,2019,3,18,1,3,6,2,2,0,1,1,0,0,0,1,Charlottenburg - Wilmersdorf,Accident with minor injuries,Collision between vehicle and pedestrian,Turning accident,Dark,Wet/moist/slippery
3351,192654,5,Hakenfelde Nord,2019,3,8,1,2,9,1,0,0,1,0,0,0,0,1,Spandau,Accident with serious injuries,Departure from the roadway to the left,Driving accident,Daylight,Wet/moist/slippery
3352,192655,1,Leipziger Straße,2019,3,16,5,3,5,2,0,1,0,0,0,0,1,1,Mitte,Accident with minor injuries,Collision with a turning/crossing vehicle,Turning accident,Daylight,Wet/moist/slippery
3353,192656,8,Rixdorf,2019,3,17,1,3,2,6,1,0,1,0,0,0,0,1,Neukölln,Accident with minor injuries,Collision with the vehicle in front/waiting vehicle,Collision involving vehicles going in the same way,Twilight,Wet/moist/slippery
3354,192657,10,Biesdorf Süd,2019,3,16,5,3,5,3,0,1,1,0,0,0,0,1,Marzahn-Hellersdorf,Accident with minor injuries,Collision with a turning/crossing vehicle,Turning/Crossing accident,Daylight,Wet/moist/slippery
3355,192658,1,Humboldthain Süd,2019,3,14,1,3,0,1,0,0,0,0,1,0,0,1,Mitte,Accident with minor injuries,Others,Driving accident,Daylight,Wet/moist/slippery
3356,192659,6,Lankwitz Süd,2019,3,14,1,3,5,7,0,0,1,0,0,0,0,1,Steglitz-Zehlendorf,Accident with minor injuries,Collision with a turning/crossing vehicle,Others,Daylight,Wet/moist/slippery
3357,192660,7,Nollendorfplatz,2019,3,12,1,3,2,6,0,0,1,0,0,0,0,1,Tempelhof-Schöneberg,Accident with minor injuries,Collision with the vehicle in front/waiting vehicle,Collision involving vehicles going in the same way,Daylight,Wet/moist/slippery
3358,192661,11,Fennpfuhl West,2019,3,15,5,3,5,2,0,1,1,0,0,0,0,1,Lichtenberg,Accident with minor injuries,Collision with a turning/crossing vehicle,Turning accident,Daylight,Wet/moist/slippery