,object id,district,street,year,month,hour of day,weekday,category,accident type,accident type 2,light situation,bike involved,car involved,pedestrian involved,motor bike involved,big track involved,other vehicle involved,road condition,district name,category name,accident detail,accident type detail,light condition,road condition detail
3359,192662,1,Lüneburger Straße,2019,3,12,1,3,5,2,0,1,1,0,0,0,0,1,Mitte,Accident with minor injuries,Collision with a turning/crossing vehicle,Turning accident,Daylight,Wet/moist/slippery
3360,192663,1,Großer Tiergarten,2019,3,19,5,3,5,3,2,0,1,0,1,0,0,1,Mitte,Accident with minor injuries,Collision with a turning/crossing vehicle,Turning/Crossing accident,Dark,Wet/moist/slippery
3361,192664,12,Letteplatz,2019,3,12,1,3,5,2,0,0,1,0,0,0,0,1,Reinickendorf,Accident with minor injuries,Collision with a turning/crossing vehicle,Turning accident,Daylight,Wet/moist/slippery
3362,192665,8,Körnerpark,2019,3,20,7,3,5,3,2,1,1,0,0,0,0,1,Neukölln,Accident with minor injuries,Collision with a turning/crossing vehicle,Turning/Crossing accident,Dark,Wet/moist/slippery
3363,192666,3,Niederschönhausen,2019,3,15,5,3,5,3,0,0,1,0,0,0,0,1,Pankow,Accident with minor injuries,Collision with a turning/crossing vehicle,Turning/Crossing accident,Daylight,Wet/moist/slippery
3364,192667,3,Bucher Forst,2019,3,14,7,2,5,2,0,0,1,0,0,0,0,1,Pankow,Accident with serious injuries,Collision with a turning/crossing vehicle,Turning accident,Daylight,Wet/moist/slippery
3365,192668,5,Carl-Schurz-Straße,2019,3,15,7,3,0,6,0,0,1,0,1,0,0,1,Spandau,Accident with minor injuries,Others,Collision involving vehicles going in the same way,Daylight,Wet/moist/slippery
3366,192669,12,Waldidyll/Flughafensee,2019,3,20,5,3,6,4,2,0,0,1,1,0,0,1,Reinickendorf,Accident with minor injuries,Collision between vehicle and pedestrian,Pedestrian crossing accident,Dark,Wet/moist/slippery
3367,192670,5,Freiheit,2019,3,8,7,2,1,5,0,0,1,0,1,0,0,1,Spandau,Accident with serious injuries,Collision with a moving/standing/parked vehicle,Accident involving parked vehicles,Daylight,Wet/moist/slippery
3368,192671,8,Vogelviertel Süd,2019,3,16,7,3,5,3,0,0,1,0,0,0,0,1,Neukölln,Accident with minor injuries,Collision with a turning/crossing vehicle,Turning/Crossing accident,Daylight,Wet/moist/slippery
3369,192672,12,Ziekowstraße/Freie Scholle,2019,3,17,7,3,6,4,1,0,1,1,0,0,0,0,Reinickendorf,Accident with minor injuries,Collision between vehicle and pedestrian,Pedestrian crossing accident,Twilight,Dry
3370,192673,4,Droysenstraße,2019,3,20,5,3,5,2,2,1,1,0,0,0,0,1,Charlottenburg - Wilmersdorf,Accident with minor injuries,Collision with a turning/crossing vehicle,Turning accident,Dark,Wet/moist/slippery
3371,192674,7,Marienfelde Süd,2019,3,17,7,3,5,7,1,0,1,0,0,0,0,1,Tempelhof-Schöneberg,Accident with minor injuries,Collision with a turning/crossing vehicle,Others,Twilight,Wet/moist/slippery
3372,192675,5,Ackerstraße,2019,3,20,5,2,5,7,2,0,1,0,0,0,0,1,Spandau,Accident with serious injuries,Collision with a turning/crossing vehicle,Others,Dark,Wet/moist/slippery
3373,192676,12,Breitkopfbecken,2019,3,19,7,3,6,2,2,0,1,1,0,0,0,1,Reinickendorf,Accident with minor injuries,Collision between vehicle and pedestrian,Turning accident,Dark,Wet/moist/slippery
3374,192677,7,Manteuffelstraße,2019,3,13,7,3,2,7,0,0,1,0,0,0,0,0,Tempelhof-Schöneberg,Accident with minor injuries,Collision with the vehicle in front/waiting vehicle,Others,Daylight,Dry
3375,192678,4,Droysenstraße,2019,3,22,5,3,6,2,2,0,1,1,0,0,0,1,Charlottenburg - Wilmersdorf,Accident with minor injuries,Collision between vehicle and pedestrian,Turning accident,Dark,Wet/moist/slippery
3376,192679,12,Schäfersee,2019,3,23,5,3,1,5,2,1,1,0,0,0,1,1,Reinickendorf,Accident with minor injuries,Collision with a moving/standing/parked vehicle,Accident involving parked vehicles,Dark,Wet/moist/slippery
3377,192680,4,Droysenstraße,2019,3,12,7,3,3,6,0,0,1,0,0,0,0,0,Charlottenburg - Wilmersdorf,Accident with minor injuries,Collision with a vehicle traveling laterally in the same direction,Collision involving vehicles going in the same way,Daylight,Dry
3378,192681,6,Zehlendorf Mitte,2019,3,9,7,3,5,3,0,0,1,0,0,0,0,1,Steglitz-Zehlendorf,Accident with minor injuries,Collision with a turning/crossing vehicle,Turning/Crossing accident,Daylight,Wet/moist/slippery
3379,192682,12,Scharnweberstraße,2019,3,16,5,3,2,6,0,0,1,0,0,0,0,1,Reinickendorf,Accident with minor injuries,Collision with the vehicle in front/waiting vehicle,Collision involving vehicles going in the same way,Daylight,Wet/moist/slippery
3380,192683,12,Schäfersee,2019,3,9,7,3,5,2,0,0,1,0,0,0,1,0,Reinickendorf,Accident with minor injuries,Collision with a turning/crossing vehicle,Turning accident,Daylight,Dry
3381,192684,10,Alte Hellersdorfer Straße,2019,3,15,7,3,6,4,0,1,0,1,0,0,0,1,Marzahn-Hellersdorf,Accident with minor injuries,Collision between vehicle and pedestrian,Pedestrian crossing accident,Daylight,Wet/moist/slippery
3382,192685,8,Schulenburgpark,2019,3,14,5,3,5,7,0,0,1,0,0,0,1,1,Neukölln,Accident with minor injuries,Collision with a turning/crossing vehicle,Others,Daylight,Wet/moist/slippery
3383,192686,2,Viktoriapark,2019,3,2,7,3,5,2,2,0,1,0,0,0,0,0,Friedrichshain - Kreuzberg,Accident with minor injuries,Collision with a turning/crossing vehicle,Turning accident,Dark,Dry
3384,192687,2,Mehringplatz,2019,3,19,7,2,6,4,2,0,1,1,0,0,0,1,Friedrichshain - Kreuzberg,Accident with serious injuries,Collision between vehicle and pedestrian,Pedestrian crossing accident,Dark,Wet/moist/slippery
3385,192688,9,Späthsfelde,2019,3,15,5,3,2,6,0,0,1,0,0,0,0,1,Treptow-Köpenick,Accident with minor injuries,Collision with the vehicle in front/waiting vehicle,Collision involving vehicles going in the same way,Daylight,Wet/moist/slippery
3386,192689,6,Lichterfelde West,2019,3,19,7,2,5,2,2,1,1,0,0,0,0,1,Steglitz-Zehlendorf,Accident with serious injuries,Collision with a turning/crossing vehicle,Turning accident,Dark,Wet/moist/slippery
3387,192690,9,Dorf Altglienicke,2019,3,16,5,3,5,2,1,0,1,0,0,0,0,1,Treptow-Köpenick,Accident with minor injuries,Collision with a turning/crossing vehicle,Turning accident,Twilight,Wet/moist/slippery
3388,192691,12,Schorfheidestraße,2019,3,19,7,3,6,2,2,0,1,1,0,0,0,1,Reinickendorf,Accident with minor injuries,Collision between vehicle and pedestrian,Turning accident,Dark,Wet/moist/slippery
3389,192692,4,Schlangenbader Straße,2019,3,19,7,3,5,2,2,0,1,0,0,0,0,1,Charlottenburg - Wilmersdorf,Accident with minor injuries,Collision with a turning/crossing vehicle,Turning accident,Dark,Wet/moist/slippery
3390,192693,4,Prager Platz,2019,3,23,5,2,9,1,2,0,1,0,0,0,0,1,Charlottenburg - Wilmersdorf,Accident with serious injuries,Departure from the roadway to the left,Driving accident,Dark,Wet/moist/slippery
3391,192694,6,Südende,2019,3,19,7,3,6,2,2,0,1,1,0,0,0,1,Steglitz-Zehlendorf,Accident with minor injuries,Collision between vehicle and pedestrian,Turning accident,Dark,Wet/moist/slippery
3392,192695,8,Silbersteinstraße,2019,3,20,7,3,5,3,2,1,1,0,0,0,0,1,Neukölln,Accident with minor injuries,Collision with a turning/crossing vehicle,Turning/Crossing accident,Dark,Wet/moist/slippery
3393,192696,9,Köllnische Vorstadt,2019,3,20,7,3,8,1,2,0,1,0,0,0,0,1,Treptow-Köpenick,Accident with minor injuries,Departure from the roadway to the right,Driving accident,Dark,Wet/moist/slippery
3394,192697,8,Silbersteinstraße,2019,3,18,5,3,6,2,1,0,1,1,0,0,0,0,Neukölln,Accident with minor injuries,Collision between vehicle and pedestrian,Turning accident,Twilight,Dry
3395,192698,8,Parchimer Allee,2019,3,10,7,3,5,2,0,0,1,0,0,0,0,0,Neukölln,Accident with minor injuries,Collision with a turning/crossing vehicle,Turning accident,Daylight,Dry
3396,192699,9,Adlershof West,2019,3,20,7,3,5,3,2,0,1,0,0,0,0,1,Treptow-Köpenick,Accident with minor injuries,Collision with a turning/crossing vehicle,Turning/Crossing accident,Dark,Wet/moist/slippery
3397,192700,8,Buschkrugallee Nord,2019,3,21,7,2,6,4,2,0,1,1,0,0,0,1,Neukölln,Accident with serious injuries,Collision between vehicle and pedestrian,Pedestrian crossing accident,Dark,Wet/moist/slippery
3398,192701,1,Humboldthain Süd,2019,3,18,5,3,0,1,2,0,0,0,1,0,0,1,Mitte,Accident with minor injuries,Others,Driving accident,Dark,Wet/moist/slippery
3399,192702,4,Breitscheidplatz,2019,3,22,7,3,5,3,2,0,1,0,0,0,0,1,Charlottenburg - Wilmersdorf,Accident with minor injuries,Collision with a turning/crossing vehicle,Turning/Crossing accident,Dark,Wet/moist/slippery
3400,192703,8,Körnerpark,2019,3,23,7,3,5,3,2,0,1,0,0,0,0,1,Neukölln,Accident with minor injuries,Collision with a turning/crossing vehicle,Turning/Crossing accident,Dark,Wet/moist/slippery
3401,192704,8,Rixdorf,2019,3,11,6,3,5,3,0,0,1,0,0,0,0,1,Neukölln,Accident with minor injuries,Collision with a turning/crossing vehicle,Turning/Crossing accident,Daylight,Wet/moist/slippery
3402,192705,7,John-Locke-Straße,2019,3,13,5,3,5,3,0,1,1,0,0,0,0,0,Tempelhof-Schöneberg,Accident with minor injuries,Collision with a turning/crossing vehicle,Turning/Crossing accident,Daylight,Dry
3403,192706,1,Reinickendorfer Straße,2019,3,23,6,2,6,4,2,0,1,1,0,0,0,0,Mitte,Accident with serious injuries,Collision between vehicle and pedestrian,Pedestrian crossing accident,Dark,Dry
3404,192707,9,Köpenick Nord,2019,3,1,5,3,9,1,2,0,1,0,0,0,0,1,Treptow-Köpenick,Accident with minor injuries,Departure from the roadway to the left,Driving accident,Dark,Wet/moist/slippery
3405,192708,3,Falkplatz,2019,3,23,6,3,6,4,2,0,1,1,0,0,0,0,Pankow,Accident with minor injuries,Collision between vehicle and pedestrian,Pedestrian crossing accident,Dark,Dry
3406,192709,2,Mehringplatz,2019,3,17,6,3,2,6,0,1,1,0,0,0,0,0,Friedrichshain - Kreuzberg,Accident with minor injuries,Collision with the vehicle in front/waiting vehicle,Collision involving vehicles going in the same way,Daylight,Dry
3407,192710,3,Buch,2019,3,6,5,2,6,4,0,0,1,1,0,0,0,1,Pankow,Accident with serious injuries,Collision between vehicle and pedestrian,Pedestrian crossing accident,Daylight,Wet/moist/slippery
3408,192711,9,Oberschöneweide West,2019,3,17,6,2,1,1,0,0,1,0,0,0,1,0,Treptow-Köpenick,Accident with serious injuries,Collision with a moving/standing/parked vehicle,Driving accident,Daylight,Dry
3409,192712,3,Pankow Zentrum,2019,3,16,6,2,6,4,0,0,1,1,0,0,0,0,Pankow,Accident with serious injuries,Collision between vehicle and pedestrian,Pedestrian crossing accident,Daylight,Dry
3410,192713,3,Humannplatz,2019,3,14,6,3,5,3,0,0,1,0,0,0,0,1,Pankow,Accident with minor injuries,Collision with a turning/crossing vehicle,Turning/Crossing accident,Daylight,Wet/moist/slippery
3411,192714,8,Gewerbegebiet Ederstraße,2019,3,13,5,3,5,3,0,0,1,0,0,0,0,1,Neukölln,Accident with minor injuries,Collision with a turning/crossing vehicle,Turning/Crossing accident,Daylight,Wet/moist/slippery
3412,192715,2,Moritzplatz,2019,3,8,6,3,5,3,0,1,1,0,0,0,0,0,Friedrichshain - Kreuzberg,Accident with minor injuries,Collision with a turning/crossing vehicle,Turning/Crossing accident,Daylight,Dry
3413,192716,9,Baumschulenstraße,2019,3,19,5,3,3,6,2,1,0,0,0,0,0,1,Treptow-Köpenick,Accident with minor injuries,Collision with a vehicle traveling laterally in the same direction,Collision involving vehicles going in the same way,Dark,Wet/moist/slippery
3414,192717,4,Flinsberger Platz,2019,3,5,5,3,0,3,2,0,1,0,1,0,0,1,Charlottenburg - Wilmersdorf,Accident with minor injuries,Others,Turning/Crossing accident,Dark,Wet/moist/slippery
3415,192718,1,Gesundbrunnen,2019,3,17,5,3,2,6,0,0,1,0,0,0,0,1,Mitte,Accident with minor injuries,Collision with the vehicle in front/waiting vehicle,Collision involving vehicles going in the same way,Daylight,Wet/moist/slippery
3416,192719,4,Schaperstraße,2019,3,6,5,2,5,2,0,1,1,0,0,0,0,1,Charlottenburg - Wilmersdorf,Accident with serious injuries,Collision with a turning/crossing vehicle,Turning accident,Daylight,Wet/moist/slippery
3417,192720,9,Oberschöneweide West,2019,3,7,5,3,5,3,0,0,1,0,0,0,1,1,Treptow-Köpenick,Accident with minor injuries,Collision with a turning/crossing vehicle,Turning/Crossing accident,Daylight,Wet/moist/slippery
3418,192721,8,Zittauer Straße,2019,3,8,5,2,5,3,0,1,1,0,0,0,0,1,Neukölln,Accident with serious injuries,Collision with a turning/crossing vehicle,Turning/Crossing accident,Daylight,Wet/moist/slippery
3419,192722,6,Dahlem,2019,3,22,5,3,6,7,2,0,1,1,0,0,0,1,Steglitz-Zehlendorf,Accident with minor injuries,Collision between vehicle and pedestrian,Others,Dark,Wet/moist/slippery
3420,192723,2,Moritzplatz,2019,3,23,5,3,5,3,2,1,1,0,0,0,0,0,Friedrichshain - Kreuzberg,Accident with minor injuries,Collision with a turning/crossing vehicle,Turning/Crossing accident,Dark,Dry
3421,192724,2,Oranienplatz,2019,3,20,5,3,1,5,2,1,1,0,0,0,0,1,Friedrichshain - Kreuzberg,Accident with minor injuries,Collision with a moving/standing/parked vehicle,Accident involving parked vehicles,Dark,Wet/moist/slippery
3422,192725,3,Heinersdorf,2019,3,13,5,3,5,3,0,0,1,0,0,0,1,1,Pankow,Accident with minor injuries,Collision with a turning/crossing vehicle,Turning/Crossing accident,Daylight,Wet/moist/slippery
3423,192726,10,Adele-Sandrock-Straße,2019,3,20,5,3,5,3,2,0,1,0,0,0,0,0,Marzahn-Hellersdorf,Accident with minor injuries,Collision with a turning/crossing vehicle,Turning/Crossing accident,Dark,Dry
3424,192727,8,Schillerpromenade,2019,3,19,5,3,2,5,2,1,1,0,0,0,0,0,Neukölln,Accident with minor injuries,Collision with the vehicle in front/waiting vehicle,Accident involving parked vehicles,Dark,Dry
3425,192728,9,Köpenick Nord,2019,3,8,5,3,5,3,0,1,1,0,0,0,0,1,Treptow-Köpenick,Accident with minor injuries,Collision with a turning/crossing vehicle,Turning/Crossing accident,Daylight,Wet/moist/slippery
3426,192729,6,Lankwitz Kirche,2019,3,18,5,3,6,2,1,0,1,1,0,0,0,0,Steglitz-Zehlendorf,Accident with minor injuries,Collision between vehicle and pedestrian,Turning accident,Twilight,Dry
3427,192730,2,Viktoriapark,2019,3,18,5,3,5,2,2,1,1,0,0,0,0,1,Friedrichshain - Kreuzberg,Accident with minor injuries,Collision with a turning/crossing vehicle,Turning accident,Dark,Wet/moist/slippery
3428,192731,2,Oranienplatz,2019,3,18,5,3,2,6,0,1,1,0,0,0,0,1,Friedrichshain - Kreuzberg,Accident with minor injuries,Collision with the vehicle in front/waiting vehicle,Collision involving vehicles going in the same way,Daylight,Wet/moist/slippery
3429,192732,6,Lichterfelde West,2019,3,8,5,3,1,5,0,1,1,0,0,0,0,1,Steglitz-Zehlendorf,Accident with minor injuries,Collision with a moving/standing/parked vehicle,Accident involving parked vehicles,Daylight,Wet/moist/slippery
3430,192733,12,Scharnweberstraße,2019,3,17,5,3,3,6,0,0,1,0,0,0,1,1,Reinickendorf,Accident with minor injuries,Collision with a vehicle traveling laterally in the same direction,Collision involving vehicles going in the same way,Daylight,Wet/moist/slippery
3431,192734,2,Lausitzer Platz,2019,3,17,5,3,5,3,1,0,1,0,1,0,0,1,Friedrichshain - Kreuzberg,Accident with minor injuries,Collision with a turning/crossing vehicle,Turning/Crossing accident,Twilight,Wet/moist/slippery
3432,192735,4,Karl-August-Platz,2019,3,17,5,3,2,6,0,0,1,0,0,0,0,0,Charlottenburg - Wilmersdorf,Accident with minor injuries,Collision with the vehicle in front/waiting vehicle,Collision involving vehicles going in the same way,Daylight,Dry
3433,192736,2,Oranienplatz,2019,3,17,5,3,6,4,0,1,0,1,0,0,0,1,Friedrichshain - Kreuzberg,Accident with minor injuries,Collision between vehicle and pedestrian,Pedestrian crossing accident,Daylight,Wet/moist/slippery
3434,192737,1,Sparrplatz,2019,3,12,5,3,5,2,0,0,1,0,0,0,0,1,Mitte,Accident with minor injuries,Collision with a turning/crossing vehicle,Turning accident,Daylight,Wet/moist/slippery
3435,192738,9,Dammvorstadt,2019,3,17,5,3,2,1,0,0,1,0,0,0,0,0,Treptow-Köpenick,Accident with minor injuries,Collision with the vehicle in front/waiting vehicle,Driving accident,Daylight,Dry
3436,192739,3,Buch,2019,3,16,5,3,0,3,0,0,1,0,1,0,0,1,Pankow,Accident with minor injuries,Others,Turning/Crossing accident,Daylight,Wet/moist/slippery
3437,192740,1,Emdener Straße,2019,3,12,5,3,2,6,0,0,1,0,0,0,0,1,Mitte,Accident with minor injuries,Collision with the vehicle in front/waiting vehicle,Collision involving vehicles going in the same way,Daylight,Wet/moist/slippery
3438,192741,1,Invalidenstraße,2019,3,16,5,3,2,7,0,1,1,0,0,0,0,1,Mitte,Accident with minor injuries,Collision with the vehicle in front/waiting vehicle,Others,Daylight,Wet/moist/slippery
3439,192742,1,Thomasiusstraße,2019,3,16,5,3,2,2,0,0,1,0,1,0,0,1,Mitte,Accident with minor injuries,Collision with the vehicle in front/waiting vehicle,Turning accident,Daylight,Wet/moist/slippery
3440,192743,8,Buckow Mitte,2019,3,15,5,3,2,1,0,0,1,0,0,0,0,0,Neukölln,Accident with minor injuries,Collision with the vehicle in front/waiting vehicle,Driving accident,Daylight,Dry
3441,192744,10,Kaulsdorf Nord,2019,3,10,5,3,5,3,0,0,1,0,0,0,0,1,Marzahn-Hellersdorf,Accident with minor injuries,Collision with a turning/crossing vehicle,Turning/Crossing accident,Daylight,Wet/moist/slippery
3442,192745,2,Lausitzer Platz,2019,3,7,5,3,5,2,0,1,1,0,0,0,0,1,Friedrichshain - Kreuzberg,Accident with minor injuries,Collision with a turning/crossing vehicle,Turning accident,Daylight,Wet/moist/slippery
3443,192746,12,Scharnweberstraße,2019,3,8,5,2,5,3,0,0,1,0,0,1,0,0,Reinickendorf,Accident with serious injuries,Collision with a turning/crossing vehicle,Turning/Crossing accident,Daylight,Dry
3444,192747,1,Arkonaplatz,2019,3,8,5,3,2,6,0,0,1,0,1,0,0,1,Mitte,Accident with minor injuries,Collision with the vehicle in front/waiting vehicle,Collision involving vehicles going in the same way,Daylight,Wet/moist/slippery
3445,192748,10,Oberfeldstraße,2019,3,10,5,3,5,7,0,0,1,0,0,0,0,1,Marzahn-Hellersdorf,Accident with minor injuries,Collision with a turning/crossing vehicle,Others,Daylight,Wet/moist/slippery
3446,192749,11,Große-Leege-Straße,2019,3,10,5,3,5,2,0,1,1,0,0,0,0,0,Lichtenberg,Accident with minor injuries,Collision with a turning/crossing vehicle,Turning accident,Daylight,Dry
3447,192750,10,Marzahner Chaussee,2019,3,9,5,3,2,6,0,0,1,0,0,0,0,1,Marzahn-Hellersdorf,Accident with minor injuries,Collision with the vehicle in front/waiting vehicle,Collision involving vehicles going in the same way,Daylight,Wet/moist/slippery
3448,192751,4,Wilhelmsaue,2019,3,12,5,3,5,2,0,1,1,0,0,0,0,0,Charlottenburg - Wilmersdorf,Accident with minor injuries,Collision with a turning/crossing vehicle,Turning accident,Daylight,Dry
3449,192752,9,Bölschestraße,2019,3,12,5,3,1,5,0,1,1,0,0,0,0,0,Treptow-Köpenick,Accident with minor injuries,Collision with a moving/standing/parked vehicle,Accident involving parked vehicles,Daylight,Dry
3450,192753,1,Brunnenstraße,2019,3,9,5,3,5,5,0,1,1,0,0,0,0,1,Mitte,Accident with minor injuries,Collision with a turning/crossing vehicle,Accident involving parked vehicles,Daylight,Wet/moist/slippery
3451,192754,9,Köpenick Nord,2019,3,12,5,3,2,2,0,0,1,0,0,0,0,0,Treptow-Köpenick,Accident with minor injuries,Collision with the vehicle in front/waiting vehicle,Turning accident,Daylight,Dry
3452,192755,3,Pankow Zentrum,2019,3,14,5,3,3,6,0,1,1,0,0,0,0,0,Pankow,Accident with minor injuries,Collision with a vehicle traveling laterally in the same direction,Collision involving vehicles going in the same way,Daylight,Dry
3453,192756,4,Bismarckallee,2019,3,6,4,2,5,3,0,1,1,0,0,0,0,1,Charlottenburg - Wilmersdorf,Accident with serious injuries,Collision with a turning/crossing vehicle,Turning/Crossing accident,Daylight,Wet/moist/slippery
3454,192757,4,Prager Platz,2019,3,14,5,3,6,7,0,0,1,1,0,0,0,0,Charlottenburg - Wilmersdorf,Accident with minor injuries,Collision between vehicle and pedestrian,Others,Daylight,Dry
3455,192758,3,Humannplatz,2019,3,7,5,3,6,4,0,1,0,1,0,0,0,1,Pankow,Accident with minor injuries,Collision between vehicle and pedestrian,Pedestrian crossing accident,Daylight,Wet/moist/slippery
3456,192759,7,Manteuffelstraße,2019,3,13,4,2,6,4,0,1,0,1,0,0,0,1,Tempelhof-Schöneberg,Accident with serious injuries,Collision between vehicle and pedestrian,Pedestrian crossing accident,Daylight,Wet/moist/slippery
3457,192760,11,Karlshorst Nord,2019,3,5,5,3,5,3,2,1,0,0,0,0,1,1,Lichtenberg,Accident with minor injuries,Collision with a turning/crossing vehicle,Turning/Crossing accident,Dark,Wet/moist/slippery
3458,192761,9,Köpenick Nord,2019,3,9,4,3,2,2,0,0,1,0,0,0,0,0,Treptow-Köpenick,Accident with minor injuries,Collision with the vehicle in front/waiting vehicle,Turning accident,Daylight,Dry
3459,192762,3,Blankenfelde,2019,3,9,5,3,2,6,0,0,1,0,0,1,0,0,Pankow,Accident with minor injuries,Collision with the vehicle in front/waiting vehicle,Collision involving vehicles going in the same way,Daylight,Dry
3460,192763,4,Messegelände,2019,3,8,5,3,5,2,0,0,1,0,0,0,0,0,Charlottenburg - Wilmersdorf,Accident with minor injuries,Collision with a turning/crossing vehicle,Turning accident,Daylight,Dry
3461,192764,3,Niederschönhausen,2019,3,15,4,3,0,3,0,1,1,0,0,0,0,1,Pankow,Accident with minor injuries,Others,Turning/Crossing accident,Daylight,Wet/moist/slippery
3462,192765,7,Wittenbergplatz/Viktoria-Luise-Platz,2019,3,9,5,2,5,3,0,1,1,0,0,0,0,1,Tempelhof-Schöneberg,Accident with serious injuries,Collision with a turning/crossing vehicle,Turning/Crossing accident,Daylight,Wet/moist/slippery
3463,192766,1,Invalidenstraße,2019,3,20,4,2,6,4,2,0,1,1,0,0,0,1,Mitte,Accident with serious injuries,Collision between vehicle and pedestrian,Pedestrian crossing accident,Dark,Wet/moist/slippery
3464,192767,11,Falkenberg West,2019,3,0,5,2,6,4,2,0,1,1,0,0,0,0,Lichtenberg,Accident with serious injuries,Collision between vehicle and pedestrian,Pedestrian crossing accident,Dark,Dry
3465,192768,8,Tempelhofer Weg,2019,3,14,4,3,3,6,0,0,1,0,0,1,0,0,Neukölln,Accident with minor injuries,Collision with a vehicle traveling laterally in the same direction,Collision involving vehicles going in the same way,Daylight,Dry
3466,192769,4,Breitscheidplatz,2019,3,23,4,3,6,2,2,0,1,1,0,0,0,1,Charlottenburg - Wilmersdorf,Accident with minor injuries,Collision between vehicle and pedestrian,Turning accident,Dark,Wet/moist/slippery
3467,192770,4,Schaperstraße,2019,3,10,4,3,5,2,0,0,1,0,0,0,0,0,Charlottenburg - Wilmersdorf,Accident with minor injuries,Collision with a turning/crossing vehicle,Turning accident,Daylight,Dry
3468,192771,5,An der Kappe,2019,3,16,4,3,5,2,0,0,1,0,0,0,0,0,Spandau,Accident with minor injuries,Collision with a turning/crossing vehicle,Turning accident,Daylight,Dry
3469,192772,9,Adlershof Ost,2019,3,5,4,3,2,6,2,1,0,0,0,0,1,0,Treptow-Köpenick,Accident with minor injuries,Collision with the vehicle in front/waiting vehicle,Collision involving vehicles going in the same way,Dark,Dry
3470,192773,12,Schorfheidestraße,2019,3,5,4,3,5,3,2,0,1,0,0,0,0,1,Reinickendorf,Accident with minor injuries,Collision with a turning/crossing vehicle,Turning/Crossing accident,Dark,Wet/moist/slippery
3471,192774,10,Mahlsdorf Süd,2019,3,11,4,2,5,3,0,1,1,0,0,0,0,0,Marzahn-Hellersdorf,Accident with serious injuries,Collision with a turning/crossing vehicle,Turning/Crossing accident,Daylight,Dry
3472,192775,3,Blankenburg,2019,3,12,6,3,5,3,0,1,1,0,0,0,0,1,Pankow,Accident with minor injuries,Collision with a turning/crossing vehicle,Turning/Crossing accident,Daylight,Wet/moist/slippery
3473,192776,2,Hausburgviertel,2019,3,20,4,2,6,2,2,0,1,1,0,0,0,0,Friedrichshain - Kreuzberg,Accident with serious injuries,Collision between vehicle and pedestrian,Turning accident,Dark,Dry
3474,192777,4,Schaperstraße,2019,3,20,4,3,5,2,2,1,1,0,0,0,0,0,Charlottenburg - Wilmersdorf,Accident with minor injuries,Collision with a turning/crossing vehicle,Turning accident,Dark,Dry
3475,192778,6,Bismarckstraße,2019,3,5,4,3,6,2,2,0,1,1,0,0,0,1,Steglitz-Zehlendorf,Accident with minor injuries,Collision between vehicle and pedestrian,Turning accident,Dark,Wet/moist/slippery
3476,192779,5,Gütersloher Weg,2019,3,20,4,2,6,2,2,0,1,1,0,0,0,0,Spandau,Accident with serious injuries,Collision between vehicle and pedestrian,Turning accident,Dark,Dry
3477,192780,12,Waldidyll/Flughafensee,2019,3,19,4,3,5,2,2,0,1,0,0,0,0,0,Reinickendorf,Accident with minor injuries,Collision with a turning/crossing vehicle,Turning accident,Dark,Dry
3478,192781,1,Heine-Viertel Ost,2019,3,6,4,3,5,5,2,0,1,0,1,0,0,1,Mitte,Accident with minor injuries,Collision with a turning/crossing vehicle,Accident involving parked vehicles,Dark,Wet/moist/slippery
3479,192782,2,Reichenberger Straße,2019,3,19,4,3,4,5,2,0,1,0,0,0,1,0,Friedrichshain - Kreuzberg,Accident with minor injuries,Collision with oncoming vehicle,Accident involving parked vehicles,Dark,Dry
3480,192783,12,Hermsdorf,2019,3,18,4,3,5,3,1,0,1,0,0,0,0,1,Reinickendorf,Accident with minor injuries,Collision with a turning/crossing vehicle,Turning/Crossing accident,Twilight,Wet/moist/slippery
3481,192784,2,Rathaus Yorckstraße,2019,3,16,4,3,2,2,0,0,1,0,0,0,0,0,Friedrichshain - Kreuzberg,Accident with minor injuries,Collision with the vehicle in front/waiting vehicle,Turning accident,Daylight,Dry
3482,192785,8,Rixdorf,2019,3,16,4,2,3,6,0,0,1,0,1,0,1,0,Neukölln,Accident with serious injuries,Collision with a vehicle traveling laterally in the same direction,Collision involving vehicles going in the same way,Daylight,Dry
3483,192786,11,Zingster Straße West,2019,3,6,4,3,4,7,2,0,1,0,0,0,0,0,Lichtenberg,Accident with minor injuries,Collision with oncoming vehicle,Others,Dark,Dry
3484,192787,3,Kollwitzplatz,2019,3,15,4,3,5,3,0,0,1,0,0,0,0,0,Pankow,Accident with minor injuries,Collision with a turning/crossing vehicle,Turning/Crossing accident,Daylight,Dry
3485,192788,9,Siedlung Kämmereiheide,2019,3,7,4,3,5,2,0,1,0,0,0,0,1,0,Treptow-Köpenick,Accident with minor injuries,Collision with a turning/crossing vehicle,Turning accident,Daylight,Dry
3486,192789,10,Alt-Mahlsdorf,2019,3,15,4,3,6,4,0,0,0,1,0,0,1,0,Marzahn-Hellersdorf,Accident with minor injuries,Collision between vehicle and pedestrian,Pedestrian crossing accident,Daylight,Dry