,object id,district,street,year,month,hour of day,weekday,category,accident type,accident type 2,light situation,bike involved,car involved,pedestrian involved,motor bike involved,big track involved,other vehicle involved,road condition,district name,category name,accident detail,accident type detail,light condition,road condition detail
3487,192790,4,Kaiserin-Augusta-Allee,2019,3,7,4,3,1,5,0,1,1,0,0,0,0,0,Charlottenburg - Wilmersdorf,Accident with minor injuries,Collision with a moving/standing/parked vehicle,Accident involving parked vehicles,Daylight,Dry
3488,192791,4,Schloßgarten,2019,3,13,4,3,5,2,0,1,1,0,0,0,0,0,Charlottenburg - Wilmersdorf,Accident with minor injuries,Collision with a turning/crossing vehicle,Turning accident,Daylight,Dry
3489,192792,11,Rüdigerstraße,2019,3,19,5,3,6,2,2,0,1,1,0,0,0,1,Lichtenberg,Accident with minor injuries,Collision between vehicle and pedestrian,Turning accident,Dark,Wet/moist/slippery
3490,192793,4,Breitscheidplatz,2019,3,12,4,3,1,5,0,1,1,0,0,0,0,0,Charlottenburg - Wilmersdorf,Accident with minor injuries,Collision with a moving/standing/parked vehicle,Accident involving parked vehicles,Daylight,Dry
3491,192794,1,Heidestraße,2019,3,13,4,3,5,2,0,0,1,0,0,0,0,0,Mitte,Accident with minor injuries,Collision with a turning/crossing vehicle,Turning accident,Daylight,Dry
3492,192795,6,Königsberger Straße,2019,3,11,4,3,5,7,0,1,1,0,0,0,0,0,Steglitz-Zehlendorf,Accident with minor injuries,Collision with a turning/crossing vehicle,Others,Daylight,Dry
3493,192796,7,Friedenau,2019,3,13,4,3,1,7,0,0,1,0,0,0,1,0,Tempelhof-Schöneberg,Accident with minor injuries,Collision with a moving/standing/parked vehicle,Others,Daylight,Dry
3494,192797,1,Stülerstraße,2019,3,11,4,3,5,3,0,1,1,0,0,0,0,0,Mitte,Accident with minor injuries,Collision with a turning/crossing vehicle,Turning/Crossing accident,Daylight,Dry
3495,192798,1,Wilhelmstraße,2019,3,11,4,2,5,2,0,1,1,0,0,0,0,0,Mitte,Accident with serious injuries,Collision with a turning/crossing vehicle,Turning accident,Daylight,Dry
3496,192799,1,Heidestraße,2019,3,13,4,3,5,2,0,1,1,0,0,0,0,0,Mitte,Accident with minor injuries,Collision with a turning/crossing vehicle,Turning accident,Daylight,Dry
3497,192800,7,John-Locke-Straße,2019,3,11,4,3,5,2,0,0,1,0,1,0,0,0,Tempelhof-Schöneberg,Accident with minor injuries,Collision with a turning/crossing vehicle,Turning accident,Daylight,Dry
3498,192801,4,Spreestadt,2019,3,9,4,3,6,4,0,1,0,1,0,0,0,0,Charlottenburg - Wilmersdorf,Accident with minor injuries,Collision between vehicle and pedestrian,Pedestrian crossing accident,Daylight,Dry
3499,192802,9,Dammvorstadt,2019,3,8,4,3,3,6,0,0,0,0,1,0,1,0,Treptow-Köpenick,Accident with minor injuries,Collision with a vehicle traveling laterally in the same direction,Collision involving vehicles going in the same way,Daylight,Dry
3500,192803,7,Kaiser-Wilhelm-Platz,2019,3,15,4,2,6,4,0,0,1,1,0,0,0,0,Tempelhof-Schöneberg,Accident with serious injuries,Collision between vehicle and pedestrian,Pedestrian crossing accident,Daylight,Dry
3501,192804,1,Humboldthain Nordwest,2019,3,7,4,3,5,2,0,0,1,0,0,0,0,0,Mitte,Accident with minor injuries,Collision with a turning/crossing vehicle,Turning accident,Daylight,Dry
3502,192805,4,Spreestadt,2019,3,15,4,3,2,6,0,0,1,0,0,0,1,0,Charlottenburg - Wilmersdorf,Accident with minor injuries,Collision with the vehicle in front/waiting vehicle,Collision involving vehicles going in the same way,Daylight,Dry
3503,192806,3,Heinersdorf,2019,3,7,4,3,5,2,0,1,1,0,0,0,0,0,Pankow,Accident with minor injuries,Collision with a turning/crossing vehicle,Turning accident,Daylight,Dry
3504,192807,10,Mahlsdorf Nord,2019,3,6,4,3,6,4,1,0,1,1,0,0,0,0,Marzahn-Hellersdorf,Accident with minor injuries,Collision between vehicle and pedestrian,Pedestrian crossing accident,Twilight,Dry
3505,192808,5,Carl-Schurz-Straße,2019,3,15,4,3,0,2,0,0,1,0,0,0,1,0,Spandau,Accident with minor injuries,Others,Turning accident,Daylight,Dry
3506,192809,3,Pankow Zentrum,2019,3,15,3,3,5,3,0,1,1,0,0,0,0,0,Pankow,Accident with minor injuries,Collision with a turning/crossing vehicle,Turning/Crossing accident,Daylight,Dry
3507,192810,4,Droysenstraße,2019,3,19,5,3,5,3,2,1,1,0,0,0,0,1,Charlottenburg - Wilmersdorf,Accident with minor injuries,Collision with a turning/crossing vehicle,Turning/Crossing accident,Dark,Wet/moist/slippery
3508,192811,6,Fichtenberg,2019,3,8,3,3,5,3,0,1,0,0,0,0,1,0,Steglitz-Zehlendorf,Accident with minor injuries,Collision with a turning/crossing vehicle,Turning/Crossing accident,Daylight,Dry
3509,192812,4,Eisenzahnstraße,2019,3,21,3,3,6,2,2,1,0,1,0,0,0,0,Charlottenburg - Wilmersdorf,Accident with minor injuries,Collision between vehicle and pedestrian,Turning accident,Dark,Dry
3510,192813,2,Boxhagener Platz,2019,3,19,3,3,5,3,2,0,1,0,0,0,1,1,Friedrichshain - Kreuzberg,Accident with minor injuries,Collision with a turning/crossing vehicle,Turning/Crossing accident,Dark,Wet/moist/slippery
3511,192814,11,Fennpfuhl Ost,2019,3,16,4,2,5,7,0,0,1,0,1,0,0,0,Lichtenberg,Accident with serious injuries,Collision with a turning/crossing vehicle,Others,Daylight,Dry
3512,192815,4,Bismarckallee,2019,3,19,3,3,2,6,2,0,1,0,0,0,0,1,Charlottenburg - Wilmersdorf,Accident with minor injuries,Collision with the vehicle in front/waiting vehicle,Collision involving vehicles going in the same way,Dark,Wet/moist/slippery
3513,192816,2,Moritzplatz,2019,3,19,3,3,5,2,2,1,1,0,0,0,0,0,Friedrichshain - Kreuzberg,Accident with minor injuries,Collision with a turning/crossing vehicle,Turning accident,Dark,Dry
3514,192817,4,Alt-Lietzow,2019,3,16,4,3,2,7,0,1,1,0,0,0,0,0,Charlottenburg - Wilmersdorf,Accident with minor injuries,Collision with the vehicle in front/waiting vehicle,Others,Daylight,Dry
3515,192818,7,Kaiser-Wilhelm-Platz,2019,3,18,3,3,6,2,2,0,1,1,0,0,0,1,Tempelhof-Schöneberg,Accident with minor injuries,Collision between vehicle and pedestrian,Turning accident,Dark,Wet/moist/slippery
3516,192819,1,Nördlicher Landwehrkanal,2019,3,18,3,3,5,3,2,1,1,0,0,0,0,1,Mitte,Accident with minor injuries,Collision with a turning/crossing vehicle,Turning/Crossing accident,Dark,Wet/moist/slippery
3517,192820,8,Treptower Straße Nord,2019,3,19,3,3,5,2,2,1,1,0,0,0,0,1,Neukölln,Accident with minor injuries,Collision with a turning/crossing vehicle,Turning accident,Dark,Wet/moist/slippery
3518,192821,5,Kurstraße,2019,3,16,4,2,5,7,0,0,1,0,0,0,0,0,Spandau,Accident with serious injuries,Collision with a turning/crossing vehicle,Others,Daylight,Dry
3519,192822,7,Rathaus Tempelhof,2019,3,17,3,3,5,3,2,0,1,0,0,0,0,1,Tempelhof-Schöneberg,Accident with minor injuries,Collision with a turning/crossing vehicle,Turning/Crossing accident,Dark,Wet/moist/slippery
3520,192823,7,Franziusweg/Rohrbachstraße,2019,3,18,4,3,5,2,1,1,1,0,0,0,0,0,Tempelhof-Schöneberg,Accident with minor injuries,Collision with a turning/crossing vehicle,Turning accident,Twilight,Dry
3521,192824,1,Lüneburger Straße,2019,3,17,3,2,6,4,1,0,1,1,0,0,0,1,Mitte,Accident with serious injuries,Collision between vehicle and pedestrian,Pedestrian crossing accident,Twilight,Wet/moist/slippery
3522,192825,8,Rixdorf,2019,3,16,3,2,6,7,0,0,1,1,0,0,0,0,Neukölln,Accident with serious injuries,Collision between vehicle and pedestrian,Others,Daylight,Dry
3523,192826,2,Urbanstraße,2019,3,20,4,3,0,1,2,1,1,0,0,0,0,0,Friedrichshain - Kreuzberg,Accident with minor injuries,Others,Driving accident,Dark,Dry
3524,192827,9,Hirschgarten,2019,3,15,3,3,5,3,2,1,1,0,0,0,0,0,Treptow-Köpenick,Accident with minor injuries,Collision with a turning/crossing vehicle,Turning/Crossing accident,Dark,Dry
3525,192828,1,Stülerstraße,2019,3,15,3,3,3,6,0,0,1,0,1,0,0,1,Mitte,Accident with minor injuries,Collision with a vehicle traveling laterally in the same direction,Collision involving vehicles going in the same way,Daylight,Wet/moist/slippery
3526,192829,6,Komponistenviertel Lankwitz,2019,3,23,4,3,6,7,2,0,1,1,0,0,0,1,Steglitz-Zehlendorf,Accident with minor injuries,Collision between vehicle and pedestrian,Others,Dark,Wet/moist/slippery
3527,192830,4,Park Ruhwald,2019,3,10,3,3,6,3,0,0,1,1,0,0,0,1,Charlottenburg - Wilmersdorf,Accident with minor injuries,Collision between vehicle and pedestrian,Turning/Crossing accident,Daylight,Wet/moist/slippery
3528,192831,10,Gut Hellersdorf,2019,3,12,3,2,0,3,0,0,1,0,1,0,0,1,Marzahn-Hellersdorf,Accident with serious injuries,Others,Turning/Crossing accident,Daylight,Wet/moist/slippery
3529,192832,6,Dahlem,2019,3,12,3,2,5,2,0,0,1,0,0,1,0,0,Steglitz-Zehlendorf,Accident with serious injuries,Collision with a turning/crossing vehicle,Turning accident,Daylight,Dry
3530,192833,4,Breitscheidplatz,2019,3,16,3,3,2,6,0,0,1,0,0,0,1,0,Charlottenburg - Wilmersdorf,Accident with minor injuries,Collision with the vehicle in front/waiting vehicle,Collision involving vehicles going in the same way,Daylight,Dry
3531,192834,11,Landsberger Allee,2019,3,6,3,3,6,4,1,0,0,1,1,0,0,0,Lichtenberg,Accident with minor injuries,Collision between vehicle and pedestrian,Pedestrian crossing accident,Twilight,Dry
3532,192835,1,Arkonaplatz,2019,3,6,3,3,5,2,0,1,1,0,0,0,0,0,Mitte,Accident with minor injuries,Collision with a turning/crossing vehicle,Turning accident,Daylight,Dry
3533,192836,2,Mehringplatz,2019,3,9,3,2,1,5,0,1,1,0,0,0,0,0,Friedrichshain - Kreuzberg,Accident with serious injuries,Collision with a moving/standing/parked vehicle,Accident involving parked vehicles,Daylight,Dry
3534,192837,12,Rollbergesiedlung,2019,3,6,3,3,0,3,0,0,1,0,1,0,0,1,Reinickendorf,Accident with minor injuries,Others,Turning/Crossing accident,Daylight,Wet/moist/slippery
3535,192838,7,Friedenau,2019,3,19,3,3,0,2,2,0,1,0,0,0,1,0,Tempelhof-Schöneberg,Accident with minor injuries,Others,Turning accident,Dark,Dry
3536,192839,1,Unter den Linden Süd,2019,3,6,3,3,5,3,0,0,1,0,0,0,0,0,Mitte,Accident with minor injuries,Collision with a turning/crossing vehicle,Turning/Crossing accident,Daylight,Dry
3537,192840,1,Westhafen,2019,3,7,3,3,3,6,0,1,0,0,0,1,0,0,Mitte,Accident with minor injuries,Collision with a vehicle traveling laterally in the same direction,Collision involving vehicles going in the same way,Daylight,Dry
3538,192841,3,Schönholz,2019,3,19,3,2,5,3,2,1,1,0,0,0,0,0,Pankow,Accident with serious injuries,Collision with a turning/crossing vehicle,Turning/Crossing accident,Dark,Dry
3539,192842,3,Helmholtzplatz,2019,3,8,3,3,2,2,0,1,1,0,0,0,0,0,Pankow,Accident with minor injuries,Collision with the vehicle in front/waiting vehicle,Turning accident,Daylight,Dry
3540,192843,2,Urbanstraße,2019,3,8,3,3,5,3,0,1,1,0,0,0,0,0,Friedrichshain - Kreuzberg,Accident with minor injuries,Collision with a turning/crossing vehicle,Turning/Crossing accident,Daylight,Dry
3541,192844,6,Königsberger Straße,2019,3,17,3,3,0,2,0,1,1,0,0,0,0,1,Steglitz-Zehlendorf,Accident with minor injuries,Others,Turning accident,Daylight,Wet/moist/slippery
3542,192845,3,Weißer See,2019,3,19,3,3,5,3,2,0,1,0,0,0,0,0,Pankow,Accident with minor injuries,Collision with a turning/crossing vehicle,Turning/Crossing accident,Dark,Dry
3543,192846,1,Humboldthain Süd,2019,3,9,3,3,6,4,0,0,1,1,0,0,0,0,Mitte,Accident with minor injuries,Collision between vehicle and pedestrian,Pedestrian crossing accident,Daylight,Dry
3544,192847,1,Leopoldplatz,2019,3,5,5,3,0,6,2,0,1,0,1,0,0,1,Mitte,Accident with minor injuries,Others,Collision involving vehicles going in the same way,Dark,Wet/moist/slippery
3545,192848,1,Heine-Viertel West,2019,3,9,3,3,5,2,0,1,1,0,0,0,0,0,Mitte,Accident with minor injuries,Collision with a turning/crossing vehicle,Turning accident,Daylight,Dry
3546,192849,4,Park Ruhwald,2019,3,17,3,3,5,2,1,1,1,0,0,0,0,0,Charlottenburg - Wilmersdorf,Accident with minor injuries,Collision with a turning/crossing vehicle,Turning accident,Twilight,Dry
3547,192850,6,Lichterfelde West,2019,3,10,3,3,5,3,0,0,1,0,0,0,0,0,Steglitz-Zehlendorf,Accident with minor injuries,Collision with a turning/crossing vehicle,Turning/Crossing accident,Daylight,Dry
3548,192851,4,Alt-Lietzow,2019,3,11,3,3,5,3,0,0,1,0,0,0,0,0,Charlottenburg - Wilmersdorf,Accident with minor injuries,Collision with a turning/crossing vehicle,Turning/Crossing accident,Daylight,Dry
3549,192852,5,Zitadellenweg,2019,3,16,3,3,5,3,0,1,1,0,0,0,0,0,Spandau,Accident with minor injuries,Collision with a turning/crossing vehicle,Turning/Crossing accident,Daylight,Dry
3550,192853,4,Prager Platz,2019,3,11,3,3,5,2,0,1,1,0,0,0,0,0,Charlottenburg - Wilmersdorf,Accident with minor injuries,Collision with a turning/crossing vehicle,Turning accident,Daylight,Dry
3551,192854,4,Schloßstraße,2019,3,18,3,3,5,3,2,1,1,0,0,0,0,1,Charlottenburg - Wilmersdorf,Accident with minor injuries,Collision with a turning/crossing vehicle,Turning/Crossing accident,Dark,Wet/moist/slippery
3552,192855,1,Leipziger Straße,2019,3,16,3,3,5,7,0,0,1,0,0,0,0,0,Mitte,Accident with minor injuries,Collision with a turning/crossing vehicle,Others,Daylight,Dry
3553,192856,2,Boxhagener Platz,2019,3,16,3,3,1,5,0,1,1,0,0,0,0,1,Friedrichshain - Kreuzberg,Accident with minor injuries,Collision with a moving/standing/parked vehicle,Accident involving parked vehicles,Daylight,Wet/moist/slippery
3554,192857,11,Fennpfuhl West,2019,3,17,3,3,5,3,0,0,1,0,0,0,0,0,Lichtenberg,Accident with minor injuries,Collision with a turning/crossing vehicle,Turning/Crossing accident,Daylight,Dry
3555,192858,2,Rathaus Yorckstraße,2019,3,16,3,2,6,4,0,0,1,1,0,0,0,0,Friedrichshain - Kreuzberg,Accident with serious injuries,Collision between vehicle and pedestrian,Pedestrian crossing accident,Daylight,Dry
3556,192859,7,Manteuffelstraße,2019,3,16,3,3,5,3,0,1,1,0,0,0,0,0,Tempelhof-Schöneberg,Accident with minor injuries,Collision with a turning/crossing vehicle,Turning/Crossing accident,Daylight,Dry
3557,192860,1,Nördlicher Landwehrkanal,2019,3,9,2,3,1,5,0,1,1,0,0,0,0,0,Mitte,Accident with minor injuries,Collision with a moving/standing/parked vehicle,Accident involving parked vehicles,Daylight,Dry
3558,192861,1,Invalidenstraße,2019,3,17,3,3,5,3,0,1,0,0,0,1,0,0,Mitte,Accident with minor injuries,Collision with a turning/crossing vehicle,Turning/Crossing accident,Daylight,Dry
3559,192862,2,Graefekiez,2019,3,18,2,3,2,2,2,0,1,0,0,0,0,1,Friedrichshain - Kreuzberg,Accident with minor injuries,Collision with the vehicle in front/waiting vehicle,Turning accident,Dark,Wet/moist/slippery
3560,192863,8,Treptower Straße Nord,2019,3,18,5,3,5,3,2,1,1,0,0,0,0,1,Neukölln,Accident with minor injuries,Collision with a turning/crossing vehicle,Turning/Crossing accident,Dark,Wet/moist/slippery
3561,192864,4,Preußenpark,2019,3,16,2,3,6,4,0,0,1,1,0,0,0,0,Charlottenburg - Wilmersdorf,Accident with minor injuries,Collision between vehicle and pedestrian,Pedestrian crossing accident,Daylight,Dry
3562,192865,4,Prager Platz,2019,3,16,2,3,2,6,1,0,1,0,0,0,0,1,Charlottenburg - Wilmersdorf,Accident with minor injuries,Collision with the vehicle in front/waiting vehicle,Collision involving vehicles going in the same way,Twilight,Wet/moist/slippery
3563,192866,2,Graefekiez,2019,3,16,2,3,5,3,0,1,1,0,0,0,0,0,Friedrichshain - Kreuzberg,Accident with minor injuries,Collision with a turning/crossing vehicle,Turning/Crossing accident,Daylight,Dry
3564,192867,6,Schloßstraße,2019,3,15,2,3,2,6,0,0,1,0,0,0,0,0,Steglitz-Zehlendorf,Accident with minor injuries,Collision with the vehicle in front/waiting vehicle,Collision involving vehicles going in the same way,Daylight,Dry
3565,192868,1,Huttenkiez,2019,3,14,2,3,5,7,0,0,1,0,1,0,0,0,Mitte,Accident with minor injuries,Collision with a turning/crossing vehicle,Others,Daylight,Dry
3566,192869,5,Zitadellenweg,2019,3,14,3,3,2,6,0,0,1,0,0,0,0,0,Spandau,Accident with minor injuries,Collision with the vehicle in front/waiting vehicle,Collision involving vehicles going in the same way,Daylight,Dry
3567,192870,10,Alt-Marzahn,2019,3,14,2,3,5,3,0,0,1,0,0,0,0,0,Marzahn-Hellersdorf,Accident with minor injuries,Collision with a turning/crossing vehicle,Turning/Crossing accident,Daylight,Dry
3568,192871,6,Oberhofer Platz,2019,3,12,2,3,3,6,0,1,1,0,0,0,0,1,Steglitz-Zehlendorf,Accident with minor injuries,Collision with a vehicle traveling laterally in the same direction,Collision involving vehicles going in the same way,Daylight,Wet/moist/slippery
3569,192872,3,Helmholtzplatz,2019,3,11,3,3,5,7,0,1,0,0,0,0,1,0,Pankow,Accident with minor injuries,Collision with a turning/crossing vehicle,Others,Daylight,Dry
3570,192873,7,Marienfelde Süd,2019,3,13,2,3,5,2,0,0,1,0,0,0,1,1,Tempelhof-Schöneberg,Accident with minor injuries,Collision with a turning/crossing vehicle,Turning accident,Daylight,Wet/moist/slippery
3571,192874,6,Lichterfelde Süd,2019,3,13,2,3,1,5,0,0,1,0,1,0,0,1,Steglitz-Zehlendorf,Accident with minor injuries,Collision with a moving/standing/parked vehicle,Accident involving parked vehicles,Daylight,Wet/moist/slippery
3572,192875,8,Flughafenstraße,2019,3,10,3,3,5,3,0,1,0,0,0,0,1,1,Neukölln,Accident with minor injuries,Collision with a turning/crossing vehicle,Turning/Crossing accident,Daylight,Wet/moist/slippery
3573,192876,7,Neu-Tempelhof,2019,3,12,2,3,5,3,0,0,1,0,0,0,0,1,Tempelhof-Schöneberg,Accident with minor injuries,Collision with a turning/crossing vehicle,Turning/Crossing accident,Daylight,Wet/moist/slippery
3574,192877,4,Tegeler Weg,2019,3,12,2,3,5,3,0,0,1,0,0,0,0,1,Charlottenburg - Wilmersdorf,Accident with minor injuries,Collision with a turning/crossing vehicle,Turning/Crossing accident,Daylight,Wet/moist/slippery
3575,192878,1,Gesundbrunnen,2019,3,11,2,3,1,5,0,0,1,0,1,0,0,0,Mitte,Accident with minor injuries,Collision with a moving/standing/parked vehicle,Accident involving parked vehicles,Daylight,Dry
3576,192879,4,Prager Platz,2019,3,10,3,3,6,4,0,1,0,1,0,0,0,0,Charlottenburg - Wilmersdorf,Accident with minor injuries,Collision between vehicle and pedestrian,Pedestrian crossing accident,Daylight,Dry
3577,192880,4,Königin-Elisabeth-Straße,2019,3,9,2,3,2,6,0,0,1,0,0,0,0,1,Charlottenburg - Wilmersdorf,Accident with minor injuries,Collision with the vehicle in front/waiting vehicle,Collision involving vehicles going in the same way,Daylight,Wet/moist/slippery
3578,192881,8,Rixdorf,2019,3,17,5,3,2,6,2,0,1,0,0,0,0,1,Neukölln,Accident with minor injuries,Collision with the vehicle in front/waiting vehicle,Collision involving vehicles going in the same way,Dark,Wet/moist/slippery
3579,192882,4,Ernst-Reuter-Platz,2019,3,6,2,3,3,6,0,0,1,0,0,0,0,1,Charlottenburg - Wilmersdorf,Accident with minor injuries,Collision with a vehicle traveling laterally in the same direction,Collision involving vehicles going in the same way,Daylight,Wet/moist/slippery
3580,192883,4,George-Grosz-Platz,2019,3,18,2,3,5,2,1,0,1,0,1,0,0,1,Charlottenburg - Wilmersdorf,Accident with minor injuries,Collision with a turning/crossing vehicle,Turning accident,Twilight,Wet/moist/slippery
3581,192884,4,Schaperstraße,2019,3,9,3,3,5,2,0,0,1,0,1,0,0,0,Charlottenburg - Wilmersdorf,Accident with minor injuries,Collision with a turning/crossing vehicle,Turning accident,Daylight,Dry
3582,192885,1,Leipziger Straße,2019,3,19,2,3,5,3,2,1,1,0,0,0,0,1,Mitte,Accident with minor injuries,Collision with a turning/crossing vehicle,Turning/Crossing accident,Dark,Wet/moist/slippery
3583,192886,9,Adlershof West,2019,3,19,2,3,5,3,2,1,1,0,0,0,0,1,Treptow-Köpenick,Accident with minor injuries,Collision with a turning/crossing vehicle,Turning/Crossing accident,Dark,Wet/moist/slippery
3584,192887,2,Rathaus Yorckstraße,2019,3,8,3,2,6,2,0,0,0,1,0,1,0,0,Friedrichshain - Kreuzberg,Accident with serious injuries,Collision between vehicle and pedestrian,Turning accident,Daylight,Dry
3585,192888,2,Graefekiez,2019,3,20,2,2,5,3,2,1,1,0,0,0,0,1,Friedrichshain - Kreuzberg,Accident with serious injuries,Collision with a turning/crossing vehicle,Turning/Crossing accident,Dark,Wet/moist/slippery
3586,192889,1,Heidestraße,2019,3,22,2,2,5,2,2,0,1,0,0,0,0,1,Mitte,Accident with serious injuries,Collision with a turning/crossing vehicle,Turning accident,Dark,Wet/moist/slippery
3587,192890,9,Elsenstraße,2019,3,8,3,3,5,3,0,1,1,0,0,0,0,1,Treptow-Köpenick,Accident with minor injuries,Collision with a turning/crossing vehicle,Turning/Crossing accident,Daylight,Wet/moist/slippery
3588,192891,1,Charitéviertel,2019,3,23,2,2,6,4,2,0,1,1,0,0,0,0,Mitte,Accident with serious injuries,Collision between vehicle and pedestrian,Pedestrian crossing accident,Dark,Dry
3589,192892,1,Wilhelmstraße,2019,3,8,3,3,5,3,0,1,1,0,0,0,0,1,Mitte,Accident with minor injuries,Collision with a turning/crossing vehicle,Turning/Crossing accident,Daylight,Wet/moist/slippery
3590,192893,5,Carl-Schurz-Straße,2019,3,17,2,2,6,4,1,0,1,1,0,0,0,1,Spandau,Accident with serious injuries,Collision between vehicle and pedestrian,Pedestrian crossing accident,Twilight,Wet/moist/slippery
3591,192894,9,Adlershof Ost,2019,3,8,2,3,5,3,0,0,1,0,0,0,0,0,Treptow-Köpenick,Accident with minor injuries,Collision with a turning/crossing vehicle,Turning/Crossing accident,Daylight,Dry
3592,192895,2,Viktoriapark,2019,3,0,3,3,5,3,2,0,1,0,0,0,0,1,Friedrichshain - Kreuzberg,Accident with minor injuries,Collision with a turning/crossing vehicle,Turning/Crossing accident,Dark,Wet/moist/slippery
3593,192896,11,Rüdigerstraße,2019,3,17,2,2,0,1,0,1,0,0,0,0,0,1,Lichtenberg,Accident with serious injuries,Others,Driving accident,Daylight,Wet/moist/slippery
3594,192897,5,Carl-Schurz-Straße,2019,3,6,3,3,0,6,0,0,0,0,1,0,1,1,Spandau,Accident with minor injuries,Others,Collision involving vehicles going in the same way,Daylight,Wet/moist/slippery
3595,192898,10,Mahlsdorf Süd,2019,3,4,2,3,0,6,2,0,1,0,0,0,1,1,Marzahn-Hellersdorf,Accident with minor injuries,Others,Collision involving vehicles going in the same way,Dark,Wet/moist/slippery
3596,192899,1,Westliche Müllerstraße,2019,3,13,2,3,0,1,0,0,0,0,1,0,0,1,Mitte,Accident with minor injuries,Others,Driving accident,Daylight,Wet/moist/slippery
3597,192900,6,Zehlendorf Süd,2019,3,7,3,3,5,2,0,1,1,0,0,0,0,0,Steglitz-Zehlendorf,Accident with minor injuries,Collision with a turning/crossing vehicle,Turning accident,Daylight,Dry
3598,192901,12,Dannenwalder Weg,2019,3,18,1,3,5,2,1,1,1,0,0,0,0,0,Reinickendorf,Accident with minor injuries,Collision with a turning/crossing vehicle,Turning accident,Twilight,Dry
3599,192902,8,Buschkrugallee Nord,2019,3,13,1,3,5,2,0,0,1,0,0,0,0,1,Neukölln,Accident with minor injuries,Collision with a turning/crossing vehicle,Turning accident,Daylight,Wet/moist/slippery
3600,192903,4,Karl-August-Platz,2019,3,7,3,3,3,6,0,0,1,0,1,0,0,0,Charlottenburg - Wilmersdorf,Accident with minor injuries,Collision with a vehicle traveling laterally in the same direction,Collision involving vehicles going in the same way,Daylight,Dry
3601,192904,9,Dorf Altglienicke,2019,3,0,1,2,1,5,2,0,1,0,0,0,0,0,Treptow-Köpenick,Accident with serious injuries,Collision with a moving/standing/parked vehicle,Accident involving parked vehicles,Dark,Dry
3602,192905,4,Park Ruhwald,2019,3,22,1,3,4,1,2,0,1,0,0,0,1,1,Charlottenburg - Wilmersdorf,Accident with minor injuries,Collision with oncoming vehicle,Driving accident,Dark,Wet/moist/slippery
3603,192906,1,Humboldthain Nordwest,2019,3,16,3,3,2,6,0,0,1,0,0,0,0,0,Mitte,Accident with minor injuries,Collision with the vehicle in front/waiting vehicle,Collision involving vehicles going in the same way,Daylight,Dry
3604,192907,3,Falkplatz,2019,3,18,1,3,0,6,2,0,1,0,1,0,0,1,Pankow,Accident with minor injuries,Others,Collision involving vehicles going in the same way,Dark,Wet/moist/slippery
3605,192908,3,Heinersdorf,2019,3,8,3,3,5,2,0,1,1,0,0,0,0,1,Pankow,Accident with minor injuries,Collision with a turning/crossing vehicle,Turning accident,Daylight,Wet/moist/slippery
3606,192909,1,Karl-Marx-Allee,2019,3,17,1,3,5,2,1,1,1,0,0,0,0,1,Mitte,Accident with minor injuries,Collision with a turning/crossing vehicle,Turning accident,Twilight,Wet/moist/slippery
3607,192910,5,Borkumer Straße,2019,3,16,1,3,2,1,0,0,1,0,1,0,0,1,Spandau,Accident with minor injuries,Collision with the vehicle in front/waiting vehicle,Driving accident,Daylight,Wet/moist/slippery
3608,192911,5,Adamstraße,2019,3,16,3,3,6,4,0,0,1,1,0,0,0,0,Spandau,Accident with minor injuries,Collision between vehicle and pedestrian,Pedestrian crossing accident,Daylight,Dry
3609,192912,2,Wassertorplatz,2019,3,15,1,3,3,6,0,0,1,0,1,0,0,1,Friedrichshain - Kreuzberg,Accident with minor injuries,Collision with a vehicle traveling laterally in the same direction,Collision involving vehicles going in the same way,Daylight,Wet/moist/slippery
3610,192913,4,Kranzallee,2019,3,15,1,3,5,3,0,0,1,0,0,0,0,1,Charlottenburg - Wilmersdorf,Accident with minor injuries,Collision with a turning/crossing vehicle,Turning/Crossing accident,Daylight,Wet/moist/slippery
3611,192914,12,Klixstraße,2019,3,10,1,3,5,3,0,0,1,0,0,0,0,1,Reinickendorf,Accident with minor injuries,Collision with a turning/crossing vehicle,Turning/Crossing accident,Daylight,Wet/moist/slippery
3612,192915,3,Pankow Zentrum,2019,3,8,3,3,1,5,0,1,1,0,0,0,0,1,Pankow,Accident with minor injuries,Collision with a moving/standing/parked vehicle,Accident involving parked vehicles,Daylight,Wet/moist/slippery
3613,192916,6,Teltower Damm,2019,3,4,1,2,6,4,2,0,0,1,0,0,1,1,Steglitz-Zehlendorf,Accident with serious injuries,Collision between vehicle and pedestrian,Pedestrian crossing accident,Dark,Wet/moist/slippery
3614,192917,2,Graefekiez,2019,3,23,1,3,2,2,2,0,1,0,0,0,0,1,Friedrichshain - Kreuzberg,Accident with minor injuries,Collision with the vehicle in front/waiting vehicle,Turning accident,Dark,Wet/moist/slippery
3615,192918,6,Schütte-Lanz-Straße,2019,3,10,1,3,2,6,0,0,1,0,0,0,0,1,Steglitz-Zehlendorf,Accident with minor injuries,Collision with the vehicle in front/waiting vehicle,Collision involving vehicles going in the same way,Daylight,Wet/moist/slippery
3616,192919,3,Pankow Zentrum,2019,3,16,3,3,2,6,0,1,1,0,0,0,0,0,Pankow,Accident with minor injuries,Collision with the vehicle in front/waiting vehicle,Collision involving vehicles going in the same way,Daylight,Dry
3617,192920,1,Sparrplatz,2019,3,10,1,3,5,3,0,0,1,0,0,0,0,0,Mitte,Accident with minor injuries,Collision with a turning/crossing vehicle,Turning/Crossing accident,Daylight,Dry
3618,192921,1,Reinickendorfer Straße,2019,3,23,1,3,9,1,2,0,1,0,0,0,0,1,Mitte,Accident with minor injuries,Departure from the roadway to the left,Driving accident,Dark,Wet/moist/slippery