,object id,district,street,year,month,hour of day,weekday,category,accident type,accident type 2,light situation,bike involved,car involved,pedestrian involved,motor bike involved,big track involved,other vehicle involved,road condition,district name,category name,accident detail,accident type detail,light condition,road condition detail
3752,193055,3,Herthaplatz,2019,3,10,7,3,5,2,0,0,1,0,1,0,0,0,Pankow,Accident with minor injuries,Collision with a turning/crossing vehicle,Turning accident,Daylight,Dry
3753,193056,1,Unter den Linden Süd,2019,3,7,4,3,5,2,0,1,1,0,0,0,0,0,Mitte,Accident with minor injuries,Collision with a turning/crossing vehicle,Turning accident,Daylight,Dry
3754,193057,2,Wriezener Bahnhof/Entwicklungsgebiet,2019,3,2,7,3,2,4,2,0,1,1,0,0,0,0,Friedrichshain - Kreuzberg,Accident with minor injuries,Collision with the vehicle in front/waiting vehicle,Pedestrian crossing accident,Dark,Dry
3755,193058,2,Lausitzer Platz,2019,3,9,7,2,8,1,0,0,1,0,0,0,0,0,Friedrichshain - Kreuzberg,Accident with serious injuries,Departure from the roadway to the right,Driving accident,Daylight,Dry
3756,193059,2,Lausitzer Platz,2019,3,6,4,3,2,2,0,1,1,0,0,0,0,0,Friedrichshain - Kreuzberg,Accident with minor injuries,Collision with the vehicle in front/waiting vehicle,Turning accident,Daylight,Dry
3757,193060,2,Oranienplatz,2019,3,2,7,2,0,1,2,1,0,0,0,0,0,0,Friedrichshain - Kreuzberg,Accident with serious injuries,Others,Driving accident,Dark,Dry
3758,193061,5,Zitadellenweg,2019,3,17,6,3,6,2,0,0,0,1,0,0,1,0,Spandau,Accident with minor injuries,Collision between vehicle and pedestrian,Turning accident,Daylight,Dry
3759,193062,10,Alt-Mahlsdorf,2019,3,14,6,2,0,1,0,0,0,0,1,0,0,0,Marzahn-Hellersdorf,Accident with serious injuries,Others,Driving accident,Daylight,Dry
3760,193063,8,Reuterkiez,2019,3,23,6,3,5,3,2,1,1,0,0,0,0,0,Neukölln,Accident with minor injuries,Collision with a turning/crossing vehicle,Turning/Crossing accident,Dark,Dry
3761,193064,1,Unter den Linden Nord,2019,3,22,4,2,5,3,2,0,1,0,0,0,1,1,Mitte,Accident with serious injuries,Collision with a turning/crossing vehicle,Turning/Crossing accident,Dark,Wet/moist/slippery
3762,193065,6,Lichterfelde West,2019,3,8,6,3,0,2,0,0,0,0,0,0,1,0,Steglitz-Zehlendorf,Accident with minor injuries,Others,Turning accident,Daylight,Dry
3763,193066,2,Urbanstraße,2019,3,17,6,2,5,7,0,1,1,0,0,0,0,0,Friedrichshain - Kreuzberg,Accident with serious injuries,Collision with a turning/crossing vehicle,Others,Daylight,Dry
3764,193067,12,Hermsdorf,2019,3,0,6,3,0,7,2,0,1,0,1,0,0,1,Reinickendorf,Accident with minor injuries,Others,Others,Dark,Wet/moist/slippery
3765,193068,9,Dorf Altglienicke,2019,3,16,6,3,5,3,0,1,1,0,0,0,0,0,Treptow-Köpenick,Accident with minor injuries,Collision with a turning/crossing vehicle,Turning/Crossing accident,Daylight,Dry
3766,193069,10,Kaulsdorf Süd,2019,3,16,4,3,2,2,0,0,1,0,0,0,1,0,Marzahn-Hellersdorf,Accident with minor injuries,Collision with the vehicle in front/waiting vehicle,Turning accident,Daylight,Dry
3767,193070,9,Dammvorstadt,2019,3,9,6,2,6,4,0,0,1,1,0,0,0,0,Treptow-Köpenick,Accident with serious injuries,Collision between vehicle and pedestrian,Pedestrian crossing accident,Daylight,Dry
3768,193071,9,Dorf Altglienicke,2019,3,11,6,3,5,3,0,1,1,0,0,0,0,0,Treptow-Köpenick,Accident with minor injuries,Collision with a turning/crossing vehicle,Turning/Crossing accident,Daylight,Dry
3769,193072,1,Unter den Linden Süd,2019,3,8,6,3,1,5,0,1,1,0,0,0,1,0,Mitte,Accident with minor injuries,Collision with a moving/standing/parked vehicle,Accident involving parked vehicles,Daylight,Dry
3770,193073,6,Dahlem,2019,3,15,4,3,2,2,0,1,1,0,0,0,0,0,Steglitz-Zehlendorf,Accident with minor injuries,Collision with the vehicle in front/waiting vehicle,Turning accident,Daylight,Dry
3771,193074,1,Reinickendorfer Straße,2019,3,8,6,3,0,2,0,0,1,0,0,0,1,0,Mitte,Accident with minor injuries,Others,Turning accident,Daylight,Dry
3772,193075,7,Rathaus Tempelhof,2019,3,14,4,3,5,3,0,0,1,0,0,0,0,0,Tempelhof-Schöneberg,Accident with minor injuries,Collision with a turning/crossing vehicle,Turning/Crossing accident,Daylight,Dry
3773,193076,4,Halensee,2019,3,7,6,3,3,6,0,1,1,0,0,0,0,0,Charlottenburg - Wilmersdorf,Accident with minor injuries,Collision with a vehicle traveling laterally in the same direction,Collision involving vehicles going in the same way,Daylight,Dry
3774,193077,2,Traveplatz,2019,3,7,6,3,0,7,0,0,1,0,1,0,0,0,Friedrichshain - Kreuzberg,Accident with minor injuries,Others,Others,Daylight,Dry
3775,193078,9,Baumschulenstraße,2019,3,13,4,3,5,2,0,0,1,0,0,1,0,0,Treptow-Köpenick,Accident with minor injuries,Collision with a turning/crossing vehicle,Turning accident,Daylight,Dry
3776,193079,6,Südende,2019,3,14,6,2,3,6,0,0,1,0,1,0,0,0,Steglitz-Zehlendorf,Accident with serious injuries,Collision with a vehicle traveling laterally in the same direction,Collision involving vehicles going in the same way,Daylight,Dry
3777,193080,2,Mehringplatz,2019,3,15,6,2,1,5,0,0,1,0,0,0,1,0,Friedrichshain - Kreuzberg,Accident with serious injuries,Collision with a moving/standing/parked vehicle,Accident involving parked vehicles,Daylight,Dry
3778,193081,6,Mittelstraße,2019,3,16,5,3,0,6,0,0,1,0,0,0,1,0,Steglitz-Zehlendorf,Accident with minor injuries,Others,Collision involving vehicles going in the same way,Daylight,Dry
3779,193082,1,Elberfelder Straße,2019,3,18,6,2,5,2,1,0,0,0,1,0,1,0,Mitte,Accident with serious injuries,Collision with a turning/crossing vehicle,Turning accident,Twilight,Dry
3780,193083,4,Tegeler Weg,2019,3,17,4,3,5,2,0,0,1,0,0,0,0,0,Charlottenburg - Wilmersdorf,Accident with minor injuries,Collision with a turning/crossing vehicle,Turning accident,Daylight,Dry
3781,193084,9,Köpenick Nord,2019,3,14,6,3,2,6,0,0,1,0,0,0,0,0,Treptow-Köpenick,Accident with minor injuries,Collision with the vehicle in front/waiting vehicle,Collision involving vehicles going in the same way,Daylight,Dry
3782,193085,5,Motardstraße,2019,3,11,4,3,5,3,0,1,1,0,0,0,0,0,Spandau,Accident with minor injuries,Collision with a turning/crossing vehicle,Turning/Crossing accident,Daylight,Dry
3783,193086,5,Hakenfelde Nord,2019,3,19,6,3,5,3,2,1,1,0,0,0,0,0,Spandau,Accident with minor injuries,Collision with a turning/crossing vehicle,Turning/Crossing accident,Dark,Dry
3784,193087,8,Reuterkiez,2019,3,12,6,3,5,3,0,0,1,0,0,0,0,0,Neukölln,Accident with minor injuries,Collision with a turning/crossing vehicle,Turning/Crossing accident,Daylight,Dry
3785,193088,12,Hausotterplatz,2019,3,19,6,2,5,3,2,0,1,0,0,0,0,0,Reinickendorf,Accident with serious injuries,Collision with a turning/crossing vehicle,Turning/Crossing accident,Dark,Dry
3786,193089,1,Lützowstraße,2019,3,21,4,3,5,3,2,1,1,0,0,0,0,1,Mitte,Accident with minor injuries,Collision with a turning/crossing vehicle,Turning/Crossing accident,Dark,Wet/moist/slippery
3787,193090,1,Lüneburger Straße,2019,3,8,5,3,5,2,0,1,1,0,0,0,0,0,Mitte,Accident with minor injuries,Collision with a turning/crossing vehicle,Turning accident,Daylight,Dry
3788,193091,8,Rixdorf,2019,3,22,4,3,5,3,2,0,1,0,0,0,0,1,Neukölln,Accident with minor injuries,Collision with a turning/crossing vehicle,Turning/Crossing accident,Dark,Wet/moist/slippery
3789,193092,12,Scharnweberstraße,2019,3,23,5,3,5,2,2,0,1,0,0,0,0,0,Reinickendorf,Accident with minor injuries,Collision with a turning/crossing vehicle,Turning accident,Dark,Dry
3790,193093,1,Lützowstraße,2019,3,21,5,3,2,6,2,0,1,0,0,0,0,0,Mitte,Accident with minor injuries,Collision with the vehicle in front/waiting vehicle,Collision involving vehicles going in the same way,Dark,Dry
3791,193094,2,Wassertorplatz,2019,3,23,4,3,2,2,2,0,1,0,0,0,0,1,Friedrichshain - Kreuzberg,Accident with minor injuries,Collision with the vehicle in front/waiting vehicle,Turning accident,Dark,Wet/moist/slippery
3792,193095,9,Bölschestraße,2019,3,20,5,3,6,4,2,0,1,1,0,0,0,0,Treptow-Köpenick,Accident with minor injuries,Collision between vehicle and pedestrian,Pedestrian crossing accident,Dark,Dry
3793,193096,1,Lübecker Straße,2019,3,19,5,3,0,7,2,1,0,0,0,0,1,0,Mitte,Accident with minor injuries,Others,Others,Dark,Dry
3794,193097,6,Komponistenviertel Lankwitz,2019,3,11,6,3,1,5,0,1,1,0,0,0,0,0,Steglitz-Zehlendorf,Accident with minor injuries,Collision with a moving/standing/parked vehicle,Accident involving parked vehicles,Daylight,Dry
3795,193098,5,Kafkastraße,2019,3,10,4,3,5,3,0,0,1,0,0,0,1,0,Spandau,Accident with minor injuries,Collision with a turning/crossing vehicle,Turning/Crossing accident,Daylight,Dry
3796,193099,12,Hermsdorf,2019,3,19,5,3,5,3,2,1,1,0,0,0,0,0,Reinickendorf,Accident with minor injuries,Collision with a turning/crossing vehicle,Turning/Crossing accident,Dark,Dry
3797,193100,4,Alt-Lietzow,2019,3,16,5,3,0,3,0,1,1,0,0,0,0,0,Charlottenburg - Wilmersdorf,Accident with minor injuries,Others,Turning/Crossing accident,Daylight,Dry
3798,193101,3,Helmholtzplatz,2019,3,7,5,3,1,5,0,1,1,0,0,0,0,1,Pankow,Accident with minor injuries,Collision with a moving/standing/parked vehicle,Accident involving parked vehicles,Daylight,Wet/moist/slippery
3799,193102,12,Klixstraße,2019,3,16,5,3,6,4,0,0,1,1,0,0,0,0,Reinickendorf,Accident with minor injuries,Collision between vehicle and pedestrian,Pedestrian crossing accident,Daylight,Dry
3800,193103,6,Fischtal,2019,3,9,4,3,5,2,0,0,1,0,1,0,0,0,Steglitz-Zehlendorf,Accident with minor injuries,Collision with a turning/crossing vehicle,Turning accident,Daylight,Dry
3801,193104,5,Börnicker Straße,2019,3,16,5,2,2,6,0,0,1,0,0,0,0,0,Spandau,Accident with serious injuries,Collision with the vehicle in front/waiting vehicle,Collision involving vehicles going in the same way,Daylight,Dry
3802,193105,6,Lankwitz Kirche,2019,3,9,4,3,5,2,0,0,1,0,1,0,0,0,Steglitz-Zehlendorf,Accident with minor injuries,Collision with a turning/crossing vehicle,Turning accident,Daylight,Dry
3803,193106,4,Schaperstraße,2019,3,15,5,3,2,6,0,0,1,0,0,0,0,0,Charlottenburg - Wilmersdorf,Accident with minor injuries,Collision with the vehicle in front/waiting vehicle,Collision involving vehicles going in the same way,Daylight,Dry
3804,193107,1,Reinickendorfer Straße,2019,3,15,5,3,2,2,0,1,1,0,0,0,0,0,Mitte,Accident with minor injuries,Collision with the vehicle in front/waiting vehicle,Turning accident,Daylight,Dry
3805,193108,1,Oranienburger Straße,2019,3,21,4,3,2,6,2,0,1,0,1,0,0,1,Mitte,Accident with minor injuries,Collision with the vehicle in front/waiting vehicle,Collision involving vehicles going in the same way,Dark,Wet/moist/slippery
3806,193109,3,Arnimplatz,2019,3,15,5,3,6,4,0,0,1,1,0,0,0,0,Pankow,Accident with minor injuries,Collision between vehicle and pedestrian,Pedestrian crossing accident,Daylight,Dry
3807,193110,5,Borkumer Straße,2019,3,15,5,3,5,3,0,0,1,0,0,0,0,0,Spandau,Accident with minor injuries,Collision with a turning/crossing vehicle,Turning/Crossing accident,Daylight,Dry
3808,193111,2,Boxhagener Platz,2019,3,17,6,3,0,3,0,1,1,0,0,0,0,0,Friedrichshain - Kreuzberg,Accident with minor injuries,Others,Turning/Crossing accident,Daylight,Dry
3809,193112,3,Wilhelmsruh,2019,3,8,4,3,0,1,0,1,0,0,0,0,0,0,Pankow,Accident with minor injuries,Others,Driving accident,Daylight,Dry
3810,193113,4,Breitscheidplatz,2019,3,15,5,3,3,6,0,1,0,0,0,0,1,0,Charlottenburg - Wilmersdorf,Accident with minor injuries,Collision with a vehicle traveling laterally in the same direction,Collision involving vehicles going in the same way,Daylight,Dry
3811,193114,12,Alt-Tegel,2019,3,13,5,2,5,3,0,0,1,0,0,1,0,0,Reinickendorf,Accident with serious injuries,Collision with a turning/crossing vehicle,Turning/Crossing accident,Daylight,Dry
3812,193115,4,Wilhelmsaue,2019,3,12,5,3,5,3,0,1,1,0,0,0,0,1,Charlottenburg - Wilmersdorf,Accident with minor injuries,Collision with a turning/crossing vehicle,Turning/Crossing accident,Daylight,Wet/moist/slippery
3813,193116,4,Schaperstraße,2019,3,13,5,3,2,7,0,1,1,0,0,0,0,0,Charlottenburg - Wilmersdorf,Accident with minor injuries,Collision with the vehicle in front/waiting vehicle,Others,Daylight,Dry
3814,193117,7,Eisenacher Straße,2019,3,12,6,3,2,6,0,0,1,0,0,0,0,0,Tempelhof-Schöneberg,Accident with minor injuries,Collision with the vehicle in front/waiting vehicle,Collision involving vehicles going in the same way,Daylight,Dry
3815,193118,6,Feuerbachstraße,2019,3,21,4,3,6,2,2,0,1,1,0,0,0,1,Steglitz-Zehlendorf,Accident with minor injuries,Collision between vehicle and pedestrian,Turning accident,Dark,Wet/moist/slippery
3816,193119,7,Marienfelde Süd,2019,3,13,5,3,2,6,0,0,1,0,1,0,0,0,Tempelhof-Schöneberg,Accident with minor injuries,Collision with the vehicle in front/waiting vehicle,Collision involving vehicles going in the same way,Daylight,Dry
3817,193120,3,Pankow Zentrum,2019,3,11,5,3,5,3,0,0,1,0,0,0,0,0,Pankow,Accident with minor injuries,Collision with a turning/crossing vehicle,Turning/Crossing accident,Daylight,Dry
3818,193121,8,Reuterkiez,2019,3,9,5,3,6,4,0,0,0,1,1,0,0,0,Neukölln,Accident with minor injuries,Collision between vehicle and pedestrian,Pedestrian crossing accident,Daylight,Dry
3819,193122,5,Gartenfelder Straße,2019,3,14,5,3,0,1,0,0,1,0,0,0,1,0,Spandau,Accident with minor injuries,Others,Driving accident,Daylight,Dry
3820,193123,5,Gartenfelder Straße,2019,3,8,4,3,5,2,0,0,1,0,0,0,0,0,Spandau,Accident with minor injuries,Collision with a turning/crossing vehicle,Turning accident,Daylight,Dry
3821,193124,9,Johannisthal West,2019,3,14,5,3,0,3,0,0,1,0,1,0,0,0,Treptow-Köpenick,Accident with minor injuries,Others,Turning/Crossing accident,Daylight,Dry
3822,193125,9,Dammvorstadt,2019,3,18,4,3,3,6,2,0,1,0,1,0,0,0,Treptow-Köpenick,Accident with minor injuries,Collision with a vehicle traveling laterally in the same direction,Collision involving vehicles going in the same way,Dark,Dry
3823,193126,5,Döberitzer Weg,2019,3,14,5,3,5,3,0,1,0,0,0,0,1,0,Spandau,Accident with minor injuries,Collision with a turning/crossing vehicle,Turning/Crossing accident,Daylight,Dry
3824,193127,4,Schloßgarten,2019,3,13,5,3,1,5,0,1,0,0,0,0,1,0,Charlottenburg - Wilmersdorf,Accident with minor injuries,Collision with a moving/standing/parked vehicle,Accident involving parked vehicles,Daylight,Dry
3825,193128,9,Grünau,2019,3,17,4,3,0,5,0,1,1,0,0,0,0,0,Treptow-Köpenick,Accident with minor injuries,Others,Accident involving parked vehicles,Daylight,Dry
3826,193129,4,Lietzensee,2019,3,13,5,2,2,6,0,1,0,0,0,1,0,0,Charlottenburg - Wilmersdorf,Accident with serious injuries,Collision with the vehicle in front/waiting vehicle,Collision involving vehicles going in the same way,Daylight,Dry
3827,193130,6,Schweizer Viertel,2019,3,9,5,3,5,3,0,0,1,0,0,0,0,0,Steglitz-Zehlendorf,Accident with minor injuries,Collision with a turning/crossing vehicle,Turning/Crossing accident,Daylight,Dry
3828,193131,4,Jungfernheide,2019,3,17,6,3,5,3,0,0,1,0,0,0,0,0,Charlottenburg - Wilmersdorf,Accident with minor injuries,Collision with a turning/crossing vehicle,Turning/Crossing accident,Daylight,Dry
3829,193132,11,Rummelsburg,2019,3,6,4,3,2,6,0,1,1,0,0,0,0,0,Lichtenberg,Accident with minor injuries,Collision with the vehicle in front/waiting vehicle,Collision involving vehicles going in the same way,Daylight,Dry
3830,193133,1,Leipziger Straße,2019,3,8,5,3,5,3,0,1,1,0,0,0,0,0,Mitte,Accident with minor injuries,Collision with a turning/crossing vehicle,Turning/Crossing accident,Daylight,Dry
3831,193134,7,Nollendorfplatz,2019,3,14,5,3,5,3,0,0,1,0,1,0,0,0,Tempelhof-Schöneberg,Accident with minor injuries,Collision with a turning/crossing vehicle,Turning/Crossing accident,Daylight,Dry
3832,193135,2,Moritzplatz,2019,3,8,5,3,2,6,0,0,1,0,0,0,0,0,Friedrichshain - Kreuzberg,Accident with minor injuries,Collision with the vehicle in front/waiting vehicle,Collision involving vehicles going in the same way,Daylight,Dry
3833,193136,1,Nördlicher Landwehrkanal,2019,3,17,4,3,5,2,0,1,1,0,0,0,0,0,Mitte,Accident with minor injuries,Collision with a turning/crossing vehicle,Turning accident,Daylight,Dry
3834,193137,7,Eisenacher Straße,2019,3,7,5,3,5,3,0,1,1,0,0,0,0,0,Tempelhof-Schöneberg,Accident with minor injuries,Collision with a turning/crossing vehicle,Turning/Crossing accident,Daylight,Dry
3835,193138,4,Brabanter Platz,2019,3,17,4,3,2,6,0,0,1,0,0,0,0,0,Charlottenburg - Wilmersdorf,Accident with minor injuries,Collision with the vehicle in front/waiting vehicle,Collision involving vehicles going in the same way,Daylight,Dry
3836,193139,10,Mahlsdorf Süd,2019,3,7,5,2,5,3,0,0,1,0,1,0,0,0,Marzahn-Hellersdorf,Accident with serious injuries,Collision with a turning/crossing vehicle,Turning/Crossing accident,Daylight,Dry
3837,193140,3,Arnimplatz,2019,3,7,5,3,5,2,0,1,1,0,0,0,0,0,Pankow,Accident with minor injuries,Collision with a turning/crossing vehicle,Turning accident,Daylight,Dry
3838,193141,8,Wissmannstraße,2019,3,5,4,3,6,2,0,0,1,1,0,0,0,0,Neukölln,Accident with minor injuries,Collision between vehicle and pedestrian,Turning accident,Daylight,Dry
3839,193142,3,Buchholz,2019,3,6,5,3,5,3,1,0,1,0,0,0,0,0,Pankow,Accident with minor injuries,Collision with a turning/crossing vehicle,Turning/Crossing accident,Twilight,Dry
3840,193143,1,Unter den Linden Süd,2019,3,4,4,3,6,2,2,0,1,1,0,0,0,0,Mitte,Accident with minor injuries,Collision between vehicle and pedestrian,Turning accident,Dark,Dry
3841,193144,1,Emdener Straße,2019,3,6,5,3,0,1,0,1,0,0,0,0,0,0,Mitte,Accident with minor injuries,Others,Driving accident,Daylight,Dry
3842,193145,9,Bohnsdorf,2019,3,14,4,2,0,3,0,1,0,0,0,0,1,0,Treptow-Köpenick,Accident with serious injuries,Others,Turning/Crossing accident,Daylight,Dry
3843,193146,12,Klixstraße,2019,3,16,4,3,0,6,0,0,1,0,1,0,0,1,Reinickendorf,Accident with minor injuries,Others,Collision involving vehicles going in the same way,Daylight,Wet/moist/slippery
3844,193147,1,Wilhelmstraße,2019,3,21,4,3,0,6,2,0,1,0,1,0,0,0,Mitte,Accident with minor injuries,Others,Collision involving vehicles going in the same way,Dark,Dry
3845,193148,1,Humboldthain Nordwest,2019,3,8,4,3,1,5,0,1,0,0,0,0,1,0,Mitte,Accident with minor injuries,Collision with a moving/standing/parked vehicle,Accident involving parked vehicles,Daylight,Dry
3846,193149,6,Komponistenviertel Lankwitz,2019,3,14,6,3,2,6,0,0,1,0,0,0,0,0,Steglitz-Zehlendorf,Accident with minor injuries,Collision with the vehicle in front/waiting vehicle,Collision involving vehicles going in the same way,Daylight,Dry
3847,193150,12,Waldidyll/Flughafensee,2019,3,21,4,3,5,3,2,0,1,0,0,0,0,0,Reinickendorf,Accident with minor injuries,Collision with a turning/crossing vehicle,Turning/Crossing accident,Dark,Dry
3848,193151,2,Hausburgviertel,2019,3,10,3,3,6,4,0,1,0,1,0,0,0,0,Friedrichshain - Kreuzberg,Accident with minor injuries,Collision between vehicle and pedestrian,Pedestrian crossing accident,Daylight,Dry
3849,193152,8,Schillerpromenade,2019,3,18,4,3,2,6,1,0,1,0,0,0,0,0,Neukölln,Accident with minor injuries,Collision with the vehicle in front/waiting vehicle,Collision involving vehicles going in the same way,Twilight,Dry
3850,193153,2,Boxhagener Platz,2019,3,12,3,3,5,2,0,1,0,0,0,0,1,1,Friedrichshain - Kreuzberg,Accident with minor injuries,Collision with a turning/crossing vehicle,Turning accident,Daylight,Wet/moist/slippery
3851,193154,9,Müggelheim,2019,3,18,4,3,5,3,1,1,1,0,0,0,0,0,Treptow-Köpenick,Accident with minor injuries,Collision with a turning/crossing vehicle,Turning/Crossing accident,Twilight,Dry
3852,193155,3,Arnimplatz,2019,3,18,4,3,5,3,1,1,1,0,0,0,0,0,Pankow,Accident with minor injuries,Collision with a turning/crossing vehicle,Turning/Crossing accident,Twilight,Dry
3853,193156,5,Borkumer Straße,2019,3,7,3,3,5,2,0,1,1,0,0,0,0,0,Spandau,Accident with minor injuries,Collision with a turning/crossing vehicle,Turning accident,Daylight,Dry
3854,193157,10,Mahlsdorf Süd,2019,3,17,4,3,2,1,1,0,1,0,0,0,0,0,Marzahn-Hellersdorf,Accident with minor injuries,Collision with the vehicle in front/waiting vehicle,Driving accident,Twilight,Dry
3855,193158,1,Schillerpark,2019,3,17,4,3,5,2,0,1,1,0,0,0,0,0,Mitte,Accident with minor injuries,Collision with a turning/crossing vehicle,Turning accident,Daylight,Dry
3856,193159,4,Reichsstraße,2019,3,8,3,3,2,6,0,0,1,0,0,0,0,0,Charlottenburg - Wilmersdorf,Accident with minor injuries,Collision with the vehicle in front/waiting vehicle,Collision involving vehicles going in the same way,Daylight,Dry
3857,193160,11,Rüdigerstraße,2019,3,16,4,3,2,2,0,0,1,0,0,0,0,0,Lichtenberg,Accident with minor injuries,Collision with the vehicle in front/waiting vehicle,Turning accident,Daylight,Dry
3858,193161,11,Falkenberg West,2019,3,16,4,3,2,2,2,0,1,0,0,0,0,0,Lichtenberg,Accident with minor injuries,Collision with the vehicle in front/waiting vehicle,Turning accident,Dark,Dry
3859,193162,8,Buckow Mitte,2019,3,16,5,2,2,6,0,0,1,0,0,0,0,1,Neukölln,Accident with serious injuries,Collision with the vehicle in front/waiting vehicle,Collision involving vehicles going in the same way,Daylight,Wet/moist/slippery
3860,193163,2,Wriezener Bahnhof/Entwicklungsgebiet,2019,3,16,4,3,3,6,0,1,0,0,0,1,0,0,Friedrichshain - Kreuzberg,Accident with minor injuries,Collision with a vehicle traveling laterally in the same direction,Collision involving vehicles going in the same way,Daylight,Dry
3861,193164,1,Alexanderplatzviertel,2019,3,9,4,3,5,2,0,1,1,0,0,0,0,0,Mitte,Accident with minor injuries,Collision with a turning/crossing vehicle,Turning accident,Daylight,Dry
3862,193165,12,Scharnweberstraße,2019,3,20,3,2,0,7,2,0,0,0,1,0,0,1,Reinickendorf,Accident with serious injuries,Others,Others,Dark,Wet/moist/slippery
3863,193166,12,Breitkopfbecken,2019,3,22,4,2,5,2,2,0,1,0,0,0,0,0,Reinickendorf,Accident with serious injuries,Collision with a turning/crossing vehicle,Turning accident,Dark,Dry
3864,193167,1,Humboldthain Süd,2019,3,18,4,3,9,1,2,0,0,0,0,0,1,0,Mitte,Accident with minor injuries,Departure from the roadway to the left,Driving accident,Dark,Dry
3865,193168,1,Arkonaplatz,2019,3,10,5,3,0,7,0,1,0,0,0,0,0,1,Mitte,Accident with minor injuries,Others,Others,Daylight,Wet/moist/slippery
3866,193169,6,Komponistenviertel Lankwitz,2019,3,16,4,3,2,6,0,0,1,0,0,0,0,0,Steglitz-Zehlendorf,Accident with minor injuries,Collision with the vehicle in front/waiting vehicle,Collision involving vehicles going in the same way,Daylight,Dry
3867,193170,10,Marzahner Promenade,2019,3,19,3,3,5,3,2,1,1,0,0,0,0,0,Marzahn-Hellersdorf,Accident with minor injuries,Collision with a turning/crossing vehicle,Turning/Crossing accident,Dark,Dry
3868,193171,1,Rehberge,2019,3,16,4,3,5,3,0,0,1,0,0,0,0,0,Mitte,Accident with minor injuries,Collision with a turning/crossing vehicle,Turning/Crossing accident,Daylight,Dry
3869,193172,2,Mehringplatz,2019,3,18,3,3,1,5,1,1,0,0,0,0,1,0,Friedrichshain - Kreuzberg,Accident with minor injuries,Collision with a moving/standing/parked vehicle,Accident involving parked vehicles,Twilight,Dry
3870,193173,2,Lausitzer Platz,2019,3,15,4,3,1,5,0,1,1,0,0,0,0,0,Friedrichshain - Kreuzberg,Accident with minor injuries,Collision with a moving/standing/parked vehicle,Accident involving parked vehicles,Daylight,Dry
3871,193174,12,Heiligensee,2019,3,15,4,3,0,7,0,0,1,0,0,0,0,0,Reinickendorf,Accident with minor injuries,Others,Others,Daylight,Dry
3872,193175,3,Humannplatz,2019,3,15,4,2,5,3,0,0,1,0,1,0,1,0,Pankow,Accident with serious injuries,Collision with a turning/crossing vehicle,Turning/Crossing accident,Daylight,Dry
3873,193176,1,Beusselkiez,2019,3,16,3,3,5,2,0,0,1,0,0,0,0,0,Mitte,Accident with minor injuries,Collision with a turning/crossing vehicle,Turning accident,Daylight,Dry
3874,193177,2,Hausburgviertel,2019,3,12,4,3,3,6,0,1,0,0,0,0,0,0,Friedrichshain - Kreuzberg,Accident with minor injuries,Collision with a vehicle traveling laterally in the same direction,Collision involving vehicles going in the same way,Daylight,Dry
3875,193178,12,Scharnweberstraße,2019,3,12,4,3,6,4,0,1,0,1,0,0,0,0,Reinickendorf,Accident with minor injuries,Collision between vehicle and pedestrian,Pedestrian crossing accident,Daylight,Dry
3876,193179,1,Unter den Linden Süd,2019,3,9,6,3,0,5,0,0,1,0,0,0,0,0,Mitte,Accident with minor injuries,Others,Accident involving parked vehicles,Daylight,Dry
3877,193180,5,Rohrdamm,2019,3,15,3,3,2,6,0,0,1,0,0,0,0,1,Spandau,Accident with minor injuries,Collision with the vehicle in front/waiting vehicle,Collision involving vehicles going in the same way,Daylight,Wet/moist/slippery
3878,193181,12,Klixstraße,2019,3,11,4,3,2,6,0,0,1,0,0,0,0,0,Reinickendorf,Accident with minor injuries,Collision with the vehicle in front/waiting vehicle,Collision involving vehicles going in the same way,Daylight,Dry
3879,193182,12,Frohnau,2019,3,6,4,3,5,3,0,1,1,0,0,0,0,0,Reinickendorf,Accident with minor injuries,Collision with a turning/crossing vehicle,Turning/Crossing accident,Daylight,Dry
3880,193183,8,Buckow Mitte,2019,3,8,5,3,5,3,0,0,1,0,0,0,0,1,Neukölln,Accident with minor injuries,Collision with a turning/crossing vehicle,Turning/Crossing accident,Daylight,Wet/moist/slippery
3881,193184,11,Wartenberg Nord,2019,3,6,4,3,6,4,0,0,0,1,0,0,1,0,Lichtenberg,Accident with minor injuries,Collision between vehicle and pedestrian,Pedestrian crossing accident,Daylight,Dry
3882,193185,10,Böhlener Straße,2019,3,15,3,3,6,4,0,0,0,1,0,0,1,1,Marzahn-Hellersdorf,Accident with minor injuries,Collision between vehicle and pedestrian,Pedestrian crossing accident,Daylight,Wet/moist/slippery
3883,193186,4,Brabanter Platz,2019,3,6,4,3,6,2,0,0,0,1,0,0,1,0,Charlottenburg - Wilmersdorf,Accident with minor injuries,Collision between vehicle and pedestrian,Turning accident,Daylight,Dry
3884,193187,8,Reuterkiez,2019,3,18,3,3,0,6,0,0,1,0,0,0,1,0,Neukölln,Accident with minor injuries,Others,Collision involving vehicles going in the same way,Daylight,Dry
3885,193188,3,Karow Nord,2019,3,7,4,3,5,3,0,1,1,0,0,0,0,0,Pankow,Accident with minor injuries,Collision with a turning/crossing vehicle,Turning/Crossing accident,Daylight,Dry
3886,193189,10,Gut Hellersdorf,2019,3,7,4,3,5,3,0,0,1,0,0,0,1,0,Marzahn-Hellersdorf,Accident with minor injuries,Collision with a turning/crossing vehicle,Turning/Crossing accident,Daylight,Dry