,object id,district,street,year,month,hour of day,weekday,category,accident type,accident type 2,light situation,bike involved,car involved,pedestrian involved,motor bike involved,big track involved,other vehicle involved,road condition,district name,category name,accident detail,accident type detail,light condition,road condition detail
3887,193190,10,Springpfuhl,2019,3,17,3,2,5,3,0,0,1,0,0,0,0,1,Marzahn-Hellersdorf,Accident with serious injuries,Collision with a turning/crossing vehicle,Turning/Crossing accident,Daylight,Wet/moist/slippery
3888,193191,10,Springpfuhl,2019,3,7,4,3,0,7,0,0,1,0,0,0,1,0,Marzahn-Hellersdorf,Accident with minor injuries,Others,Others,Daylight,Dry
3889,193192,7,Manteuffelstraße,2019,3,19,3,3,2,2,2,0,1,0,0,0,1,0,Tempelhof-Schöneberg,Accident with minor injuries,Collision with the vehicle in front/waiting vehicle,Turning accident,Dark,Dry
3890,193193,3,Humannplatz,2019,3,8,4,3,2,7,0,0,1,0,0,0,0,0,Pankow,Accident with minor injuries,Collision with the vehicle in front/waiting vehicle,Others,Daylight,Dry
3891,193194,1,Wilhelmstraße,2019,3,8,4,2,5,2,0,1,0,0,0,1,0,0,Mitte,Accident with serious injuries,Collision with a turning/crossing vehicle,Turning accident,Daylight,Dry
3892,193195,4,Paul-Hertz-Siedlung,2019,3,10,4,3,3,6,0,0,1,0,0,1,0,0,Charlottenburg - Wilmersdorf,Accident with minor injuries,Collision with a vehicle traveling laterally in the same direction,Collision involving vehicles going in the same way,Daylight,Dry
3893,193196,12,Wittenau Nord,2019,3,15,3,3,5,3,0,1,1,0,0,0,0,0,Reinickendorf,Accident with minor injuries,Collision with a turning/crossing vehicle,Turning/Crossing accident,Daylight,Dry
3894,193197,4,Droysenstraße,2019,3,11,4,2,5,3,0,1,1,0,0,0,0,0,Charlottenburg - Wilmersdorf,Accident with serious injuries,Collision with a turning/crossing vehicle,Turning/Crossing accident,Daylight,Dry
3895,193198,8,Zittauer Straße,2019,3,7,4,3,5,3,0,1,1,0,0,0,0,0,Neukölln,Accident with minor injuries,Collision with a turning/crossing vehicle,Turning/Crossing accident,Daylight,Dry
3896,193199,1,Humboldthain Nordwest,2019,3,23,6,3,0,1,2,1,0,0,0,0,0,0,Mitte,Accident with minor injuries,Others,Driving accident,Dark,Dry
3897,193200,1,Unter den Linden Nord,2019,3,15,3,3,0,4,0,1,0,1,0,0,0,1,Mitte,Accident with minor injuries,Others,Pedestrian crossing accident,Daylight,Wet/moist/slippery
3898,193201,4,Alt-Lietzow,2019,3,11,4,2,0,7,0,1,0,0,0,0,0,0,Charlottenburg - Wilmersdorf,Accident with serious injuries,Others,Others,Daylight,Dry
3899,193202,1,Humboldthain Nordwest,2019,3,19,4,1,6,4,1,0,1,1,0,0,1,0,Mitte,Accident with fatalities,Collision between vehicle and pedestrian,Pedestrian crossing accident,Twilight,Dry
3900,193203,9,Adlershof West,2019,3,11,5,3,5,2,0,1,0,0,0,1,0,0,Treptow-Köpenick,Accident with minor injuries,Collision with a turning/crossing vehicle,Turning accident,Daylight,Dry
3901,193204,4,Droysenstraße,2019,3,13,3,3,1,5,0,1,1,0,0,0,1,0,Charlottenburg - Wilmersdorf,Accident with minor injuries,Collision with a moving/standing/parked vehicle,Accident involving parked vehicles,Daylight,Dry
3902,193205,5,Adamstraße,2019,3,15,3,3,6,4,0,0,1,1,0,0,0,1,Spandau,Accident with minor injuries,Collision between vehicle and pedestrian,Pedestrian crossing accident,Daylight,Wet/moist/slippery
3903,193206,6,Feuerbachstraße,2019,3,9,3,3,5,3,0,0,1,0,1,0,0,0,Steglitz-Zehlendorf,Accident with minor injuries,Collision with a turning/crossing vehicle,Turning/Crossing accident,Daylight,Dry
3904,193207,6,Lankwitz Kirche,2019,3,15,3,2,1,5,0,0,1,0,1,0,0,1,Steglitz-Zehlendorf,Accident with serious injuries,Collision with a moving/standing/parked vehicle,Accident involving parked vehicles,Daylight,Wet/moist/slippery
3905,193208,8,Gewerbegebiet Köllnische Heide,2019,3,8,3,2,5,3,0,0,1,0,0,0,0,0,Neukölln,Accident with serious injuries,Collision with a turning/crossing vehicle,Turning/Crossing accident,Daylight,Dry
3906,193209,3,Blankenburg,2019,3,7,3,3,5,2,0,1,1,0,0,0,0,0,Pankow,Accident with minor injuries,Collision with a turning/crossing vehicle,Turning accident,Daylight,Dry
3907,193210,8,Schulenburgpark,2019,3,15,3,3,5,3,0,1,1,0,0,0,0,1,Neukölln,Accident with minor injuries,Collision with a turning/crossing vehicle,Turning/Crossing accident,Daylight,Wet/moist/slippery
3908,193211,6,Wannsee,2019,3,18,3,2,1,5,1,1,1,0,0,0,0,0,Steglitz-Zehlendorf,Accident with serious injuries,Collision with a moving/standing/parked vehicle,Accident involving parked vehicles,Twilight,Dry
3909,193212,1,Charitéviertel,2019,3,19,3,3,3,6,2,0,1,0,0,0,0,0,Mitte,Accident with minor injuries,Collision with a vehicle traveling laterally in the same direction,Collision involving vehicles going in the same way,Dark,Dry
3910,193213,3,Erich-Weinert-Straße,2019,3,16,6,3,2,6,0,0,1,0,1,0,0,0,Pankow,Accident with minor injuries,Collision with the vehicle in front/waiting vehicle,Collision involving vehicles going in the same way,Daylight,Dry
3911,193214,8,Schillerpromenade,2019,3,15,3,3,6,4,0,0,1,1,0,0,0,1,Neukölln,Accident with minor injuries,Collision between vehicle and pedestrian,Pedestrian crossing accident,Daylight,Wet/moist/slippery
3912,193215,8,Parchimer Allee,2019,3,15,3,3,6,4,0,0,1,1,0,0,0,1,Neukölln,Accident with minor injuries,Collision between vehicle and pedestrian,Pedestrian crossing accident,Daylight,Wet/moist/slippery
3913,193216,5,Amorbacher Weg,2019,3,19,3,3,5,3,2,0,1,0,0,0,0,0,Spandau,Accident with minor injuries,Collision with a turning/crossing vehicle,Turning/Crossing accident,Dark,Dry
3914,193217,11,Orankesee,2019,3,23,3,3,5,2,2,0,1,0,0,0,1,0,Lichtenberg,Accident with minor injuries,Collision with a turning/crossing vehicle,Turning accident,Dark,Dry
3915,193218,7,Nollendorfplatz,2019,3,16,6,3,0,2,0,0,1,0,1,0,0,0,Tempelhof-Schöneberg,Accident with minor injuries,Others,Turning accident,Daylight,Dry
3916,193219,1,Großer Tiergarten,2019,3,15,3,3,5,3,0,0,1,0,0,0,0,1,Mitte,Accident with minor injuries,Collision with a turning/crossing vehicle,Turning/Crossing accident,Daylight,Wet/moist/slippery
3917,193220,7,Eisenacher Straße,2019,3,17,3,2,0,1,0,1,0,0,0,0,0,0,Tempelhof-Schöneberg,Accident with serious injuries,Others,Driving accident,Daylight,Dry
3918,193221,8,Reuterkiez,2019,3,20,5,3,1,5,2,1,1,0,0,0,0,1,Neukölln,Accident with minor injuries,Collision with a moving/standing/parked vehicle,Accident involving parked vehicles,Dark,Wet/moist/slippery
3919,193222,1,Schillerpark,2019,3,11,3,3,1,5,0,0,1,0,0,1,0,0,Mitte,Accident with minor injuries,Collision with a moving/standing/parked vehicle,Accident involving parked vehicles,Daylight,Dry
3920,193223,2,Friedenstraße,2019,3,15,3,3,2,6,0,0,1,0,0,0,0,1,Friedrichshain - Kreuzberg,Accident with minor injuries,Collision with the vehicle in front/waiting vehicle,Collision involving vehicles going in the same way,Daylight,Wet/moist/slippery
3921,193224,4,Hindemithplatz,2019,3,11,3,2,0,5,0,0,1,0,1,0,0,0,Charlottenburg - Wilmersdorf,Accident with serious injuries,Others,Accident involving parked vehicles,Daylight,Dry
3922,193225,12,Treuenbrietzener Straße,2019,3,15,3,3,5,3,0,0,1,0,0,0,0,1,Reinickendorf,Accident with minor injuries,Collision with a turning/crossing vehicle,Turning/Crossing accident,Daylight,Wet/moist/slippery
3923,193226,7,Eisenacher Straße,2019,3,11,3,2,3,6,0,0,0,0,1,0,1,0,Tempelhof-Schöneberg,Accident with serious injuries,Collision with a vehicle traveling laterally in the same direction,Collision involving vehicles going in the same way,Daylight,Dry
3924,193227,2,Urbanstraße,2019,3,9,3,3,0,2,0,1,0,0,0,0,1,0,Friedrichshain - Kreuzberg,Accident with minor injuries,Others,Turning accident,Daylight,Dry
3925,193228,1,Oranienburger Straße,2019,3,15,3,3,3,6,0,1,0,0,0,0,1,1,Mitte,Accident with minor injuries,Collision with a vehicle traveling laterally in the same direction,Collision involving vehicles going in the same way,Daylight,Wet/moist/slippery
3926,193229,1,Rehberge,2019,3,9,3,3,6,4,0,0,1,1,0,0,0,0,Mitte,Accident with minor injuries,Collision between vehicle and pedestrian,Pedestrian crossing accident,Daylight,Dry
3927,193230,5,Tiefwerder,2019,3,7,3,3,6,2,0,0,0,1,0,1,0,0,Spandau,Accident with minor injuries,Collision between vehicle and pedestrian,Turning accident,Daylight,Dry
3928,193231,7,Nollendorfplatz,2019,3,14,6,3,5,2,0,0,1,0,0,0,0,0,Tempelhof-Schöneberg,Accident with minor injuries,Collision with a turning/crossing vehicle,Turning accident,Daylight,Dry
3929,193232,6,Feuerbachstraße,2019,3,7,3,3,1,5,0,1,1,0,0,0,0,1,Steglitz-Zehlendorf,Accident with minor injuries,Collision with a moving/standing/parked vehicle,Accident involving parked vehicles,Daylight,Wet/moist/slippery
3930,193233,6,Königsberger Straße,2019,3,9,3,3,0,5,0,0,1,0,0,0,1,0,Steglitz-Zehlendorf,Accident with minor injuries,Others,Accident involving parked vehicles,Daylight,Dry
3931,193234,2,Stralauer Kiez,2019,3,17,3,3,3,2,0,0,1,0,1,0,0,0,Friedrichshain - Kreuzberg,Accident with minor injuries,Collision with a vehicle traveling laterally in the same direction,Turning accident,Daylight,Dry
3932,193235,1,Alexanderplatzviertel,2019,3,19,3,3,6,4,2,1,0,1,0,0,0,0,Mitte,Accident with minor injuries,Collision between vehicle and pedestrian,Pedestrian crossing accident,Dark,Dry
3933,193236,2,Lausitzer Platz,2019,3,17,3,2,6,4,1,0,1,1,0,0,0,0,Friedrichshain - Kreuzberg,Accident with serious injuries,Collision between vehicle and pedestrian,Pedestrian crossing accident,Twilight,Dry
3934,193237,8,Reuterkiez,2019,3,16,3,3,5,2,0,0,1,0,0,0,0,0,Neukölln,Accident with minor injuries,Collision with a turning/crossing vehicle,Turning accident,Daylight,Dry
3935,193238,5,Adamstraße,2019,3,15,3,3,0,4,0,0,0,1,0,0,1,0,Spandau,Accident with minor injuries,Others,Pedestrian crossing accident,Daylight,Dry
3936,193239,7,Neu-Tempelhof,2019,3,13,3,3,1,7,0,1,0,0,0,0,1,0,Tempelhof-Schöneberg,Accident with minor injuries,Collision with a moving/standing/parked vehicle,Others,Daylight,Dry
3937,193240,3,Niederschönhausen,2019,3,14,3,3,5,2,0,1,0,0,0,0,0,0,Pankow,Accident with minor injuries,Collision with a turning/crossing vehicle,Turning accident,Daylight,Dry
3938,193241,5,Ackerstraße,2019,3,13,3,3,6,4,0,0,1,1,0,0,0,0,Spandau,Accident with minor injuries,Collision between vehicle and pedestrian,Pedestrian crossing accident,Daylight,Dry
3939,193242,2,Traveplatz,2019,3,21,3,3,5,2,2,1,1,0,0,0,0,0,Friedrichshain - Kreuzberg,Accident with minor injuries,Collision with a turning/crossing vehicle,Turning accident,Dark,Dry
3940,193243,8,Donaustraße,2019,3,13,3,3,6,2,0,0,1,1,0,0,0,0,Neukölln,Accident with minor injuries,Collision between vehicle and pedestrian,Turning accident,Daylight,Dry
3941,193244,4,Jungfernheide,2019,3,23,3,3,3,6,2,0,1,0,0,0,1,1,Charlottenburg - Wilmersdorf,Accident with minor injuries,Collision with a vehicle traveling laterally in the same direction,Collision involving vehicles going in the same way,Dark,Wet/moist/slippery
3942,193245,1,Alexanderplatzviertel,2019,3,15,3,3,2,6,0,0,1,0,0,0,0,1,Mitte,Accident with minor injuries,Collision with the vehicle in front/waiting vehicle,Collision involving vehicles going in the same way,Daylight,Wet/moist/slippery
3943,193246,8,Silbersteinstraße,2019,3,12,3,3,3,6,0,0,1,0,1,0,1,1,Neukölln,Accident with minor injuries,Collision with a vehicle traveling laterally in the same direction,Collision involving vehicles going in the same way,Daylight,Wet/moist/slippery
3944,193247,10,Ringkolonnaden,2019,3,15,2,3,2,6,0,0,1,0,0,0,0,1,Marzahn-Hellersdorf,Accident with minor injuries,Collision with the vehicle in front/waiting vehicle,Collision involving vehicles going in the same way,Daylight,Wet/moist/slippery
3945,193248,4,Schloßgarten,2019,3,21,5,3,6,2,2,0,1,1,0,0,0,1,Charlottenburg - Wilmersdorf,Accident with minor injuries,Collision between vehicle and pedestrian,Turning accident,Dark,Wet/moist/slippery
3946,193249,1,Invalidenstraße,2019,3,15,2,3,1,5,0,1,1,0,0,0,0,1,Mitte,Accident with minor injuries,Collision with a moving/standing/parked vehicle,Accident involving parked vehicles,Daylight,Wet/moist/slippery
3947,193250,2,Askanischer Platz,2019,3,6,3,3,5,2,0,1,1,0,0,0,0,0,Friedrichshain - Kreuzberg,Accident with minor injuries,Collision with a turning/crossing vehicle,Turning accident,Daylight,Dry
3948,193251,8,Handwerker-Siedlung,2019,3,14,2,3,2,6,0,0,1,0,0,0,0,1,Neukölln,Accident with minor injuries,Collision with the vehicle in front/waiting vehicle,Collision involving vehicles going in the same way,Daylight,Wet/moist/slippery
3949,193252,9,Kölner Viertel,2019,3,7,3,3,5,3,0,1,1,0,0,0,0,0,Treptow-Köpenick,Accident with minor injuries,Collision with a turning/crossing vehicle,Turning/Crossing accident,Daylight,Dry
3950,193253,7,Fritz-Werner-Straße,2019,3,15,2,3,2,6,0,0,1,0,0,0,0,0,Tempelhof-Schöneberg,Accident with minor injuries,Collision with the vehicle in front/waiting vehicle,Collision involving vehicles going in the same way,Daylight,Dry
3951,193254,7,Schöneberger Insel,2019,3,15,2,3,0,2,0,0,1,0,1,0,0,1,Tempelhof-Schöneberg,Accident with minor injuries,Others,Turning accident,Daylight,Wet/moist/slippery
3952,193255,2,Viktoriapark,2019,3,15,2,3,5,2,0,1,1,0,0,0,0,0,Friedrichshain - Kreuzberg,Accident with minor injuries,Collision with a turning/crossing vehicle,Turning accident,Daylight,Dry
3953,193256,5,Gartenfelder Straße,2019,3,16,2,3,2,1,0,0,1,0,0,0,0,0,Spandau,Accident with minor injuries,Collision with the vehicle in front/waiting vehicle,Driving accident,Daylight,Dry
3954,193257,1,Oranienburger Straße,2019,3,17,2,2,5,3,1,1,0,0,0,0,0,1,Mitte,Accident with serious injuries,Collision with a turning/crossing vehicle,Turning/Crossing accident,Twilight,Wet/moist/slippery
3955,193258,8,Reuterkiez,2019,3,13,6,3,2,2,0,1,1,0,0,0,0,0,Neukölln,Accident with minor injuries,Collision with the vehicle in front/waiting vehicle,Turning accident,Daylight,Dry
3956,193259,1,Alexanderplatzviertel,2019,3,8,3,3,5,3,0,0,1,0,1,0,0,0,Mitte,Accident with minor injuries,Collision with a turning/crossing vehicle,Turning/Crossing accident,Daylight,Dry
3957,193260,1,Thomasiusstraße,2019,3,18,2,3,5,7,1,0,1,0,0,0,0,1,Mitte,Accident with minor injuries,Collision with a turning/crossing vehicle,Others,Twilight,Wet/moist/slippery
3958,193261,7,Grazer Platz,2019,3,18,2,3,6,2,1,0,1,1,0,0,0,1,Tempelhof-Schöneberg,Accident with minor injuries,Collision between vehicle and pedestrian,Turning accident,Twilight,Wet/moist/slippery
3959,193262,3,Weißenseer Spitze,2019,3,8,3,3,5,3,0,1,1,0,0,0,0,0,Pankow,Accident with minor injuries,Collision with a turning/crossing vehicle,Turning/Crossing accident,Daylight,Dry
3960,193263,2,Lausitzer Platz,2019,3,18,2,3,6,4,1,0,0,1,1,0,0,1,Friedrichshain - Kreuzberg,Accident with minor injuries,Collision between vehicle and pedestrian,Pedestrian crossing accident,Twilight,Wet/moist/slippery
3961,193264,11,Victoriastadt,2019,3,18,2,3,5,3,1,1,0,0,0,0,1,1,Lichtenberg,Accident with minor injuries,Collision with a turning/crossing vehicle,Turning/Crossing accident,Twilight,Wet/moist/slippery
3962,193265,12,Konradshöhe/Tegelort,2019,3,9,3,3,1,5,0,1,1,0,0,0,0,0,Reinickendorf,Accident with minor injuries,Collision with a moving/standing/parked vehicle,Accident involving parked vehicles,Daylight,Dry
3963,193266,5,Eckschanze,2019,3,18,2,2,6,4,1,0,1,1,0,0,0,1,Spandau,Accident with serious injuries,Collision between vehicle and pedestrian,Pedestrian crossing accident,Twilight,Wet/moist/slippery
3964,193267,7,Marienfelde Süd,2019,3,20,2,3,5,2,2,1,1,0,0,0,0,1,Tempelhof-Schöneberg,Accident with minor injuries,Collision with a turning/crossing vehicle,Turning accident,Dark,Wet/moist/slippery
3965,193268,6,Zehlendorf Eiche,2019,3,12,5,2,1,5,0,0,1,0,0,0,1,1,Steglitz-Zehlendorf,Accident with serious injuries,Collision with a moving/standing/parked vehicle,Accident involving parked vehicles,Daylight,Wet/moist/slippery
3966,193269,2,Graefekiez,2019,3,20,2,3,5,7,2,0,1,0,0,0,0,1,Friedrichshain - Kreuzberg,Accident with minor injuries,Collision with a turning/crossing vehicle,Others,Dark,Wet/moist/slippery
3967,193270,2,Wrangelkiez,2019,3,9,3,3,5,3,0,1,1,0,0,0,0,0,Friedrichshain - Kreuzberg,Accident with minor injuries,Collision with a turning/crossing vehicle,Turning/Crossing accident,Daylight,Dry
3968,193271,9,Dammvorstadt,2019,3,20,2,3,6,4,2,0,1,1,0,0,0,1,Treptow-Köpenick,Accident with minor injuries,Collision between vehicle and pedestrian,Pedestrian crossing accident,Dark,Wet/moist/slippery
3969,193272,9,Adlershof Ost,2019,3,14,3,3,5,2,0,1,1,0,0,0,0,0,Treptow-Köpenick,Accident with minor injuries,Collision with a turning/crossing vehicle,Turning accident,Daylight,Dry
3970,193273,1,Gesundbrunnen,2019,3,22,2,3,5,2,2,1,1,0,0,0,0,1,Mitte,Accident with minor injuries,Collision with a turning/crossing vehicle,Turning accident,Dark,Wet/moist/slippery
3971,193274,6,Dahlem,2019,3,9,2,3,0,6,0,1,1,0,0,0,0,0,Steglitz-Zehlendorf,Accident with minor injuries,Others,Collision involving vehicles going in the same way,Daylight,Dry
3972,193275,6,Teltower Damm,2019,3,14,3,3,5,2,0,1,1,0,0,0,0,1,Steglitz-Zehlendorf,Accident with minor injuries,Collision with a turning/crossing vehicle,Turning accident,Daylight,Wet/moist/slippery
3973,193276,3,Bucher Forst,2019,3,15,2,3,5,3,0,0,1,0,0,0,0,1,Pankow,Accident with minor injuries,Collision with a turning/crossing vehicle,Turning/Crossing accident,Daylight,Wet/moist/slippery
3974,193277,12,Schorfheidestraße,2019,3,15,2,3,0,1,0,0,0,0,1,0,0,1,Reinickendorf,Accident with minor injuries,Others,Driving accident,Daylight,Wet/moist/slippery
3975,193278,5,Adamstraße,2019,3,22,6,2,6,2,2,0,1,1,0,0,0,0,Spandau,Accident with serious injuries,Collision between vehicle and pedestrian,Turning accident,Dark,Dry
3976,193279,2,Andreasviertel,2019,3,9,3,3,2,6,0,0,1,0,0,0,0,1,Friedrichshain - Kreuzberg,Accident with minor injuries,Collision with the vehicle in front/waiting vehicle,Collision involving vehicles going in the same way,Daylight,Wet/moist/slippery
3977,193280,8,Glasower Straße,2019,3,14,2,3,0,3,0,1,1,0,0,0,0,1,Neukölln,Accident with minor injuries,Others,Turning/Crossing accident,Daylight,Wet/moist/slippery
3978,193281,4,Tegeler Weg,2019,3,14,5,2,6,4,0,0,1,1,0,0,0,1,Charlottenburg - Wilmersdorf,Accident with serious injuries,Collision between vehicle and pedestrian,Pedestrian crossing accident,Daylight,Wet/moist/slippery
3979,193282,8,Alt-Rudow,2019,3,14,2,3,2,6,0,0,1,0,0,0,0,1,Neukölln,Accident with minor injuries,Collision with the vehicle in front/waiting vehicle,Collision involving vehicles going in the same way,Daylight,Wet/moist/slippery
3980,193283,11,Herzbergstraße,2019,3,10,3,3,5,3,0,0,1,0,0,0,0,0,Lichtenberg,Accident with minor injuries,Collision with a turning/crossing vehicle,Turning/Crossing accident,Daylight,Dry
3981,193284,1,Heine-Viertel Ost,2019,3,13,2,3,6,2,0,0,0,1,0,0,1,0,Mitte,Accident with minor injuries,Collision between vehicle and pedestrian,Turning accident,Daylight,Dry
3982,193285,7,Wittenbergplatz/Viktoria-Luise-Platz,2019,3,10,3,3,6,7,0,0,1,1,0,0,0,0,Tempelhof-Schöneberg,Accident with minor injuries,Collision between vehicle and pedestrian,Others,Daylight,Dry
3983,193286,10,Oberfeldstraße,2019,3,12,2,3,2,6,0,0,1,0,0,0,0,0,Marzahn-Hellersdorf,Accident with minor injuries,Collision with the vehicle in front/waiting vehicle,Collision involving vehicles going in the same way,Daylight,Dry
3984,193287,8,Parchimer Allee,2019,3,9,5,2,1,5,0,0,1,0,1,0,0,1,Neukölln,Accident with serious injuries,Collision with a moving/standing/parked vehicle,Accident involving parked vehicles,Daylight,Wet/moist/slippery
3985,193288,4,Ernst-Reuter-Platz,2019,3,12,2,3,6,2,0,0,1,1,0,0,0,0,Charlottenburg - Wilmersdorf,Accident with minor injuries,Collision between vehicle and pedestrian,Turning accident,Daylight,Dry
3986,193289,2,Graefekiez,2019,3,14,3,3,2,2,0,0,1,0,0,0,0,1,Friedrichshain - Kreuzberg,Accident with minor injuries,Collision with the vehicle in front/waiting vehicle,Turning accident,Daylight,Wet/moist/slippery
3987,193290,3,Heinersdorf,2019,3,11,2,3,5,2,0,0,1,0,0,0,0,0,Pankow,Accident with minor injuries,Collision with a turning/crossing vehicle,Turning accident,Daylight,Dry
3988,193291,9,Köpenick Nord,2019,3,10,3,3,6,4,0,0,1,1,0,0,0,0,Treptow-Köpenick,Accident with minor injuries,Collision between vehicle and pedestrian,Pedestrian crossing accident,Daylight,Dry
3989,193292,10,Alt-Mahlsdorf,2019,3,11,2,3,5,3,0,1,1,0,0,0,0,0,Marzahn-Hellersdorf,Accident with minor injuries,Collision with a turning/crossing vehicle,Turning/Crossing accident,Daylight,Dry
3990,193293,2,Rathaus Yorckstraße,2019,3,7,2,3,3,6,0,0,1,0,0,1,0,0,Friedrichshain - Kreuzberg,Accident with minor injuries,Collision with a vehicle traveling laterally in the same direction,Collision involving vehicles going in the same way,Daylight,Dry
3991,193294,1,Emdener Straße,2019,3,10,3,2,2,7,0,0,1,0,0,0,0,0,Mitte,Accident with serious injuries,Collision with the vehicle in front/waiting vehicle,Others,Daylight,Dry
3992,193295,7,Nahariyastraße,2019,3,7,2,2,6,4,0,0,1,1,0,0,0,0,Tempelhof-Schöneberg,Accident with serious injuries,Collision between vehicle and pedestrian,Pedestrian crossing accident,Daylight,Dry
3993,193296,11,Karlshorst West,2019,3,8,2,3,1,5,0,1,1,0,0,0,0,0,Lichtenberg,Accident with minor injuries,Collision with a moving/standing/parked vehicle,Accident involving parked vehicles,Daylight,Dry
3994,193297,2,Wrangelkiez,2019,3,13,6,2,5,3,0,1,1,0,0,0,0,0,Friedrichshain - Kreuzberg,Accident with serious injuries,Collision with a turning/crossing vehicle,Turning/Crossing accident,Daylight,Dry
3995,193298,1,Körnerstraße,2019,3,14,3,3,6,4,0,0,1,1,0,0,0,1,Mitte,Accident with minor injuries,Collision between vehicle and pedestrian,Pedestrian crossing accident,Daylight,Wet/moist/slippery
3996,193299,6,Zehlendorf Mitte,2019,3,9,2,2,5,3,0,0,1,0,0,0,1,0,Steglitz-Zehlendorf,Accident with serious injuries,Collision with a turning/crossing vehicle,Turning/Crossing accident,Daylight,Dry
3997,193300,3,Arnimplatz,2019,3,15,5,3,6,4,0,0,1,1,0,0,0,1,Pankow,Accident with minor injuries,Collision between vehicle and pedestrian,Pedestrian crossing accident,Daylight,Wet/moist/slippery
3998,193301,6,Kaiser-Wilhelm-Straße,2019,3,10,2,3,0,1,0,1,0,0,0,0,0,0,Steglitz-Zehlendorf,Accident with minor injuries,Others,Driving accident,Daylight,Dry
3999,193302,12,Waldidyll/Flughafensee,2019,3,13,3,3,1,5,0,0,1,0,0,0,0,1,Reinickendorf,Accident with minor injuries,Collision with a moving/standing/parked vehicle,Accident involving parked vehicles,Daylight,Wet/moist/slippery
4000,193303,2,Graefekiez,2019,3,8,2,3,0,1,0,0,0,0,0,0,1,1,Friedrichshain - Kreuzberg,Accident with minor injuries,Others,Driving accident,Daylight,Wet/moist/slippery
4001,193304,12,Teichstraße,2019,3,10,3,3,2,6,0,0,1,0,0,0,0,1,Reinickendorf,Accident with minor injuries,Collision with the vehicle in front/waiting vehicle,Collision involving vehicles going in the same way,Daylight,Wet/moist/slippery
4002,193305,2,Friedenstraße,2019,3,19,1,3,5,7,2,0,1,0,0,0,0,0,Friedrichshain - Kreuzberg,Accident with minor injuries,Collision with a turning/crossing vehicle,Others,Dark,Dry
4003,193306,8,Reuterkiez,2019,3,19,1,3,2,6,2,0,1,0,0,0,0,1,Neukölln,Accident with minor injuries,Collision with the vehicle in front/waiting vehicle,Collision involving vehicles going in the same way,Dark,Wet/moist/slippery
4004,193307,9,Johannisthal West,2019,3,12,3,3,0,4,0,0,1,1,0,0,0,0,Treptow-Köpenick,Accident with minor injuries,Others,Pedestrian crossing accident,Daylight,Dry
4005,193308,6,Feuerbachstraße,2019,3,18,1,3,5,3,2,0,1,0,0,0,0,1,Steglitz-Zehlendorf,Accident with minor injuries,Collision with a turning/crossing vehicle,Turning/Crossing accident,Dark,Wet/moist/slippery
4006,193309,12,Hausotterplatz,2019,3,15,1,2,5,3,0,0,1,0,1,0,0,0,Reinickendorf,Accident with serious injuries,Collision with a turning/crossing vehicle,Turning/Crossing accident,Daylight,Dry
4007,193310,12,Klixstraße,2019,3,11,1,3,2,6,0,0,1,0,0,0,0,0,Reinickendorf,Accident with minor injuries,Collision with the vehicle in front/waiting vehicle,Collision involving vehicles going in the same way,Daylight,Dry
4008,193311,12,Borsigwalde,2019,3,13,3,3,5,3,0,0,1,0,0,0,0,1,Reinickendorf,Accident with minor injuries,Collision with a turning/crossing vehicle,Turning/Crossing accident,Daylight,Wet/moist/slippery
4009,193312,11,Weitlingstraße,2019,3,10,1,3,1,1,0,0,1,0,0,0,1,0,Lichtenberg,Accident with minor injuries,Collision with a moving/standing/parked vehicle,Driving accident,Daylight,Dry
4010,193313,1,Oranienburger Straße,2019,3,11,1,3,2,6,0,0,1,0,0,0,0,0,Mitte,Accident with minor injuries,Collision with the vehicle in front/waiting vehicle,Collision involving vehicles going in the same way,Daylight,Dry
4011,193314,4,Branitzer Platz,2019,3,14,6,3,0,4,0,1,0,1,0,0,0,0,Charlottenburg - Wilmersdorf,Accident with minor injuries,Others,Pedestrian crossing accident,Daylight,Dry
4012,193315,2,Moritzplatz,2019,3,12,1,3,5,3,0,0,1,0,0,0,0,0,Friedrichshain - Kreuzberg,Accident with minor injuries,Collision with a turning/crossing vehicle,Turning/Crossing accident,Daylight,Dry
4013,193316,1,Humboldthain Nordwest,2019,3,13,3,3,0,7,0,0,0,0,1,0,0,1,Mitte,Accident with minor injuries,Others,Others,Daylight,Wet/moist/slippery
4014,193317,5,Gütersloher Weg,2019,3,14,1,3,5,2,0,0,1,0,0,0,0,1,Spandau,Accident with minor injuries,Collision with a turning/crossing vehicle,Turning accident,Daylight,Wet/moist/slippery
4015,193318,1,Sparrplatz,2019,3,14,1,3,5,7,0,0,1,0,0,0,0,1,Mitte,Accident with minor injuries,Collision with a turning/crossing vehicle,Others,Daylight,Wet/moist/slippery
4016,193319,3,Niederschönhausen,2019,3,17,1,3,9,1,1,0,1,0,0,0,0,1,Pankow,Accident with minor injuries,Departure from the roadway to the left,Driving accident,Twilight,Wet/moist/slippery
4017,193320,4,George-Grosz-Platz,2019,3,12,3,3,2,6,0,0,1,0,0,0,0,1,Charlottenburg - Wilmersdorf,Accident with minor injuries,Collision with the vehicle in front/waiting vehicle,Collision involving vehicles going in the same way,Daylight,Wet/moist/slippery
4018,193321,9,Dammvorstadt,2019,3,19,1,3,2,6,2,0,1,0,0,0,0,1,Treptow-Köpenick,Accident with minor injuries,Collision with the vehicle in front/waiting vehicle,Collision involving vehicles going in the same way,Dark,Wet/moist/slippery