,object id,district,street,year,month,hour of day,weekday,category,accident type,accident type 2,light situation,bike involved,car involved,pedestrian involved,motor bike involved,big track involved,other vehicle involved,road condition,district name,category name,accident detail,accident type detail,light condition,road condition detail
4019,193322,11,Weitlingstraße,2019,3,12,2,3,0,3,0,0,0,0,0,0,1,0,Lichtenberg,Accident with minor injuries,Others,Turning/Crossing accident,Daylight,Dry
4020,193323,10,Alt-Marzahn,2019,3,20,1,2,5,2,2,1,1,0,0,0,0,1,Marzahn-Hellersdorf,Accident with serious injuries,Collision with a turning/crossing vehicle,Turning accident,Dark,Wet/moist/slippery
4021,193324,1,Charitéviertel,2019,3,21,1,3,2,6,2,0,1,0,0,0,0,1,Mitte,Accident with minor injuries,Collision with the vehicle in front/waiting vehicle,Collision involving vehicles going in the same way,Dark,Wet/moist/slippery
4022,193325,12,Wittenau Süd,2019,3,7,2,2,6,4,0,0,1,1,0,0,0,1,Reinickendorf,Accident with serious injuries,Collision between vehicle and pedestrian,Pedestrian crossing accident,Daylight,Wet/moist/slippery
4023,193326,3,Humannplatz,2019,3,10,1,3,1,5,0,0,1,0,0,0,0,0,Pankow,Accident with minor injuries,Collision with a moving/standing/parked vehicle,Accident involving parked vehicles,Daylight,Dry
4024,193327,3,Humannplatz,2019,3,9,1,3,5,3,0,0,1,0,0,0,1,0,Pankow,Accident with minor injuries,Collision with a turning/crossing vehicle,Turning/Crossing accident,Daylight,Dry
4025,193328,1,Leipziger Straße,2019,3,21,5,3,5,3,2,0,1,0,0,0,0,1,Mitte,Accident with minor injuries,Collision with a turning/crossing vehicle,Turning/Crossing accident,Dark,Wet/moist/slippery
4026,193329,11,Große-Leege-Straße,2019,3,8,1,3,5,3,0,0,1,0,1,0,0,0,Lichtenberg,Accident with minor injuries,Collision with a turning/crossing vehicle,Turning/Crossing accident,Daylight,Dry
4027,193330,5,Staakener Straße,2019,3,6,2,3,5,3,0,0,1,0,0,1,0,1,Spandau,Accident with minor injuries,Collision with a turning/crossing vehicle,Turning/Crossing accident,Daylight,Wet/moist/slippery
4028,193331,11,Landsberger Allee,2019,3,17,7,3,5,3,2,0,1,0,1,0,0,1,Lichtenberg,Accident with minor injuries,Collision with a turning/crossing vehicle,Turning/Crossing accident,Dark,Wet/moist/slippery
4029,193332,2,Traveplatz,2019,3,4,2,2,0,1,2,1,0,0,0,0,0,0,Friedrichshain - Kreuzberg,Accident with serious injuries,Others,Driving accident,Dark,Dry
4030,193333,1,Charitéviertel,2019,3,18,7,2,1,5,2,1,1,0,0,0,0,1,Mitte,Accident with serious injuries,Collision with a moving/standing/parked vehicle,Accident involving parked vehicles,Dark,Wet/moist/slippery
4031,193334,7,Franziusweg/Rohrbachstraße,2019,3,12,7,2,1,5,0,1,1,0,0,0,0,1,Tempelhof-Schöneberg,Accident with serious injuries,Collision with a moving/standing/parked vehicle,Accident involving parked vehicles,Daylight,Wet/moist/slippery
4032,193335,11,Sewanstraße,2019,3,16,5,3,2,6,0,0,1,0,0,0,0,1,Lichtenberg,Accident with minor injuries,Collision with the vehicle in front/waiting vehicle,Collision involving vehicles going in the same way,Daylight,Wet/moist/slippery
4033,193336,7,Bayerischer Platz,2019,3,13,7,3,1,5,0,0,1,0,0,0,0,1,Tempelhof-Schöneberg,Accident with minor injuries,Collision with a moving/standing/parked vehicle,Accident involving parked vehicles,Daylight,Wet/moist/slippery
4034,193337,6,Bergstraße,2019,3,0,2,2,5,7,2,0,1,0,0,0,0,0,Steglitz-Zehlendorf,Accident with serious injuries,Collision with a turning/crossing vehicle,Others,Dark,Dry
4035,193338,7,Nollendorfplatz,2019,3,14,7,3,2,6,0,0,1,0,0,0,0,1,Tempelhof-Schöneberg,Accident with minor injuries,Collision with the vehicle in front/waiting vehicle,Collision involving vehicles going in the same way,Daylight,Wet/moist/slippery
4036,193339,2,Lausitzer Platz,2019,3,16,2,3,2,6,0,1,0,0,0,0,0,0,Friedrichshain - Kreuzberg,Accident with minor injuries,Collision with the vehicle in front/waiting vehicle,Collision involving vehicles going in the same way,Daylight,Dry
4037,193340,1,Leipziger Straße,2019,3,15,7,3,2,6,0,0,1,0,0,0,0,1,Mitte,Accident with minor injuries,Collision with the vehicle in front/waiting vehicle,Collision involving vehicles going in the same way,Daylight,Wet/moist/slippery
4038,193341,7,Chamissokiez,2019,3,18,7,3,2,6,1,0,1,0,0,0,0,1,Tempelhof-Schöneberg,Accident with minor injuries,Collision with the vehicle in front/waiting vehicle,Collision involving vehicles going in the same way,Twilight,Wet/moist/slippery
4039,193342,6,Zehlendorf Eiche,2019,3,17,2,3,6,4,0,0,1,1,0,0,0,0,Steglitz-Zehlendorf,Accident with minor injuries,Collision between vehicle and pedestrian,Pedestrian crossing accident,Daylight,Dry
4040,193343,8,Rixdorf,2019,3,18,7,3,6,4,1,0,1,1,0,0,0,1,Neukölln,Accident with minor injuries,Collision between vehicle and pedestrian,Pedestrian crossing accident,Twilight,Wet/moist/slippery
4041,193344,6,Lankwitz Kirche,2019,3,18,7,3,6,2,1,0,1,1,0,0,0,1,Steglitz-Zehlendorf,Accident with minor injuries,Collision between vehicle and pedestrian,Turning accident,Twilight,Wet/moist/slippery
4042,193345,4,Breitscheidplatz,2019,3,9,6,3,1,5,0,1,1,0,0,0,0,0,Charlottenburg - Wilmersdorf,Accident with minor injuries,Collision with a moving/standing/parked vehicle,Accident involving parked vehicles,Daylight,Dry
4043,193346,9,Wohngebiet II,2019,3,9,2,3,5,3,0,0,1,0,0,0,1,1,Treptow-Köpenick,Accident with minor injuries,Collision with a turning/crossing vehicle,Turning/Crossing accident,Daylight,Wet/moist/slippery
4044,193347,7,Nollendorfplatz,2019,3,18,7,3,6,2,1,0,1,1,0,0,0,1,Tempelhof-Schöneberg,Accident with minor injuries,Collision between vehicle and pedestrian,Turning accident,Twilight,Wet/moist/slippery
4045,193348,1,Wilhelmstraße,2019,3,18,7,3,0,3,1,0,1,0,0,0,1,1,Mitte,Accident with minor injuries,Others,Turning/Crossing accident,Twilight,Wet/moist/slippery
4046,193349,11,Rüdigerstraße,2019,3,7,5,3,6,4,0,0,1,1,0,0,0,1,Lichtenberg,Accident with minor injuries,Collision between vehicle and pedestrian,Pedestrian crossing accident,Daylight,Wet/moist/slippery
4047,193350,7,Schöneberger Insel,2019,3,19,7,3,6,4,1,0,1,1,0,0,0,1,Tempelhof-Schöneberg,Accident with minor injuries,Collision between vehicle and pedestrian,Pedestrian crossing accident,Twilight,Wet/moist/slippery
4048,193351,7,Marienfelde Süd,2019,3,11,2,3,5,2,0,0,1,0,0,0,0,0,Tempelhof-Schöneberg,Accident with minor injuries,Collision with a turning/crossing vehicle,Turning accident,Daylight,Dry
4049,193352,10,Havemannstraße,2019,3,19,7,3,6,2,2,0,1,1,0,0,0,1,Marzahn-Hellersdorf,Accident with minor injuries,Collision between vehicle and pedestrian,Turning accident,Dark,Wet/moist/slippery
4050,193353,1,Lüneburger Straße,2019,3,11,2,3,2,6,0,0,1,0,0,0,0,1,Mitte,Accident with minor injuries,Collision with the vehicle in front/waiting vehicle,Collision involving vehicles going in the same way,Daylight,Wet/moist/slippery
4051,193354,1,Westliche Müllerstraße,2019,3,20,7,3,2,6,2,0,1,0,0,0,0,1,Mitte,Accident with minor injuries,Collision with the vehicle in front/waiting vehicle,Collision involving vehicles going in the same way,Dark,Wet/moist/slippery
4052,193355,11,Falkenberg West,2019,3,20,7,3,5,2,2,0,1,0,0,0,0,1,Lichtenberg,Accident with minor injuries,Collision with a turning/crossing vehicle,Turning accident,Dark,Wet/moist/slippery
4053,193356,11,Landsberger Allee,2019,3,12,2,3,0,6,0,0,1,0,1,0,0,1,Lichtenberg,Accident with minor injuries,Others,Collision involving vehicles going in the same way,Daylight,Wet/moist/slippery
4054,193357,1,Soldiner Straße,2019,3,20,7,2,1,5,2,0,1,0,0,1,0,1,Mitte,Accident with serious injuries,Collision with a moving/standing/parked vehicle,Accident involving parked vehicles,Dark,Wet/moist/slippery
4055,193358,7,Neu-Tempelhof,2019,3,21,7,3,6,7,2,1,0,1,0,0,0,1,Tempelhof-Schöneberg,Accident with minor injuries,Collision between vehicle and pedestrian,Others,Dark,Wet/moist/slippery
4056,193359,4,Hindemithplatz,2019,3,17,6,3,2,6,2,0,1,0,0,0,0,0,Charlottenburg - Wilmersdorf,Accident with minor injuries,Collision with the vehicle in front/waiting vehicle,Collision involving vehicles going in the same way,Dark,Dry
4057,193360,1,Humboldthain Süd,2019,3,21,7,3,6,4,2,0,1,1,0,0,0,1,Mitte,Accident with minor injuries,Collision between vehicle and pedestrian,Pedestrian crossing accident,Dark,Wet/moist/slippery
4058,193361,4,Schlangenbader Straße,2019,3,10,7,3,5,2,0,0,1,0,0,0,0,0,Charlottenburg - Wilmersdorf,Accident with minor injuries,Collision with a turning/crossing vehicle,Turning accident,Daylight,Dry
4059,193362,1,Charitéviertel,2019,3,12,2,3,1,5,0,1,1,0,0,0,0,0,Mitte,Accident with minor injuries,Collision with a moving/standing/parked vehicle,Accident involving parked vehicles,Daylight,Dry
4060,193363,11,Rummelsburg,2019,3,10,7,2,6,4,0,0,1,1,0,0,0,0,Lichtenberg,Accident with serious injuries,Collision between vehicle and pedestrian,Pedestrian crossing accident,Daylight,Dry
4061,193364,7,Schöneberger Insel,2019,3,6,7,2,1,1,1,0,1,0,0,0,1,0,Tempelhof-Schöneberg,Accident with serious injuries,Collision with a moving/standing/parked vehicle,Driving accident,Twilight,Dry
4062,193365,8,Silbersteinstraße,2019,3,18,6,3,5,3,0,0,1,0,0,0,0,0,Neukölln,Accident with minor injuries,Collision with a turning/crossing vehicle,Turning/Crossing accident,Daylight,Dry
4063,193366,1,Humboldthain Nordwest,2019,3,13,2,3,1,5,0,0,1,0,0,0,0,1,Mitte,Accident with minor injuries,Collision with a moving/standing/parked vehicle,Accident involving parked vehicles,Daylight,Wet/moist/slippery
4064,193367,3,Pankow Süd,2019,3,17,6,3,6,4,1,0,1,1,0,0,0,1,Pankow,Accident with minor injuries,Collision between vehicle and pedestrian,Pedestrian crossing accident,Twilight,Wet/moist/slippery
4065,193368,1,Heine-Viertel Ost,2019,3,9,6,3,1,5,0,1,1,0,0,0,0,1,Mitte,Accident with minor injuries,Collision with a moving/standing/parked vehicle,Accident involving parked vehicles,Daylight,Wet/moist/slippery
4066,193369,2,Andreasviertel,2019,3,10,5,3,5,2,0,1,1,0,0,0,0,1,Friedrichshain - Kreuzberg,Accident with minor injuries,Collision with a turning/crossing vehicle,Turning accident,Daylight,Wet/moist/slippery
4067,193370,11,Landsberger Allee,2019,3,21,6,2,0,7,2,1,0,0,0,0,0,1,Lichtenberg,Accident with serious injuries,Others,Others,Dark,Wet/moist/slippery
4068,193371,5,Hakenfelde Nord,2019,3,15,2,3,6,2,0,0,1,1,0,0,0,0,Spandau,Accident with minor injuries,Collision between vehicle and pedestrian,Turning accident,Daylight,Dry
4069,193372,7,Grazer Platz,2019,3,18,6,3,5,2,1,1,1,0,0,0,0,1,Tempelhof-Schöneberg,Accident with minor injuries,Collision with a turning/crossing vehicle,Turning accident,Twilight,Wet/moist/slippery
4070,193373,9,Spindlersfeld,2019,3,15,2,3,2,6,0,0,1,0,0,0,0,1,Treptow-Köpenick,Accident with minor injuries,Collision with the vehicle in front/waiting vehicle,Collision involving vehicles going in the same way,Daylight,Wet/moist/slippery
4071,193374,4,Amtsgerichtsplatz,2019,3,23,6,3,2,6,2,0,1,0,0,0,0,0,Charlottenburg - Wilmersdorf,Accident with minor injuries,Collision with the vehicle in front/waiting vehicle,Collision involving vehicles going in the same way,Dark,Dry
4072,193375,1,Unter den Linden Süd,2019,3,20,6,2,6,2,2,0,1,1,0,0,0,1,Mitte,Accident with serious injuries,Collision between vehicle and pedestrian,Turning accident,Dark,Wet/moist/slippery
4073,193376,8,Gropiusstadt Nord,2019,3,16,2,3,0,6,0,0,1,0,1,0,0,1,Neukölln,Accident with minor injuries,Others,Collision involving vehicles going in the same way,Daylight,Wet/moist/slippery
4074,193377,2,Lausitzer Platz,2019,3,21,6,3,5,3,2,1,1,0,0,0,0,0,Friedrichshain - Kreuzberg,Accident with minor injuries,Collision with a turning/crossing vehicle,Turning/Crossing accident,Dark,Dry
4075,193378,11,Karlshorst Nord,2019,3,18,6,3,5,7,1,0,1,0,0,0,1,1,Lichtenberg,Accident with minor injuries,Collision with a turning/crossing vehicle,Others,Twilight,Wet/moist/slippery
4076,193379,7,John-Locke-Straße,2019,3,16,6,3,0,3,0,1,0,0,0,0,1,0,Tempelhof-Schöneberg,Accident with minor injuries,Others,Turning/Crossing accident,Daylight,Dry
4077,193380,11,Hauptstraße,2019,3,16,2,3,2,6,0,0,1,0,0,0,0,0,Lichtenberg,Accident with minor injuries,Collision with the vehicle in front/waiting vehicle,Collision involving vehicles going in the same way,Daylight,Dry
4078,193381,3,Weißenseer Spitze,2019,3,16,6,3,2,6,1,0,1,0,1,0,0,1,Pankow,Accident with minor injuries,Collision with the vehicle in front/waiting vehicle,Collision involving vehicles going in the same way,Twilight,Wet/moist/slippery
4079,193382,8,Bouchéstraße,2019,3,15,6,3,5,3,0,1,1,0,0,0,0,1,Neukölln,Accident with minor injuries,Collision with a turning/crossing vehicle,Turning/Crossing accident,Daylight,Wet/moist/slippery
4080,193383,12,Heiligensee,2019,3,17,2,3,6,7,0,0,1,1,0,0,0,0,Reinickendorf,Accident with minor injuries,Collision between vehicle and pedestrian,Others,Daylight,Dry
4081,193384,12,Mellerbogen,2019,3,15,6,3,2,6,0,0,1,0,0,0,0,1,Reinickendorf,Accident with minor injuries,Collision with the vehicle in front/waiting vehicle,Collision involving vehicles going in the same way,Daylight,Wet/moist/slippery
4082,193385,2,Moritzplatz,2019,3,15,6,3,1,5,0,1,1,0,0,0,0,1,Friedrichshain - Kreuzberg,Accident with minor injuries,Collision with a moving/standing/parked vehicle,Accident involving parked vehicles,Daylight,Wet/moist/slippery
4083,193386,7,Dennewitzplatz,2019,3,20,5,3,2,6,2,0,1,0,0,0,0,1,Tempelhof-Schöneberg,Accident with minor injuries,Collision with the vehicle in front/waiting vehicle,Collision involving vehicles going in the same way,Dark,Wet/moist/slippery
4084,193387,1,Charitéviertel,2019,3,16,6,3,0,1,0,0,0,0,1,0,0,1,Mitte,Accident with minor injuries,Others,Driving accident,Daylight,Wet/moist/slippery
4085,193388,2,Urbanstraße,2019,3,17,2,2,5,2,0,1,1,0,0,0,0,0,Friedrichshain - Kreuzberg,Accident with serious injuries,Collision with a turning/crossing vehicle,Turning accident,Daylight,Dry
4086,193389,4,Park Ruhwald,2019,3,1,6,2,9,1,2,0,1,0,0,0,0,1,Charlottenburg - Wilmersdorf,Accident with serious injuries,Departure from the roadway to the left,Driving accident,Dark,Wet/moist/slippery
4087,193390,3,Volkspark Prenzlauer Berg,2019,3,16,2,3,2,6,0,0,1,0,0,0,0,0,Pankow,Accident with minor injuries,Collision with the vehicle in front/waiting vehicle,Collision involving vehicles going in the same way,Daylight,Dry
4088,193391,1,Alexanderplatzviertel,2019,3,1,6,2,5,2,2,1,1,0,0,0,0,1,Mitte,Accident with serious injuries,Collision with a turning/crossing vehicle,Turning accident,Dark,Wet/moist/slippery
4089,193392,9,Adlershof Ost,2019,3,6,6,2,5,3,1,1,1,0,0,0,0,1,Treptow-Köpenick,Accident with serious injuries,Collision with a turning/crossing vehicle,Turning/Crossing accident,Twilight,Wet/moist/slippery
4090,193393,12,Alt-Tegel,2019,3,13,2,2,0,4,0,0,0,1,0,0,1,1,Reinickendorf,Accident with serious injuries,Others,Pedestrian crossing accident,Daylight,Wet/moist/slippery
4091,193394,3,Buch,2019,3,9,6,3,0,1,0,0,0,0,1,0,0,1,Pankow,Accident with minor injuries,Others,Driving accident,Daylight,Wet/moist/slippery
4092,193395,4,Ernst-Reuter-Platz,2019,3,9,6,3,5,2,0,1,1,0,0,0,0,0,Charlottenburg - Wilmersdorf,Accident with minor injuries,Collision with a turning/crossing vehicle,Turning accident,Daylight,Dry
4093,193396,4,Ernst-Reuter-Platz,2019,3,14,6,3,3,6,0,0,1,0,0,0,1,0,Charlottenburg - Wilmersdorf,Accident with minor injuries,Collision with a vehicle traveling laterally in the same direction,Collision involving vehicles going in the same way,Daylight,Dry
4094,193397,1,Alexanderplatzviertel,2019,3,15,6,2,0,1,0,0,0,0,1,0,0,1,Mitte,Accident with serious injuries,Others,Driving accident,Daylight,Wet/moist/slippery
4095,193398,5,Graetschelsteig,2019,3,11,2,3,5,2,0,0,1,0,0,0,0,1,Spandau,Accident with minor injuries,Collision with a turning/crossing vehicle,Turning accident,Daylight,Wet/moist/slippery
4096,193399,11,Hauptstraße,2019,3,14,6,3,5,2,0,1,1,0,0,0,0,0,Lichtenberg,Accident with minor injuries,Collision with a turning/crossing vehicle,Turning accident,Daylight,Dry
4097,193400,2,Oranienplatz,2019,4,15,5,3,6,4,0,0,1,1,0,0,0,0,Friedrichshain - Kreuzberg,Accident with minor injuries,Collision between vehicle and pedestrian,Pedestrian crossing accident,Daylight,Dry
4098,193401,4,Plötzensee,2019,4,20,4,3,2,6,2,0,1,0,0,0,0,0,Charlottenburg - Wilmersdorf,Accident with minor injuries,Collision with the vehicle in front/waiting vehicle,Collision involving vehicles going in the same way,Dark,Dry
4099,193402,8,Schulenburgpark,2019,4,7,5,3,5,3,0,0,1,0,1,0,0,0,Neukölln,Accident with minor injuries,Collision with a turning/crossing vehicle,Turning/Crossing accident,Daylight,Dry
4100,193403,6,Teltower Damm,2019,4,18,4,3,2,7,0,0,1,0,0,0,0,0,Steglitz-Zehlendorf,Accident with minor injuries,Collision with the vehicle in front/waiting vehicle,Others,Daylight,Dry
4101,193404,2,Traveplatz,2019,4,0,7,3,2,2,2,1,1,0,0,0,0,0,Friedrichshain - Kreuzberg,Accident with minor injuries,Collision with the vehicle in front/waiting vehicle,Turning accident,Dark,Dry
4102,193405,6,Königsberger Straße,2019,4,17,4,3,2,6,0,0,1,0,0,0,0,0,Steglitz-Zehlendorf,Accident with minor injuries,Collision with the vehicle in front/waiting vehicle,Collision involving vehicles going in the same way,Daylight,Dry
4103,193406,8,Rixdorf,2019,4,17,4,3,5,3,0,0,1,0,1,0,0,0,Neukölln,Accident with minor injuries,Collision with a turning/crossing vehicle,Turning/Crossing accident,Daylight,Dry
4104,193407,1,Brunnenstraße,2019,4,8,6,2,5,2,0,0,1,0,1,0,0,0,Mitte,Accident with serious injuries,Collision with a turning/crossing vehicle,Turning accident,Daylight,Dry
4105,193408,10,Biesdorf Süd,2019,4,16,4,3,2,7,0,1,1,0,0,0,0,0,Marzahn-Hellersdorf,Accident with minor injuries,Collision with the vehicle in front/waiting vehicle,Others,Daylight,Dry
4106,193409,2,Friedenstraße,2019,4,15,5,3,2,6,0,0,1,0,0,0,0,0,Friedrichshain - Kreuzberg,Accident with minor injuries,Collision with the vehicle in front/waiting vehicle,Collision involving vehicles going in the same way,Daylight,Dry
4107,193410,11,Frankfurter Allee Süd,2019,4,12,1,3,6,4,0,0,1,1,0,0,0,0,Lichtenberg,Accident with minor injuries,Collision between vehicle and pedestrian,Pedestrian crossing accident,Daylight,Dry
4108,193411,2,Samariterviertel,2019,4,16,4,3,6,4,0,0,1,1,0,0,0,0,Friedrichshain - Kreuzberg,Accident with minor injuries,Collision between vehicle and pedestrian,Pedestrian crossing accident,Daylight,Dry
4109,193412,4,Kaiserin-Augusta-Allee,2019,4,13,7,3,5,2,0,0,1,0,0,0,0,0,Charlottenburg - Wilmersdorf,Accident with minor injuries,Collision with a turning/crossing vehicle,Turning accident,Daylight,Dry
4110,193413,1,Gesundbrunnen,2019,4,15,4,3,6,2,0,1,0,1,0,0,0,0,Mitte,Accident with minor injuries,Collision between vehicle and pedestrian,Turning accident,Daylight,Dry
4111,193414,8,Waßmannsdorfer Chaussee,2019,4,15,4,3,5,3,0,0,1,0,0,0,1,0,Neukölln,Accident with minor injuries,Collision with a turning/crossing vehicle,Turning/Crossing accident,Daylight,Dry
4112,193415,4,Breitscheidplatz,2019,4,2,6,2,1,5,2,1,1,0,0,0,0,0,Charlottenburg - Wilmersdorf,Accident with serious injuries,Collision with a moving/standing/parked vehicle,Accident involving parked vehicles,Dark,Dry
4113,193416,3,Humannplatz,2019,4,14,4,2,5,3,0,1,0,0,0,0,0,0,Pankow,Accident with serious injuries,Collision with a turning/crossing vehicle,Turning/Crossing accident,Daylight,Dry
4114,193417,9,Müggelheim,2019,4,15,7,2,2,2,0,0,1,0,1,0,0,0,Treptow-Köpenick,Accident with serious injuries,Collision with the vehicle in front/waiting vehicle,Turning accident,Daylight,Dry
4115,193418,9,Altstadt Kietz,2019,4,14,4,2,0,5,0,1,0,0,0,0,1,0,Treptow-Köpenick,Accident with serious injuries,Others,Accident involving parked vehicles,Daylight,Dry
4116,193419,12,Teichstraße,2019,4,16,4,2,5,2,0,0,1,0,0,0,0,0,Reinickendorf,Accident with serious injuries,Collision with a turning/crossing vehicle,Turning accident,Daylight,Dry
4117,193420,2,Wriezener Bahnhof/Entwicklungsgebiet,2019,4,19,6,2,0,2,1,0,0,1,1,0,0,0,Friedrichshain - Kreuzberg,Accident with serious injuries,Others,Turning accident,Twilight,Dry
4118,193421,9,Oberschöneweide Ost,2019,4,12,4,3,5,7,0,0,1,0,0,0,1,0,Treptow-Köpenick,Accident with minor injuries,Collision with a turning/crossing vehicle,Others,Daylight,Dry
4119,193422,9,Johannisthal Ost,2019,4,14,5,3,0,1,0,1,0,0,0,0,0,0,Treptow-Köpenick,Accident with minor injuries,Others,Driving accident,Daylight,Dry
4120,193423,8,Gewerbegebiet Köllnische Heide,2019,4,12,4,3,0,7,0,1,0,0,0,0,1,1,Neukölln,Accident with minor injuries,Others,Others,Daylight,Wet/moist/slippery
4121,193424,11,Falkenberg West,2019,4,14,1,3,2,2,0,0,1,0,0,0,0,0,Lichtenberg,Accident with minor injuries,Collision with the vehicle in front/waiting vehicle,Turning accident,Daylight,Dry
4122,193425,4,Ernst-Reuter-Platz,2019,4,12,4,3,5,2,0,1,1,0,0,0,0,0,Charlottenburg - Wilmersdorf,Accident with minor injuries,Collision with a turning/crossing vehicle,Turning accident,Daylight,Dry
4123,193426,4,Hagenplatz,2019,4,10,4,2,5,2,0,1,1,0,0,0,0,0,Charlottenburg - Wilmersdorf,Accident with serious injuries,Collision with a turning/crossing vehicle,Turning accident,Daylight,Dry
4124,193427,8,Körnerpark,2019,4,15,7,3,5,3,0,0,0,0,0,0,1,0,Neukölln,Accident with minor injuries,Collision with a turning/crossing vehicle,Turning/Crossing accident,Daylight,Dry
4125,193428,1,Heine-Viertel West,2019,4,9,4,2,1,5,0,1,1,0,0,0,1,0,Mitte,Accident with serious injuries,Collision with a moving/standing/parked vehicle,Accident involving parked vehicles,Daylight,Dry
4126,193429,1,Oranienburger Straße,2019,4,8,4,3,1,5,0,1,1,0,0,0,1,0,Mitte,Accident with minor injuries,Collision with a moving/standing/parked vehicle,Accident involving parked vehicles,Daylight,Dry
4127,193430,1,Stephankiez,2019,4,1,5,3,2,6,2,1,0,0,0,0,1,0,Mitte,Accident with minor injuries,Collision with the vehicle in front/waiting vehicle,Collision involving vehicles going in the same way,Dark,Dry
4128,193431,8,Donaustraße,2019,4,7,4,3,6,2,0,0,0,1,0,0,1,0,Neukölln,Accident with minor injuries,Collision between vehicle and pedestrian,Turning accident,Daylight,Dry
4129,193432,4,Savignyplatz,2019,4,10,5,3,5,2,0,1,1,0,0,0,0,0,Charlottenburg - Wilmersdorf,Accident with minor injuries,Collision with a turning/crossing vehicle,Turning accident,Daylight,Dry
4130,193433,3,Helmholtzplatz,2019,4,7,4,3,1,5,0,0,1,0,1,0,0,0,Pankow,Accident with minor injuries,Collision with a moving/standing/parked vehicle,Accident involving parked vehicles,Daylight,Dry
4131,193434,1,Sparrplatz,2019,4,7,4,3,5,3,0,1,1,0,0,0,0,0,Mitte,Accident with minor injuries,Collision with a turning/crossing vehicle,Turning/Crossing accident,Daylight,Dry
4132,193435,8,Reuterkiez,2019,4,17,5,3,0,4,0,1,0,1,0,0,0,0,Neukölln,Accident with minor injuries,Others,Pedestrian crossing accident,Daylight,Dry
4133,193436,9,Adlershof West,2019,4,7,4,3,0,1,0,1,0,0,0,0,0,0,Treptow-Köpenick,Accident with minor injuries,Others,Driving accident,Daylight,Dry
4134,193437,12,Borsigwalde,2019,4,16,1,3,5,2,0,0,1,0,0,0,0,0,Reinickendorf,Accident with minor injuries,Collision with a turning/crossing vehicle,Turning accident,Daylight,Dry
4135,193438,3,Falkplatz,2019,4,7,4,3,6,6,0,1,0,1,0,0,0,0,Pankow,Accident with minor injuries,Collision between vehicle and pedestrian,Collision involving vehicles going in the same way,Daylight,Dry
4136,193439,3,Wilhelmsruh,2019,4,5,4,3,2,6,2,0,1,0,0,0,0,0,Pankow,Accident with minor injuries,Collision with the vehicle in front/waiting vehicle,Collision involving vehicles going in the same way,Dark,Dry
4137,193440,1,Lüneburger Straße,2019,4,17,6,3,6,4,0,0,1,1,0,0,0,0,Mitte,Accident with minor injuries,Collision between vehicle and pedestrian,Pedestrian crossing accident,Daylight,Dry
4138,193441,7,Fritz-Werner-Straße,2019,4,1,4,3,5,3,2,0,1,0,0,0,0,0,Tempelhof-Schöneberg,Accident with minor injuries,Collision with a turning/crossing vehicle,Turning/Crossing accident,Dark,Dry
4139,193442,11,Rüdigerstraße,2019,4,16,3,3,6,7,0,0,1,1,0,0,0,0,Lichtenberg,Accident with minor injuries,Collision between vehicle and pedestrian,Others,Daylight,Dry
4140,193443,5,Carl-Schurz-Straße,2019,4,11,5,3,0,7,0,0,1,0,0,0,1,0,Spandau,Accident with minor injuries,Others,Others,Daylight,Dry
4141,193444,1,Rehberge,2019,4,14,3,3,0,5,0,1,1,0,0,0,0,0,Mitte,Accident with minor injuries,Others,Accident involving parked vehicles,Daylight,Dry
4142,193445,2,Friedenstraße,2019,4,9,5,2,3,6,0,0,1,0,1,0,0,0,Friedrichshain - Kreuzberg,Accident with serious injuries,Collision with a vehicle traveling laterally in the same direction,Collision involving vehicles going in the same way,Daylight,Dry
4143,193446,8,Donaustraße,2019,4,16,3,3,2,6,0,0,1,0,0,0,0,0,Neukölln,Accident with minor injuries,Collision with the vehicle in front/waiting vehicle,Collision involving vehicles going in the same way,Daylight,Dry
4144,193447,1,Rehberge,2019,4,19,7,3,5,2,0,0,1,0,0,0,1,0,Mitte,Accident with minor injuries,Collision with a turning/crossing vehicle,Turning accident,Daylight,Dry
4145,193448,8,Glasower Straße,2019,4,7,3,3,6,7,0,1,0,1,0,0,0,0,Neukölln,Accident with minor injuries,Collision between vehicle and pedestrian,Others,Daylight,Dry
4146,193449,10,Buckower Ring,2019,4,16,3,3,5,3,0,1,1,0,0,0,0,0,Marzahn-Hellersdorf,Accident with minor injuries,Collision with a turning/crossing vehicle,Turning/Crossing accident,Daylight,Dry
4147,193450,4,Prager Platz,2019,4,9,6,3,5,3,0,1,0,0,0,0,0,0,Charlottenburg - Wilmersdorf,Accident with minor injuries,Collision with a turning/crossing vehicle,Turning/Crossing accident,Daylight,Dry
4148,193451,4,Jungfernheide,2019,4,15,7,3,7,7,0,0,0,0,1,0,0,0,Charlottenburg - Wilmersdorf,Accident with minor injuries,Collision with a road obstacle,Others,Daylight,Dry
4149,193452,4,Rüdesheimer Platz,2019,4,16,3,3,5,3,0,0,1,0,0,0,0,0,Charlottenburg - Wilmersdorf,Accident with minor injuries,Collision with a turning/crossing vehicle,Turning/Crossing accident,Daylight,Dry
4150,193453,12,Waidmannslust,2019,4,16,3,3,2,2,0,0,1,0,0,0,1,0,Reinickendorf,Accident with minor injuries,Collision with the vehicle in front/waiting vehicle,Turning accident,Daylight,Dry