,object id,district,street,year,month,hour of day,weekday,category,accident type,accident type 2,light situation,bike involved,car involved,pedestrian involved,motor bike involved,big track involved,other vehicle involved,road condition,district name,category name,accident detail,accident type detail,light condition,road condition detail
4151,193454,4,Tegeler Weg,2019,4,14,6,3,5,2,0,0,1,0,1,0,0,0,Charlottenburg - Wilmersdorf,Accident with minor injuries,Collision with a turning/crossing vehicle,Turning accident,Daylight,Dry
4152,193455,6,Lichterfelde West,2019,4,16,3,3,6,4,0,0,1,1,0,0,0,0,Steglitz-Zehlendorf,Accident with minor injuries,Collision between vehicle and pedestrian,Pedestrian crossing accident,Daylight,Dry
4153,193456,6,Südende,2019,4,15,5,3,2,6,0,0,1,0,0,0,0,0,Steglitz-Zehlendorf,Accident with minor injuries,Collision with the vehicle in front/waiting vehicle,Collision involving vehicles going in the same way,Daylight,Dry
4154,193457,8,Hertzbergplatz,2019,4,16,3,3,1,1,0,0,1,0,0,0,0,0,Neukölln,Accident with minor injuries,Collision with a moving/standing/parked vehicle,Driving accident,Daylight,Dry
4155,193458,1,Reinickendorfer Straße,2019,4,16,2,3,2,6,0,0,1,0,0,0,0,0,Mitte,Accident with minor injuries,Collision with the vehicle in front/waiting vehicle,Collision involving vehicles going in the same way,Daylight,Dry
4156,193459,8,Gropiusstadt Ost,2019,4,17,5,3,5,3,0,1,1,0,0,0,0,0,Neukölln,Accident with minor injuries,Collision with a turning/crossing vehicle,Turning/Crossing accident,Daylight,Dry
4157,193460,1,Kollwitzplatz,2019,4,18,3,3,2,6,0,0,1,0,0,0,0,0,Mitte,Accident with minor injuries,Collision with the vehicle in front/waiting vehicle,Collision involving vehicles going in the same way,Daylight,Dry
4158,193461,3,Niederschönhausen,2019,4,16,7,3,0,3,0,1,1,0,0,0,0,0,Pankow,Accident with minor injuries,Others,Turning/Crossing accident,Daylight,Dry
4159,193462,12,Scharnweberstraße,2019,4,16,3,3,5,2,0,0,1,0,0,0,1,0,Reinickendorf,Accident with minor injuries,Collision with a turning/crossing vehicle,Turning accident,Daylight,Dry
4160,193463,6,Lichterfelde West,2019,4,18,3,3,0,6,0,1,0,0,0,0,1,0,Steglitz-Zehlendorf,Accident with minor injuries,Others,Collision involving vehicles going in the same way,Daylight,Dry
4161,193464,8,Rixdorf,2019,4,7,6,3,4,5,0,1,1,0,0,0,0,0,Neukölln,Accident with minor injuries,Collision with oncoming vehicle,Accident involving parked vehicles,Daylight,Dry
4162,193465,2,Mehringplatz,2019,4,18,3,3,5,2,0,0,1,0,1,0,0,0,Friedrichshain - Kreuzberg,Accident with minor injuries,Collision with a turning/crossing vehicle,Turning accident,Daylight,Dry
4163,193466,1,Karl-Marx-Allee,2019,4,15,5,2,3,6,0,1,0,0,0,0,0,0,Mitte,Accident with serious injuries,Collision with a vehicle traveling laterally in the same direction,Collision involving vehicles going in the same way,Daylight,Dry
4164,193467,2,Viktoriapark,2019,4,18,3,3,5,2,0,1,1,0,0,0,0,0,Friedrichshain - Kreuzberg,Accident with minor injuries,Collision with a turning/crossing vehicle,Turning accident,Daylight,Dry
4165,193468,5,Magistratsweg,2019,4,11,1,3,1,5,0,1,1,0,0,0,0,0,Spandau,Accident with minor injuries,Collision with a moving/standing/parked vehicle,Accident involving parked vehicles,Daylight,Dry
4166,193469,4,Schloßgarten,2019,4,17,3,2,6,7,0,0,1,1,0,0,0,0,Charlottenburg - Wilmersdorf,Accident with serious injuries,Collision between vehicle and pedestrian,Others,Daylight,Dry
4167,193470,1,Wilhelmstraße,2019,4,16,5,3,2,2,0,1,1,0,0,0,0,0,Mitte,Accident with minor injuries,Collision with the vehicle in front/waiting vehicle,Turning accident,Daylight,Dry
4168,193471,11,Herzbergstraße,2019,4,11,3,2,2,6,0,0,1,0,1,0,0,0,Lichtenberg,Accident with serious injuries,Collision with the vehicle in front/waiting vehicle,Collision involving vehicles going in the same way,Daylight,Dry
4169,193472,4,Karl-August-Platz,2019,4,15,1,3,1,5,0,1,1,0,0,0,0,0,Charlottenburg - Wilmersdorf,Accident with minor injuries,Collision with a moving/standing/parked vehicle,Accident involving parked vehicles,Daylight,Dry
4170,193473,1,Alexanderplatzviertel,2019,4,17,3,2,5,2,0,0,1,0,1,0,0,0,Mitte,Accident with serious injuries,Collision with a turning/crossing vehicle,Turning accident,Daylight,Dry
4171,193474,10,Alt-Marzahn,2019,4,8,3,3,3,6,0,0,1,0,0,1,0,0,Marzahn-Hellersdorf,Accident with minor injuries,Collision with a vehicle traveling laterally in the same direction,Collision involving vehicles going in the same way,Daylight,Dry
4172,193475,10,Marzahner Chaussee,2019,4,9,7,3,2,2,0,0,1,0,1,0,0,0,Marzahn-Hellersdorf,Accident with minor injuries,Collision with the vehicle in front/waiting vehicle,Turning accident,Daylight,Dry
4173,193476,8,Buschkrugallee Nord,2019,4,23,3,2,5,2,2,0,0,0,1,0,1,0,Neukölln,Accident with serious injuries,Collision with a turning/crossing vehicle,Turning accident,Dark,Dry
4174,193477,1,Oranienburger Straße,2019,4,22,3,3,1,5,2,0,1,0,0,0,0,0,Mitte,Accident with minor injuries,Collision with a moving/standing/parked vehicle,Accident involving parked vehicles,Dark,Dry
4175,193478,8,Buckow Mitte,2019,4,20,6,2,5,3,2,1,1,0,0,0,0,0,Neukölln,Accident with serious injuries,Collision with a turning/crossing vehicle,Turning/Crossing accident,Dark,Dry
4176,193479,7,Wittenbergplatz/Viktoria-Luise-Platz,2019,4,21,3,3,6,4,2,0,1,1,0,0,0,0,Tempelhof-Schöneberg,Accident with minor injuries,Collision between vehicle and pedestrian,Pedestrian crossing accident,Dark,Dry
4177,193480,7,Friedenau,2019,4,18,5,3,6,4,0,1,0,1,0,0,0,0,Tempelhof-Schöneberg,Accident with minor injuries,Collision between vehicle and pedestrian,Pedestrian crossing accident,Daylight,Dry
4178,193481,7,Nahariyastraße,2019,4,21,3,3,5,2,2,0,1,0,0,0,1,0,Tempelhof-Schöneberg,Accident with minor injuries,Collision with a turning/crossing vehicle,Turning accident,Dark,Dry
4179,193482,1,Huttenkiez,2019,4,22,1,3,5,3,2,0,1,0,0,0,0,0,Mitte,Accident with minor injuries,Collision with a turning/crossing vehicle,Turning/Crossing accident,Dark,Dry
4180,193483,2,Wassertorplatz,2019,4,13,3,3,5,2,0,0,0,0,0,0,1,0,Friedrichshain - Kreuzberg,Accident with minor injuries,Collision with a turning/crossing vehicle,Turning accident,Daylight,Dry
4181,193484,1,Gesundbrunnen,2019,4,12,3,3,2,6,0,0,1,0,0,0,0,0,Mitte,Accident with minor injuries,Collision with the vehicle in front/waiting vehicle,Collision involving vehicles going in the same way,Daylight,Dry
4182,193485,12,Scharnweberstraße,2019,4,13,6,3,2,6,0,0,1,0,0,0,0,0,Reinickendorf,Accident with minor injuries,Collision with the vehicle in front/waiting vehicle,Collision involving vehicles going in the same way,Daylight,Dry
4183,193486,3,Humannplatz,2019,4,12,3,3,2,6,0,0,1,0,0,0,0,0,Pankow,Accident with minor injuries,Collision with the vehicle in front/waiting vehicle,Collision involving vehicles going in the same way,Daylight,Dry
4184,193487,2,Reichenberger Straße,2019,4,12,3,3,0,2,0,0,0,0,0,0,1,0,Friedrichshain - Kreuzberg,Accident with minor injuries,Others,Turning accident,Daylight,Dry
4185,193488,9,Köpenick Nord,2019,4,14,3,3,4,6,0,0,1,0,0,0,0,0,Treptow-Köpenick,Accident with minor injuries,Collision with oncoming vehicle,Collision involving vehicles going in the same way,Daylight,Dry
4186,193489,8,Gropiusstadt Ost,2019,4,13,7,3,2,6,0,0,1,0,0,0,0,0,Neukölln,Accident with minor injuries,Collision with the vehicle in front/waiting vehicle,Collision involving vehicles going in the same way,Daylight,Dry
4187,193490,1,Westliche Müllerstraße,2019,4,11,3,3,2,6,0,0,1,0,0,0,0,0,Mitte,Accident with minor injuries,Collision with the vehicle in front/waiting vehicle,Collision involving vehicles going in the same way,Daylight,Dry
4188,193491,9,Johannisthal West,2019,4,15,3,3,2,6,0,0,1,0,0,1,0,0,Treptow-Köpenick,Accident with minor injuries,Collision with the vehicle in front/waiting vehicle,Collision involving vehicles going in the same way,Daylight,Dry
4189,193492,1,Charitéviertel,2019,4,17,6,3,2,6,1,0,1,0,0,0,0,0,Mitte,Accident with minor injuries,Collision with the vehicle in front/waiting vehicle,Collision involving vehicles going in the same way,Twilight,Dry
4190,193493,5,Borkumer Straße,2019,4,11,3,3,1,1,0,0,1,0,1,0,0,0,Spandau,Accident with minor injuries,Collision with a moving/standing/parked vehicle,Driving accident,Daylight,Dry
4191,193494,5,Carl-Schurz-Straße,2019,4,16,5,3,5,3,0,0,1,0,0,0,0,0,Spandau,Accident with minor injuries,Collision with a turning/crossing vehicle,Turning/Crossing accident,Daylight,Dry
4192,193495,12,Klixstraße,2019,4,15,3,3,5,3,0,1,0,0,1,0,0,0,Reinickendorf,Accident with minor injuries,Collision with a turning/crossing vehicle,Turning/Crossing accident,Daylight,Dry
4193,193496,5,Carl-Schurz-Straße,2019,4,19,1,3,5,3,0,0,1,0,0,0,1,0,Spandau,Accident with minor injuries,Collision with a turning/crossing vehicle,Turning/Crossing accident,Daylight,Dry
4194,193497,1,Oranienburger Straße,2019,4,11,3,3,3,6,0,0,1,0,1,0,1,0,Mitte,Accident with minor injuries,Collision with a vehicle traveling laterally in the same direction,Collision involving vehicles going in the same way,Daylight,Dry
4195,193498,2,Wriezener Bahnhof/Entwicklungsgebiet,2019,4,15,3,2,3,6,0,1,1,0,0,0,0,0,Friedrichshain - Kreuzberg,Accident with serious injuries,Collision with a vehicle traveling laterally in the same direction,Collision involving vehicles going in the same way,Daylight,Dry
4196,193499,1,Brunnenstraße,2019,4,15,6,3,5,2,0,1,1,0,0,0,0,0,Mitte,Accident with minor injuries,Collision with a turning/crossing vehicle,Turning accident,Daylight,Dry
4197,193500,4,Tegeler Weg,2019,4,16,3,2,5,2,0,0,1,0,1,0,0,0,Charlottenburg - Wilmersdorf,Accident with serious injuries,Collision with a turning/crossing vehicle,Turning accident,Daylight,Dry
4198,193501,4,Schloßstraße,2019,4,10,3,2,6,7,0,0,0,1,0,0,1,0,Charlottenburg - Wilmersdorf,Accident with serious injuries,Collision between vehicle and pedestrian,Others,Daylight,Dry
4199,193502,5,Zitadellenweg,2019,4,11,5,3,5,7,0,0,1,0,0,0,0,0,Spandau,Accident with minor injuries,Collision with a turning/crossing vehicle,Others,Daylight,Dry
4200,193503,1,Sparrplatz,2019,4,10,3,2,5,2,0,0,1,0,1,0,0,0,Mitte,Accident with serious injuries,Collision with a turning/crossing vehicle,Turning accident,Daylight,Dry
4201,193504,1,Lüneburger Straße,2019,4,11,3,3,1,5,0,1,0,0,0,0,1,0,Mitte,Accident with minor injuries,Collision with a moving/standing/parked vehicle,Accident involving parked vehicles,Daylight,Dry
4202,193505,11,Karlshorst Süd,2019,4,8,5,3,5,2,0,1,1,0,0,0,0,0,Lichtenberg,Accident with minor injuries,Collision with a turning/crossing vehicle,Turning accident,Daylight,Dry
4203,193506,2,Traveplatz,2019,4,10,3,3,0,4,0,1,1,0,0,0,1,0,Friedrichshain - Kreuzberg,Accident with minor injuries,Others,Pedestrian crossing accident,Daylight,Dry
4204,193507,6,Schloßstraße,2019,4,10,5,3,3,6,0,0,1,0,1,0,0,0,Steglitz-Zehlendorf,Accident with minor injuries,Collision with a vehicle traveling laterally in the same direction,Collision involving vehicles going in the same way,Daylight,Dry
4205,193508,1,Heine-Viertel Ost,2019,4,9,3,3,1,5,0,1,0,0,0,0,1,0,Mitte,Accident with minor injuries,Collision with a moving/standing/parked vehicle,Accident involving parked vehicles,Daylight,Dry
4206,193509,3,Conrad-Blenkle-Straße,2019,4,20,7,3,2,7,2,1,1,0,0,0,0,0,Pankow,Accident with minor injuries,Collision with the vehicle in front/waiting vehicle,Others,Dark,Dry
4207,193510,1,Oranienburger Straße,2019,4,1,3,3,1,5,2,1,1,0,0,0,0,0,Mitte,Accident with minor injuries,Collision with a moving/standing/parked vehicle,Accident involving parked vehicles,Dark,Dry
4208,193511,5,Borkumer Straße,2019,4,5,3,3,5,3,2,0,1,0,0,0,0,0,Spandau,Accident with minor injuries,Collision with a turning/crossing vehicle,Turning/Crossing accident,Dark,Dry
4209,193512,9,Altstadt Kietz,2019,4,12,6,3,5,7,0,0,1,0,0,0,1,0,Treptow-Köpenick,Accident with minor injuries,Collision with a turning/crossing vehicle,Others,Daylight,Dry
4210,193513,9,Oberschöneweide West,2019,4,7,3,3,5,3,0,0,1,0,1,0,0,0,Treptow-Köpenick,Accident with minor injuries,Collision with a turning/crossing vehicle,Turning/Crossing accident,Daylight,Dry
4211,193514,5,Rohrdamm,2019,4,14,5,3,6,3,0,0,1,1,0,0,0,0,Spandau,Accident with minor injuries,Collision between vehicle and pedestrian,Turning/Crossing accident,Daylight,Dry
4212,193515,11,Weitlingstraße,2019,4,7,3,3,2,1,0,0,1,0,0,0,0,0,Lichtenberg,Accident with minor injuries,Collision with the vehicle in front/waiting vehicle,Driving accident,Daylight,Dry
4213,193516,12,Klixstraße,2019,4,17,1,3,2,6,0,0,1,0,0,0,0,0,Reinickendorf,Accident with minor injuries,Collision with the vehicle in front/waiting vehicle,Collision involving vehicles going in the same way,Daylight,Dry
4214,193517,5,Borkumer Straße,2019,4,5,5,3,2,6,2,0,1,0,1,0,0,0,Spandau,Accident with minor injuries,Collision with the vehicle in front/waiting vehicle,Collision involving vehicles going in the same way,Dark,Dry
4215,193518,4,Schloßstraße,2019,4,7,3,3,6,7,0,0,1,1,0,0,0,0,Charlottenburg - Wilmersdorf,Accident with minor injuries,Collision between vehicle and pedestrian,Others,Daylight,Dry
4216,193519,3,Weißenseer Spitze,2019,4,16,7,3,5,3,0,0,1,0,0,0,0,0,Pankow,Accident with minor injuries,Collision with a turning/crossing vehicle,Turning/Crossing accident,Daylight,Dry
4217,193520,1,Westliche Müllerstraße,2019,4,8,3,3,5,3,0,0,1,0,0,0,0,0,Mitte,Accident with minor injuries,Collision with a turning/crossing vehicle,Turning/Crossing accident,Daylight,Dry
4218,193521,1,Nördlicher Landwehrkanal,2019,4,8,5,3,5,3,0,1,1,0,0,0,0,0,Mitte,Accident with minor injuries,Collision with a turning/crossing vehicle,Turning/Crossing accident,Daylight,Dry
4219,193522,6,Nikolassee,2019,4,8,3,2,0,6,0,0,1,0,0,0,0,0,Steglitz-Zehlendorf,Accident with serious injuries,Others,Collision involving vehicles going in the same way,Daylight,Dry
4220,193523,12,Ziekowstraße/Freie Scholle,2019,4,18,7,3,2,6,0,0,1,0,0,0,0,0,Reinickendorf,Accident with minor injuries,Collision with the vehicle in front/waiting vehicle,Collision involving vehicles going in the same way,Daylight,Dry
4221,193524,10,Marzahner Promenade,2019,4,8,3,3,5,2,0,0,1,0,0,0,0,0,Marzahn-Hellersdorf,Accident with minor injuries,Collision with a turning/crossing vehicle,Turning accident,Daylight,Dry
4222,193525,4,Reichsstraße,2019,4,9,3,2,6,2,0,0,1,1,0,0,0,0,Charlottenburg - Wilmersdorf,Accident with serious injuries,Collision between vehicle and pedestrian,Turning accident,Daylight,Dry
4223,193526,5,Borkumer Straße,2019,4,11,6,2,6,4,0,0,1,1,0,0,0,0,Spandau,Accident with serious injuries,Collision between vehicle and pedestrian,Pedestrian crossing accident,Daylight,Dry
4224,193527,2,Urbanstraße,2019,4,18,2,3,3,6,1,1,0,0,0,0,0,0,Friedrichshain - Kreuzberg,Accident with minor injuries,Collision with a vehicle traveling laterally in the same direction,Collision involving vehicles going in the same way,Twilight,Dry
4225,193528,8,Alt-Rudow,2019,4,16,5,3,6,6,0,0,1,1,0,0,0,0,Neukölln,Accident with minor injuries,Collision between vehicle and pedestrian,Collision involving vehicles going in the same way,Daylight,Dry
4226,193529,1,Oranienburger Straße,2019,4,9,2,3,4,6,0,1,0,0,0,0,0,0,Mitte,Accident with minor injuries,Collision with oncoming vehicle,Collision involving vehicles going in the same way,Daylight,Dry
4227,193530,8,Gropiusstadt Süd,2019,4,13,1,3,5,2,0,0,1,0,1,0,0,0,Neukölln,Accident with minor injuries,Collision with a turning/crossing vehicle,Turning accident,Daylight,Dry
4228,193531,9,Köpenick Nord,2019,4,19,2,3,5,2,0,1,1,0,0,0,0,0,Treptow-Köpenick,Accident with minor injuries,Collision with a turning/crossing vehicle,Turning accident,Daylight,Dry
4229,193532,11,Rummelsburg,2019,4,12,2,3,3,6,0,0,1,0,0,1,0,0,Lichtenberg,Accident with minor injuries,Collision with a vehicle traveling laterally in the same direction,Collision involving vehicles going in the same way,Daylight,Dry
4230,193533,4,Messegelände,2019,4,12,7,3,5,2,0,1,1,0,0,0,0,0,Charlottenburg - Wilmersdorf,Accident with minor injuries,Collision with a turning/crossing vehicle,Turning accident,Daylight,Dry
4231,193534,7,Manteuffelstraße,2019,4,12,2,3,5,2,0,1,1,0,0,0,0,0,Tempelhof-Schöneberg,Accident with minor injuries,Collision with a turning/crossing vehicle,Turning accident,Daylight,Dry
4232,193535,8,Donaustraße,2019,4,16,2,3,1,5,0,1,1,0,0,0,0,0,Neukölln,Accident with minor injuries,Collision with a moving/standing/parked vehicle,Accident involving parked vehicles,Daylight,Dry
4233,193536,1,Unter den Linden Süd,2019,4,9,6,3,2,6,0,0,1,0,1,0,0,0,Mitte,Accident with minor injuries,Collision with the vehicle in front/waiting vehicle,Collision involving vehicles going in the same way,Daylight,Dry
4234,193537,12,Waldidyll/Flughafensee,2019,4,16,2,2,2,6,0,0,1,0,0,0,0,0,Reinickendorf,Accident with serious injuries,Collision with the vehicle in front/waiting vehicle,Collision involving vehicles going in the same way,Daylight,Dry
4235,193538,10,Kaulsdorf Nord I,2019,4,17,5,3,5,3,0,1,1,0,0,0,0,0,Marzahn-Hellersdorf,Accident with minor injuries,Collision with a turning/crossing vehicle,Turning/Crossing accident,Daylight,Dry
4236,193539,9,Adlershof West,2019,4,16,2,3,5,3,0,1,1,0,0,0,0,0,Treptow-Köpenick,Accident with minor injuries,Collision with a turning/crossing vehicle,Turning/Crossing accident,Daylight,Dry
4237,193540,8,Zittauer Straße,2019,4,7,6,3,3,6,0,1,1,0,0,0,0,0,Neukölln,Accident with minor injuries,Collision with a vehicle traveling laterally in the same direction,Collision involving vehicles going in the same way,Daylight,Dry
4238,193541,8,Körnerpark,2019,4,15,2,3,5,3,0,1,0,0,0,0,1,0,Neukölln,Accident with minor injuries,Collision with a turning/crossing vehicle,Turning/Crossing accident,Daylight,Dry
4239,193542,3,Pankow Zentrum,2019,4,12,5,3,5,2,0,0,0,0,0,1,1,0,Pankow,Accident with minor injuries,Collision with a turning/crossing vehicle,Turning accident,Daylight,Dry
4240,193543,1,Alexanderplatzviertel,2019,4,15,2,3,2,4,0,1,1,1,0,0,0,0,Mitte,Accident with minor injuries,Collision with the vehicle in front/waiting vehicle,Pedestrian crossing accident,Daylight,Dry
4241,193544,5,Maulbeerallee,2019,4,14,1,3,5,2,0,0,1,0,0,0,0,0,Spandau,Accident with minor injuries,Collision with a turning/crossing vehicle,Turning accident,Daylight,Dry
4242,193545,1,Alexanderplatzviertel,2019,4,15,2,3,5,3,0,1,0,0,0,0,0,0,Mitte,Accident with minor injuries,Collision with a turning/crossing vehicle,Turning/Crossing accident,Daylight,Dry
4243,193546,1,Thomasiusstraße,2019,4,15,2,3,5,2,0,1,1,0,0,0,0,0,Mitte,Accident with minor injuries,Collision with a turning/crossing vehicle,Turning accident,Daylight,Dry
4244,193547,5,Döberitzer Weg,2019,4,15,7,3,5,2,0,0,1,0,0,0,0,0,Spandau,Accident with minor injuries,Collision with a turning/crossing vehicle,Turning accident,Daylight,Dry
4245,193548,5,Staakener Straße,2019,4,13,2,3,0,3,0,1,0,0,0,0,1,0,Spandau,Accident with minor injuries,Others,Turning/Crossing accident,Daylight,Dry
4246,193549,10,Marzahner Chaussee,2019,4,14,2,3,5,3,0,1,0,0,0,0,1,0,Marzahn-Hellersdorf,Accident with minor injuries,Collision with a turning/crossing vehicle,Turning/Crossing accident,Daylight,Dry
4247,193550,2,Mehringplatz,2019,4,7,5,3,3,6,0,1,0,0,0,0,0,0,Friedrichshain - Kreuzberg,Accident with minor injuries,Collision with a vehicle traveling laterally in the same direction,Collision involving vehicles going in the same way,Daylight,Dry
4248,193551,5,Adamstraße,2019,4,14,2,3,5,3,0,0,1,0,1,0,0,0,Spandau,Accident with minor injuries,Collision with a turning/crossing vehicle,Turning/Crossing accident,Daylight,Dry
4249,193552,10,Kaulsdorf Nord II,2019,4,16,5,3,2,6,0,0,1,0,0,0,0,0,Marzahn-Hellersdorf,Accident with minor injuries,Collision with the vehicle in front/waiting vehicle,Collision involving vehicles going in the same way,Daylight,Dry
4250,193553,6,Bismarckstraße,2019,4,16,2,2,6,4,0,1,0,1,0,0,0,0,Steglitz-Zehlendorf,Accident with serious injuries,Collision between vehicle and pedestrian,Pedestrian crossing accident,Daylight,Dry
4251,193554,3,Humannplatz,2019,4,13,7,3,5,3,0,1,1,0,0,0,0,0,Pankow,Accident with minor injuries,Collision with a turning/crossing vehicle,Turning/Crossing accident,Daylight,Dry
4252,193555,4,Breitscheidplatz,2019,4,18,2,3,1,5,0,0,1,0,0,0,0,0,Charlottenburg - Wilmersdorf,Accident with minor injuries,Collision with a moving/standing/parked vehicle,Accident involving parked vehicles,Daylight,Dry
4253,193556,10,Mahlsdorf Nord,2019,4,13,2,3,5,3,0,1,1,0,0,0,0,0,Marzahn-Hellersdorf,Accident with minor injuries,Collision with a turning/crossing vehicle,Turning/Crossing accident,Daylight,Dry
4254,193557,2,Graefekiez,2019,4,16,2,3,2,6,0,0,1,0,0,0,0,0,Friedrichshain - Kreuzberg,Accident with minor injuries,Collision with the vehicle in front/waiting vehicle,Collision involving vehicles going in the same way,Daylight,Dry
4255,193558,3,Anton-Saefkow-Park,2019,4,19,1,3,2,6,0,0,1,0,0,0,0,0,Pankow,Accident with minor injuries,Collision with the vehicle in front/waiting vehicle,Collision involving vehicles going in the same way,Daylight,Dry
4256,193559,4,Hagenplatz,2019,4,12,2,3,1,5,0,1,1,0,0,0,0,0,Charlottenburg - Wilmersdorf,Accident with minor injuries,Collision with a moving/standing/parked vehicle,Accident involving parked vehicles,Daylight,Dry
4257,193560,5,Gartenfelder Straße,2019,4,14,2,3,0,7,0,0,0,0,1,0,0,1,Spandau,Accident with minor injuries,Others,Others,Daylight,Wet/moist/slippery
4258,193561,4,Savignyplatz,2019,4,19,4,3,5,3,1,1,1,0,0,0,0,0,Charlottenburg - Wilmersdorf,Accident with minor injuries,Collision with a turning/crossing vehicle,Turning/Crossing accident,Twilight,Dry
4259,193562,2,Wassertorplatz,2019,4,18,6,3,5,3,0,0,1,0,0,0,0,0,Friedrichshain - Kreuzberg,Accident with minor injuries,Collision with a turning/crossing vehicle,Turning/Crossing accident,Daylight,Dry
4260,193563,1,Reinickendorfer Straße,2019,4,17,2,3,5,5,0,1,1,0,0,0,0,0,Mitte,Accident with minor injuries,Collision with a turning/crossing vehicle,Accident involving parked vehicles,Daylight,Dry
4261,193564,1,Arkonaplatz,2019,4,18,4,3,2,6,0,0,1,0,0,0,0,0,Mitte,Accident with minor injuries,Collision with the vehicle in front/waiting vehicle,Collision involving vehicles going in the same way,Daylight,Dry
4262,193565,5,Borkumer Straße,2019,4,12,2,3,2,6,0,0,1,0,0,0,0,0,Spandau,Accident with minor injuries,Collision with the vehicle in front/waiting vehicle,Collision involving vehicles going in the same way,Daylight,Dry
4263,193566,1,Alexanderplatzviertel,2019,4,18,4,3,3,6,0,1,1,0,0,0,0,0,Mitte,Accident with minor injuries,Collision with a vehicle traveling laterally in the same direction,Collision involving vehicles going in the same way,Daylight,Dry
4264,193567,6,Fischtal,2019,4,14,5,3,5,2,0,0,1,0,1,0,0,0,Steglitz-Zehlendorf,Accident with minor injuries,Collision with a turning/crossing vehicle,Turning accident,Daylight,Dry
4265,193568,6,Lankwitz Kirche,2019,4,16,2,3,5,3,0,1,1,0,0,0,0,0,Steglitz-Zehlendorf,Accident with minor injuries,Collision with a turning/crossing vehicle,Turning/Crossing accident,Daylight,Dry
4266,193569,8,Körnerpark,2019,4,18,4,3,2,7,0,1,0,0,0,0,1,0,Neukölln,Accident with minor injuries,Collision with the vehicle in front/waiting vehicle,Others,Daylight,Dry
4267,193570,3,Pankow Süd,2019,4,17,4,3,1,1,0,0,0,0,1,1,0,0,Pankow,Accident with minor injuries,Collision with a moving/standing/parked vehicle,Driving accident,Daylight,Dry
4268,193571,4,Ernst-Reuter-Platz,2019,4,9,5,3,5,7,0,0,1,0,0,0,0,0,Charlottenburg - Wilmersdorf,Accident with minor injuries,Collision with a turning/crossing vehicle,Others,Daylight,Dry
4269,193572,1,Arkonaplatz,2019,4,13,2,3,0,3,0,1,1,0,0,0,0,0,Mitte,Accident with minor injuries,Others,Turning/Crossing accident,Daylight,Dry
4270,193573,9,Köllnische Vorstadt,2019,4,17,4,3,2,7,0,0,1,0,0,0,0,0,Treptow-Köpenick,Accident with minor injuries,Collision with the vehicle in front/waiting vehicle,Others,Daylight,Dry
4271,193574,4,Plötzensee,2019,4,18,7,3,6,4,1,0,0,1,1,0,0,0,Charlottenburg - Wilmersdorf,Accident with minor injuries,Collision between vehicle and pedestrian,Pedestrian crossing accident,Twilight,Dry
4272,193575,7,Nollendorfplatz,2019,4,17,4,3,0,6,0,0,1,0,0,0,1,0,Tempelhof-Schöneberg,Accident with minor injuries,Others,Collision involving vehicles going in the same way,Daylight,Dry
4273,193576,1,Westliche Müllerstraße,2019,4,13,2,3,1,5,0,0,1,0,0,0,1,0,Mitte,Accident with minor injuries,Collision with a moving/standing/parked vehicle,Accident involving parked vehicles,Daylight,Dry
4274,193577,4,Reichsstraße,2019,4,17,4,3,5,3,0,0,1,0,1,0,0,0,Charlottenburg - Wilmersdorf,Accident with minor injuries,Collision with a turning/crossing vehicle,Turning/Crossing accident,Daylight,Dry
4275,193578,5,Gartenfelder Straße,2019,4,18,2,3,5,2,0,1,1,0,0,0,0,0,Spandau,Accident with minor injuries,Collision with a turning/crossing vehicle,Turning accident,Daylight,Dry
4276,193579,2,Hausburgviertel,2019,4,17,4,3,5,3,0,1,1,0,0,0,0,0,Friedrichshain - Kreuzberg,Accident with minor injuries,Collision with a turning/crossing vehicle,Turning/Crossing accident,Daylight,Dry
4277,193580,7,Rathausstraße,2019,4,10,6,3,3,6,0,0,1,0,1,0,0,0,Tempelhof-Schöneberg,Accident with minor injuries,Collision with a vehicle traveling laterally in the same direction,Collision involving vehicles going in the same way,Daylight,Dry
4278,193581,7,Bayerischer Platz,2019,4,11,2,3,2,6,0,0,1,0,0,0,0,0,Tempelhof-Schöneberg,Accident with minor injuries,Collision with the vehicle in front/waiting vehicle,Collision involving vehicles going in the same way,Daylight,Dry
4279,193582,7,Manteuffelstraße,2019,4,16,4,3,2,6,0,0,1,0,0,0,0,0,Tempelhof-Schöneberg,Accident with minor injuries,Collision with the vehicle in front/waiting vehicle,Collision involving vehicles going in the same way,Daylight,Dry
4280,193583,2,Urbanstraße,2019,4,16,4,3,5,2,0,1,1,0,0,0,0,0,Friedrichshain - Kreuzberg,Accident with minor injuries,Collision with a turning/crossing vehicle,Turning accident,Daylight,Dry
4281,193584,6,Lichterfelde West,2019,4,15,5,3,3,2,0,0,1,0,0,0,0,0,Steglitz-Zehlendorf,Accident with minor injuries,Collision with a vehicle traveling laterally in the same direction,Turning accident,Daylight,Dry