,object id,district,street,year,month,hour of day,weekday,category,accident type,accident type 2,light situation,bike involved,car involved,pedestrian involved,motor bike involved,big track involved,other vehicle involved,road condition,district name,category name,accident detail,accident type detail,light condition,road condition detail
4416,193719,10,Havemannstraße,2019,3,12,7,3,6,4,0,0,1,1,0,0,0,0,Marzahn-Hellersdorf,Accident with minor injuries,Collision between vehicle and pedestrian,Pedestrian crossing accident,Daylight,Dry
4417,193720,5,Hakenfelde Nord,2019,4,17,2,3,5,3,0,1,1,0,0,0,0,0,Spandau,Accident with minor injuries,Collision with a turning/crossing vehicle,Turning/Crossing accident,Daylight,Dry
4418,193721,7,Neu-Tempelhof,2019,4,14,2,3,6,4,0,0,1,1,0,0,0,0,Tempelhof-Schöneberg,Accident with minor injuries,Collision between vehicle and pedestrian,Pedestrian crossing accident,Daylight,Dry
4419,193722,12,Breitkopfbecken,2019,4,14,5,3,1,5,0,0,1,0,1,0,0,0,Reinickendorf,Accident with minor injuries,Collision with a moving/standing/parked vehicle,Accident involving parked vehicles,Daylight,Dry
4420,193723,2,Viktoriapark,2019,3,8,7,2,5,2,0,0,1,0,0,0,0,0,Friedrichshain - Kreuzberg,Accident with serious injuries,Collision with a turning/crossing vehicle,Turning accident,Daylight,Dry
4421,193724,1,Zillesiedlung,2019,4,15,2,3,2,7,0,0,1,0,0,0,0,0,Mitte,Accident with minor injuries,Collision with the vehicle in front/waiting vehicle,Others,Daylight,Dry
4422,193725,3,Pankow Zentrum,2019,4,15,1,3,0,2,0,1,1,0,0,0,0,0,Pankow,Accident with minor injuries,Others,Turning accident,Daylight,Dry
4423,193726,8,Reuterkiez,2019,4,8,2,3,5,3,0,1,1,0,0,0,0,0,Neukölln,Accident with minor injuries,Collision with a turning/crossing vehicle,Turning/Crossing accident,Daylight,Dry
4424,193727,12,Märkisches Zentrum,2019,3,8,7,3,1,1,0,0,1,0,0,0,0,0,Reinickendorf,Accident with minor injuries,Collision with a moving/standing/parked vehicle,Driving accident,Daylight,Dry
4425,193728,7,Rathaus Tempelhof,2019,3,7,7,2,6,2,0,0,0,1,0,0,1,0,Tempelhof-Schöneberg,Accident with serious injuries,Collision between vehicle and pedestrian,Turning accident,Daylight,Dry
4426,193729,4,Jungfernheide,2019,4,22,2,3,5,2,2,0,1,0,0,0,0,0,Charlottenburg - Wilmersdorf,Accident with minor injuries,Collision with a turning/crossing vehicle,Turning accident,Dark,Dry
4427,193730,6,Wannsee,2019,4,11,7,2,5,2,0,1,1,0,0,0,0,0,Steglitz-Zehlendorf,Accident with serious injuries,Collision with a turning/crossing vehicle,Turning accident,Daylight,Dry
4428,193731,3,Komponistenviertel Weißensee,2019,4,21,2,3,3,6,2,1,1,0,0,0,0,0,Pankow,Accident with minor injuries,Collision with a vehicle traveling laterally in the same direction,Collision involving vehicles going in the same way,Dark,Dry
4429,193732,3,Falkplatz,2019,3,8,7,3,0,1,0,1,0,0,0,0,0,0,Pankow,Accident with minor injuries,Others,Driving accident,Daylight,Dry
4430,193733,8,Parchimer Allee,2019,4,20,2,3,6,7,2,0,1,1,0,0,0,0,Neukölln,Accident with minor injuries,Collision between vehicle and pedestrian,Others,Dark,Dry
4431,193734,5,Adamstraße,2019,3,13,7,3,0,1,0,0,0,0,1,0,0,0,Spandau,Accident with minor injuries,Others,Driving accident,Daylight,Dry
4432,193735,2,Moritzplatz,2019,4,20,2,3,6,2,2,0,1,1,0,0,0,0,Friedrichshain - Kreuzberg,Accident with minor injuries,Collision between vehicle and pedestrian,Turning accident,Dark,Dry
4433,193736,4,Schaperstraße,2019,4,19,6,3,4,5,1,1,0,0,0,0,0,0,Charlottenburg - Wilmersdorf,Accident with minor injuries,Collision with oncoming vehicle,Accident involving parked vehicles,Twilight,Dry
4434,193737,7,Nollendorfplatz,2019,3,0,7,3,5,3,2,0,1,0,0,0,0,0,Tempelhof-Schöneberg,Accident with minor injuries,Collision with a turning/crossing vehicle,Turning/Crossing accident,Dark,Dry
4435,193738,2,Mehringplatz,2019,4,20,2,3,2,6,2,0,1,0,1,0,0,0,Friedrichshain - Kreuzberg,Accident with minor injuries,Collision with the vehicle in front/waiting vehicle,Collision involving vehicles going in the same way,Dark,Dry
4436,193739,8,Hertzbergplatz,2019,4,19,2,3,2,7,1,0,1,0,1,0,0,0,Neukölln,Accident with minor injuries,Collision with the vehicle in front/waiting vehicle,Others,Twilight,Dry
4437,193740,5,Eiswerder,2019,4,17,5,3,2,6,0,0,1,0,0,0,0,0,Spandau,Accident with minor injuries,Collision with the vehicle in front/waiting vehicle,Collision involving vehicles going in the same way,Daylight,Dry
4438,193741,2,Lausitzer Platz,2019,3,15,7,3,0,4,0,1,0,1,0,0,0,0,Friedrichshain - Kreuzberg,Accident with minor injuries,Others,Pedestrian crossing accident,Daylight,Dry
4439,193742,1,Lüneburger Straße,2019,4,18,2,3,5,2,0,0,1,0,1,0,0,0,Mitte,Accident with minor injuries,Collision with a turning/crossing vehicle,Turning accident,Daylight,Dry
4440,193743,4,Babelsberger Straße,2019,4,19,1,3,6,2,2,0,1,1,0,0,0,0,Charlottenburg - Wilmersdorf,Accident with minor injuries,Collision between vehicle and pedestrian,Turning accident,Dark,Dry
4441,193744,11,Große-Leege-Straße,2019,4,18,2,3,5,2,0,1,1,0,0,0,0,0,Lichtenberg,Accident with minor injuries,Collision with a turning/crossing vehicle,Turning accident,Daylight,Dry
4442,193745,11,Fennpfuhl Ost,2019,3,15,7,3,2,2,0,0,1,0,0,0,0,0,Lichtenberg,Accident with minor injuries,Collision with the vehicle in front/waiting vehicle,Turning accident,Daylight,Dry
4443,193746,9,Köllnische Vorstadt,2019,4,17,2,3,2,6,0,0,1,0,0,1,0,0,Treptow-Köpenick,Accident with minor injuries,Collision with the vehicle in front/waiting vehicle,Collision involving vehicles going in the same way,Daylight,Dry
4444,193747,12,Ziekowstraße/Freie Scholle,2019,4,12,5,3,5,2,0,0,1,0,0,0,1,0,Reinickendorf,Accident with minor injuries,Collision with a turning/crossing vehicle,Turning accident,Daylight,Dry
4445,193748,4,Amtsgerichtsplatz,2019,4,16,2,3,2,6,0,0,1,0,0,0,0,0,Charlottenburg - Wilmersdorf,Accident with minor injuries,Collision with the vehicle in front/waiting vehicle,Collision involving vehicles going in the same way,Daylight,Dry
4446,193749,9,Altstadt Kietz,2019,3,15,7,3,5,3,0,1,1,0,0,0,0,0,Treptow-Köpenick,Accident with minor injuries,Collision with a turning/crossing vehicle,Turning/Crossing accident,Daylight,Dry
4447,193750,2,Graefekiez,2019,4,8,2,3,3,6,0,0,1,0,0,0,0,0,Friedrichshain - Kreuzberg,Accident with minor injuries,Collision with a vehicle traveling laterally in the same direction,Collision involving vehicles going in the same way,Daylight,Dry
4448,193751,3,Helmholtzplatz,2019,4,12,1,3,2,6,0,1,1,0,0,0,0,0,Pankow,Accident with minor injuries,Collision with the vehicle in front/waiting vehicle,Collision involving vehicles going in the same way,Daylight,Dry
4449,193752,1,Nördlicher Landwehrkanal,2019,4,8,2,3,5,3,0,1,1,0,0,0,0,0,Mitte,Accident with minor injuries,Collision with a turning/crossing vehicle,Turning/Crossing accident,Daylight,Dry
4450,193753,10,Alte Hellersdorfer Straße,2019,3,15,7,3,5,2,0,0,1,0,0,0,0,0,Marzahn-Hellersdorf,Accident with minor injuries,Collision with a turning/crossing vehicle,Turning accident,Daylight,Dry
4451,193754,2,Graefekiez,2019,3,16,7,3,5,7,0,0,1,0,0,0,0,0,Friedrichshain - Kreuzberg,Accident with minor injuries,Collision with a turning/crossing vehicle,Others,Daylight,Dry
4452,193755,4,Breitscheidplatz,2019,4,8,2,3,5,2,0,1,0,0,1,0,0,0,Charlottenburg - Wilmersdorf,Accident with minor injuries,Collision with a turning/crossing vehicle,Turning accident,Daylight,Dry
4453,193756,2,Samariterviertel,2019,4,14,7,3,0,3,0,0,1,0,1,0,0,0,Friedrichshain - Kreuzberg,Accident with minor injuries,Others,Turning/Crossing accident,Daylight,Dry
4454,193757,3,Erich-Weinert-Straße,2019,4,8,2,3,2,6,0,0,1,0,0,0,0,0,Pankow,Accident with minor injuries,Collision with the vehicle in front/waiting vehicle,Collision involving vehicles going in the same way,Daylight,Dry
4455,193758,9,Schnellerstraße,2019,3,16,7,3,2,6,0,0,1,0,0,0,1,0,Treptow-Köpenick,Accident with minor injuries,Collision with the vehicle in front/waiting vehicle,Collision involving vehicles going in the same way,Daylight,Dry
4456,193759,9,Rahnsdorf/Hessenwinkel,2019,4,7,2,3,2,6,0,0,1,0,0,0,0,0,Treptow-Köpenick,Accident with minor injuries,Collision with the vehicle in front/waiting vehicle,Collision involving vehicles going in the same way,Daylight,Dry
4457,193760,1,Sparrplatz,2019,3,20,7,3,6,2,2,0,1,1,0,0,0,0,Mitte,Accident with minor injuries,Collision between vehicle and pedestrian,Turning accident,Dark,Dry
4458,193761,2,Boxhagener Platz,2019,4,7,2,3,6,7,0,1,0,1,0,0,0,0,Friedrichshain - Kreuzberg,Accident with minor injuries,Collision between vehicle and pedestrian,Others,Daylight,Dry
4459,193762,11,Fennpfuhl West,2019,4,14,6,3,0,7,0,0,1,0,0,0,0,0,Lichtenberg,Accident with minor injuries,Others,Others,Daylight,Dry
4460,193763,12,Märkisches Zentrum,2019,3,21,7,3,5,3,2,0,1,0,0,0,0,0,Reinickendorf,Accident with minor injuries,Collision with a turning/crossing vehicle,Turning/Crossing accident,Dark,Dry
4461,193764,1,Unter den Linden Nord,2019,4,8,2,3,2,6,0,1,1,0,0,0,0,0,Mitte,Accident with minor injuries,Collision with the vehicle in front/waiting vehicle,Collision involving vehicles going in the same way,Daylight,Dry
4462,193765,3,Humannplatz,2019,4,9,2,3,5,3,0,0,1,0,0,0,0,0,Pankow,Accident with minor injuries,Collision with a turning/crossing vehicle,Turning/Crossing accident,Daylight,Dry
4463,193766,7,Kirchstraße,2019,4,17,5,2,0,7,0,1,0,0,0,0,0,0,Tempelhof-Schöneberg,Accident with serious injuries,Others,Others,Daylight,Dry
4464,193767,1,Westliche Müllerstraße,2019,3,21,7,3,1,5,2,1,1,0,0,0,0,0,Mitte,Accident with minor injuries,Collision with a moving/standing/parked vehicle,Accident involving parked vehicles,Dark,Dry
4465,193768,2,Andreasviertel,2019,4,10,2,3,5,3,0,0,1,0,0,0,0,0,Friedrichshain - Kreuzberg,Accident with minor injuries,Collision with a turning/crossing vehicle,Turning/Crossing accident,Daylight,Dry
4466,193769,6,Schütte-Lanz-Straße,2019,4,18,7,3,6,4,0,0,1,1,0,0,0,0,Steglitz-Zehlendorf,Accident with minor injuries,Collision between vehicle and pedestrian,Pedestrian crossing accident,Daylight,Dry
4467,193770,1,Charitéviertel,2019,4,10,2,3,5,3,0,0,1,0,0,0,0,0,Mitte,Accident with minor injuries,Collision with a turning/crossing vehicle,Turning/Crossing accident,Daylight,Dry
4468,193771,9,Elsenstraße,2019,3,14,7,3,2,6,0,1,1,0,1,0,0,0,Treptow-Köpenick,Accident with minor injuries,Collision with the vehicle in front/waiting vehicle,Collision involving vehicles going in the same way,Daylight,Dry
4469,193772,2,Traveplatz,2019,3,21,7,3,0,7,2,1,0,0,0,0,0,0,Friedrichshain - Kreuzberg,Accident with minor injuries,Others,Others,Dark,Dry
4470,193773,4,Reichsstraße,2019,4,10,2,3,5,3,0,0,1,0,0,0,0,0,Charlottenburg - Wilmersdorf,Accident with minor injuries,Collision with a turning/crossing vehicle,Turning/Crossing accident,Daylight,Dry
4471,193774,2,Wassertorplatz,2019,4,14,6,3,5,2,0,0,1,0,0,0,0,0,Friedrichshain - Kreuzberg,Accident with minor injuries,Collision with a turning/crossing vehicle,Turning accident,Daylight,Dry
4472,193775,10,Marzahner Chaussee,2019,4,11,2,3,2,6,0,0,1,0,0,0,0,0,Marzahn-Hellersdorf,Accident with minor injuries,Collision with the vehicle in front/waiting vehicle,Collision involving vehicles going in the same way,Daylight,Dry
4473,193776,3,Helmholtzplatz,2019,3,20,7,3,0,1,2,1,0,0,0,0,0,0,Pankow,Accident with minor injuries,Others,Driving accident,Dark,Dry
4474,193777,1,Heidestraße,2019,4,12,2,3,2,6,0,0,1,0,1,0,0,0,Mitte,Accident with minor injuries,Collision with the vehicle in front/waiting vehicle,Collision involving vehicles going in the same way,Daylight,Dry
4475,193778,4,Flinsberger Platz,2019,4,22,6,2,2,6,2,0,1,0,0,0,0,0,Charlottenburg - Wilmersdorf,Accident with serious injuries,Collision with the vehicle in front/waiting vehicle,Collision involving vehicles going in the same way,Dark,Dry
4476,193779,8,Körnerpark,2019,4,13,2,3,6,7,0,0,1,1,0,0,0,0,Neukölln,Accident with minor injuries,Collision between vehicle and pedestrian,Others,Daylight,Dry
4477,193780,7,Kaiser-Wilhelm-Platz,2019,3,11,7,3,5,3,0,0,1,0,0,0,1,0,Tempelhof-Schöneberg,Accident with minor injuries,Collision with a turning/crossing vehicle,Turning/Crossing accident,Daylight,Dry
4478,193781,5,Borkumer Straße,2019,4,12,2,3,5,3,0,0,1,0,0,0,0,0,Spandau,Accident with minor injuries,Collision with a turning/crossing vehicle,Turning/Crossing accident,Daylight,Dry
4479,193782,2,Wriezener Bahnhof/Entwicklungsgebiet,2019,3,23,6,3,5,7,2,1,1,0,0,0,0,0,Friedrichshain - Kreuzberg,Accident with minor injuries,Collision with a turning/crossing vehicle,Others,Dark,Dry
4480,193783,8,Reuterkiez,2019,4,12,2,3,2,2,0,0,1,0,0,0,1,0,Neukölln,Accident with minor injuries,Collision with the vehicle in front/waiting vehicle,Turning accident,Daylight,Dry
4481,193784,6,Fichtenberg,2019,4,11,5,3,5,2,0,0,1,0,0,0,0,0,Steglitz-Zehlendorf,Accident with minor injuries,Collision with a turning/crossing vehicle,Turning accident,Daylight,Dry
4482,193785,2,Graefekiez,2019,3,9,6,3,1,7,0,0,1,0,0,0,0,0,Friedrichshain - Kreuzberg,Accident with minor injuries,Collision with a moving/standing/parked vehicle,Others,Daylight,Dry
4483,193786,10,Oberfeldstraße,2019,4,15,2,3,5,3,0,1,1,0,0,0,0,0,Marzahn-Hellersdorf,Accident with minor injuries,Collision with a turning/crossing vehicle,Turning/Crossing accident,Daylight,Dry
4484,193787,3,Helmholtzplatz,2019,4,15,2,3,1,5,0,1,1,0,0,0,0,0,Pankow,Accident with minor injuries,Collision with a moving/standing/parked vehicle,Accident involving parked vehicles,Daylight,Dry
4485,193788,2,Wrangelkiez,2019,4,10,5,3,2,6,0,0,1,0,1,0,0,0,Friedrichshain - Kreuzberg,Accident with minor injuries,Collision with the vehicle in front/waiting vehicle,Collision involving vehicles going in the same way,Daylight,Dry
4486,193789,4,Breite Straße,2019,3,13,6,3,5,2,0,1,0,0,0,0,1,0,Charlottenburg - Wilmersdorf,Accident with minor injuries,Collision with a turning/crossing vehicle,Turning accident,Daylight,Dry
4487,193790,11,Falkenberg Ost,2019,4,15,2,3,5,3,0,1,1,0,0,0,0,0,Lichtenberg,Accident with minor injuries,Collision with a turning/crossing vehicle,Turning/Crossing accident,Daylight,Dry
4488,193791,1,Westhafen,2019,4,19,7,3,5,3,1,0,1,0,0,0,0,0,Mitte,Accident with minor injuries,Collision with a turning/crossing vehicle,Turning/Crossing accident,Twilight,Dry
4489,193792,4,Breite Straße,2019,4,15,2,3,1,5,0,1,1,0,0,0,0,0,Charlottenburg - Wilmersdorf,Accident with minor injuries,Collision with a moving/standing/parked vehicle,Accident involving parked vehicles,Daylight,Dry
4490,193793,7,Marienfelde Süd,2019,3,12,6,3,2,2,0,0,1,0,0,0,0,0,Tempelhof-Schöneberg,Accident with minor injuries,Collision with the vehicle in front/waiting vehicle,Turning accident,Daylight,Dry
4491,193794,8,Körnerpark,2019,4,16,2,3,1,5,0,1,1,0,0,0,0,0,Neukölln,Accident with minor injuries,Collision with a moving/standing/parked vehicle,Accident involving parked vehicles,Daylight,Dry
4492,193795,7,Friedenau,2019,3,12,6,3,5,3,0,1,1,0,0,0,0,0,Tempelhof-Schöneberg,Accident with minor injuries,Collision with a turning/crossing vehicle,Turning/Crossing accident,Daylight,Dry
4493,193796,8,Reuterkiez,2019,4,11,6,3,5,3,0,0,1,0,0,0,1,0,Neukölln,Accident with minor injuries,Collision with a turning/crossing vehicle,Turning/Crossing accident,Daylight,Dry
4494,193797,4,Park Ruhwald,2019,4,18,4,3,6,4,0,1,0,1,0,0,0,0,Charlottenburg - Wilmersdorf,Accident with minor injuries,Collision between vehicle and pedestrian,Pedestrian crossing accident,Daylight,Dry
4495,193798,2,Wassertorplatz,2019,4,15,5,3,5,2,0,0,1,0,0,0,0,0,Friedrichshain - Kreuzberg,Accident with minor injuries,Collision with a turning/crossing vehicle,Turning accident,Daylight,Dry
4496,193799,1,Gesundbrunnen,2019,4,13,1,3,6,4,0,0,1,1,0,0,0,0,Mitte,Accident with minor injuries,Collision between vehicle and pedestrian,Pedestrian crossing accident,Daylight,Dry
4497,193800,5,Jägerallee,2019,4,15,4,2,0,2,0,0,0,0,0,0,1,0,Spandau,Accident with serious injuries,Others,Turning accident,Daylight,Dry
4498,193801,10,Mahlsdorf Süd,2019,4,19,4,3,5,2,0,1,1,0,0,0,0,0,Marzahn-Hellersdorf,Accident with minor injuries,Collision with a turning/crossing vehicle,Turning accident,Daylight,Dry
4499,193802,4,Karl-August-Platz,2019,4,9,4,3,3,6,0,1,1,0,0,0,0,0,Charlottenburg - Wilmersdorf,Accident with minor injuries,Collision with a vehicle traveling laterally in the same direction,Collision involving vehicles going in the same way,Daylight,Dry
4500,193803,1,Invalidenstraße,2019,4,10,7,2,0,1,0,1,0,0,0,0,0,0,Mitte,Accident with serious injuries,Others,Driving accident,Daylight,Dry
4501,193804,5,Germersheimer Platz,2019,4,17,6,3,5,2,0,1,0,0,0,0,1,0,Spandau,Accident with minor injuries,Collision with a turning/crossing vehicle,Turning accident,Daylight,Dry
4502,193805,2,Boxhagener Platz,2019,4,15,6,3,6,7,0,1,0,1,0,0,0,0,Friedrichshain - Kreuzberg,Accident with minor injuries,Collision between vehicle and pedestrian,Others,Daylight,Dry
4503,193806,8,Rollberg,2019,4,16,6,3,2,6,0,0,1,0,0,0,0,0,Neukölln,Accident with minor injuries,Collision with the vehicle in front/waiting vehicle,Collision involving vehicles going in the same way,Daylight,Dry
4504,193807,9,Altstadt Kietz,2019,4,13,6,3,0,7,0,1,0,0,0,0,0,0,Treptow-Köpenick,Accident with minor injuries,Others,Others,Daylight,Dry
4505,193808,4,Schloßgarten,2019,4,14,6,3,2,6,0,0,1,0,0,0,0,0,Charlottenburg - Wilmersdorf,Accident with minor injuries,Collision with the vehicle in front/waiting vehicle,Collision involving vehicles going in the same way,Daylight,Dry
4506,193809,5,Gütersloher Weg,2019,4,11,6,3,5,3,0,1,1,0,0,0,0,0,Spandau,Accident with minor injuries,Collision with a turning/crossing vehicle,Turning/Crossing accident,Daylight,Dry
4507,193810,9,Hirschgarten,2019,4,10,6,2,0,6,0,0,1,0,1,0,0,0,Treptow-Köpenick,Accident with serious injuries,Others,Collision involving vehicles going in the same way,Daylight,Dry
4508,193811,7,Marienhöhe,2019,4,8,6,3,9,1,0,0,1,0,0,0,0,0,Tempelhof-Schöneberg,Accident with minor injuries,Departure from the roadway to the left,Driving accident,Daylight,Dry
4509,193812,4,Alt-Lietzow,2019,4,9,6,3,5,7,0,0,1,0,0,0,0,0,Charlottenburg - Wilmersdorf,Accident with minor injuries,Collision with a turning/crossing vehicle,Others,Daylight,Dry
4510,193813,4,Ernst-Reuter-Platz,2019,4,12,6,3,3,6,0,0,1,0,1,0,0,0,Charlottenburg - Wilmersdorf,Accident with minor injuries,Collision with a vehicle traveling laterally in the same direction,Collision involving vehicles going in the same way,Daylight,Dry
4511,193814,5,Gartenfelder Straße,2019,4,14,6,3,2,2,0,0,1,0,0,0,0,0,Spandau,Accident with minor injuries,Collision with the vehicle in front/waiting vehicle,Turning accident,Daylight,Dry
4512,193815,4,Rüdesheimer Platz,2019,4,14,6,3,0,1,0,1,0,0,0,0,0,0,Charlottenburg - Wilmersdorf,Accident with minor injuries,Others,Driving accident,Daylight,Dry
4513,193816,4,Olympiagelände,2019,4,11,6,3,0,1,0,0,0,0,1,0,0,0,Charlottenburg - Wilmersdorf,Accident with minor injuries,Others,Driving accident,Daylight,Dry
4514,193817,1,Alexanderplatzviertel,2019,4,16,6,3,6,2,0,1,0,1,0,0,0,0,Mitte,Accident with minor injuries,Collision between vehicle and pedestrian,Turning accident,Daylight,Dry
4515,193818,4,Park Ruhwald,2019,4,16,6,2,5,3,0,0,1,0,0,0,0,0,Charlottenburg - Wilmersdorf,Accident with serious injuries,Collision with a turning/crossing vehicle,Turning/Crossing accident,Daylight,Dry
4516,193819,7,Neu-Tempelhof,2019,4,14,4,2,5,3,0,1,1,0,0,0,0,0,Tempelhof-Schöneberg,Accident with serious injuries,Collision with a turning/crossing vehicle,Turning/Crossing accident,Daylight,Dry
4517,193820,7,Grazer Platz,2019,4,17,6,3,3,2,0,1,0,0,0,0,1,0,Tempelhof-Schöneberg,Accident with minor injuries,Collision with a vehicle traveling laterally in the same direction,Turning accident,Daylight,Dry
4518,193821,3,Greifswalder Straße,2019,4,17,6,2,1,5,0,1,1,0,0,0,0,0,Pankow,Accident with serious injuries,Collision with a moving/standing/parked vehicle,Accident involving parked vehicles,Daylight,Dry
4519,193822,12,Waldidyll/Flughafensee,2019,4,18,6,3,2,6,0,0,1,0,0,0,0,0,Reinickendorf,Accident with minor injuries,Collision with the vehicle in front/waiting vehicle,Collision involving vehicles going in the same way,Daylight,Dry
4520,193823,4,Breitscheidplatz,2019,4,20,6,3,2,6,2,0,1,0,0,0,0,0,Charlottenburg - Wilmersdorf,Accident with minor injuries,Collision with the vehicle in front/waiting vehicle,Collision involving vehicles going in the same way,Dark,Dry
4521,193824,8,Reuterkiez,2019,4,17,6,3,5,7,0,0,1,0,0,0,0,0,Neukölln,Accident with minor injuries,Collision with a turning/crossing vehicle,Others,Daylight,Dry
4522,193825,4,Königin-Elisabeth-Straße,2019,4,18,6,3,0,1,0,1,0,0,0,0,0,0,Charlottenburg - Wilmersdorf,Accident with minor injuries,Others,Driving accident,Daylight,Dry
4523,193826,12,Alt-Tegel,2019,4,15,5,3,0,1,0,1,0,0,0,0,0,0,Reinickendorf,Accident with minor injuries,Others,Driving accident,Daylight,Dry
4524,193827,8,Schillerpromenade,2019,4,19,5,3,6,4,0,1,0,1,0,0,0,0,Neukölln,Accident with minor injuries,Collision between vehicle and pedestrian,Pedestrian crossing accident,Daylight,Dry
4525,193828,1,Stülerstraße,2019,4,16,5,3,0,2,0,1,1,0,0,0,0,0,Mitte,Accident with minor injuries,Others,Turning accident,Daylight,Dry
4526,193829,2,Wassertorplatz,2019,4,20,5,3,6,4,2,0,0,1,1,0,0,0,Friedrichshain - Kreuzberg,Accident with minor injuries,Collision between vehicle and pedestrian,Pedestrian crossing accident,Dark,Dry
4527,193830,9,Müggelheim,2019,4,14,5,3,2,2,0,1,0,0,0,0,1,0,Treptow-Köpenick,Accident with minor injuries,Collision with the vehicle in front/waiting vehicle,Turning accident,Daylight,Dry
4528,193831,12,Wittenau Süd,2019,4,20,5,3,1,5,1,0,1,0,1,0,0,0,Reinickendorf,Accident with minor injuries,Collision with a moving/standing/parked vehicle,Accident involving parked vehicles,Twilight,Dry
4529,193832,11,Sewanstraße,2019,4,20,5,3,1,5,1,0,1,0,1,0,0,0,Lichtenberg,Accident with minor injuries,Collision with a moving/standing/parked vehicle,Accident involving parked vehicles,Twilight,Dry
4530,193833,9,Dammvorstadt,2019,4,14,5,3,5,5,0,1,1,0,0,0,0,0,Treptow-Köpenick,Accident with minor injuries,Collision with a turning/crossing vehicle,Accident involving parked vehicles,Daylight,Dry
4531,193834,10,Böhlener Straße,2019,4,5,5,3,5,7,0,0,1,0,1,0,0,0,Marzahn-Hellersdorf,Accident with minor injuries,Collision with a turning/crossing vehicle,Others,Daylight,Dry
4532,193835,4,Breitscheidplatz,2019,4,20,5,2,5,7,0,0,1,0,1,0,0,0,Charlottenburg - Wilmersdorf,Accident with serious injuries,Collision with a turning/crossing vehicle,Others,Daylight,Dry
4533,193836,6,Feuerbachstraße,2019,4,19,5,3,5,3,1,1,1,0,0,0,0,0,Steglitz-Zehlendorf,Accident with minor injuries,Collision with a turning/crossing vehicle,Turning/Crossing accident,Twilight,Dry
4534,193837,10,Gewerbegebiet Bitterfelder Straße,2019,4,12,5,3,5,2,0,0,1,0,0,0,0,0,Marzahn-Hellersdorf,Accident with minor injuries,Collision with a turning/crossing vehicle,Turning accident,Daylight,Dry
4535,193838,8,Handwerker-Siedlung,2019,4,12,5,3,6,4,0,0,1,1,0,0,0,0,Neukölln,Accident with minor injuries,Collision between vehicle and pedestrian,Pedestrian crossing accident,Daylight,Dry
4536,193839,1,Gesundbrunnen,2019,4,11,5,3,6,7,0,0,0,1,0,0,1,0,Mitte,Accident with minor injuries,Collision between vehicle and pedestrian,Others,Daylight,Dry
4537,193840,2,Oranienplatz,2019,4,19,5,3,5,3,0,1,1,0,0,0,0,0,Friedrichshain - Kreuzberg,Accident with minor injuries,Collision with a turning/crossing vehicle,Turning/Crossing accident,Daylight,Dry
4538,193841,6,Königsberger Straße,2019,4,19,5,3,2,6,1,0,1,0,0,0,0,0,Steglitz-Zehlendorf,Accident with minor injuries,Collision with the vehicle in front/waiting vehicle,Collision involving vehicles going in the same way,Twilight,Dry
4539,193842,2,Hausburgviertel,2019,4,18,5,3,6,2,0,0,1,1,0,0,0,0,Friedrichshain - Kreuzberg,Accident with minor injuries,Collision between vehicle and pedestrian,Turning accident,Daylight,Dry
4540,193843,4,Babelsberger Straße,2019,4,18,5,3,5,3,0,1,1,0,0,0,0,0,Charlottenburg - Wilmersdorf,Accident with minor injuries,Collision with a turning/crossing vehicle,Turning/Crossing accident,Daylight,Dry
4541,193844,2,Hausburgviertel,2019,4,18,5,3,5,2,0,1,1,0,0,0,0,0,Friedrichshain - Kreuzberg,Accident with minor injuries,Collision with a turning/crossing vehicle,Turning accident,Daylight,Dry
4542,193845,1,Oranienburger Straße,2019,4,10,5,3,4,6,0,1,0,0,0,0,1,0,Mitte,Accident with minor injuries,Collision with oncoming vehicle,Collision involving vehicles going in the same way,Daylight,Dry
4543,193846,12,Dannenwalder Weg,2019,4,8,5,3,5,2,0,1,1,0,0,0,0,0,Reinickendorf,Accident with minor injuries,Collision with a turning/crossing vehicle,Turning accident,Daylight,Dry
4544,193847,1,Thomasiusstraße,2019,4,7,5,3,1,5,0,1,1,0,0,0,0,0,Mitte,Accident with minor injuries,Collision with a moving/standing/parked vehicle,Accident involving parked vehicles,Daylight,Dry
4545,193848,5,Carl-Schurz-Straße,2019,4,5,5,3,2,7,0,0,0,0,1,0,1,0,Spandau,Accident with minor injuries,Collision with the vehicle in front/waiting vehicle,Others,Daylight,Dry
4546,193849,12,Breitkopfbecken,2019,4,12,5,3,5,2,0,0,1,0,0,0,0,0,Reinickendorf,Accident with minor injuries,Collision with a turning/crossing vehicle,Turning accident,Daylight,Dry
4547,193850,5,Zitadellenweg,2019,4,12,5,3,2,6,0,0,1,0,0,0,0,0,Spandau,Accident with minor injuries,Collision with the vehicle in front/waiting vehicle,Collision involving vehicles going in the same way,Daylight,Dry
4548,193851,1,Charitéviertel,2019,4,11,5,3,0,1,0,1,0,0,0,0,0,0,Mitte,Accident with minor injuries,Others,Driving accident,Daylight,Dry
4549,193852,6,Augustaplatz,2019,4,4,5,3,1,1,2,1,1,0,0,0,0,0,Steglitz-Zehlendorf,Accident with minor injuries,Collision with a moving/standing/parked vehicle,Driving accident,Dark,Dry
4550,193853,3,Heinersdorf,2019,4,17,5,3,5,2,0,0,1,0,1,0,0,0,Pankow,Accident with minor injuries,Collision with a turning/crossing vehicle,Turning accident,Daylight,Dry
4551,193854,1,Gesundbrunnen,2019,4,17,5,3,2,6,0,0,1,0,0,0,0,0,Mitte,Accident with minor injuries,Collision with the vehicle in front/waiting vehicle,Collision involving vehicles going in the same way,Daylight,Dry