,object id,district,street,year,month,hour of day,weekday,category,accident type,accident type 2,light situation,bike involved,car involved,pedestrian involved,motor bike involved,big track involved,other vehicle involved,road condition,district name,category name,accident detail,accident type detail,light condition,road condition detail
4685,193988,8,Silbersteinstraße,2019,4,18,7,3,5,3,0,0,1,0,0,0,0,0,Neukölln,Accident with minor injuries,Collision with a turning/crossing vehicle,Turning/Crossing accident,Daylight,Dry
4686,193989,7,Friedenau,2019,4,16,7,3,6,4,0,0,1,1,0,0,0,0,Tempelhof-Schöneberg,Accident with minor injuries,Collision between vehicle and pedestrian,Pedestrian crossing accident,Daylight,Dry
4687,193990,6,Stadtpark,2019,4,14,7,3,1,5,0,1,1,0,0,0,0,0,Steglitz-Zehlendorf,Accident with minor injuries,Collision with a moving/standing/parked vehicle,Accident involving parked vehicles,Daylight,Dry
4688,193991,11,Herzbergstraße,2019,4,13,7,3,2,6,0,0,1,0,0,0,0,0,Lichtenberg,Accident with minor injuries,Collision with the vehicle in front/waiting vehicle,Collision involving vehicles going in the same way,Daylight,Dry
4689,193992,4,Breitscheidplatz,2019,4,12,7,2,6,4,0,0,1,1,0,0,0,0,Charlottenburg - Wilmersdorf,Accident with serious injuries,Collision between vehicle and pedestrian,Pedestrian crossing accident,Daylight,Dry
4690,193993,10,Helle Mitte,2019,4,12,7,3,2,4,0,0,1,1,0,0,0,0,Marzahn-Hellersdorf,Accident with minor injuries,Collision with the vehicle in front/waiting vehicle,Pedestrian crossing accident,Daylight,Dry
4691,193994,3,Buch,2019,4,11,7,3,5,3,0,1,1,0,0,0,0,0,Pankow,Accident with minor injuries,Collision with a turning/crossing vehicle,Turning/Crossing accident,Daylight,Dry
4692,193995,1,Lüneburger Straße,2019,4,10,7,2,6,4,0,0,1,1,0,0,0,0,Mitte,Accident with serious injuries,Collision between vehicle and pedestrian,Pedestrian crossing accident,Daylight,Dry
4693,193996,1,Stephankiez,2019,4,0,7,3,4,6,2,0,1,0,0,0,0,0,Mitte,Accident with minor injuries,Collision with oncoming vehicle,Collision involving vehicles going in the same way,Dark,Dry
4694,193997,7,Friedenau,2019,4,10,6,3,6,4,0,0,1,1,0,0,0,0,Tempelhof-Schöneberg,Accident with minor injuries,Collision between vehicle and pedestrian,Pedestrian crossing accident,Daylight,Dry
4695,193998,7,Marienhöhe,2019,4,14,6,3,5,5,0,0,1,0,0,0,0,0,Tempelhof-Schöneberg,Accident with minor injuries,Collision with a turning/crossing vehicle,Accident involving parked vehicles,Daylight,Dry
4696,193999,4,Jungfernheide,2019,4,14,6,3,5,2,0,0,1,0,1,0,0,0,Charlottenburg - Wilmersdorf,Accident with minor injuries,Collision with a turning/crossing vehicle,Turning accident,Daylight,Dry
4697,194000,5,Carl-Schurz-Straße,2019,4,11,4,3,0,2,0,0,1,0,0,0,1,0,Spandau,Accident with minor injuries,Others,Turning accident,Daylight,Dry
4698,194001,12,Borsigwalde,2019,4,14,6,2,5,3,0,0,1,0,1,0,0,0,Reinickendorf,Accident with serious injuries,Collision with a turning/crossing vehicle,Turning/Crossing accident,Daylight,Dry
4699,194002,12,Scharnweberstraße,2019,4,13,6,3,1,5,0,0,1,0,0,0,1,0,Reinickendorf,Accident with minor injuries,Collision with a moving/standing/parked vehicle,Accident involving parked vehicles,Daylight,Dry
4700,194003,8,Handwerker-Siedlung,2019,4,11,6,3,5,3,0,1,1,0,0,0,0,0,Neukölln,Accident with minor injuries,Collision with a turning/crossing vehicle,Turning/Crossing accident,Daylight,Dry
4701,194004,1,Gesundbrunnen,2019,4,11,6,3,5,3,0,1,1,0,0,0,0,0,Mitte,Accident with minor injuries,Collision with a turning/crossing vehicle,Turning/Crossing accident,Daylight,Dry
4702,194005,11,Rüdigerstraße,2019,4,10,6,3,5,2,0,1,1,0,0,0,0,0,Lichtenberg,Accident with minor injuries,Collision with a turning/crossing vehicle,Turning accident,Daylight,Dry
4703,194006,4,Königin-Elisabeth-Straße,2019,4,9,6,3,3,6,0,0,1,0,0,0,1,0,Charlottenburg - Wilmersdorf,Accident with minor injuries,Collision with a vehicle traveling laterally in the same direction,Collision involving vehicles going in the same way,Daylight,Dry
4704,194007,3,Pankow Süd,2019,4,8,6,3,1,5,0,1,1,0,0,0,0,0,Pankow,Accident with minor injuries,Collision with a moving/standing/parked vehicle,Accident involving parked vehicles,Daylight,Dry
4705,194008,1,Unter den Linden Süd,2019,4,8,6,3,3,6,0,1,0,0,0,1,0,0,Mitte,Accident with minor injuries,Collision with a vehicle traveling laterally in the same direction,Collision involving vehicles going in the same way,Daylight,Dry
4706,194009,1,Lützowstraße,2019,4,12,6,3,2,1,0,0,1,0,1,0,0,0,Mitte,Accident with minor injuries,Collision with the vehicle in front/waiting vehicle,Driving accident,Daylight,Dry
4707,194010,8,Waßmannsdorfer Chaussee,2019,4,7,6,3,5,3,0,1,1,0,0,0,0,0,Neukölln,Accident with minor injuries,Collision with a turning/crossing vehicle,Turning/Crossing accident,Daylight,Dry
4708,194011,2,Urbanstraße,2019,4,13,6,3,2,6,0,0,1,0,0,0,1,0,Friedrichshain - Kreuzberg,Accident with minor injuries,Collision with the vehicle in front/waiting vehicle,Collision involving vehicles going in the same way,Daylight,Dry
4709,194012,12,Wittenau Süd,2019,4,10,6,3,5,2,0,0,1,0,0,0,1,0,Reinickendorf,Accident with minor injuries,Collision with a turning/crossing vehicle,Turning accident,Daylight,Dry
4710,194013,1,Unter den Linden Süd,2019,4,8,6,3,5,3,0,1,1,0,0,0,0,0,Mitte,Accident with minor injuries,Collision with a turning/crossing vehicle,Turning/Crossing accident,Daylight,Dry
4711,194014,9,Altstadt Kietz,2019,4,8,6,2,6,4,0,0,1,1,0,0,0,0,Treptow-Köpenick,Accident with serious injuries,Collision between vehicle and pedestrian,Pedestrian crossing accident,Daylight,Dry
4712,194015,9,Dorf Altglienicke,2019,4,23,6,3,1,5,2,0,1,0,0,0,0,0,Treptow-Köpenick,Accident with minor injuries,Collision with a moving/standing/parked vehicle,Accident involving parked vehicles,Dark,Dry
4713,194016,8,Gropiusstadt Süd,2019,4,21,6,3,5,3,2,0,1,0,0,0,0,0,Neukölln,Accident with minor injuries,Collision with a turning/crossing vehicle,Turning/Crossing accident,Dark,Dry
4714,194017,2,Graefekiez,2019,4,19,6,3,5,7,1,0,1,0,0,0,0,0,Friedrichshain - Kreuzberg,Accident with minor injuries,Collision with a turning/crossing vehicle,Others,Twilight,Dry
4715,194018,5,Carl-Schurz-Straße,2019,4,17,6,2,6,4,0,0,1,1,0,0,0,0,Spandau,Accident with serious injuries,Collision between vehicle and pedestrian,Pedestrian crossing accident,Daylight,Dry
4716,194019,1,Stülerstraße,2019,4,17,6,3,0,1,0,0,1,0,0,0,0,0,Mitte,Accident with minor injuries,Others,Driving accident,Daylight,Dry
4717,194020,6,Berlepschstraße,2019,4,17,6,3,5,3,0,1,1,0,0,0,0,0,Steglitz-Zehlendorf,Accident with minor injuries,Collision with a turning/crossing vehicle,Turning/Crossing accident,Daylight,Dry
4718,194021,3,Rennbahnstraße,2019,4,6,6,3,5,3,0,0,1,0,0,0,0,0,Pankow,Accident with minor injuries,Collision with a turning/crossing vehicle,Turning/Crossing accident,Daylight,Dry
4719,194022,5,Kladower Damm,2019,4,3,6,2,8,1,2,0,1,0,0,0,1,0,Spandau,Accident with serious injuries,Departure from the roadway to the right,Driving accident,Dark,Dry
4720,194023,9,Köpenicker Landstraße,2019,4,9,5,3,5,3,0,1,1,0,0,0,0,0,Treptow-Köpenick,Accident with minor injuries,Collision with a turning/crossing vehicle,Turning/Crossing accident,Daylight,Dry
4721,194024,4,Eisenzahnstraße,2019,4,9,5,3,6,2,0,0,1,1,0,0,0,0,Charlottenburg - Wilmersdorf,Accident with minor injuries,Collision between vehicle and pedestrian,Turning accident,Daylight,Dry
4722,194025,1,Sparrplatz,2019,4,19,5,2,6,4,1,0,1,1,0,0,0,0,Mitte,Accident with serious injuries,Collision between vehicle and pedestrian,Pedestrian crossing accident,Twilight,Dry
4723,194026,4,Park Ruhwald,2019,4,14,5,3,2,6,0,0,1,0,0,1,0,0,Charlottenburg - Wilmersdorf,Accident with minor injuries,Collision with the vehicle in front/waiting vehicle,Collision involving vehicles going in the same way,Daylight,Dry
4724,194027,2,Lausitzer Platz,2019,4,19,5,3,5,2,0,1,1,0,0,0,0,0,Friedrichshain - Kreuzberg,Accident with minor injuries,Collision with a turning/crossing vehicle,Turning accident,Daylight,Dry
4725,194028,6,Zehlendorf Eiche,2019,4,14,5,3,5,2,0,1,0,0,1,0,0,0,Steglitz-Zehlendorf,Accident with minor injuries,Collision with a turning/crossing vehicle,Turning accident,Daylight,Dry
4726,194029,6,Oberhofer Platz,2019,4,14,5,3,5,3,0,1,1,0,0,0,0,0,Steglitz-Zehlendorf,Accident with minor injuries,Collision with a turning/crossing vehicle,Turning/Crossing accident,Daylight,Dry
4727,194030,1,Elberfelder Straße,2019,4,17,5,3,0,1,1,1,0,0,0,0,0,0,Mitte,Accident with minor injuries,Others,Driving accident,Twilight,Dry
4728,194031,1,Heine-Viertel West,2019,4,13,5,3,5,3,0,1,1,0,0,0,0,0,Mitte,Accident with minor injuries,Collision with a turning/crossing vehicle,Turning/Crossing accident,Daylight,Dry
4729,194032,6,Stadtpark,2019,4,17,5,3,5,3,0,0,1,0,1,0,1,0,Steglitz-Zehlendorf,Accident with minor injuries,Collision with a turning/crossing vehicle,Turning/Crossing accident,Daylight,Dry
4730,194033,12,Borsigwalde,2019,4,12,5,3,5,2,0,0,1,0,0,0,1,0,Reinickendorf,Accident with minor injuries,Collision with a turning/crossing vehicle,Turning accident,Daylight,Dry
4731,194034,9,Kietzer Feld/Nachtheide,2019,4,12,5,3,5,2,0,1,1,0,0,0,0,0,Treptow-Köpenick,Accident with minor injuries,Collision with a turning/crossing vehicle,Turning accident,Daylight,Dry
4732,194035,10,Marzahner Chaussee,2019,4,11,5,3,2,6,0,0,1,0,0,0,0,0,Marzahn-Hellersdorf,Accident with minor injuries,Collision with the vehicle in front/waiting vehicle,Collision involving vehicles going in the same way,Daylight,Dry
4733,194036,1,Gesundbrunnen,2019,4,10,5,3,5,2,0,1,1,0,0,0,0,0,Mitte,Accident with minor injuries,Collision with a turning/crossing vehicle,Turning accident,Daylight,Dry
4734,194037,7,Manteuffelstraße,2019,4,17,5,3,0,2,0,0,1,0,0,0,1,0,Tempelhof-Schöneberg,Accident with minor injuries,Others,Turning accident,Daylight,Dry
4735,194038,1,Humboldthain Süd,2019,4,10,5,3,6,4,0,0,1,1,0,0,0,0,Mitte,Accident with minor injuries,Collision between vehicle and pedestrian,Pedestrian crossing accident,Daylight,Dry
4736,194039,12,Alt-Tegel,2019,4,9,5,3,6,4,0,0,1,1,0,0,0,0,Reinickendorf,Accident with minor injuries,Collision between vehicle and pedestrian,Pedestrian crossing accident,Daylight,Dry
4737,194040,1,Oranienburger Straße,2019,4,9,5,3,3,6,0,1,1,0,0,0,0,0,Mitte,Accident with minor injuries,Collision with a vehicle traveling laterally in the same direction,Collision involving vehicles going in the same way,Daylight,Dry
4738,194041,6,Gemeindepark Lankwitz,2019,4,8,5,3,5,2,0,1,1,0,0,0,0,0,Steglitz-Zehlendorf,Accident with minor injuries,Collision with a turning/crossing vehicle,Turning accident,Daylight,Dry
4739,194042,3,Erich-Weinert-Straße,2019,4,8,5,3,2,6,0,0,1,0,0,0,1,0,Pankow,Accident with minor injuries,Collision with the vehicle in front/waiting vehicle,Collision involving vehicles going in the same way,Daylight,Dry
4740,194043,1,Zillesiedlung,2019,4,7,5,3,5,3,0,1,1,0,0,0,0,0,Mitte,Accident with minor injuries,Collision with a turning/crossing vehicle,Turning/Crossing accident,Daylight,Dry
4741,194044,4,Flinsberger Platz,2019,4,7,5,3,5,3,0,0,0,0,1,1,0,0,Charlottenburg - Wilmersdorf,Accident with minor injuries,Collision with a turning/crossing vehicle,Turning/Crossing accident,Daylight,Dry
4742,194045,1,Oranienburger Straße,2019,4,7,5,2,0,1,0,0,0,0,1,0,0,1,Mitte,Accident with serious injuries,Others,Driving accident,Daylight,Wet/moist/slippery
4743,194046,7,Manteuffelstraße,2019,4,20,4,3,5,2,2,1,1,0,0,0,0,0,Tempelhof-Schöneberg,Accident with minor injuries,Collision with a turning/crossing vehicle,Turning accident,Dark,Dry
4744,194047,1,Wilhelmstraße,2019,4,9,4,2,1,5,0,1,1,0,0,0,0,0,Mitte,Accident with serious injuries,Collision with a moving/standing/parked vehicle,Accident involving parked vehicles,Daylight,Dry
4745,194048,7,Hundsteinweg,2019,4,9,5,3,0,1,0,0,0,0,1,0,0,0,Tempelhof-Schöneberg,Accident with minor injuries,Others,Driving accident,Daylight,Dry
4746,194049,1,Alexanderplatzviertel,2019,4,16,5,2,6,4,0,0,1,1,0,0,0,0,Mitte,Accident with serious injuries,Collision between vehicle and pedestrian,Pedestrian crossing accident,Daylight,Dry
4747,194050,7,John-Locke-Straße,2019,4,16,5,3,2,6,0,0,1,0,0,0,0,0,Tempelhof-Schöneberg,Accident with minor injuries,Collision with the vehicle in front/waiting vehicle,Collision involving vehicles going in the same way,Daylight,Dry
4748,194051,11,Orankesee,2019,4,15,5,3,5,2,0,0,1,0,0,0,1,0,Lichtenberg,Accident with minor injuries,Collision with a turning/crossing vehicle,Turning accident,Daylight,Dry
4749,194052,2,Viktoriapark,2019,4,18,5,3,5,3,0,0,1,0,0,0,1,0,Friedrichshain - Kreuzberg,Accident with minor injuries,Collision with a turning/crossing vehicle,Turning/Crossing accident,Daylight,Dry
4750,194053,9,Oberschöneweide West,2019,4,16,4,3,5,2,0,1,1,0,0,0,0,0,Treptow-Köpenick,Accident with minor injuries,Collision with a turning/crossing vehicle,Turning accident,Daylight,Dry
4751,194054,12,Heiligensee,2019,4,16,4,3,5,2,0,1,1,0,0,0,0,0,Reinickendorf,Accident with minor injuries,Collision with a turning/crossing vehicle,Turning accident,Daylight,Dry
4752,194055,9,Bölschestraße,2019,4,17,4,3,5,3,0,1,1,0,0,0,0,0,Treptow-Köpenick,Accident with minor injuries,Collision with a turning/crossing vehicle,Turning/Crossing accident,Daylight,Dry
4753,194056,7,Nahariyastraße,2019,4,18,4,3,5,2,1,1,1,0,0,0,0,0,Tempelhof-Schöneberg,Accident with minor injuries,Collision with a turning/crossing vehicle,Turning accident,Twilight,Dry
4754,194057,9,Johannisthal Ost,2019,4,13,4,3,1,5,0,0,1,0,0,0,0,0,Treptow-Köpenick,Accident with minor injuries,Collision with a moving/standing/parked vehicle,Accident involving parked vehicles,Daylight,Dry
4755,194058,11,Frankfurter Allee Süd,2019,4,13,4,3,6,4,0,0,1,1,0,0,0,0,Lichtenberg,Accident with minor injuries,Collision between vehicle and pedestrian,Pedestrian crossing accident,Daylight,Dry
4756,194059,4,Kaiserin-Augusta-Allee,2019,4,12,4,3,5,2,0,1,0,0,0,0,1,0,Charlottenburg - Wilmersdorf,Accident with minor injuries,Collision with a turning/crossing vehicle,Turning accident,Daylight,Dry
4757,194060,2,Richard-Sorge-Viertel,2019,4,12,4,3,2,6,0,0,1,0,0,0,0,0,Friedrichshain - Kreuzberg,Accident with minor injuries,Collision with the vehicle in front/waiting vehicle,Collision involving vehicles going in the same way,Daylight,Dry
4758,194061,6,Südende,2019,4,11,4,3,6,4,0,0,0,1,0,0,1,0,Steglitz-Zehlendorf,Accident with minor injuries,Collision between vehicle and pedestrian,Pedestrian crossing accident,Daylight,Dry
4759,194062,3,Teutoburger Platz,2019,4,20,4,3,0,6,2,1,1,0,0,0,0,0,Pankow,Accident with minor injuries,Others,Collision involving vehicles going in the same way,Dark,Dry
4760,194063,8,Glasower Straße,2019,4,9,4,3,2,7,0,0,0,0,1,0,1,0,Neukölln,Accident with minor injuries,Collision with the vehicle in front/waiting vehicle,Others,Daylight,Dry
4761,194064,9,Köpenick Nord,2019,4,9,3,3,6,7,0,0,1,1,0,0,0,0,Treptow-Köpenick,Accident with minor injuries,Collision between vehicle and pedestrian,Others,Daylight,Dry
4762,194065,3,Erich-Weinert-Straße,2019,4,9,3,3,6,2,0,0,1,1,0,0,0,0,Pankow,Accident with minor injuries,Collision between vehicle and pedestrian,Turning accident,Daylight,Dry
4763,194066,4,Ernst-Reuter-Platz,2019,4,14,3,3,0,3,0,1,0,0,1,0,0,0,Charlottenburg - Wilmersdorf,Accident with minor injuries,Others,Turning/Crossing accident,Daylight,Dry
4764,194067,1,Rehberge,2019,4,9,3,3,2,6,0,0,1,0,0,0,1,0,Mitte,Accident with minor injuries,Collision with the vehicle in front/waiting vehicle,Collision involving vehicles going in the same way,Daylight,Dry
4765,194068,5,Zitadellenweg,2019,4,6,3,2,5,2,0,1,0,0,0,0,1,0,Spandau,Accident with serious injuries,Collision with a turning/crossing vehicle,Turning accident,Daylight,Dry
4766,194069,4,Hildegardstraße,2019,4,14,2,3,6,4,0,1,0,1,0,0,0,0,Charlottenburg - Wilmersdorf,Accident with minor injuries,Collision between vehicle and pedestrian,Pedestrian crossing accident,Daylight,Dry
4767,194070,1,Nördlicher Landwehrkanal,2019,4,8,3,2,5,3,0,1,1,0,0,0,0,0,Mitte,Accident with serious injuries,Collision with a turning/crossing vehicle,Turning/Crossing accident,Daylight,Dry
4768,194071,6,Dahlem,2019,4,8,3,3,5,3,0,1,1,0,0,0,0,0,Steglitz-Zehlendorf,Accident with minor injuries,Collision with a turning/crossing vehicle,Turning/Crossing accident,Daylight,Dry
4769,194072,4,Rathaus Wilmersdorf,2019,4,8,3,3,0,2,0,1,1,0,0,0,0,0,Charlottenburg - Wilmersdorf,Accident with minor injuries,Others,Turning accident,Daylight,Dry
4770,194073,6,Botanischer Garten,2019,4,8,3,3,5,3,0,1,1,0,0,0,0,0,Steglitz-Zehlendorf,Accident with minor injuries,Collision with a turning/crossing vehicle,Turning/Crossing accident,Daylight,Dry
4771,194074,1,Charitéviertel,2019,4,8,3,3,5,3,0,1,1,0,0,0,0,0,Mitte,Accident with minor injuries,Collision with a turning/crossing vehicle,Turning/Crossing accident,Daylight,Dry
4772,194075,3,Buchholz,2019,4,7,3,3,2,6,0,0,1,0,0,1,0,0,Pankow,Accident with minor injuries,Collision with the vehicle in front/waiting vehicle,Collision involving vehicles going in the same way,Daylight,Dry
4773,194076,11,Rüdigerstraße,2019,4,7,3,3,5,7,0,1,1,0,0,0,0,0,Lichtenberg,Accident with minor injuries,Collision with a turning/crossing vehicle,Others,Daylight,Dry
4774,194077,7,Manteuffelstraße,2019,4,16,3,2,5,2,0,1,1,0,0,0,0,0,Tempelhof-Schöneberg,Accident with serious injuries,Collision with a turning/crossing vehicle,Turning accident,Daylight,Dry
4775,194078,9,Oberschöneweide West,2019,4,16,3,2,5,3,0,1,1,0,0,0,0,0,Treptow-Köpenick,Accident with serious injuries,Collision with a turning/crossing vehicle,Turning/Crossing accident,Daylight,Dry
4776,194079,1,Gesundbrunnen,2019,4,17,3,3,5,3,0,1,1,0,0,0,0,0,Mitte,Accident with minor injuries,Collision with a turning/crossing vehicle,Turning/Crossing accident,Daylight,Dry
4777,194080,10,Oberfeldstraße,2019,4,17,3,3,2,2,0,1,1,0,0,0,0,0,Marzahn-Hellersdorf,Accident with minor injuries,Collision with the vehicle in front/waiting vehicle,Turning accident,Daylight,Dry
4778,194081,7,Marienfelde Süd,2019,4,17,3,3,2,6,0,0,1,0,0,0,0,0,Tempelhof-Schöneberg,Accident with minor injuries,Collision with the vehicle in front/waiting vehicle,Collision involving vehicles going in the same way,Daylight,Dry
4779,194082,2,Friedenstraße,2019,4,18,3,2,5,2,0,1,0,0,0,0,1,0,Friedrichshain - Kreuzberg,Accident with serious injuries,Collision with a turning/crossing vehicle,Turning accident,Daylight,Dry
4780,194083,2,Friedenstraße,2019,4,18,3,3,5,2,0,1,0,0,0,0,1,0,Friedrichshain - Kreuzberg,Accident with minor injuries,Collision with a turning/crossing vehicle,Turning accident,Daylight,Dry
4781,194084,6,Alt-Lankwitz,2019,4,18,3,3,5,2,0,0,1,0,1,0,0,0,Steglitz-Zehlendorf,Accident with minor injuries,Collision with a turning/crossing vehicle,Turning accident,Daylight,Dry
4782,194085,1,Elberfelder Straße,2019,4,19,3,3,6,4,0,0,1,1,0,0,0,0,Mitte,Accident with minor injuries,Collision between vehicle and pedestrian,Pedestrian crossing accident,Daylight,Dry
4783,194086,5,Eiswerder,2019,4,7,3,3,2,6,0,0,1,0,0,0,0,0,Spandau,Accident with minor injuries,Collision with the vehicle in front/waiting vehicle,Collision involving vehicles going in the same way,Daylight,Dry
4784,194087,12,Wittenau Nord,2019,4,7,3,3,5,3,0,1,1,0,0,0,0,0,Reinickendorf,Accident with minor injuries,Collision with a turning/crossing vehicle,Turning/Crossing accident,Daylight,Dry
4785,194088,4,Bismarckallee,2019,4,19,3,2,5,3,1,1,1,0,0,0,0,0,Charlottenburg - Wilmersdorf,Accident with serious injuries,Collision with a turning/crossing vehicle,Turning/Crossing accident,Twilight,Dry
4786,194089,7,Neu-Tempelhof,2019,4,19,3,3,5,3,1,0,1,0,1,0,0,0,Tempelhof-Schöneberg,Accident with minor injuries,Collision with a turning/crossing vehicle,Turning/Crossing accident,Twilight,Dry
4787,194090,2,Rathaus Yorckstraße,2019,4,19,3,3,5,2,0,1,1,0,0,0,0,0,Friedrichshain - Kreuzberg,Accident with minor injuries,Collision with a turning/crossing vehicle,Turning accident,Daylight,Dry
4788,194091,2,Urbanstraße,2019,4,12,3,3,0,1,0,0,0,0,1,0,0,0,Friedrichshain - Kreuzberg,Accident with minor injuries,Others,Driving accident,Daylight,Dry
4789,194092,5,Borkumer Straße,2019,4,15,3,3,2,6,0,0,1,0,0,0,0,0,Spandau,Accident with minor injuries,Collision with the vehicle in front/waiting vehicle,Collision involving vehicles going in the same way,Daylight,Dry
4790,194093,1,Oranienburger Straße,2019,4,17,3,3,2,6,0,1,0,0,0,0,0,0,Mitte,Accident with minor injuries,Collision with the vehicle in front/waiting vehicle,Collision involving vehicles going in the same way,Daylight,Dry
4791,194094,6,Südende,2019,4,15,2,3,3,2,0,0,1,0,0,0,0,0,Steglitz-Zehlendorf,Accident with minor injuries,Collision with a vehicle traveling laterally in the same direction,Turning accident,Daylight,Dry
4792,194095,6,Zehlendorf Süd,2019,4,6,2,3,0,2,0,1,1,0,0,0,0,1,Steglitz-Zehlendorf,Accident with minor injuries,Others,Turning accident,Daylight,Wet/moist/slippery
4793,194096,3,Greifswalder Straße,2019,4,21,2,3,5,3,2,1,0,0,0,0,1,0,Pankow,Accident with minor injuries,Collision with a turning/crossing vehicle,Turning/Crossing accident,Dark,Dry
4794,194097,10,Landsberger Tor,2019,4,20,2,2,6,4,2,0,1,1,0,0,0,0,Marzahn-Hellersdorf,Accident with serious injuries,Collision between vehicle and pedestrian,Pedestrian crossing accident,Dark,Dry
4795,194098,4,Schloßgarten,2019,4,8,2,3,2,6,0,0,1,0,0,0,0,1,Charlottenburg - Wilmersdorf,Accident with minor injuries,Collision with the vehicle in front/waiting vehicle,Collision involving vehicles going in the same way,Daylight,Wet/moist/slippery
4796,194099,2,Wassertorplatz,2019,4,18,2,2,6,4,0,0,1,1,0,0,0,0,Friedrichshain - Kreuzberg,Accident with serious injuries,Collision between vehicle and pedestrian,Pedestrian crossing accident,Daylight,Dry
4797,194100,9,Schmöckwitz/Rauchfangswerder,2019,4,18,2,2,5,3,0,1,1,0,0,0,0,0,Treptow-Köpenick,Accident with serious injuries,Collision with a turning/crossing vehicle,Turning/Crossing accident,Daylight,Dry
4798,194101,3,Wilhelmsruh,2019,4,17,2,3,5,7,0,1,1,0,0,0,0,0,Pankow,Accident with minor injuries,Collision with a turning/crossing vehicle,Others,Daylight,Dry
4799,194102,11,Victoriastadt,2019,4,17,2,3,5,2,0,1,1,0,0,0,0,0,Lichtenberg,Accident with minor injuries,Collision with a turning/crossing vehicle,Turning accident,Daylight,Dry
4800,194103,9,Späthsfelde,2019,4,16,2,3,0,4,0,0,0,1,0,0,1,0,Treptow-Köpenick,Accident with minor injuries,Others,Pedestrian crossing accident,Daylight,Dry
4801,194104,3,Komponistenviertel Weißensee,2019,4,16,2,3,1,5,0,1,1,0,0,0,0,0,Pankow,Accident with minor injuries,Collision with a moving/standing/parked vehicle,Accident involving parked vehicles,Daylight,Dry
4802,194105,5,Carl-Schurz-Straße,2019,4,16,2,3,3,6,0,0,1,0,0,1,0,0,Spandau,Accident with minor injuries,Collision with a vehicle traveling laterally in the same direction,Collision involving vehicles going in the same way,Daylight,Dry
4803,194106,1,Nollendorfplatz,2019,4,6,2,3,2,6,1,0,1,0,0,0,0,1,Mitte,Accident with minor injuries,Collision with the vehicle in front/waiting vehicle,Collision involving vehicles going in the same way,Twilight,Wet/moist/slippery
4804,194107,8,Gewerbegebiet Köllnische Heide,2019,4,7,2,3,5,3,0,0,1,0,0,0,0,1,Neukölln,Accident with minor injuries,Collision with a turning/crossing vehicle,Turning/Crossing accident,Daylight,Wet/moist/slippery
4805,194108,7,Friedenau,2019,4,7,2,3,0,7,0,0,1,0,1,0,0,1,Tempelhof-Schöneberg,Accident with minor injuries,Others,Others,Daylight,Wet/moist/slippery
4806,194109,3,Gustav-Adolf-Straße,2019,4,8,2,3,6,4,0,0,1,1,0,0,0,1,Pankow,Accident with minor injuries,Collision between vehicle and pedestrian,Pedestrian crossing accident,Daylight,Wet/moist/slippery
4807,194110,4,Plötzensee,2019,4,8,2,3,5,2,0,1,1,0,0,0,0,1,Charlottenburg - Wilmersdorf,Accident with minor injuries,Collision with a turning/crossing vehicle,Turning accident,Daylight,Wet/moist/slippery
4808,194111,8,Reuterkiez,2019,4,9,2,3,4,6,0,0,1,0,0,0,0,1,Neukölln,Accident with minor injuries,Collision with oncoming vehicle,Collision involving vehicles going in the same way,Daylight,Wet/moist/slippery
4809,194112,4,Messegelände,2019,4,9,2,3,2,6,0,0,1,0,0,0,0,1,Charlottenburg - Wilmersdorf,Accident with minor injuries,Collision with the vehicle in front/waiting vehicle,Collision involving vehicles going in the same way,Daylight,Wet/moist/slippery
4810,194113,2,Richard-Sorge-Viertel,2019,4,9,2,3,6,4,0,0,1,1,0,0,0,1,Friedrichshain - Kreuzberg,Accident with minor injuries,Collision between vehicle and pedestrian,Pedestrian crossing accident,Daylight,Wet/moist/slippery
4811,194114,6,Goerzwerke,2019,4,10,2,3,2,6,0,0,1,0,0,0,1,1,Steglitz-Zehlendorf,Accident with minor injuries,Collision with the vehicle in front/waiting vehicle,Collision involving vehicles going in the same way,Daylight,Wet/moist/slippery
4812,194115,12,Teichstraße,2019,4,10,2,3,2,1,0,0,1,0,0,0,0,1,Reinickendorf,Accident with minor injuries,Collision with the vehicle in front/waiting vehicle,Driving accident,Daylight,Wet/moist/slippery
4813,194116,12,Borsigwalde,2019,4,10,2,2,5,2,0,0,1,0,0,0,0,1,Reinickendorf,Accident with serious injuries,Collision with a turning/crossing vehicle,Turning accident,Daylight,Wet/moist/slippery
4814,194117,5,Maulbeerallee,2019,4,10,2,3,6,2,0,0,1,1,0,0,0,1,Spandau,Accident with minor injuries,Collision between vehicle and pedestrian,Turning accident,Daylight,Wet/moist/slippery
4815,194118,1,Charitéviertel,2019,4,11,2,3,2,7,0,1,1,0,0,0,0,0,Mitte,Accident with minor injuries,Collision with the vehicle in front/waiting vehicle,Others,Daylight,Dry
4816,194119,2,Wassertorplatz,2019,4,13,2,3,5,3,0,1,1,0,0,0,0,1,Friedrichshain - Kreuzberg,Accident with minor injuries,Collision with a turning/crossing vehicle,Turning/Crossing accident,Daylight,Wet/moist/slippery
4817,194120,10,Helle Mitte,2019,4,13,2,3,0,4,0,0,1,1,0,0,0,0,Marzahn-Hellersdorf,Accident with minor injuries,Others,Pedestrian crossing accident,Daylight,Dry
4818,194121,5,Maulbeerallee,2019,4,15,2,2,5,3,0,1,1,0,0,0,0,0,Spandau,Accident with serious injuries,Collision with a turning/crossing vehicle,Turning/Crossing accident,Daylight,Dry