,object id,district,street,year,month,hour of day,weekday,category,accident type,accident type 2,light situation,bike involved,car involved,pedestrian involved,motor bike involved,big track involved,other vehicle involved,road condition,district name,category name,accident detail,accident type detail,light condition,road condition detail
4819,194122,10,Havemannstraße,2019,4,15,2,2,6,7,0,0,1,1,0,0,0,0,Marzahn-Hellersdorf,Accident with serious injuries,Collision between vehicle and pedestrian,Others,Daylight,Dry
4820,194123,4,Olympiagelände,2019,4,15,2,3,2,2,0,1,0,0,0,0,1,0,Charlottenburg - Wilmersdorf,Accident with minor injuries,Collision with the vehicle in front/waiting vehicle,Turning accident,Daylight,Dry
4821,194124,9,Rahnsdorf/Hessenwinkel,2019,4,16,2,3,5,7,0,0,1,0,0,0,0,0,Treptow-Köpenick,Accident with minor injuries,Collision with a turning/crossing vehicle,Others,Daylight,Dry
4822,194125,4,Ernst-Reuter-Platz,2019,4,16,2,3,1,5,0,1,1,0,0,0,0,0,Charlottenburg - Wilmersdorf,Accident with minor injuries,Collision with a moving/standing/parked vehicle,Accident involving parked vehicles,Daylight,Dry
4823,194126,1,Humboldthain Nordwest,2019,4,8,2,3,1,5,0,1,0,0,0,1,0,1,Mitte,Accident with minor injuries,Collision with a moving/standing/parked vehicle,Accident involving parked vehicles,Daylight,Wet/moist/slippery
4824,194127,6,Hüttenweg,2019,4,7,2,3,0,3,0,0,1,0,1,0,0,1,Steglitz-Zehlendorf,Accident with minor injuries,Others,Turning/Crossing accident,Daylight,Wet/moist/slippery
4825,194128,12,Letteplatz,2019,4,6,2,3,2,2,1,0,1,0,1,0,0,1,Reinickendorf,Accident with minor injuries,Collision with the vehicle in front/waiting vehicle,Turning accident,Twilight,Wet/moist/slippery
4826,194129,4,Amtsgerichtsplatz,2019,4,9,2,2,8,1,0,1,0,0,0,0,0,1,Charlottenburg - Wilmersdorf,Accident with serious injuries,Departure from the roadway to the right,Driving accident,Daylight,Wet/moist/slippery
4827,194130,2,Barnimkiez,2019,4,8,2,3,0,1,0,0,0,0,1,0,0,1,Friedrichshain - Kreuzberg,Accident with minor injuries,Others,Driving accident,Daylight,Wet/moist/slippery
4828,194131,4,Schaperstraße,2019,4,6,2,3,0,1,0,0,0,0,1,0,0,1,Charlottenburg - Wilmersdorf,Accident with minor injuries,Others,Driving accident,Daylight,Wet/moist/slippery
4829,194132,1,Arkonaplatz,2019,4,17,1,3,0,1,0,1,0,0,0,0,0,0,Mitte,Accident with minor injuries,Others,Driving accident,Daylight,Dry
4830,194133,1,Reinickendorfer Straße,2019,4,21,1,3,0,7,2,0,0,0,0,1,1,0,Mitte,Accident with minor injuries,Others,Others,Dark,Dry
4831,194134,1,Elberfelder Straße,2019,4,23,1,3,5,2,2,1,1,0,0,0,0,0,Mitte,Accident with minor injuries,Collision with a turning/crossing vehicle,Turning accident,Dark,Dry
4832,194135,11,Sewanstraße,2019,4,18,1,3,1,5,0,1,1,0,0,0,0,0,Lichtenberg,Accident with minor injuries,Collision with a moving/standing/parked vehicle,Accident involving parked vehicles,Daylight,Dry
4833,194136,11,Falkenberg West,2019,4,17,1,3,4,6,0,0,1,0,0,0,0,0,Lichtenberg,Accident with minor injuries,Collision with oncoming vehicle,Collision involving vehicles going in the same way,Daylight,Dry
4834,194137,2,Graefekiez,2019,4,16,1,3,5,3,0,0,1,0,0,0,0,0,Friedrichshain - Kreuzberg,Accident with minor injuries,Collision with a turning/crossing vehicle,Turning/Crossing accident,Daylight,Dry
4835,194138,8,Gewerbegebiet Köllnische Heide,2019,4,14,1,3,0,6,0,0,1,0,1,0,0,0,Neukölln,Accident with minor injuries,Others,Collision involving vehicles going in the same way,Daylight,Dry
4836,194139,11,Hauptstraße,2019,4,13,1,3,5,2,0,1,0,0,0,0,1,0,Lichtenberg,Accident with minor injuries,Collision with a turning/crossing vehicle,Turning accident,Daylight,Dry
4837,194140,2,Graefekiez,2019,4,8,1,3,1,5,0,1,1,0,0,0,0,1,Friedrichshain - Kreuzberg,Accident with minor injuries,Collision with a moving/standing/parked vehicle,Accident involving parked vehicles,Daylight,Wet/moist/slippery
4838,194141,2,Moritzplatz,2019,4,11,1,3,5,2,0,0,1,0,0,0,0,0,Friedrichshain - Kreuzberg,Accident with minor injuries,Collision with a turning/crossing vehicle,Turning accident,Daylight,Dry
4839,194142,11,Rüdigerstraße,2019,4,13,1,3,0,1,0,0,0,0,1,0,0,0,Lichtenberg,Accident with minor injuries,Others,Driving accident,Daylight,Dry
4840,194143,2,Reichenberger Straße,2019,4,17,7,3,5,7,0,1,1,0,0,0,0,0,Friedrichshain - Kreuzberg,Accident with minor injuries,Collision with a turning/crossing vehicle,Others,Daylight,Dry
4841,194144,8,Donaustraße,2019,4,0,7,3,6,2,2,0,1,1,0,0,0,1,Neukölln,Accident with minor injuries,Collision between vehicle and pedestrian,Turning accident,Dark,Wet/moist/slippery
4842,194145,7,Fritz-Werner-Straße,2019,4,21,7,3,2,6,2,0,1,0,0,0,0,0,Tempelhof-Schöneberg,Accident with minor injuries,Collision with the vehicle in front/waiting vehicle,Collision involving vehicles going in the same way,Dark,Dry
4843,194146,6,Zehlendorf Süd,2019,4,15,7,3,0,7,0,1,0,0,0,0,0,0,Steglitz-Zehlendorf,Accident with minor injuries,Others,Others,Daylight,Dry
4844,194147,1,Oranienburger Straße,2019,4,0,7,3,5,3,2,1,1,0,0,0,0,1,Mitte,Accident with minor injuries,Collision with a turning/crossing vehicle,Turning/Crossing accident,Dark,Wet/moist/slippery
4845,194148,4,George-Grosz-Platz,2019,4,16,7,3,3,6,0,1,1,0,0,0,0,0,Charlottenburg - Wilmersdorf,Accident with minor injuries,Collision with a vehicle traveling laterally in the same direction,Collision involving vehicles going in the same way,Daylight,Dry
4846,194149,1,Sparrplatz,2019,4,15,7,3,5,3,0,1,0,0,0,0,0,0,Mitte,Accident with minor injuries,Collision with a turning/crossing vehicle,Turning/Crossing accident,Daylight,Dry
4847,194150,4,Richard-Wagner-Straße,2019,4,14,7,3,5,2,0,1,1,0,0,0,0,0,Charlottenburg - Wilmersdorf,Accident with minor injuries,Collision with a turning/crossing vehicle,Turning accident,Daylight,Dry
4848,194151,9,Altstadt Kietz,2019,4,14,7,3,4,6,0,1,0,0,0,0,0,0,Treptow-Köpenick,Accident with minor injuries,Collision with oncoming vehicle,Collision involving vehicles going in the same way,Daylight,Dry
4849,194152,5,Gartenfelder Straße,2019,4,13,7,3,2,6,0,0,1,0,0,0,0,0,Spandau,Accident with minor injuries,Collision with the vehicle in front/waiting vehicle,Collision involving vehicles going in the same way,Daylight,Dry
4850,194153,3,Arnimplatz,2019,4,13,7,3,5,2,0,1,0,0,0,0,1,0,Pankow,Accident with minor injuries,Collision with a turning/crossing vehicle,Turning accident,Daylight,Dry
4851,194154,7,Neu-Tempelhof,2019,4,13,7,3,5,2,0,1,0,0,1,0,0,0,Tempelhof-Schöneberg,Accident with minor injuries,Collision with a turning/crossing vehicle,Turning accident,Daylight,Dry
4852,194155,1,Rehberge,2019,4,12,7,3,6,4,0,0,0,1,0,1,0,0,Mitte,Accident with minor injuries,Collision between vehicle and pedestrian,Pedestrian crossing accident,Daylight,Dry
4853,194156,8,Reuterkiez,2019,4,11,7,3,0,2,0,1,1,0,0,0,0,0,Neukölln,Accident with minor injuries,Others,Turning accident,Daylight,Dry
4854,194157,11,Rüdigerstraße,2019,4,10,7,3,6,2,0,0,1,1,0,0,0,0,Lichtenberg,Accident with minor injuries,Collision between vehicle and pedestrian,Turning accident,Daylight,Dry
4855,194158,12,Frohnau,2019,4,8,7,2,3,6,0,1,0,0,0,0,0,0,Reinickendorf,Accident with serious injuries,Collision with a vehicle traveling laterally in the same direction,Collision involving vehicles going in the same way,Daylight,Dry
4856,194159,3,Komponistenviertel Weißensee,2019,4,3,7,3,0,1,2,0,1,0,0,0,0,1,Pankow,Accident with minor injuries,Others,Driving accident,Dark,Wet/moist/slippery
4857,194160,11,Fennpfuhl Ost,2019,4,23,7,3,0,1,2,1,0,0,0,0,0,0,Lichtenberg,Accident with minor injuries,Others,Driving accident,Dark,Dry
4858,194161,3,Falkplatz,2019,4,9,6,3,5,2,0,1,1,0,0,0,0,0,Pankow,Accident with minor injuries,Collision with a turning/crossing vehicle,Turning accident,Daylight,Dry
4859,194162,9,Baumschulenstraße,2019,4,17,6,3,5,3,0,1,1,0,0,0,0,0,Treptow-Köpenick,Accident with minor injuries,Collision with a turning/crossing vehicle,Turning/Crossing accident,Daylight,Dry
4860,194163,1,Invalidenstraße,2019,4,23,6,3,5,2,2,1,0,0,1,0,0,0,Mitte,Accident with minor injuries,Collision with a turning/crossing vehicle,Turning accident,Dark,Dry
4861,194164,2,Oranienplatz,2019,4,20,6,3,5,2,1,1,1,0,0,0,0,0,Friedrichshain - Kreuzberg,Accident with minor injuries,Collision with a turning/crossing vehicle,Turning accident,Twilight,Dry
4862,194165,3,Schönholz,2019,4,20,6,3,5,3,0,1,1,0,0,0,0,0,Pankow,Accident with minor injuries,Collision with a turning/crossing vehicle,Turning/Crossing accident,Daylight,Dry
4863,194166,8,Parchimer Allee,2019,4,19,6,3,2,6,1,0,1,0,0,0,0,0,Neukölln,Accident with minor injuries,Collision with the vehicle in front/waiting vehicle,Collision involving vehicles going in the same way,Twilight,Dry
4864,194167,3,Herthaplatz,2019,4,18,6,3,5,3,0,1,1,0,0,0,0,0,Pankow,Accident with minor injuries,Collision with a turning/crossing vehicle,Turning/Crossing accident,Daylight,Dry
4865,194168,6,Dahlem,2019,4,18,6,3,5,5,0,1,1,0,0,0,0,0,Steglitz-Zehlendorf,Accident with minor injuries,Collision with a turning/crossing vehicle,Accident involving parked vehicles,Daylight,Dry
4866,194169,12,Waidmannslust,2019,4,22,6,3,1,5,2,0,1,0,0,0,0,0,Reinickendorf,Accident with minor injuries,Collision with a moving/standing/parked vehicle,Accident involving parked vehicles,Dark,Dry
4867,194170,8,Buschkrugallee Nord,2019,4,20,6,2,5,2,0,0,1,0,0,0,0,0,Neukölln,Accident with serious injuries,Collision with a turning/crossing vehicle,Turning accident,Daylight,Dry
4868,194171,4,Preußenpark,2019,4,9,6,3,5,3,0,1,1,0,0,0,0,0,Charlottenburg - Wilmersdorf,Accident with minor injuries,Collision with a turning/crossing vehicle,Turning/Crossing accident,Daylight,Dry
4869,194172,7,Manteuffelstraße,2019,4,8,6,3,0,7,0,0,1,0,0,0,1,0,Tempelhof-Schöneberg,Accident with minor injuries,Others,Others,Daylight,Dry
4870,194173,3,Winsstraße,2019,4,7,6,3,1,5,0,1,0,0,0,0,1,0,Pankow,Accident with minor injuries,Collision with a moving/standing/parked vehicle,Accident involving parked vehicles,Daylight,Dry
4871,194174,1,Nördlicher Landwehrkanal,2019,4,7,6,3,1,5,0,1,1,0,0,0,0,0,Mitte,Accident with minor injuries,Collision with a moving/standing/parked vehicle,Accident involving parked vehicles,Daylight,Dry
4872,194175,7,Dennewitzplatz,2019,4,9,6,3,1,5,0,1,1,0,0,0,0,0,Tempelhof-Schöneberg,Accident with minor injuries,Collision with a moving/standing/parked vehicle,Accident involving parked vehicles,Daylight,Dry
4873,194176,1,Rehberge,2019,4,10,6,3,3,6,0,0,1,0,0,1,0,0,Mitte,Accident with minor injuries,Collision with a vehicle traveling laterally in the same direction,Collision involving vehicles going in the same way,Daylight,Dry
4874,194177,4,Schloßstraße,2019,4,12,6,3,5,3,0,1,0,0,1,0,0,0,Charlottenburg - Wilmersdorf,Accident with minor injuries,Collision with a turning/crossing vehicle,Turning/Crossing accident,Daylight,Dry
4875,194178,2,Traveplatz,2019,4,12,6,3,5,2,0,1,1,0,0,0,0,0,Friedrichshain - Kreuzberg,Accident with minor injuries,Collision with a turning/crossing vehicle,Turning accident,Daylight,Dry
4876,194179,1,Unter den Linden Süd,2019,4,14,6,3,5,3,0,0,1,0,0,1,0,0,Mitte,Accident with minor injuries,Collision with a turning/crossing vehicle,Turning/Crossing accident,Daylight,Dry
4877,194180,5,Zitadellenweg,2019,4,14,6,3,2,6,0,0,1,0,0,0,0,0,Spandau,Accident with minor injuries,Collision with the vehicle in front/waiting vehicle,Collision involving vehicles going in the same way,Daylight,Dry
4878,194181,4,Reichsstraße,2019,4,14,6,3,3,6,0,1,1,0,0,0,0,0,Charlottenburg - Wilmersdorf,Accident with minor injuries,Collision with a vehicle traveling laterally in the same direction,Collision involving vehicles going in the same way,Daylight,Dry
4879,194182,4,Karl-August-Platz,2019,4,14,6,3,3,6,0,1,1,0,0,0,0,0,Charlottenburg - Wilmersdorf,Accident with minor injuries,Collision with a vehicle traveling laterally in the same direction,Collision involving vehicles going in the same way,Daylight,Dry
4880,194183,10,Herzbergstraße,2019,4,15,6,3,2,6,0,0,1,0,0,0,0,0,Marzahn-Hellersdorf,Accident with minor injuries,Collision with the vehicle in front/waiting vehicle,Collision involving vehicles going in the same way,Daylight,Dry
4881,194184,1,Emdener Straße,2019,4,17,6,3,1,5,0,1,1,0,0,0,0,0,Mitte,Accident with minor injuries,Collision with a moving/standing/parked vehicle,Accident involving parked vehicles,Daylight,Dry
4882,194185,9,Bohnsdorf,2019,4,16,6,3,2,6,0,0,1,0,0,0,1,0,Treptow-Köpenick,Accident with minor injuries,Collision with the vehicle in front/waiting vehicle,Collision involving vehicles going in the same way,Daylight,Dry
4883,194186,3,Helmholtzplatz,2019,4,16,6,3,6,4,0,0,1,1,0,0,0,0,Pankow,Accident with minor injuries,Collision between vehicle and pedestrian,Pedestrian crossing accident,Daylight,Dry
4884,194187,6,Teltower Damm,2019,4,16,6,3,5,3,0,1,1,0,0,0,0,0,Steglitz-Zehlendorf,Accident with minor injuries,Collision with a turning/crossing vehicle,Turning/Crossing accident,Daylight,Dry
4885,194188,8,Reuterkiez,2019,4,16,6,3,2,6,0,0,1,0,0,0,0,0,Neukölln,Accident with minor injuries,Collision with the vehicle in front/waiting vehicle,Collision involving vehicles going in the same way,Daylight,Dry
4886,194189,6,Augustaplatz,2019,4,17,6,3,2,6,0,0,1,0,1,0,0,0,Steglitz-Zehlendorf,Accident with minor injuries,Collision with the vehicle in front/waiting vehicle,Collision involving vehicles going in the same way,Daylight,Dry
4887,194190,8,Reuterkiez,2019,4,17,6,3,5,2,0,0,1,0,0,0,0,0,Neukölln,Accident with minor injuries,Collision with a turning/crossing vehicle,Turning accident,Daylight,Dry
4888,194191,7,Friedenau,2019,4,13,6,3,1,5,0,0,1,0,0,0,0,0,Tempelhof-Schöneberg,Accident with minor injuries,Collision with a moving/standing/parked vehicle,Accident involving parked vehicles,Daylight,Dry
4889,194192,10,Mahlsdorf Süd,2019,4,11,5,3,5,3,0,1,1,0,0,0,0,0,Marzahn-Hellersdorf,Accident with minor injuries,Collision with a turning/crossing vehicle,Turning/Crossing accident,Daylight,Dry
4890,194193,10,Helle Mitte,2019,4,20,5,3,0,2,1,0,1,0,0,0,1,0,Marzahn-Hellersdorf,Accident with minor injuries,Others,Turning accident,Twilight,Dry
4891,194194,7,Dennewitzplatz,2019,4,12,5,3,5,3,0,1,1,0,0,0,0,0,Tempelhof-Schöneberg,Accident with minor injuries,Collision with a turning/crossing vehicle,Turning/Crossing accident,Daylight,Dry
4892,194195,4,Reichsstraße,2019,4,16,5,3,6,2,0,0,1,1,0,0,0,0,Charlottenburg - Wilmersdorf,Accident with minor injuries,Collision between vehicle and pedestrian,Turning accident,Daylight,Dry
4893,194196,4,Messegelände,2019,4,18,5,3,3,6,0,0,1,0,0,1,0,0,Charlottenburg - Wilmersdorf,Accident with minor injuries,Collision with a vehicle traveling laterally in the same direction,Collision involving vehicles going in the same way,Daylight,Dry
4894,194197,7,Lindenhofsiedlung,2019,4,18,5,3,2,2,0,0,1,0,0,0,0,0,Tempelhof-Schöneberg,Accident with minor injuries,Collision with the vehicle in front/waiting vehicle,Turning accident,Daylight,Dry
4895,194198,8,Buckow Mitte,2019,4,17,5,3,2,6,0,0,1,0,1,0,0,0,Neukölln,Accident with minor injuries,Collision with the vehicle in front/waiting vehicle,Collision involving vehicles going in the same way,Daylight,Dry
4896,194199,7,Dennewitzplatz,2019,4,7,5,3,6,4,0,0,1,1,0,0,0,0,Tempelhof-Schöneberg,Accident with minor injuries,Collision between vehicle and pedestrian,Pedestrian crossing accident,Daylight,Dry
4897,194200,7,Eisenacher Straße,2019,4,6,5,3,3,6,0,0,1,0,0,0,0,0,Tempelhof-Schöneberg,Accident with minor injuries,Collision with a vehicle traveling laterally in the same direction,Collision involving vehicles going in the same way,Daylight,Dry
4898,194201,3,Kollwitzplatz,2019,4,17,5,3,1,5,0,1,1,0,0,0,0,0,Pankow,Accident with minor injuries,Collision with a moving/standing/parked vehicle,Accident involving parked vehicles,Daylight,Dry
4899,194202,7,Marienhöhe,2019,4,16,5,3,0,3,0,0,1,0,1,0,0,0,Tempelhof-Schöneberg,Accident with minor injuries,Others,Turning/Crossing accident,Daylight,Dry
4900,194203,5,Börnicker Straße,2019,4,16,5,3,0,3,0,0,1,0,0,0,1,0,Spandau,Accident with minor injuries,Others,Turning/Crossing accident,Daylight,Dry
4901,194204,2,Wriezener Bahnhof/Entwicklungsgebiet,2019,4,16,5,3,5,1,0,0,1,0,1,0,0,0,Friedrichshain - Kreuzberg,Accident with minor injuries,Collision with a turning/crossing vehicle,Driving accident,Daylight,Dry
4902,194205,9,Dammvorstadt,2019,4,16,5,2,5,3,0,1,1,0,0,0,0,0,Treptow-Köpenick,Accident with serious injuries,Collision with a turning/crossing vehicle,Turning/Crossing accident,Daylight,Dry
4903,194206,4,Bismarckallee,2019,4,16,5,3,0,4,0,1,0,1,0,0,0,0,Charlottenburg - Wilmersdorf,Accident with minor injuries,Others,Pedestrian crossing accident,Daylight,Dry
4904,194207,3,Buchholz,2019,4,15,5,2,5,3,0,1,1,0,0,0,0,0,Pankow,Accident with serious injuries,Collision with a turning/crossing vehicle,Turning/Crossing accident,Daylight,Dry
4905,194208,4,Schaperstraße,2019,4,16,5,3,2,6,0,0,1,0,0,0,0,0,Charlottenburg - Wilmersdorf,Accident with minor injuries,Collision with the vehicle in front/waiting vehicle,Collision involving vehicles going in the same way,Daylight,Dry
4906,194209,6,Krumme Lanke,2019,4,15,5,3,5,2,0,1,1,0,0,0,0,0,Steglitz-Zehlendorf,Accident with minor injuries,Collision with a turning/crossing vehicle,Turning accident,Daylight,Dry
4907,194210,9,Köllnische Vorstadt,2019,4,15,5,3,3,6,0,0,1,0,1,0,0,0,Treptow-Köpenick,Accident with minor injuries,Collision with a vehicle traveling laterally in the same direction,Collision involving vehicles going in the same way,Daylight,Dry
4908,194211,2,Hausburgviertel,2019,4,5,5,2,2,6,0,1,1,0,0,0,0,0,Friedrichshain - Kreuzberg,Accident with serious injuries,Collision with the vehicle in front/waiting vehicle,Collision involving vehicles going in the same way,Daylight,Dry
4909,194212,1,Alexanderplatzviertel,2019,4,15,5,3,2,2,0,1,1,0,0,0,0,0,Mitte,Accident with minor injuries,Collision with the vehicle in front/waiting vehicle,Turning accident,Daylight,Dry
4910,194213,11,Victoriastadt,2019,4,13,5,3,5,5,0,1,1,0,0,0,1,0,Lichtenberg,Accident with minor injuries,Collision with a turning/crossing vehicle,Accident involving parked vehicles,Daylight,Dry
4911,194214,9,Altstadt Kietz,2019,4,12,5,2,5,3,0,1,1,0,0,0,0,0,Treptow-Köpenick,Accident with serious injuries,Collision with a turning/crossing vehicle,Turning/Crossing accident,Daylight,Dry
4912,194215,3,Blankenburg,2019,4,12,5,3,5,3,0,1,0,0,0,0,1,0,Pankow,Accident with minor injuries,Collision with a turning/crossing vehicle,Turning/Crossing accident,Daylight,Dry
4913,194216,9,Kietzer Feld/Nachtheide,2019,4,12,5,3,0,3,0,1,1,0,0,0,0,0,Treptow-Köpenick,Accident with minor injuries,Others,Turning/Crossing accident,Daylight,Dry
4914,194217,5,Isenburger Weg,2019,4,12,5,3,5,3,0,0,1,0,1,0,0,0,Spandau,Accident with minor injuries,Collision with a turning/crossing vehicle,Turning/Crossing accident,Daylight,Dry
4915,194218,2,Hausburgviertel,2019,4,12,5,3,5,2,0,0,1,0,1,0,0,0,Friedrichshain - Kreuzberg,Accident with minor injuries,Collision with a turning/crossing vehicle,Turning accident,Daylight,Dry
4916,194219,7,Wittenbergplatz/Viktoria-Luise-Platz,2019,4,11,5,3,5,3,0,1,1,0,0,0,0,0,Tempelhof-Schöneberg,Accident with minor injuries,Collision with a turning/crossing vehicle,Turning/Crossing accident,Daylight,Dry
4917,194220,3,Weißenseer Spitze,2019,4,10,5,3,3,6,0,1,1,0,0,0,0,0,Pankow,Accident with minor injuries,Collision with a vehicle traveling laterally in the same direction,Collision involving vehicles going in the same way,Daylight,Dry
4918,194221,9,Dorf Altglienicke,2019,4,9,5,3,5,2,0,1,0,0,0,1,0,0,Treptow-Köpenick,Accident with minor injuries,Collision with a turning/crossing vehicle,Turning accident,Daylight,Dry
4919,194222,8,Bouchéstraße,2019,4,9,5,3,1,5,0,1,1,0,0,0,0,0,Neukölln,Accident with minor injuries,Collision with a moving/standing/parked vehicle,Accident involving parked vehicles,Daylight,Dry
4920,194223,12,Wittenau Süd,2019,4,9,5,3,0,6,0,0,0,0,0,0,1,0,Reinickendorf,Accident with minor injuries,Others,Collision involving vehicles going in the same way,Daylight,Dry
4921,194224,3,Gustav-Adolf-Straße,2019,4,9,5,3,5,2,0,1,1,0,0,0,0,0,Pankow,Accident with minor injuries,Collision with a turning/crossing vehicle,Turning accident,Daylight,Dry
4922,194225,7,Grazer Platz,2019,4,8,5,3,5,3,0,1,1,0,0,0,0,0,Tempelhof-Schöneberg,Accident with minor injuries,Collision with a turning/crossing vehicle,Turning/Crossing accident,Daylight,Dry
4923,194226,1,Arkonaplatz,2019,4,8,5,3,5,3,0,1,1,0,0,0,0,0,Mitte,Accident with minor injuries,Collision with a turning/crossing vehicle,Turning/Crossing accident,Daylight,Dry
4924,194227,2,Reichenberger Straße,2019,4,13,5,3,1,7,0,0,1,0,0,0,0,0,Friedrichshain - Kreuzberg,Accident with minor injuries,Collision with a moving/standing/parked vehicle,Others,Daylight,Dry
4925,194228,3,Greifswalder Straße,2019,4,16,5,3,5,7,0,1,1,0,0,0,0,0,Pankow,Accident with minor injuries,Collision with a turning/crossing vehicle,Others,Daylight,Dry
4926,194229,5,Zitadellenweg,2019,4,20,4,3,1,1,2,0,1,0,0,0,0,0,Spandau,Accident with minor injuries,Collision with a moving/standing/parked vehicle,Driving accident,Dark,Dry
4927,194230,5,An der Kappe,2019,4,20,4,2,5,3,2,0,1,0,1,0,0,0,Spandau,Accident with serious injuries,Collision with a turning/crossing vehicle,Turning/Crossing accident,Dark,Dry
4928,194231,9,Rahnsdorf/Hessenwinkel,2019,4,16,4,3,0,3,0,1,1,0,0,0,0,0,Treptow-Köpenick,Accident with minor injuries,Others,Turning/Crossing accident,Daylight,Dry
4929,194232,2,Moritzplatz,2019,4,22,4,3,6,2,2,0,1,1,0,0,0,0,Friedrichshain - Kreuzberg,Accident with minor injuries,Collision between vehicle and pedestrian,Turning accident,Dark,Dry
4930,194233,9,Köpenick Nord,2019,4,11,4,3,0,3,0,0,1,0,0,0,0,0,Treptow-Köpenick,Accident with minor injuries,Others,Turning/Crossing accident,Daylight,Dry
4931,194234,1,Lüneburger Straße,2019,4,11,4,3,2,6,0,0,1,0,1,0,0,0,Mitte,Accident with minor injuries,Collision with the vehicle in front/waiting vehicle,Collision involving vehicles going in the same way,Daylight,Dry
4932,194235,1,Rehberge,2019,4,20,4,3,5,3,2,0,1,0,0,0,1,0,Mitte,Accident with minor injuries,Collision with a turning/crossing vehicle,Turning/Crossing accident,Dark,Dry
4933,194236,4,Preußenpark,2019,4,5,4,3,6,2,1,1,0,1,0,0,0,0,Charlottenburg - Wilmersdorf,Accident with minor injuries,Collision between vehicle and pedestrian,Turning accident,Twilight,Dry
4934,194237,2,Chamissokiez,2019,4,20,4,3,5,3,1,1,0,0,0,0,0,0,Friedrichshain - Kreuzberg,Accident with minor injuries,Collision with a turning/crossing vehicle,Turning/Crossing accident,Twilight,Dry
4935,194238,7,Schöneberger Insel,2019,4,22,4,3,3,6,2,0,1,0,0,0,0,0,Tempelhof-Schöneberg,Accident with minor injuries,Collision with a vehicle traveling laterally in the same direction,Collision involving vehicles going in the same way,Dark,Dry
4936,194239,1,Stülerstraße,2019,4,21,4,3,5,7,2,0,1,0,1,0,0,0,Mitte,Accident with minor injuries,Collision with a turning/crossing vehicle,Others,Dark,Dry
4937,194240,4,George-Grosz-Platz,2019,4,20,4,3,5,3,1,1,1,0,0,0,0,0,Charlottenburg - Wilmersdorf,Accident with minor injuries,Collision with a turning/crossing vehicle,Turning/Crossing accident,Twilight,Dry
4938,194241,6,Thielallee,2019,4,18,4,3,3,6,0,1,1,0,0,0,0,0,Steglitz-Zehlendorf,Accident with minor injuries,Collision with a vehicle traveling laterally in the same direction,Collision involving vehicles going in the same way,Daylight,Dry
4939,194242,7,Grazer Platz,2019,4,18,4,3,0,6,0,1,0,0,0,0,1,0,Tempelhof-Schöneberg,Accident with minor injuries,Others,Collision involving vehicles going in the same way,Daylight,Dry
4940,194243,5,Ackerstraße,2019,4,17,4,3,6,7,0,0,1,1,0,0,0,0,Spandau,Accident with minor injuries,Collision between vehicle and pedestrian,Others,Daylight,Dry
4941,194244,6,Zehlendorf Mitte,2019,4,20,4,3,1,1,1,0,1,0,0,0,0,0,Steglitz-Zehlendorf,Accident with minor injuries,Collision with a moving/standing/parked vehicle,Driving accident,Twilight,Dry
4942,194245,1,Lützowstraße,2019,4,13,4,3,0,1,0,1,0,0,0,0,0,0,Mitte,Accident with minor injuries,Others,Driving accident,Daylight,Dry
4943,194246,3,Buchholz,2019,4,17,4,3,1,1,0,0,1,0,1,0,0,0,Pankow,Accident with minor injuries,Collision with a moving/standing/parked vehicle,Driving accident,Daylight,Dry
4944,194247,7,Rathaus Tempelhof,2019,4,17,4,3,2,6,0,0,1,0,0,0,0,0,Tempelhof-Schöneberg,Accident with minor injuries,Collision with the vehicle in front/waiting vehicle,Collision involving vehicles going in the same way,Daylight,Dry
4945,194248,10,Helle Mitte,2019,4,12,4,3,2,6,0,0,1,0,1,0,0,0,Marzahn-Hellersdorf,Accident with minor injuries,Collision with the vehicle in front/waiting vehicle,Collision involving vehicles going in the same way,Daylight,Dry
4946,194249,2,Friedenstraße,2019,4,12,4,3,2,7,0,0,1,0,0,0,1,0,Friedrichshain - Kreuzberg,Accident with minor injuries,Collision with the vehicle in front/waiting vehicle,Others,Daylight,Dry
4947,194250,11,Herzbergstraße,2019,4,16,4,3,6,4,0,0,1,1,0,0,0,0,Lichtenberg,Accident with minor injuries,Collision between vehicle and pedestrian,Pedestrian crossing accident,Daylight,Dry
4948,194251,1,Invalidenstraße,2019,4,13,4,3,1,5,0,1,1,0,0,0,0,0,Mitte,Accident with minor injuries,Collision with a moving/standing/parked vehicle,Accident involving parked vehicles,Daylight,Dry
4949,194252,2,Wriezener Bahnhof/Entwicklungsgebiet,2019,4,13,4,3,5,2,0,1,1,0,0,0,0,0,Friedrichshain - Kreuzberg,Accident with minor injuries,Collision with a turning/crossing vehicle,Turning accident,Daylight,Dry
4950,194253,5,Ackerstraße,2019,4,13,4,3,5,2,0,0,1,0,0,0,0,0,Spandau,Accident with minor injuries,Collision with a turning/crossing vehicle,Turning accident,Daylight,Dry
4951,194254,1,Arkonaplatz,2019,4,15,4,3,5,3,0,1,1,0,0,0,0,0,Mitte,Accident with minor injuries,Collision with a turning/crossing vehicle,Turning/Crossing accident,Daylight,Dry
4952,194255,1,Rehberge,2019,4,15,4,3,5,2,0,1,1,0,0,0,0,0,Mitte,Accident with minor injuries,Collision with a turning/crossing vehicle,Turning accident,Daylight,Dry
4953,194256,1,Brunnenstraße,2019,4,10,4,3,5,2,0,0,1,0,0,0,1,0,Mitte,Accident with minor injuries,Collision with a turning/crossing vehicle,Turning accident,Daylight,Dry