,object id,district,street,year,month,hour of day,weekday,category,accident type,accident type 2,light situation,bike involved,car involved,pedestrian involved,motor bike involved,big track involved,other vehicle involved,road condition,district name,category name,accident detail,accident type detail,light condition,road condition detail
4954,194257,11,Rummelsburg,2019,4,10,4,3,2,2,0,1,0,0,0,0,1,0,Lichtenberg,Accident with minor injuries,Collision with the vehicle in front/waiting vehicle,Turning accident,Daylight,Dry
4955,194258,1,Charitéviertel,2019,4,10,4,3,6,2,0,1,0,1,0,0,0,0,Mitte,Accident with minor injuries,Collision between vehicle and pedestrian,Turning accident,Daylight,Dry
4956,194259,5,Carl-Schurz-Straße,2019,4,9,4,3,2,6,0,0,1,0,0,0,0,0,Spandau,Accident with minor injuries,Collision with the vehicle in front/waiting vehicle,Collision involving vehicles going in the same way,Daylight,Dry
4957,194260,10,Oberfeldstraße,2019,4,8,4,3,5,2,0,1,1,0,0,0,0,0,Marzahn-Hellersdorf,Accident with minor injuries,Collision with a turning/crossing vehicle,Turning accident,Daylight,Dry
4958,194261,3,Pankow Zentrum,2019,4,6,4,3,2,2,0,0,1,0,0,0,0,0,Pankow,Accident with minor injuries,Collision with the vehicle in front/waiting vehicle,Turning accident,Daylight,Dry
4959,194262,8,Schillerpromenade,2019,4,17,4,3,1,2,0,0,1,1,0,0,1,0,Neukölln,Accident with minor injuries,Collision with a moving/standing/parked vehicle,Turning accident,Daylight,Dry
4960,194263,7,Rathaus Tempelhof,2019,4,14,3,3,5,2,0,1,1,0,0,0,0,0,Tempelhof-Schöneberg,Accident with minor injuries,Collision with a turning/crossing vehicle,Turning accident,Daylight,Dry
4961,194264,3,Erich-Weinert-Straße,2019,4,21,3,3,6,4,2,1,1,1,0,0,0,0,Pankow,Accident with minor injuries,Collision between vehicle and pedestrian,Pedestrian crossing accident,Dark,Dry
4962,194265,12,Ziekowstraße/Freie Scholle,2019,4,21,3,3,2,2,2,0,1,0,0,0,0,0,Reinickendorf,Accident with minor injuries,Collision with the vehicle in front/waiting vehicle,Turning accident,Dark,Dry
4963,194266,1,Humboldthain Süd,2019,4,21,3,3,0,7,2,0,0,0,1,0,0,0,Mitte,Accident with minor injuries,Others,Others,Dark,Dry
4964,194267,11,Dorf Wartenberg,2019,4,10,3,3,5,2,0,0,1,0,1,0,0,0,Lichtenberg,Accident with minor injuries,Collision with a turning/crossing vehicle,Turning accident,Daylight,Dry
4965,194268,4,Plötzensee,2019,4,10,3,3,5,3,0,1,1,0,0,0,0,0,Charlottenburg - Wilmersdorf,Accident with minor injuries,Collision with a turning/crossing vehicle,Turning/Crossing accident,Daylight,Dry
4966,194269,9,Adlershof West,2019,4,20,3,3,5,2,2,0,1,0,0,0,0,0,Treptow-Köpenick,Accident with minor injuries,Collision with a turning/crossing vehicle,Turning accident,Dark,Dry
4967,194270,12,Lübarser Straße,2019,4,10,3,3,2,2,0,0,1,0,0,0,0,0,Reinickendorf,Accident with minor injuries,Collision with the vehicle in front/waiting vehicle,Turning accident,Daylight,Dry
4968,194271,5,Carl-Schurz-Straße,2019,4,12,3,3,2,6,0,0,1,0,0,0,0,0,Spandau,Accident with minor injuries,Collision with the vehicle in front/waiting vehicle,Collision involving vehicles going in the same way,Daylight,Dry
4969,194272,4,Schlangenbader Straße,2019,4,17,3,3,5,2,0,0,1,0,1,0,0,0,Charlottenburg - Wilmersdorf,Accident with minor injuries,Collision with a turning/crossing vehicle,Turning accident,Daylight,Dry
4970,194273,5,Staakener Straße,2019,4,10,3,3,8,1,0,0,1,0,0,0,0,0,Spandau,Accident with minor injuries,Departure from the roadway to the right,Driving accident,Daylight,Dry
4971,194274,1,Wilhelmstraße,2019,4,9,3,3,5,3,0,1,1,0,0,0,0,0,Mitte,Accident with minor injuries,Collision with a turning/crossing vehicle,Turning/Crossing accident,Daylight,Dry
4972,194275,7,Kaiser-Wilhelm-Platz,2019,4,9,3,3,0,2,0,0,1,0,0,0,1,0,Tempelhof-Schöneberg,Accident with minor injuries,Others,Turning accident,Daylight,Dry
4973,194276,4,Spreestadt,2019,4,9,3,2,5,2,0,1,1,0,0,0,0,0,Charlottenburg - Wilmersdorf,Accident with serious injuries,Collision with a turning/crossing vehicle,Turning accident,Daylight,Dry
4974,194277,3,Erich-Weinert-Straße,2019,4,8,3,3,5,2,0,0,1,0,0,0,0,0,Pankow,Accident with minor injuries,Collision with a turning/crossing vehicle,Turning accident,Daylight,Dry
4975,194278,3,Volkspark Prenzlauer Berg,2019,4,9,3,3,2,6,0,0,0,0,1,0,1,0,Pankow,Accident with minor injuries,Collision with the vehicle in front/waiting vehicle,Collision involving vehicles going in the same way,Daylight,Dry
4976,194279,4,Schaperstraße,2019,4,9,3,3,3,6,0,0,1,0,0,0,0,0,Charlottenburg - Wilmersdorf,Accident with minor injuries,Collision with a vehicle traveling laterally in the same direction,Collision involving vehicles going in the same way,Daylight,Dry
4977,194280,3,Gustav-Adolf-Straße,2019,4,8,3,3,5,3,0,0,1,0,0,0,0,0,Pankow,Accident with minor injuries,Collision with a turning/crossing vehicle,Turning/Crossing accident,Daylight,Dry
4978,194281,5,An der Tränke,2019,4,8,3,2,5,2,0,0,1,0,1,0,0,0,Spandau,Accident with serious injuries,Collision with a turning/crossing vehicle,Turning accident,Daylight,Dry
4979,194282,5,Carl-Schurz-Straße,2019,4,8,3,3,5,7,0,0,1,0,1,0,0,0,Spandau,Accident with minor injuries,Collision with a turning/crossing vehicle,Others,Daylight,Dry
4980,194283,1,Humboldthain Nordwest,2019,4,8,3,2,5,3,0,1,1,0,0,0,0,0,Mitte,Accident with serious injuries,Collision with a turning/crossing vehicle,Turning/Crossing accident,Daylight,Dry
4981,194284,5,Borkumer Straße,2019,4,7,3,3,5,2,0,1,0,0,0,0,1,0,Spandau,Accident with minor injuries,Collision with a turning/crossing vehicle,Turning accident,Daylight,Dry
4982,194285,9,Oberschöneweide West,2019,4,6,3,3,5,3,0,1,1,0,0,0,0,0,Treptow-Köpenick,Accident with minor injuries,Collision with a turning/crossing vehicle,Turning/Crossing accident,Daylight,Dry
4983,194286,2,Viktoriapark,2019,4,11,3,2,2,6,0,0,1,0,1,0,0,0,Friedrichshain - Kreuzberg,Accident with serious injuries,Collision with the vehicle in front/waiting vehicle,Collision involving vehicles going in the same way,Daylight,Dry
4984,194287,4,Stadion Wilmersdorf,2019,4,11,3,3,5,2,0,1,1,0,0,0,0,0,Charlottenburg - Wilmersdorf,Accident with minor injuries,Collision with a turning/crossing vehicle,Turning accident,Daylight,Dry
4985,194288,1,Thomasiusstraße,2019,4,11,3,3,5,2,0,0,1,0,0,0,0,0,Mitte,Accident with minor injuries,Collision with a turning/crossing vehicle,Turning accident,Daylight,Dry
4986,194289,5,Staakener Straße,2019,4,12,3,3,2,7,0,1,1,0,0,0,0,0,Spandau,Accident with minor injuries,Collision with the vehicle in front/waiting vehicle,Others,Daylight,Dry
4987,194290,8,Tempelhofer Weg,2019,4,12,3,3,0,7,0,0,1,0,0,0,0,0,Neukölln,Accident with minor injuries,Others,Others,Daylight,Dry
4988,194291,12,Klixstraße,2019,4,12,3,3,2,6,0,0,1,0,0,0,0,0,Reinickendorf,Accident with minor injuries,Collision with the vehicle in front/waiting vehicle,Collision involving vehicles going in the same way,Daylight,Dry
4989,194292,9,Köpenick Nord,2019,4,13,3,3,2,6,0,0,1,0,0,0,0,0,Treptow-Köpenick,Accident with minor injuries,Collision with the vehicle in front/waiting vehicle,Collision involving vehicles going in the same way,Daylight,Dry
4990,194293,4,Leon-Jessel-Platz,2019,4,14,3,3,0,7,0,0,1,0,0,0,1,0,Charlottenburg - Wilmersdorf,Accident with minor injuries,Others,Others,Daylight,Dry
4991,194294,7,Eisenacher Straße,2019,4,13,3,3,2,6,0,0,1,0,0,0,1,0,Tempelhof-Schöneberg,Accident with minor injuries,Collision with the vehicle in front/waiting vehicle,Collision involving vehicles going in the same way,Daylight,Dry
4992,194295,4,Richard-Wagner-Straße,2019,4,14,3,3,1,5,0,1,1,0,0,0,0,0,Charlottenburg - Wilmersdorf,Accident with minor injuries,Collision with a moving/standing/parked vehicle,Accident involving parked vehicles,Daylight,Dry
4993,194296,8,Rixdorf,2019,4,14,3,3,0,6,0,0,1,0,1,0,0,0,Neukölln,Accident with minor injuries,Others,Collision involving vehicles going in the same way,Daylight,Dry
4994,194297,5,Jägerallee,2019,4,15,3,3,2,6,0,0,1,0,0,0,0,0,Spandau,Accident with minor injuries,Collision with the vehicle in front/waiting vehicle,Collision involving vehicles going in the same way,Daylight,Dry
4995,194298,4,Preußenpark,2019,4,15,3,3,6,4,0,0,1,1,0,0,0,0,Charlottenburg - Wilmersdorf,Accident with minor injuries,Collision between vehicle and pedestrian,Pedestrian crossing accident,Daylight,Dry
4996,194299,9,Bölschestraße,2019,4,16,3,2,5,2,0,1,1,0,0,0,0,0,Treptow-Köpenick,Accident with serious injuries,Collision with a turning/crossing vehicle,Turning accident,Daylight,Dry
4997,194300,1,Oranienburger Straße,2019,4,16,3,3,5,3,0,1,1,0,0,0,0,0,Mitte,Accident with minor injuries,Collision with a turning/crossing vehicle,Turning/Crossing accident,Daylight,Dry
4998,194301,1,Hansaviertel,2019,4,16,3,3,5,2,0,0,1,0,1,0,0,0,Mitte,Accident with minor injuries,Collision with a turning/crossing vehicle,Turning accident,Daylight,Dry
4999,194302,1,Rehberge,2019,4,15,2,3,2,2,0,0,1,0,0,0,0,0,Mitte,Accident with minor injuries,Collision with the vehicle in front/waiting vehicle,Turning accident,Daylight,Dry
5000,194303,8,Gropiusstadt Ost,2019,4,14,2,3,5,2,0,1,1,0,0,0,0,0,Neukölln,Accident with minor injuries,Collision with a turning/crossing vehicle,Turning accident,Daylight,Dry
5001,194304,2,Mehringplatz,2019,4,15,2,3,2,6,0,0,1,0,0,0,0,0,Friedrichshain - Kreuzberg,Accident with minor injuries,Collision with the vehicle in front/waiting vehicle,Collision involving vehicles going in the same way,Daylight,Dry
5002,194305,1,Reinickendorfer Straße,2019,4,22,2,3,1,5,2,0,1,0,1,0,0,0,Mitte,Accident with minor injuries,Collision with a moving/standing/parked vehicle,Accident involving parked vehicles,Dark,Dry
5003,194306,4,Messegelände,2019,4,19,2,3,5,7,2,0,1,0,0,0,0,0,Charlottenburg - Wilmersdorf,Accident with minor injuries,Collision with a turning/crossing vehicle,Others,Dark,Dry
5004,194307,1,Humboldthain Nordwest,2019,4,0,2,3,2,6,2,0,1,0,0,0,0,0,Mitte,Accident with minor injuries,Collision with the vehicle in front/waiting vehicle,Collision involving vehicles going in the same way,Dark,Dry
5005,194308,11,Weitlingstraße,2019,4,23,2,3,5,3,2,0,1,0,0,0,0,0,Lichtenberg,Accident with minor injuries,Collision with a turning/crossing vehicle,Turning/Crossing accident,Dark,Dry
5006,194309,12,Alt-Tegel,2019,4,18,2,3,6,4,0,0,1,1,0,0,0,0,Reinickendorf,Accident with minor injuries,Collision between vehicle and pedestrian,Pedestrian crossing accident,Daylight,Dry
5007,194310,10,Marzahner Promenade,2019,4,18,2,3,5,2,0,0,1,0,0,0,0,0,Marzahn-Hellersdorf,Accident with minor injuries,Collision with a turning/crossing vehicle,Turning accident,Daylight,Dry
5008,194311,9,Kietzer Feld/Nachtheide,2019,4,18,2,2,0,1,0,0,0,0,1,0,0,0,Treptow-Köpenick,Accident with serious injuries,Others,Driving accident,Daylight,Dry
5009,194312,3,Greifswalder Straße,2019,4,16,2,2,2,6,0,1,0,0,0,0,0,0,Pankow,Accident with serious injuries,Collision with the vehicle in front/waiting vehicle,Collision involving vehicles going in the same way,Daylight,Dry
5010,194313,9,Altstadt Kietz,2019,4,14,2,3,0,7,0,1,0,1,0,0,0,0,Treptow-Köpenick,Accident with minor injuries,Others,Others,Daylight,Dry
5011,194314,10,Mahlsdorf Nord,2019,4,14,2,3,5,3,0,1,0,0,0,0,0,0,Marzahn-Hellersdorf,Accident with minor injuries,Collision with a turning/crossing vehicle,Turning/Crossing accident,Daylight,Dry
5012,194315,9,Adlershof West,2019,4,14,2,2,4,1,0,0,1,0,0,0,0,0,Treptow-Köpenick,Accident with serious injuries,Collision with oncoming vehicle,Driving accident,Daylight,Dry
5013,194316,9,Bohnsdorf,2019,4,13,2,3,0,2,0,0,1,0,0,0,1,0,Treptow-Köpenick,Accident with minor injuries,Others,Turning accident,Daylight,Dry
5014,194317,8,Gropiusstadt Süd,2019,4,13,2,3,2,6,0,1,1,0,0,0,0,0,Neukölln,Accident with minor injuries,Collision with the vehicle in front/waiting vehicle,Collision involving vehicles going in the same way,Daylight,Dry
5015,194318,9,Müggelheim,2019,4,10,2,3,5,3,0,1,1,0,0,0,0,0,Treptow-Köpenick,Accident with minor injuries,Collision with a turning/crossing vehicle,Turning/Crossing accident,Daylight,Dry
5016,194319,2,Rathaus Yorckstraße,2019,4,9,2,2,5,3,0,0,1,0,1,0,0,0,Friedrichshain - Kreuzberg,Accident with serious injuries,Collision with a turning/crossing vehicle,Turning/Crossing accident,Daylight,Dry
5017,194320,9,Dorf Altglienicke,2019,4,10,1,2,5,3,0,0,1,0,0,0,1,0,Treptow-Köpenick,Accident with serious injuries,Collision with a turning/crossing vehicle,Turning/Crossing accident,Daylight,Dry
5018,194321,4,Jungfernheide,2019,4,18,1,3,6,4,0,1,0,1,0,0,0,0,Charlottenburg - Wilmersdorf,Accident with minor injuries,Collision between vehicle and pedestrian,Pedestrian crossing accident,Daylight,Dry
5019,194322,7,Marienfelde Süd,2019,4,16,1,3,5,3,0,1,1,0,0,0,0,0,Tempelhof-Schöneberg,Accident with minor injuries,Collision with a turning/crossing vehicle,Turning/Crossing accident,Daylight,Dry
5020,194323,8,Buckow West,2019,4,16,1,3,5,3,0,0,1,0,1,0,0,0,Neukölln,Accident with minor injuries,Collision with a turning/crossing vehicle,Turning/Crossing accident,Daylight,Dry
5021,194324,9,Kietzer Feld/Nachtheide,2019,4,16,1,3,6,7,0,1,0,1,0,0,0,0,Treptow-Köpenick,Accident with minor injuries,Collision between vehicle and pedestrian,Others,Daylight,Dry
5022,194325,2,Lausitzer Platz,2019,4,15,1,3,6,7,0,1,0,1,0,0,0,0,Friedrichshain - Kreuzberg,Accident with minor injuries,Collision between vehicle and pedestrian,Others,Daylight,Dry
5023,194326,3,Arnimplatz,2019,4,11,1,3,5,7,0,1,1,0,0,0,0,0,Pankow,Accident with minor injuries,Collision with a turning/crossing vehicle,Others,Daylight,Dry
5024,194327,10,Wuhletalstraße,2019,4,17,1,2,1,5,0,1,1,0,0,0,0,0,Marzahn-Hellersdorf,Accident with serious injuries,Collision with a moving/standing/parked vehicle,Accident involving parked vehicles,Daylight,Dry
5025,194328,8,Rixdorf,2019,4,3,1,3,1,1,2,0,1,0,0,0,1,0,Neukölln,Accident with minor injuries,Collision with a moving/standing/parked vehicle,Driving accident,Dark,Dry
5026,194329,11,Wartenberg Süd,2019,4,14,1,3,0,2,0,0,0,0,0,0,1,0,Lichtenberg,Accident with minor injuries,Others,Turning accident,Daylight,Dry
5027,194330,3,Teutoburger Platz,2019,4,16,1,3,1,1,0,0,1,0,1,0,0,0,Pankow,Accident with minor injuries,Collision with a moving/standing/parked vehicle,Driving accident,Daylight,Dry
5028,194331,11,Fennpfuhl Ost,2019,4,7,1,3,0,1,0,1,0,0,0,0,0,0,Lichtenberg,Accident with minor injuries,Others,Driving accident,Daylight,Dry
5029,194332,1,Reinickendorfer Straße,2019,4,15,1,3,5,2,0,0,1,0,0,0,1,0,Mitte,Accident with minor injuries,Collision with a turning/crossing vehicle,Turning accident,Daylight,Dry
5030,194333,1,Brunnenstraße,2019,4,18,1,3,0,1,0,0,0,0,1,0,0,0,Mitte,Accident with minor injuries,Others,Driving accident,Daylight,Dry
5031,194334,5,Ackerstraße,2019,4,3,7,1,9,1,2,0,1,0,0,1,0,0,Spandau,Accident with fatalities,Departure from the roadway to the left,Driving accident,Dark,Dry
5032,194335,3,Blankenfelde,2019,4,17,7,3,5,2,0,1,1,0,0,0,0,0,Pankow,Accident with minor injuries,Collision with a turning/crossing vehicle,Turning accident,Daylight,Dry
5033,194336,9,Bölschestraße,2019,4,9,7,2,1,5,0,1,1,0,0,0,0,0,Treptow-Köpenick,Accident with serious injuries,Collision with a moving/standing/parked vehicle,Accident involving parked vehicles,Daylight,Dry
5034,194337,7,Marienfelde Süd,2019,4,14,7,3,1,5,0,1,1,0,0,0,0,0,Tempelhof-Schöneberg,Accident with minor injuries,Collision with a moving/standing/parked vehicle,Accident involving parked vehicles,Daylight,Dry
5035,194338,4,Karl-August-Platz,2019,4,20,7,3,1,5,1,1,1,0,0,0,0,0,Charlottenburg - Wilmersdorf,Accident with minor injuries,Collision with a moving/standing/parked vehicle,Accident involving parked vehicles,Twilight,Dry
5036,194339,2,Wassertorplatz,2019,4,18,7,3,5,2,0,1,1,0,0,0,0,0,Friedrichshain - Kreuzberg,Accident with minor injuries,Collision with a turning/crossing vehicle,Turning accident,Daylight,Dry
5037,194340,8,Rixdorf,2019,4,15,7,3,3,6,0,1,1,0,0,0,0,0,Neukölln,Accident with minor injuries,Collision with a vehicle traveling laterally in the same direction,Collision involving vehicles going in the same way,Daylight,Dry
5038,194341,9,Bölschestraße,2019,4,15,7,3,6,4,0,0,1,1,0,0,0,0,Treptow-Köpenick,Accident with minor injuries,Collision between vehicle and pedestrian,Pedestrian crossing accident,Daylight,Dry
5039,194342,5,Gütersloher Weg,2019,4,13,7,3,5,2,0,0,1,0,0,0,0,0,Spandau,Accident with minor injuries,Collision with a turning/crossing vehicle,Turning accident,Daylight,Dry
5040,194343,6,Berlepschstraße,2019,4,13,7,3,0,7,0,1,0,0,0,0,0,0,Steglitz-Zehlendorf,Accident with minor injuries,Others,Others,Daylight,Dry
5041,194344,2,Viktoriapark,2019,4,12,7,3,5,2,0,0,1,0,0,0,1,0,Friedrichshain - Kreuzberg,Accident with minor injuries,Collision with a turning/crossing vehicle,Turning accident,Daylight,Dry
5042,194345,8,Reuterkiez,2019,4,11,7,3,2,2,0,0,0,0,1,0,1,0,Neukölln,Accident with minor injuries,Collision with the vehicle in front/waiting vehicle,Turning accident,Daylight,Dry
5043,194346,7,John-Locke-Straße,2019,4,1,7,3,0,3,2,0,1,0,0,0,1,0,Tempelhof-Schöneberg,Accident with minor injuries,Others,Turning/Crossing accident,Dark,Dry
5044,194347,8,Alt-Rudow,2019,4,7,7,2,5,3,0,0,1,0,0,0,0,0,Neukölln,Accident with serious injuries,Collision with a turning/crossing vehicle,Turning/Crossing accident,Daylight,Dry
5045,194348,12,Scharnweberstraße,2019,4,8,7,3,5,2,0,1,1,0,0,0,0,0,Reinickendorf,Accident with minor injuries,Collision with a turning/crossing vehicle,Turning accident,Daylight,Dry
5046,194349,6,Südende,2019,4,9,7,3,5,3,0,1,1,0,0,0,0,0,Steglitz-Zehlendorf,Accident with minor injuries,Collision with a turning/crossing vehicle,Turning/Crossing accident,Daylight,Dry
5047,194350,7,John-Locke-Straße,2019,4,10,7,3,2,6,0,0,1,0,0,0,0,0,Tempelhof-Schöneberg,Accident with minor injuries,Collision with the vehicle in front/waiting vehicle,Collision involving vehicles going in the same way,Daylight,Dry
5048,194351,6,Augustaplatz,2019,4,10,7,2,6,2,0,0,1,1,0,0,0,0,Steglitz-Zehlendorf,Accident with serious injuries,Collision between vehicle and pedestrian,Turning accident,Daylight,Dry
5049,194352,7,Rathausstraße,2019,4,10,7,3,2,2,0,0,1,0,0,0,0,0,Tempelhof-Schöneberg,Accident with minor injuries,Collision with the vehicle in front/waiting vehicle,Turning accident,Daylight,Dry
5050,194353,2,Andreasviertel,2019,4,5,7,2,5,3,2,0,1,0,0,0,1,0,Friedrichshain - Kreuzberg,Accident with serious injuries,Collision with a turning/crossing vehicle,Turning/Crossing accident,Dark,Dry
5051,194354,11,Rüdigerstraße,2019,5,14,5,3,5,7,0,1,1,0,0,0,0,1,Lichtenberg,Accident with minor injuries,Collision with a turning/crossing vehicle,Others,Daylight,Wet/moist/slippery
5052,194355,1,Gesundbrunnen,2019,5,14,5,3,0,6,0,1,1,0,0,0,0,0,Mitte,Accident with minor injuries,Others,Collision involving vehicles going in the same way,Daylight,Dry
5053,194356,6,Mittelstraße,2019,5,17,5,3,1,5,0,1,1,0,0,0,0,0,Steglitz-Zehlendorf,Accident with minor injuries,Collision with a moving/standing/parked vehicle,Accident involving parked vehicles,Daylight,Dry
5054,194357,9,Adlershof West,2019,5,12,5,3,5,3,0,1,1,0,0,0,0,0,Treptow-Köpenick,Accident with minor injuries,Collision with a turning/crossing vehicle,Turning/Crossing accident,Daylight,Dry
5055,194358,6,Lankwitz Süd,2019,5,17,5,3,5,3,0,0,1,0,0,0,0,0,Steglitz-Zehlendorf,Accident with minor injuries,Collision with a turning/crossing vehicle,Turning/Crossing accident,Daylight,Dry
5056,194359,9,Späthsfelde,2019,5,14,5,3,5,3,0,0,1,0,1,0,0,1,Treptow-Köpenick,Accident with minor injuries,Collision with a turning/crossing vehicle,Turning/Crossing accident,Daylight,Wet/moist/slippery
5057,194360,4,Savignyplatz,2019,5,13,5,3,1,5,0,1,1,0,0,0,0,1,Charlottenburg - Wilmersdorf,Accident with minor injuries,Collision with a moving/standing/parked vehicle,Accident involving parked vehicles,Daylight,Wet/moist/slippery
5058,194361,2,Richard-Sorge-Viertel,2019,5,17,5,3,2,6,0,1,1,0,0,0,0,0,Friedrichshain - Kreuzberg,Accident with minor injuries,Collision with the vehicle in front/waiting vehicle,Collision involving vehicles going in the same way,Daylight,Dry
5059,194362,7,Wittenbergplatz/Viktoria-Luise-Platz,2019,5,14,5,3,5,2,0,1,1,0,0,0,0,0,Tempelhof-Schöneberg,Accident with minor injuries,Collision with a turning/crossing vehicle,Turning accident,Daylight,Dry
5060,194363,11,Weitlingstraße,2019,5,17,5,3,5,2,0,1,1,0,0,0,0,0,Lichtenberg,Accident with minor injuries,Collision with a turning/crossing vehicle,Turning accident,Daylight,Dry
5061,194364,3,Niederschönhausen,2019,5,16,5,3,5,3,0,1,1,0,0,0,0,0,Pankow,Accident with minor injuries,Collision with a turning/crossing vehicle,Turning/Crossing accident,Daylight,Dry
5062,194365,2,Andreasviertel,2019,5,16,5,3,0,3,0,1,1,0,0,0,0,0,Friedrichshain - Kreuzberg,Accident with minor injuries,Others,Turning/Crossing accident,Daylight,Dry
5063,194366,12,Teichstraße,2019,5,16,5,3,2,6,0,0,1,0,0,1,0,0,Reinickendorf,Accident with minor injuries,Collision with the vehicle in front/waiting vehicle,Collision involving vehicles going in the same way,Daylight,Dry
5064,194367,9,Schmöckwitz/Rauchfangswerder,2019,5,5,5,2,4,6,1,0,0,0,0,0,1,1,Treptow-Köpenick,Accident with serious injuries,Collision with oncoming vehicle,Collision involving vehicles going in the same way,Twilight,Wet/moist/slippery
5065,194368,9,Altstadt Kietz,2019,5,9,5,2,6,3,0,0,1,1,0,0,0,0,Treptow-Köpenick,Accident with serious injuries,Collision between vehicle and pedestrian,Turning/Crossing accident,Daylight,Dry
5066,194369,4,Nikolsburger Platz,2019,5,8,5,3,3,6,0,1,1,0,0,0,0,0,Charlottenburg - Wilmersdorf,Accident with minor injuries,Collision with a vehicle traveling laterally in the same direction,Collision involving vehicles going in the same way,Daylight,Dry
5067,194370,1,Oranienburger Straße,2019,5,9,5,3,5,3,0,1,0,0,0,0,1,0,Mitte,Accident with minor injuries,Collision with a turning/crossing vehicle,Turning/Crossing accident,Daylight,Dry
5068,194371,8,Rixdorf,2019,5,7,5,3,2,3,0,1,0,0,0,0,0,0,Neukölln,Accident with minor injuries,Collision with the vehicle in front/waiting vehicle,Turning/Crossing accident,Daylight,Dry
5069,194372,2,Gleisdreieck/Entwicklungsgebiet,2019,5,7,5,3,5,2,0,1,1,0,0,0,0,1,Friedrichshain - Kreuzberg,Accident with minor injuries,Collision with a turning/crossing vehicle,Turning accident,Daylight,Wet/moist/slippery
5070,194373,10,Kaulsdorf Nord I,2019,5,7,5,3,5,3,0,1,1,0,0,0,0,0,Marzahn-Hellersdorf,Accident with minor injuries,Collision with a turning/crossing vehicle,Turning/Crossing accident,Daylight,Dry
5071,194374,2,Hausburgviertel,2019,5,7,5,3,5,2,0,1,0,0,0,0,1,1,Friedrichshain - Kreuzberg,Accident with minor injuries,Collision with a turning/crossing vehicle,Turning accident,Daylight,Wet/moist/slippery
5072,194375,12,Klixstraße,2019,5,7,5,3,5,2,0,1,0,0,0,0,1,0,Reinickendorf,Accident with minor injuries,Collision with a turning/crossing vehicle,Turning accident,Daylight,Dry
5073,194376,10,Oberfeldstraße,2019,5,14,5,3,5,2,0,0,0,0,1,0,1,1,Marzahn-Hellersdorf,Accident with minor injuries,Collision with a turning/crossing vehicle,Turning accident,Daylight,Wet/moist/slippery
5074,194377,12,Breitkopfbecken,2019,5,13,5,3,5,3,0,1,1,0,0,0,0,1,Reinickendorf,Accident with minor injuries,Collision with a turning/crossing vehicle,Turning/Crossing accident,Daylight,Wet/moist/slippery
5075,194378,2,Hausburgviertel,2019,5,13,5,2,4,6,0,0,1,0,0,1,0,1,Friedrichshain - Kreuzberg,Accident with serious injuries,Collision with oncoming vehicle,Collision involving vehicles going in the same way,Daylight,Wet/moist/slippery
5076,194379,5,Maulbeerallee,2019,5,13,5,2,5,2,0,0,1,0,0,0,0,0,Spandau,Accident with serious injuries,Collision with a turning/crossing vehicle,Turning accident,Daylight,Dry
5077,194380,9,Köpenick Nord,2019,5,12,5,3,5,2,0,1,0,0,0,0,0,0,Treptow-Köpenick,Accident with minor injuries,Collision with a turning/crossing vehicle,Turning accident,Daylight,Dry
5078,194381,1,Nördlicher Landwehrkanal,2019,5,11,5,2,5,3,0,0,1,0,0,0,0,0,Mitte,Accident with serious injuries,Collision with a turning/crossing vehicle,Turning/Crossing accident,Daylight,Dry
5079,194382,4,Flinsberger Platz,2019,5,10,5,3,5,2,0,0,1,0,0,0,0,0,Charlottenburg - Wilmersdorf,Accident with minor injuries,Collision with a turning/crossing vehicle,Turning accident,Daylight,Dry
5080,194383,4,Kranzallee,2019,5,10,5,3,6,2,0,0,1,1,0,0,0,0,Charlottenburg - Wilmersdorf,Accident with minor injuries,Collision between vehicle and pedestrian,Turning accident,Daylight,Dry
5081,194384,10,Helle Mitte,2019,5,6,4,3,5,2,0,1,1,0,0,0,0,0,Marzahn-Hellersdorf,Accident with minor injuries,Collision with a turning/crossing vehicle,Turning accident,Daylight,Dry
5082,194385,11,Sewanstraße,2019,5,10,4,3,3,6,0,0,0,0,1,0,1,0,Lichtenberg,Accident with minor injuries,Collision with a vehicle traveling laterally in the same direction,Collision involving vehicles going in the same way,Daylight,Dry
5083,194386,3,Kollwitzplatz,2019,5,13,4,3,5,2,0,1,1,0,0,0,0,0,Pankow,Accident with minor injuries,Collision with a turning/crossing vehicle,Turning accident,Daylight,Dry
5084,194387,5,Alt-Gatow,2019,5,10,4,3,2,6,0,0,1,0,0,0,0,0,Spandau,Accident with minor injuries,Collision with the vehicle in front/waiting vehicle,Collision involving vehicles going in the same way,Daylight,Dry
5085,194388,7,Grazer Platz,2019,5,20,4,3,6,4,0,0,1,1,0,0,0,0,Tempelhof-Schöneberg,Accident with minor injuries,Collision between vehicle and pedestrian,Pedestrian crossing accident,Daylight,Dry
5086,194389,5,Jägerallee,2019,5,18,4,3,5,3,0,0,1,0,0,0,0,0,Spandau,Accident with minor injuries,Collision with a turning/crossing vehicle,Turning/Crossing accident,Daylight,Dry
5087,194390,2,Boxhagener Platz,2019,5,8,4,3,0,6,0,1,1,0,0,0,0,0,Friedrichshain - Kreuzberg,Accident with minor injuries,Others,Collision involving vehicles going in the same way,Daylight,Dry
5088,194391,11,Rosenfelder Ring,2019,5,7,4,2,6,4,0,0,0,1,0,0,1,0,Lichtenberg,Accident with serious injuries,Collision between vehicle and pedestrian,Pedestrian crossing accident,Daylight,Dry
5089,194392,5,Hakenfelde Nord,2019,5,21,4,3,5,3,2,1,1,0,0,0,0,0,Spandau,Accident with minor injuries,Collision with a turning/crossing vehicle,Turning/Crossing accident,Dark,Dry