,object id,district,street,year,month,hour of day,weekday,category,accident type,accident type 2,light situation,bike involved,car involved,pedestrian involved,motor bike involved,big track involved,other vehicle involved,road condition,district name,category name,accident detail,accident type detail,light condition,road condition detail
5223,194526,1,Arkonaplatz,2019,5,17,7,3,5,3,0,1,0,0,0,0,1,0,Mitte,Accident with minor injuries,Collision with a turning/crossing vehicle,Turning/Crossing accident,Daylight,Dry
5224,194527,12,Märkisches Zentrum,2019,5,21,7,2,6,4,2,0,1,1,0,0,0,0,Reinickendorf,Accident with serious injuries,Collision between vehicle and pedestrian,Pedestrian crossing accident,Dark,Dry
5225,194528,12,Märkisches Zentrum,2019,5,21,7,3,6,6,2,0,1,1,0,0,0,0,Reinickendorf,Accident with minor injuries,Collision between vehicle and pedestrian,Collision involving vehicles going in the same way,Dark,Dry
5226,194529,1,Rehberge,2019,5,19,7,3,5,2,0,1,1,0,0,0,0,0,Mitte,Accident with minor injuries,Collision with a turning/crossing vehicle,Turning accident,Daylight,Dry
5227,194530,9,Köllnische Vorstadt,2019,5,19,7,3,5,3,0,0,1,0,0,0,0,0,Treptow-Köpenick,Accident with minor injuries,Collision with a turning/crossing vehicle,Turning/Crossing accident,Daylight,Dry
5228,194531,7,Rathausstraße,2019,5,17,7,3,5,2,0,0,1,0,1,0,0,0,Tempelhof-Schöneberg,Accident with minor injuries,Collision with a turning/crossing vehicle,Turning accident,Daylight,Dry
5229,194532,9,Altstadt Kietz,2019,5,18,7,3,2,6,0,0,1,0,0,0,0,1,Treptow-Köpenick,Accident with minor injuries,Collision with the vehicle in front/waiting vehicle,Collision involving vehicles going in the same way,Daylight,Wet/moist/slippery
5230,194533,10,Mahlsdorf Süd,2019,5,18,7,2,1,5,0,0,1,0,1,0,0,0,Marzahn-Hellersdorf,Accident with serious injuries,Collision with a moving/standing/parked vehicle,Accident involving parked vehicles,Daylight,Dry
5231,194534,1,Sparrplatz,2019,5,18,7,3,2,6,0,0,1,0,0,0,0,0,Mitte,Accident with minor injuries,Collision with the vehicle in front/waiting vehicle,Collision involving vehicles going in the same way,Daylight,Dry
5232,194535,10,Gut Hellersdorf,2019,5,17,7,3,5,3,0,0,1,0,1,0,0,0,Marzahn-Hellersdorf,Accident with minor injuries,Collision with a turning/crossing vehicle,Turning/Crossing accident,Daylight,Dry
5233,194536,1,Heine-Viertel Ost,2019,5,16,7,3,1,5,0,0,1,0,0,0,0,0,Mitte,Accident with minor injuries,Collision with a moving/standing/parked vehicle,Accident involving parked vehicles,Daylight,Dry
5234,194537,2,Reichenberger Straße,2019,5,1,7,3,5,3,2,0,1,0,0,0,0,1,Friedrichshain - Kreuzberg,Accident with minor injuries,Collision with a turning/crossing vehicle,Turning/Crossing accident,Dark,Wet/moist/slippery
5235,194538,5,Maulbeerallee,2019,5,14,7,2,0,6,0,0,1,0,0,0,1,0,Spandau,Accident with serious injuries,Others,Collision involving vehicles going in the same way,Daylight,Dry
5236,194539,1,Rehberge,2019,5,14,7,3,6,4,0,0,1,1,0,0,0,1,Mitte,Accident with minor injuries,Collision between vehicle and pedestrian,Pedestrian crossing accident,Daylight,Wet/moist/slippery
5237,194540,10,Gut Hellersdorf,2019,5,13,7,2,0,1,0,1,0,0,0,0,0,0,Marzahn-Hellersdorf,Accident with serious injuries,Others,Driving accident,Daylight,Dry
5238,194541,8,Waltersdorfer Chaussee Ost,2019,5,13,7,3,5,2,0,1,1,0,0,0,0,0,Neukölln,Accident with minor injuries,Collision with a turning/crossing vehicle,Turning accident,Daylight,Dry
5239,194542,12,Lübars,2019,5,12,7,3,5,3,0,1,1,0,0,0,0,0,Reinickendorf,Accident with minor injuries,Collision with a turning/crossing vehicle,Turning/Crossing accident,Daylight,Dry
5240,194543,3,Alt-Karow,2019,5,11,7,3,5,3,0,0,1,0,0,0,0,0,Pankow,Accident with minor injuries,Collision with a turning/crossing vehicle,Turning/Crossing accident,Daylight,Dry
5241,194544,6,Wannsee,2019,5,10,7,3,0,1,0,0,1,0,0,0,0,0,Steglitz-Zehlendorf,Accident with minor injuries,Others,Driving accident,Daylight,Dry
5242,194545,4,Brabanter Platz,2019,5,3,6,3,1,1,2,0,1,0,0,0,0,0,Charlottenburg - Wilmersdorf,Accident with minor injuries,Collision with a moving/standing/parked vehicle,Driving accident,Dark,Dry
5243,194546,10,Mahlsdorf Süd,2019,5,8,6,3,5,2,0,1,1,0,0,0,0,0,Marzahn-Hellersdorf,Accident with minor injuries,Collision with a turning/crossing vehicle,Turning accident,Daylight,Dry
5244,194547,9,Dammvorstadt,2019,5,12,6,3,6,7,0,0,1,1,0,0,0,0,Treptow-Köpenick,Accident with minor injuries,Collision between vehicle and pedestrian,Others,Daylight,Dry
5245,194548,5,Jägerallee,2019,5,14,6,3,6,6,0,0,1,1,0,0,0,0,Spandau,Accident with minor injuries,Collision between vehicle and pedestrian,Collision involving vehicles going in the same way,Daylight,Dry
5246,194549,7,Friedenau,2019,5,22,6,3,2,2,2,0,1,0,0,0,0,0,Tempelhof-Schöneberg,Accident with minor injuries,Collision with the vehicle in front/waiting vehicle,Turning accident,Dark,Dry
5247,194550,7,Manteuffelstraße,2019,5,6,6,3,3,6,0,0,1,0,0,0,1,0,Tempelhof-Schöneberg,Accident with minor injuries,Collision with a vehicle traveling laterally in the same direction,Collision involving vehicles going in the same way,Daylight,Dry
5248,194551,2,Wrangelkiez,2019,5,21,6,3,6,4,2,1,0,1,0,0,0,0,Friedrichshain - Kreuzberg,Accident with minor injuries,Collision between vehicle and pedestrian,Pedestrian crossing accident,Dark,Dry
5249,194552,8,Donaustraße,2019,5,19,6,3,1,5,0,1,1,0,0,0,1,0,Neukölln,Accident with minor injuries,Collision with a moving/standing/parked vehicle,Accident involving parked vehicles,Daylight,Dry
5250,194553,8,Reuterkiez,2019,5,7,6,3,5,3,0,0,1,0,0,0,0,0,Neukölln,Accident with minor injuries,Collision with a turning/crossing vehicle,Turning/Crossing accident,Daylight,Dry
5251,194554,12,Schäfersee,2019,5,18,6,3,5,2,0,0,1,0,0,0,0,0,Reinickendorf,Accident with minor injuries,Collision with a turning/crossing vehicle,Turning accident,Daylight,Dry
5252,194555,7,Dennewitzplatz,2019,5,18,6,3,1,5,0,1,1,0,0,0,1,0,Tempelhof-Schöneberg,Accident with minor injuries,Collision with a moving/standing/parked vehicle,Accident involving parked vehicles,Daylight,Dry
5253,194556,11,Malchower Weg,2019,5,7,6,3,1,1,0,0,1,0,0,1,0,0,Lichtenberg,Accident with minor injuries,Collision with a moving/standing/parked vehicle,Driving accident,Daylight,Dry
5254,194557,9,Adlershof West,2019,5,17,6,3,5,3,0,1,1,0,0,0,0,0,Treptow-Köpenick,Accident with minor injuries,Collision with a turning/crossing vehicle,Turning/Crossing accident,Daylight,Dry
5255,194558,1,Oranienburger Straße,2019,5,8,6,3,5,2,0,1,1,0,0,0,0,0,Mitte,Accident with minor injuries,Collision with a turning/crossing vehicle,Turning accident,Daylight,Dry
5256,194559,1,Wilhelmstraße,2019,5,8,6,3,1,5,0,1,1,0,0,0,0,0,Mitte,Accident with minor injuries,Collision with a moving/standing/parked vehicle,Accident involving parked vehicles,Daylight,Dry
5257,194560,6,Wannsee,2019,5,0,6,3,1,5,2,1,0,0,0,1,1,0,Steglitz-Zehlendorf,Accident with minor injuries,Collision with a moving/standing/parked vehicle,Accident involving parked vehicles,Dark,Dry
5258,194561,1,Charitéviertel,2019,5,8,6,3,2,6,0,0,1,0,1,0,0,0,Mitte,Accident with minor injuries,Collision with the vehicle in front/waiting vehicle,Collision involving vehicles going in the same way,Daylight,Dry
5259,194562,5,Adamstraße,2019,5,9,6,2,6,4,0,0,1,1,0,0,0,0,Spandau,Accident with serious injuries,Collision between vehicle and pedestrian,Pedestrian crossing accident,Daylight,Dry
5260,194563,7,Marienfelde Nordost,2019,5,9,6,2,6,4,0,0,1,1,0,0,0,0,Tempelhof-Schöneberg,Accident with serious injuries,Collision between vehicle and pedestrian,Pedestrian crossing accident,Daylight,Dry
5261,194564,1,Leipziger Straße,2019,5,9,6,3,5,5,0,0,1,0,1,0,0,0,Mitte,Accident with minor injuries,Collision with a turning/crossing vehicle,Accident involving parked vehicles,Daylight,Dry
5262,194565,1,Elberfelder Straße,2019,5,10,6,3,1,5,0,0,1,0,1,0,0,0,Mitte,Accident with minor injuries,Collision with a moving/standing/parked vehicle,Accident involving parked vehicles,Daylight,Dry
5263,194566,6,Feuerbachstraße,2019,5,11,6,3,2,6,0,0,1,0,0,0,0,0,Steglitz-Zehlendorf,Accident with minor injuries,Collision with the vehicle in front/waiting vehicle,Collision involving vehicles going in the same way,Daylight,Dry
5264,194567,5,Borkumer Straße,2019,5,12,6,3,2,6,0,0,1,0,0,0,0,0,Spandau,Accident with minor injuries,Collision with the vehicle in front/waiting vehicle,Collision involving vehicles going in the same way,Daylight,Dry
5265,194568,8,Reuterkiez,2019,5,12,6,3,5,2,0,1,0,0,0,0,1,0,Neukölln,Accident with minor injuries,Collision with a turning/crossing vehicle,Turning accident,Daylight,Dry
5266,194569,2,Urbanstraße,2019,5,13,6,2,5,3,0,0,1,0,1,0,0,0,Friedrichshain - Kreuzberg,Accident with serious injuries,Collision with a turning/crossing vehicle,Turning/Crossing accident,Daylight,Dry
5267,194570,6,Fichtenberg,2019,5,13,6,3,5,7,0,1,1,0,0,0,0,0,Steglitz-Zehlendorf,Accident with minor injuries,Collision with a turning/crossing vehicle,Others,Daylight,Dry
5268,194571,3,Helmholtzplatz,2019,5,13,6,3,0,7,0,0,1,0,1,0,0,0,Pankow,Accident with minor injuries,Others,Others,Daylight,Dry
5269,194572,1,Gesundbrunnen,2019,5,14,6,3,2,6,0,0,1,0,1,0,0,0,Mitte,Accident with minor injuries,Collision with the vehicle in front/waiting vehicle,Collision involving vehicles going in the same way,Daylight,Dry
5270,194573,2,Viktoriapark,2019,5,15,6,3,5,7,0,0,1,0,1,0,0,0,Friedrichshain - Kreuzberg,Accident with minor injuries,Collision with a turning/crossing vehicle,Others,Daylight,Dry
5271,194574,12,Wittenau Süd,2019,5,15,6,2,5,2,0,1,1,0,0,0,0,0,Reinickendorf,Accident with serious injuries,Collision with a turning/crossing vehicle,Turning accident,Daylight,Dry
5272,194575,1,Leipziger Straße,2019,5,16,5,3,1,5,0,1,1,0,0,0,1,0,Mitte,Accident with minor injuries,Collision with a moving/standing/parked vehicle,Accident involving parked vehicles,Daylight,Dry
5273,194576,3,Greifswalder Straße,2019,5,8,5,3,5,3,0,1,1,0,0,0,0,0,Pankow,Accident with minor injuries,Collision with a turning/crossing vehicle,Turning/Crossing accident,Daylight,Dry
5274,194577,8,Gewerbegebiet Köllnische Heide,2019,5,6,5,2,2,7,0,0,1,0,1,0,0,0,Neukölln,Accident with serious injuries,Collision with the vehicle in front/waiting vehicle,Others,Daylight,Dry
5275,194578,1,Unter den Linden Süd,2019,5,11,5,3,6,2,0,0,1,1,0,0,0,0,Mitte,Accident with minor injuries,Collision between vehicle and pedestrian,Turning accident,Daylight,Dry
5276,194579,9,Adlershof West,2019,5,18,5,3,5,2,0,1,1,0,0,0,0,0,Treptow-Köpenick,Accident with minor injuries,Collision with a turning/crossing vehicle,Turning accident,Daylight,Dry
5277,194580,1,Heine-Viertel West,2019,5,18,5,3,0,3,0,1,1,0,0,0,0,0,Mitte,Accident with minor injuries,Others,Turning/Crossing accident,Daylight,Dry
5278,194581,1,Heine-Viertel Ost,2019,5,8,5,3,5,3,0,1,1,0,0,0,0,0,Mitte,Accident with minor injuries,Collision with a turning/crossing vehicle,Turning/Crossing accident,Daylight,Dry
5279,194582,12,Klixstraße,2019,5,16,5,3,5,2,0,1,1,0,0,0,0,0,Reinickendorf,Accident with minor injuries,Collision with a turning/crossing vehicle,Turning accident,Daylight,Dry
5280,194583,4,Spreestadt,2019,5,15,5,3,1,5,0,0,1,0,1,0,0,0,Charlottenburg - Wilmersdorf,Accident with minor injuries,Collision with a moving/standing/parked vehicle,Accident involving parked vehicles,Daylight,Dry
5281,194584,2,Moritzplatz,2019,5,14,5,3,5,5,0,1,1,0,0,0,0,0,Friedrichshain - Kreuzberg,Accident with minor injuries,Collision with a turning/crossing vehicle,Accident involving parked vehicles,Daylight,Dry
5282,194585,8,Gropiusstadt Süd,2019,5,15,5,2,5,2,0,0,1,0,0,0,0,0,Neukölln,Accident with serious injuries,Collision with a turning/crossing vehicle,Turning accident,Daylight,Dry
5283,194586,12,Wittenau Süd,2019,5,15,5,3,2,6,0,0,1,0,0,0,0,0,Reinickendorf,Accident with minor injuries,Collision with the vehicle in front/waiting vehicle,Collision involving vehicles going in the same way,Daylight,Dry
5284,194587,3,Hansastraße,2019,5,15,5,2,5,2,0,0,1,0,1,0,0,0,Pankow,Accident with serious injuries,Collision with a turning/crossing vehicle,Turning accident,Daylight,Dry
5285,194588,6,Fichtenberg,2019,5,9,5,2,5,3,0,1,1,0,0,0,0,0,Steglitz-Zehlendorf,Accident with serious injuries,Collision with a turning/crossing vehicle,Turning/Crossing accident,Daylight,Dry
5286,194589,5,Zitadellenweg,2019,5,12,5,3,5,3,0,0,0,0,1,0,1,0,Spandau,Accident with minor injuries,Collision with a turning/crossing vehicle,Turning/Crossing accident,Daylight,Dry
5287,194590,1,Westhafen,2019,5,12,5,3,5,2,0,1,0,0,0,1,0,0,Mitte,Accident with minor injuries,Collision with a turning/crossing vehicle,Turning accident,Daylight,Dry
5288,194591,4,Amtsgerichtsplatz,2019,5,11,5,3,5,3,0,0,1,0,0,0,0,0,Charlottenburg - Wilmersdorf,Accident with minor injuries,Collision with a turning/crossing vehicle,Turning/Crossing accident,Daylight,Dry
5289,194592,6,Schloßstraße,2019,5,15,5,3,6,7,0,0,1,1,0,0,0,0,Steglitz-Zehlendorf,Accident with minor injuries,Collision between vehicle and pedestrian,Others,Daylight,Dry
5290,194593,9,Kölner Viertel,2019,5,15,5,3,6,7,0,0,1,1,0,0,0,0,Treptow-Köpenick,Accident with minor injuries,Collision between vehicle and pedestrian,Others,Daylight,Dry
5291,194594,7,Dennewitzplatz,2019,5,10,5,3,5,3,0,1,1,0,0,0,0,0,Tempelhof-Schöneberg,Accident with minor injuries,Collision with a turning/crossing vehicle,Turning/Crossing accident,Daylight,Dry
5292,194595,2,Stralauer Kiez,2019,5,10,5,3,5,2,0,0,1,0,0,0,1,0,Friedrichshain - Kreuzberg,Accident with minor injuries,Collision with a turning/crossing vehicle,Turning accident,Daylight,Dry
5293,194596,7,Grazer Platz,2019,5,8,5,3,2,6,0,0,1,0,0,0,1,0,Tempelhof-Schöneberg,Accident with minor injuries,Collision with the vehicle in front/waiting vehicle,Collision involving vehicles going in the same way,Daylight,Dry
5294,194597,1,Alexanderplatzviertel,2019,5,8,5,3,3,6,0,0,0,0,0,0,1,0,Mitte,Accident with minor injuries,Collision with a vehicle traveling laterally in the same direction,Collision involving vehicles going in the same way,Daylight,Dry
5295,194598,2,Mehringplatz,2019,5,8,5,2,0,1,0,0,0,0,1,0,0,0,Friedrichshain - Kreuzberg,Accident with serious injuries,Others,Driving accident,Daylight,Dry
5296,194599,2,Andreasviertel,2019,5,0,5,3,1,5,2,1,1,0,0,0,0,0,Friedrichshain - Kreuzberg,Accident with minor injuries,Collision with a moving/standing/parked vehicle,Accident involving parked vehicles,Dark,Dry
5297,194600,7,Manteuffelstraße,2019,5,8,5,3,0,1,0,1,0,0,0,0,0,0,Tempelhof-Schöneberg,Accident with minor injuries,Others,Driving accident,Daylight,Dry
5298,194601,2,Wriezener Bahnhof/Entwicklungsgebiet,2019,5,16,4,3,6,2,0,1,0,1,0,0,0,0,Friedrichshain - Kreuzberg,Accident with minor injuries,Collision between vehicle and pedestrian,Turning accident,Daylight,Dry
5299,194602,6,Lichterfelde West,2019,5,19,4,3,5,2,0,0,1,0,0,0,0,0,Steglitz-Zehlendorf,Accident with minor injuries,Collision with a turning/crossing vehicle,Turning accident,Daylight,Dry
5300,194603,8,Donaustraße,2019,5,19,4,2,3,6,0,0,1,0,0,0,0,0,Neukölln,Accident with serious injuries,Collision with a vehicle traveling laterally in the same direction,Collision involving vehicles going in the same way,Daylight,Dry
5301,194604,2,Reichenberger Straße,2019,5,22,4,3,6,4,2,1,0,1,0,0,0,0,Friedrichshain - Kreuzberg,Accident with minor injuries,Collision between vehicle and pedestrian,Pedestrian crossing accident,Dark,Dry
5302,194605,3,Märchenland,2019,5,12,4,3,5,2,0,1,1,0,0,0,0,0,Pankow,Accident with minor injuries,Collision with a turning/crossing vehicle,Turning accident,Daylight,Dry
5303,194606,5,Borkumer Straße,2019,5,21,4,2,2,6,2,0,1,0,1,0,0,0,Spandau,Accident with serious injuries,Collision with the vehicle in front/waiting vehicle,Collision involving vehicles going in the same way,Dark,Dry
5304,194607,12,Schorfheidestraße,2019,5,19,4,3,5,2,0,0,1,0,1,0,0,0,Reinickendorf,Accident with minor injuries,Collision with a turning/crossing vehicle,Turning accident,Daylight,Dry
5305,194608,2,Andreasviertel,2019,5,18,4,3,6,7,0,0,1,1,0,0,0,0,Friedrichshain - Kreuzberg,Accident with minor injuries,Collision between vehicle and pedestrian,Others,Daylight,Dry
5306,194609,9,Elsenstraße,2019,5,18,4,3,6,2,0,0,1,1,0,0,0,0,Treptow-Köpenick,Accident with minor injuries,Collision between vehicle and pedestrian,Turning accident,Daylight,Dry
5307,194610,7,Manteuffelstraße,2019,5,14,4,3,6,7,0,1,0,1,0,0,0,0,Tempelhof-Schöneberg,Accident with minor injuries,Collision between vehicle and pedestrian,Others,Daylight,Dry
5308,194611,4,Halensee,2019,5,13,4,3,5,2,0,0,1,0,1,0,0,0,Charlottenburg - Wilmersdorf,Accident with minor injuries,Collision with a turning/crossing vehicle,Turning accident,Daylight,Dry
5309,194612,6,Thielallee,2019,5,13,4,3,1,5,0,1,1,0,0,0,1,0,Steglitz-Zehlendorf,Accident with minor injuries,Collision with a moving/standing/parked vehicle,Accident involving parked vehicles,Daylight,Dry
5310,194613,5,Gartenfelder Straße,2019,5,12,4,3,2,2,0,0,1,0,1,0,0,0,Spandau,Accident with minor injuries,Collision with the vehicle in front/waiting vehicle,Turning accident,Daylight,Dry
5311,194614,4,Alt-Lietzow,2019,5,12,4,3,3,6,0,1,1,0,0,0,0,0,Charlottenburg - Wilmersdorf,Accident with minor injuries,Collision with a vehicle traveling laterally in the same direction,Collision involving vehicles going in the same way,Daylight,Dry
5312,194615,2,Moritzplatz,2019,5,17,4,3,5,2,0,0,1,0,1,0,0,0,Friedrichshain - Kreuzberg,Accident with minor injuries,Collision with a turning/crossing vehicle,Turning accident,Daylight,Dry
5313,194616,8,Handwerker-Siedlung,2019,5,12,4,3,5,3,0,0,1,0,0,0,0,0,Neukölln,Accident with minor injuries,Collision with a turning/crossing vehicle,Turning/Crossing accident,Daylight,Dry
5314,194617,12,Frohnau,2019,5,12,4,3,5,3,0,1,1,0,0,0,0,0,Reinickendorf,Accident with minor injuries,Collision with a turning/crossing vehicle,Turning/Crossing accident,Daylight,Dry
5315,194618,4,Schaperstraße,2019,5,15,4,3,0,2,0,0,1,0,0,0,1,0,Charlottenburg - Wilmersdorf,Accident with minor injuries,Others,Turning accident,Daylight,Dry
5316,194619,4,Rathaus Wilmersdorf,2019,5,15,4,3,0,6,0,1,1,0,0,0,0,0,Charlottenburg - Wilmersdorf,Accident with minor injuries,Others,Collision involving vehicles going in the same way,Daylight,Dry
5317,194620,10,Kaulsdorf Nord I,2019,5,16,4,3,2,1,0,0,1,0,0,0,0,0,Marzahn-Hellersdorf,Accident with minor injuries,Collision with the vehicle in front/waiting vehicle,Driving accident,Daylight,Dry
5318,194621,2,Moritzplatz,2019,5,10,4,3,0,1,0,0,0,0,1,0,0,1,Friedrichshain - Kreuzberg,Accident with minor injuries,Others,Driving accident,Daylight,Wet/moist/slippery
5319,194622,12,Borsigwalde,2019,4,17,3,3,5,3,0,1,1,0,0,0,0,0,Reinickendorf,Accident with minor injuries,Collision with a turning/crossing vehicle,Turning/Crossing accident,Daylight,Dry
5320,194623,7,Dennewitzplatz,2019,4,6,3,2,5,3,0,0,1,0,1,0,0,0,Tempelhof-Schöneberg,Accident with serious injuries,Collision with a turning/crossing vehicle,Turning/Crossing accident,Daylight,Dry
5321,194624,1,Gesundbrunnen,2019,4,9,3,3,2,2,0,0,1,0,0,0,0,0,Mitte,Accident with minor injuries,Collision with the vehicle in front/waiting vehicle,Turning accident,Daylight,Dry
5322,194625,9,Adlershof West,2019,4,15,3,3,6,6,0,1,0,1,0,0,0,0,Treptow-Köpenick,Accident with minor injuries,Collision between vehicle and pedestrian,Collision involving vehicles going in the same way,Daylight,Dry
5323,194626,2,Oranienplatz,2019,4,17,3,3,1,5,0,0,1,0,1,0,0,0,Friedrichshain - Kreuzberg,Accident with minor injuries,Collision with a moving/standing/parked vehicle,Accident involving parked vehicles,Daylight,Dry
5324,194627,1,Rehberge,2019,4,7,3,3,2,6,1,0,1,0,0,0,0,0,Mitte,Accident with minor injuries,Collision with the vehicle in front/waiting vehicle,Collision involving vehicles going in the same way,Twilight,Dry
5325,194628,9,Adlershof West,2019,4,23,3,3,5,3,2,0,1,0,1,0,0,0,Treptow-Köpenick,Accident with minor injuries,Collision with a turning/crossing vehicle,Turning/Crossing accident,Dark,Dry
5326,194629,1,Humboldthain Nordwest,2019,4,15,3,2,5,2,0,0,0,0,1,0,1,0,Mitte,Accident with serious injuries,Collision with a turning/crossing vehicle,Turning accident,Daylight,Dry
5327,194630,1,Reinickendorfer Straße,2019,4,15,3,3,3,6,0,1,1,0,0,0,0,0,Mitte,Accident with minor injuries,Collision with a vehicle traveling laterally in the same direction,Collision involving vehicles going in the same way,Daylight,Dry
5328,194631,9,Johannisthal West,2019,4,15,3,3,5,3,0,1,1,0,0,0,0,0,Treptow-Köpenick,Accident with minor injuries,Collision with a turning/crossing vehicle,Turning/Crossing accident,Daylight,Dry
5329,194632,7,Neu-Tempelhof,2019,4,15,3,3,5,3,0,1,0,0,0,0,1,0,Tempelhof-Schöneberg,Accident with minor injuries,Collision with a turning/crossing vehicle,Turning/Crossing accident,Daylight,Dry
5330,194633,7,Friedenau,2019,4,15,3,3,5,3,0,1,1,0,0,0,0,0,Tempelhof-Schöneberg,Accident with minor injuries,Collision with a turning/crossing vehicle,Turning/Crossing accident,Daylight,Dry
5331,194634,4,Messegelände,2019,4,15,3,2,5,7,0,1,1,0,0,0,0,0,Charlottenburg - Wilmersdorf,Accident with serious injuries,Collision with a turning/crossing vehicle,Others,Daylight,Dry
5332,194635,2,Mehringplatz,2019,4,15,3,2,5,2,0,1,1,0,0,0,0,0,Friedrichshain - Kreuzberg,Accident with serious injuries,Collision with a turning/crossing vehicle,Turning accident,Daylight,Dry
5333,194636,1,Stephankiez,2019,4,15,3,2,5,7,0,0,1,0,1,0,0,0,Mitte,Accident with serious injuries,Collision with a turning/crossing vehicle,Others,Daylight,Dry
5334,194637,2,Mehringplatz,2019,4,14,3,3,5,3,0,1,1,0,0,0,0,0,Friedrichshain - Kreuzberg,Accident with minor injuries,Collision with a turning/crossing vehicle,Turning/Crossing accident,Daylight,Dry
5335,194638,1,Huttenkiez,2019,4,14,3,3,5,2,0,1,0,0,0,1,0,0,Mitte,Accident with minor injuries,Collision with a turning/crossing vehicle,Turning accident,Daylight,Dry
5336,194639,10,Mahlsdorf Süd,2019,4,14,3,3,3,6,0,1,0,0,0,0,1,0,Marzahn-Hellersdorf,Accident with minor injuries,Collision with a vehicle traveling laterally in the same direction,Collision involving vehicles going in the same way,Daylight,Dry
5337,194640,4,Lietzensee,2019,4,15,3,3,1,5,0,0,1,0,0,0,0,0,Charlottenburg - Wilmersdorf,Accident with minor injuries,Collision with a moving/standing/parked vehicle,Accident involving parked vehicles,Daylight,Dry
5338,194641,7,Kaiser-Wilhelm-Platz,2019,4,13,3,3,5,7,0,1,1,0,0,0,0,0,Tempelhof-Schöneberg,Accident with minor injuries,Collision with a turning/crossing vehicle,Others,Daylight,Dry
5339,194642,4,Preußenpark,2019,4,11,3,3,5,2,0,1,1,0,0,0,0,0,Charlottenburg - Wilmersdorf,Accident with minor injuries,Collision with a turning/crossing vehicle,Turning accident,Daylight,Dry
5340,194643,9,Oberschöneweide West,2019,4,6,3,3,5,7,0,0,1,0,0,1,0,0,Treptow-Köpenick,Accident with minor injuries,Collision with a turning/crossing vehicle,Others,Daylight,Dry
5341,194644,3,Erich-Weinert-Straße,2019,5,18,5,3,2,6,0,0,1,0,0,0,0,0,Pankow,Accident with minor injuries,Collision with the vehicle in front/waiting vehicle,Collision involving vehicles going in the same way,Daylight,Dry
5342,194645,10,Gewerbegebiet Bitterfelder Straße,2019,4,6,3,3,1,5,0,0,1,0,0,1,0,0,Marzahn-Hellersdorf,Accident with minor injuries,Collision with a moving/standing/parked vehicle,Accident involving parked vehicles,Daylight,Dry
5343,194646,5,Gartenfelder Straße,2019,4,6,3,3,5,3,0,0,1,0,0,0,0,0,Spandau,Accident with minor injuries,Collision with a turning/crossing vehicle,Turning/Crossing accident,Daylight,Dry
5344,194647,7,Fritz-Werner-Straße,2019,5,18,5,3,5,3,0,0,1,0,0,0,0,0,Tempelhof-Schöneberg,Accident with minor injuries,Collision with a turning/crossing vehicle,Turning/Crossing accident,Daylight,Dry
5345,194648,3,Arnimplatz,2019,5,14,5,3,5,3,0,1,0,0,0,0,0,1,Pankow,Accident with minor injuries,Collision with a turning/crossing vehicle,Turning/Crossing accident,Daylight,Wet/moist/slippery
5346,194649,1,Reinickendorfer Straße,2019,4,6,3,3,2,6,0,0,1,0,0,0,0,0,Mitte,Accident with minor injuries,Collision with the vehicle in front/waiting vehicle,Collision involving vehicles going in the same way,Daylight,Dry
5347,194650,10,Oberfeldstraße,2019,5,14,5,2,2,6,0,0,1,0,0,0,0,1,Marzahn-Hellersdorf,Accident with serious injuries,Collision with the vehicle in front/waiting vehicle,Collision involving vehicles going in the same way,Daylight,Wet/moist/slippery
5348,194651,11,Weitlingstraße,2019,5,14,5,3,5,3,0,1,1,0,0,0,0,1,Lichtenberg,Accident with minor injuries,Collision with a turning/crossing vehicle,Turning/Crossing accident,Daylight,Wet/moist/slippery
5349,194652,6,Schloßstraße,2019,5,16,6,3,1,5,0,1,1,0,0,0,0,0,Steglitz-Zehlendorf,Accident with minor injuries,Collision with a moving/standing/parked vehicle,Accident involving parked vehicles,Daylight,Dry
5350,194653,11,Fennpfuhl West,2019,5,16,6,3,2,2,0,0,0,0,1,0,1,0,Lichtenberg,Accident with minor injuries,Collision with the vehicle in front/waiting vehicle,Turning accident,Daylight,Dry
5351,194654,2,Andreasviertel,2019,5,16,6,3,2,6,0,0,1,0,1,0,0,0,Friedrichshain - Kreuzberg,Accident with minor injuries,Collision with the vehicle in front/waiting vehicle,Collision involving vehicles going in the same way,Daylight,Dry
5352,194655,12,Waldidyll/Flughafensee,2019,5,15,6,2,2,6,0,0,1,0,0,0,0,0,Reinickendorf,Accident with serious injuries,Collision with the vehicle in front/waiting vehicle,Collision involving vehicles going in the same way,Daylight,Dry
5353,194656,1,Charitéviertel,2019,5,15,6,3,1,5,0,1,1,0,0,0,0,0,Mitte,Accident with minor injuries,Collision with a moving/standing/parked vehicle,Accident involving parked vehicles,Daylight,Dry
5354,194657,5,Alt-Gatow,2019,5,15,6,3,5,2,0,0,1,0,1,0,0,0,Spandau,Accident with minor injuries,Collision with a turning/crossing vehicle,Turning accident,Daylight,Dry
5355,194658,2,Mehringplatz,2019,5,15,6,3,2,6,0,0,1,0,0,0,1,0,Friedrichshain - Kreuzberg,Accident with minor injuries,Collision with the vehicle in front/waiting vehicle,Collision involving vehicles going in the same way,Daylight,Dry