,object id,district,street,year,month,hour of day,weekday,category,accident type,accident type 2,light situation,bike involved,car involved,pedestrian involved,motor bike involved,big track involved,other vehicle involved,road condition,district name,category name,accident detail,accident type detail,light condition,road condition detail
5356,194659,11,Orankesee,2019,5,13,6,3,5,2,0,0,0,0,0,1,1,0,Lichtenberg,Accident with minor injuries,Collision with a turning/crossing vehicle,Turning accident,Daylight,Dry
5357,194660,4,Schaperstraße,2019,5,13,6,2,5,2,0,1,1,0,0,0,0,0,Charlottenburg - Wilmersdorf,Accident with serious injuries,Collision with a turning/crossing vehicle,Turning accident,Daylight,Dry
5358,194661,1,Oranienburger Straße,2019,5,13,6,3,0,5,0,1,0,0,0,0,1,0,Mitte,Accident with minor injuries,Others,Accident involving parked vehicles,Daylight,Dry
5359,194662,2,Oranienplatz,2019,5,13,6,3,5,3,0,0,1,0,0,0,0,0,Friedrichshain - Kreuzberg,Accident with minor injuries,Collision with a turning/crossing vehicle,Turning/Crossing accident,Daylight,Dry
5360,194663,11,Stralauer Kiez,2019,5,12,6,3,3,6,0,1,0,0,0,0,1,0,Lichtenberg,Accident with minor injuries,Collision with a vehicle traveling laterally in the same direction,Collision involving vehicles going in the same way,Daylight,Dry
5361,194664,9,Adlershof West,2019,5,11,6,3,0,3,0,0,1,0,0,0,1,0,Treptow-Köpenick,Accident with minor injuries,Others,Turning/Crossing accident,Daylight,Dry
5362,194665,9,Elsenstraße,2019,5,9,5,3,3,6,0,1,0,0,0,0,1,0,Treptow-Köpenick,Accident with minor injuries,Collision with a vehicle traveling laterally in the same direction,Collision involving vehicles going in the same way,Daylight,Dry
5363,194666,6,Augustaplatz,2019,5,20,5,3,2,6,1,0,1,0,0,0,0,0,Steglitz-Zehlendorf,Accident with minor injuries,Collision with the vehicle in front/waiting vehicle,Collision involving vehicles going in the same way,Twilight,Dry
5364,194667,5,Rohrdamm,2019,5,19,5,3,5,2,0,0,1,0,0,0,0,1,Spandau,Accident with minor injuries,Collision with a turning/crossing vehicle,Turning accident,Daylight,Wet/moist/slippery
5365,194668,1,Stephankiez,2019,5,19,5,3,5,3,0,1,1,0,0,0,0,1,Mitte,Accident with minor injuries,Collision with a turning/crossing vehicle,Turning/Crossing accident,Daylight,Wet/moist/slippery
5366,194669,1,Leopoldplatz,2019,5,19,5,3,2,6,0,0,1,0,0,0,0,1,Mitte,Accident with minor injuries,Collision with the vehicle in front/waiting vehicle,Collision involving vehicles going in the same way,Daylight,Wet/moist/slippery
5367,194670,12,Waldidyll/Flughafensee,2019,5,23,5,3,0,1,2,0,0,0,1,0,0,1,Reinickendorf,Accident with minor injuries,Others,Driving accident,Dark,Wet/moist/slippery
5368,194671,6,Lichterfelde Süd,2019,5,8,5,3,0,1,0,0,0,0,0,0,1,1,Steglitz-Zehlendorf,Accident with minor injuries,Others,Driving accident,Daylight,Wet/moist/slippery
5369,194672,5,Kurstraße,2019,5,12,5,3,2,4,0,0,1,1,0,0,0,1,Spandau,Accident with minor injuries,Collision with the vehicle in front/waiting vehicle,Pedestrian crossing accident,Daylight,Wet/moist/slippery
5370,194673,4,Messegelände,2019,5,12,5,3,2,6,0,0,1,0,0,1,0,1,Charlottenburg - Wilmersdorf,Accident with minor injuries,Collision with the vehicle in front/waiting vehicle,Collision involving vehicles going in the same way,Daylight,Wet/moist/slippery
5371,194674,6,Lichterfelde Süd,2019,5,12,5,3,6,2,0,0,0,1,0,0,1,1,Steglitz-Zehlendorf,Accident with minor injuries,Collision between vehicle and pedestrian,Turning accident,Daylight,Wet/moist/slippery
5372,194675,2,Urbanstraße,2019,5,11,5,3,5,3,0,0,1,0,0,0,0,1,Friedrichshain - Kreuzberg,Accident with minor injuries,Collision with a turning/crossing vehicle,Turning/Crossing accident,Daylight,Wet/moist/slippery
5373,194676,10,Oberfeldstraße,2019,5,10,5,3,6,2,0,0,1,1,0,0,0,1,Marzahn-Hellersdorf,Accident with minor injuries,Collision between vehicle and pedestrian,Turning accident,Daylight,Wet/moist/slippery
5374,194677,2,Boxhagener Platz,2019,5,10,5,3,0,2,0,0,1,0,0,0,1,1,Friedrichshain - Kreuzberg,Accident with minor injuries,Others,Turning accident,Daylight,Wet/moist/slippery
5375,194678,2,Andreasviertel,2019,5,10,5,3,2,6,0,0,0,0,0,0,1,1,Friedrichshain - Kreuzberg,Accident with minor injuries,Collision with the vehicle in front/waiting vehicle,Collision involving vehicles going in the same way,Daylight,Wet/moist/slippery
5376,194679,2,Wriezener Bahnhof/Entwicklungsgebiet,2019,5,9,5,3,5,3,0,1,1,0,0,0,0,1,Friedrichshain - Kreuzberg,Accident with minor injuries,Collision with a turning/crossing vehicle,Turning/Crossing accident,Daylight,Wet/moist/slippery
5377,194680,2,Reichenberger Straße,2019,5,9,5,3,5,3,0,0,1,0,1,0,0,1,Friedrichshain - Kreuzberg,Accident with minor injuries,Collision with a turning/crossing vehicle,Turning/Crossing accident,Daylight,Wet/moist/slippery
5378,194681,12,Hausotterplatz,2019,5,9,5,3,5,3,0,0,1,0,0,0,0,1,Reinickendorf,Accident with minor injuries,Collision with a turning/crossing vehicle,Turning/Crossing accident,Daylight,Wet/moist/slippery
5379,194682,2,Urbanstraße,2019,5,8,5,3,2,6,0,0,1,0,0,0,0,1,Friedrichshain - Kreuzberg,Accident with minor injuries,Collision with the vehicle in front/waiting vehicle,Collision involving vehicles going in the same way,Daylight,Wet/moist/slippery
5380,194683,1,Reinickendorfer Straße,2019,5,8,5,3,5,2,0,0,1,0,0,0,0,1,Mitte,Accident with minor injuries,Collision with a turning/crossing vehicle,Turning accident,Daylight,Wet/moist/slippery
5381,194684,2,Samariterviertel,2019,5,8,5,2,5,2,0,0,1,0,1,0,0,1,Friedrichshain - Kreuzberg,Accident with serious injuries,Collision with a turning/crossing vehicle,Turning accident,Daylight,Wet/moist/slippery
5382,194685,3,Heinersdorf,2019,5,8,5,3,4,6,0,0,1,0,0,1,0,1,Pankow,Accident with minor injuries,Collision with oncoming vehicle,Collision involving vehicles going in the same way,Daylight,Wet/moist/slippery
5383,194686,7,Rathausstraße,2019,5,6,5,3,6,2,0,0,1,1,0,0,0,1,Tempelhof-Schöneberg,Accident with minor injuries,Collision between vehicle and pedestrian,Turning accident,Daylight,Wet/moist/slippery
5384,194687,4,Spreestadt,2019,5,5,5,2,1,1,1,0,1,0,0,0,0,1,Charlottenburg - Wilmersdorf,Accident with serious injuries,Collision with a moving/standing/parked vehicle,Driving accident,Twilight,Wet/moist/slippery
5385,194688,11,Rüdigerstraße,2019,5,2,5,2,6,4,2,0,0,1,0,1,0,1,Lichtenberg,Accident with serious injuries,Collision between vehicle and pedestrian,Pedestrian crossing accident,Dark,Wet/moist/slippery
5386,194689,6,Lankwitz Kirche,2019,5,17,5,2,6,4,0,0,1,1,0,0,0,0,Steglitz-Zehlendorf,Accident with serious injuries,Collision between vehicle and pedestrian,Pedestrian crossing accident,Daylight,Dry
5387,194690,3,Kollwitzplatz,2019,5,17,5,3,2,6,0,0,1,0,1,0,0,1,Pankow,Accident with minor injuries,Collision with the vehicle in front/waiting vehicle,Collision involving vehicles going in the same way,Daylight,Wet/moist/slippery
5388,194691,5,Carl-Schurz-Straße,2019,5,13,5,3,1,5,0,1,1,0,0,0,0,1,Spandau,Accident with minor injuries,Collision with a moving/standing/parked vehicle,Accident involving parked vehicles,Daylight,Wet/moist/slippery
5389,194692,11,Sewanstraße,2019,5,17,5,2,1,5,0,1,1,0,0,0,0,0,Lichtenberg,Accident with serious injuries,Collision with a moving/standing/parked vehicle,Accident involving parked vehicles,Daylight,Dry
5390,194693,2,Wrangelkiez,2019,5,17,5,3,1,5,0,1,1,0,0,0,0,0,Friedrichshain - Kreuzberg,Accident with minor injuries,Collision with a moving/standing/parked vehicle,Accident involving parked vehicles,Daylight,Dry
5391,194694,2,Samariterviertel,2019,5,16,5,3,0,2,0,0,0,0,1,0,1,1,Friedrichshain - Kreuzberg,Accident with minor injuries,Others,Turning accident,Daylight,Wet/moist/slippery
5392,194695,1,Reinickendorfer Straße,2019,5,16,5,3,6,4,0,0,1,1,0,0,0,1,Mitte,Accident with minor injuries,Collision between vehicle and pedestrian,Pedestrian crossing accident,Daylight,Wet/moist/slippery
5393,194696,1,Wilhelmstraße,2019,5,15,5,3,6,2,0,0,1,1,0,0,0,1,Mitte,Accident with minor injuries,Collision between vehicle and pedestrian,Turning accident,Daylight,Wet/moist/slippery
5394,194697,3,Pankow Süd,2019,5,15,5,3,1,5,0,1,1,0,0,0,0,1,Pankow,Accident with minor injuries,Collision with a moving/standing/parked vehicle,Accident involving parked vehicles,Daylight,Wet/moist/slippery
5395,194698,4,Ernst-Reuter-Platz,2019,5,15,5,3,5,5,0,0,0,0,1,0,1,1,Charlottenburg - Wilmersdorf,Accident with minor injuries,Collision with a turning/crossing vehicle,Accident involving parked vehicles,Daylight,Wet/moist/slippery
5396,194699,12,Wittenau Süd,2019,5,15,5,2,0,1,0,0,0,0,1,0,0,1,Reinickendorf,Accident with serious injuries,Others,Driving accident,Daylight,Wet/moist/slippery
5397,194700,7,Manteuffelstraße,2019,5,14,5,3,2,6,0,0,1,0,0,0,0,1,Tempelhof-Schöneberg,Accident with minor injuries,Collision with the vehicle in front/waiting vehicle,Collision involving vehicles going in the same way,Daylight,Wet/moist/slippery
5398,194701,1,Reinickendorfer Straße,2019,5,14,5,3,2,6,0,0,1,0,0,0,0,1,Mitte,Accident with minor injuries,Collision with the vehicle in front/waiting vehicle,Collision involving vehicles going in the same way,Daylight,Wet/moist/slippery
5399,194702,10,Alt-Marzahn,2019,5,10,4,3,2,6,0,0,1,0,0,0,0,0,Marzahn-Hellersdorf,Accident with minor injuries,Collision with the vehicle in front/waiting vehicle,Collision involving vehicles going in the same way,Daylight,Dry
5400,194703,4,Reichsstraße,2019,5,10,4,2,5,3,0,0,1,0,1,0,0,0,Charlottenburg - Wilmersdorf,Accident with serious injuries,Collision with a turning/crossing vehicle,Turning/Crossing accident,Daylight,Dry
5401,194704,7,Germaniagarten,2019,5,11,4,3,5,2,0,1,1,0,0,0,0,0,Tempelhof-Schöneberg,Accident with minor injuries,Collision with a turning/crossing vehicle,Turning accident,Daylight,Dry
5402,194705,1,Alexanderplatzviertel,2019,5,12,4,3,5,3,0,1,1,0,0,0,0,0,Mitte,Accident with minor injuries,Collision with a turning/crossing vehicle,Turning/Crossing accident,Daylight,Dry
5403,194706,3,Falkplatz,2019,5,14,4,3,2,6,0,0,0,0,0,1,1,0,Pankow,Accident with minor injuries,Collision with the vehicle in front/waiting vehicle,Collision involving vehicles going in the same way,Daylight,Dry
5404,194707,9,Köpenick Nord,2019,5,14,4,3,5,3,0,1,1,0,0,0,0,1,Treptow-Köpenick,Accident with minor injuries,Collision with a turning/crossing vehicle,Turning/Crossing accident,Daylight,Wet/moist/slippery
5405,194708,5,Gütersloher Weg,2019,5,15,4,3,1,5,0,1,1,0,0,0,0,0,Spandau,Accident with minor injuries,Collision with a moving/standing/parked vehicle,Accident involving parked vehicles,Daylight,Dry
5406,194709,5,Adamstraße,2019,5,16,4,3,5,3,0,1,1,0,0,0,0,0,Spandau,Accident with minor injuries,Collision with a turning/crossing vehicle,Turning/Crossing accident,Daylight,Dry
5407,194710,4,Halensee,2019,5,16,4,3,2,6,0,0,1,0,0,0,0,0,Charlottenburg - Wilmersdorf,Accident with minor injuries,Collision with the vehicle in front/waiting vehicle,Collision involving vehicles going in the same way,Daylight,Dry
5408,194711,5,Döberitzer Weg,2019,5,16,4,3,2,6,0,0,1,0,0,0,0,0,Spandau,Accident with minor injuries,Collision with the vehicle in front/waiting vehicle,Collision involving vehicles going in the same way,Daylight,Dry
5409,194712,1,Heine-Viertel West,2019,5,17,4,3,1,5,0,1,1,0,0,0,0,0,Mitte,Accident with minor injuries,Collision with a moving/standing/parked vehicle,Accident involving parked vehicles,Daylight,Dry
5410,194713,4,Schloßgarten,2019,5,17,4,3,2,6,0,0,1,0,0,0,0,0,Charlottenburg - Wilmersdorf,Accident with minor injuries,Collision with the vehicle in front/waiting vehicle,Collision involving vehicles going in the same way,Daylight,Dry
5411,194714,10,Gut Hellersdorf,2019,5,18,4,3,5,3,0,1,1,0,0,0,0,0,Marzahn-Hellersdorf,Accident with minor injuries,Collision with a turning/crossing vehicle,Turning/Crossing accident,Daylight,Dry
5412,194715,10,Adele-Sandrock-Straße,2019,5,15,4,2,6,4,0,0,1,1,0,0,0,1,Marzahn-Hellersdorf,Accident with serious injuries,Collision between vehicle and pedestrian,Pedestrian crossing accident,Daylight,Wet/moist/slippery
5413,194716,5,Werkstraße,2019,5,12,4,3,0,5,0,0,1,0,0,0,1,0,Spandau,Accident with minor injuries,Others,Accident involving parked vehicles,Daylight,Dry
5414,194717,4,Amtsgerichtsplatz,2019,5,17,4,3,2,6,0,0,1,0,0,0,0,0,Charlottenburg - Wilmersdorf,Accident with minor injuries,Collision with the vehicle in front/waiting vehicle,Collision involving vehicles going in the same way,Daylight,Dry
5415,194718,1,Stülerstraße,2019,5,10,4,3,2,6,0,0,1,0,0,0,0,0,Mitte,Accident with minor injuries,Collision with the vehicle in front/waiting vehicle,Collision involving vehicles going in the same way,Daylight,Dry
5416,194719,3,Arnimplatz,2019,5,10,4,3,2,2,0,0,0,0,1,0,0,0,Pankow,Accident with minor injuries,Collision with the vehicle in front/waiting vehicle,Turning accident,Daylight,Dry
5417,194720,4,Droysenstraße,2019,5,9,4,2,6,7,0,0,1,1,0,0,0,0,Charlottenburg - Wilmersdorf,Accident with serious injuries,Collision between vehicle and pedestrian,Others,Daylight,Dry
5418,194721,1,Thomasiusstraße,2019,5,9,4,3,5,3,0,1,1,0,0,0,0,0,Mitte,Accident with minor injuries,Collision with a turning/crossing vehicle,Turning/Crossing accident,Daylight,Dry
5419,194722,2,Urbanstraße,2019,5,9,4,3,5,2,0,1,1,0,0,0,0,0,Friedrichshain - Kreuzberg,Accident with minor injuries,Collision with a turning/crossing vehicle,Turning accident,Daylight,Dry
5420,194723,1,Karl-Marx-Allee,2019,5,9,4,3,2,6,0,1,0,0,0,0,0,0,Mitte,Accident with minor injuries,Collision with the vehicle in front/waiting vehicle,Collision involving vehicles going in the same way,Daylight,Dry
5421,194724,4,Königin-Elisabeth-Straße,2019,5,9,4,3,3,6,0,0,1,0,0,0,0,0,Charlottenburg - Wilmersdorf,Accident with minor injuries,Collision with a vehicle traveling laterally in the same direction,Collision involving vehicles going in the same way,Daylight,Dry
5422,194725,2,Viktoriapark,2019,5,9,4,3,2,2,0,0,1,0,0,0,0,0,Friedrichshain - Kreuzberg,Accident with minor injuries,Collision with the vehicle in front/waiting vehicle,Turning accident,Daylight,Dry
5423,194726,4,Droysenstraße,2019,5,22,4,3,0,2,2,0,1,0,1,0,0,0,Charlottenburg - Wilmersdorf,Accident with minor injuries,Others,Turning accident,Dark,Dry
5424,194727,1,Unter den Linden Süd,2019,5,8,4,3,2,3,0,1,1,0,0,0,0,0,Mitte,Accident with minor injuries,Collision with the vehicle in front/waiting vehicle,Turning/Crossing accident,Daylight,Dry
5425,194728,2,Moritzplatz,2019,5,8,4,3,6,2,0,0,0,1,0,0,1,0,Friedrichshain - Kreuzberg,Accident with minor injuries,Collision between vehicle and pedestrian,Turning accident,Daylight,Dry
5426,194729,12,Waldidyll/Flughafensee,2019,5,8,4,3,5,3,0,1,1,0,0,0,0,0,Reinickendorf,Accident with minor injuries,Collision with a turning/crossing vehicle,Turning/Crossing accident,Daylight,Dry
5427,194730,11,Rüdigerstraße,2019,5,8,4,3,1,5,0,1,1,0,0,0,0,0,Lichtenberg,Accident with minor injuries,Collision with a moving/standing/parked vehicle,Accident involving parked vehicles,Daylight,Dry
5428,194731,7,Volkspark (Rudolf-Wilde-Park),2019,5,7,4,3,5,3,0,1,1,0,0,0,0,0,Tempelhof-Schöneberg,Accident with minor injuries,Collision with a turning/crossing vehicle,Turning/Crossing accident,Daylight,Dry
5429,194732,9,Adlershof West,2019,5,7,4,3,6,4,0,0,1,1,0,0,0,0,Treptow-Köpenick,Accident with minor injuries,Collision between vehicle and pedestrian,Pedestrian crossing accident,Daylight,Dry
5430,194733,1,Humboldthain Nordwest,2019,5,21,4,3,8,1,2,0,1,0,0,0,0,1,Mitte,Accident with minor injuries,Departure from the roadway to the right,Driving accident,Dark,Wet/moist/slippery
5431,194734,8,Rixdorf,2019,5,7,4,3,6,4,0,0,1,1,0,0,0,0,Neukölln,Accident with minor injuries,Collision between vehicle and pedestrian,Pedestrian crossing accident,Daylight,Dry
5432,194735,9,Köllnische Vorstadt,2019,5,7,4,3,5,3,0,0,1,0,1,0,0,0,Treptow-Köpenick,Accident with minor injuries,Collision with a turning/crossing vehicle,Turning/Crossing accident,Daylight,Dry
5433,194736,5,Freiheit,2019,5,7,4,2,5,2,0,1,1,0,0,0,0,0,Spandau,Accident with serious injuries,Collision with a turning/crossing vehicle,Turning accident,Daylight,Dry
5434,194737,5,Rohrdamm,2019,5,6,4,3,2,6,0,0,1,0,0,0,0,0,Spandau,Accident with minor injuries,Collision with the vehicle in front/waiting vehicle,Collision involving vehicles going in the same way,Daylight,Dry
5435,194738,4,Schaperstraße,2019,5,18,4,3,5,2,0,1,1,0,0,0,0,1,Charlottenburg - Wilmersdorf,Accident with minor injuries,Collision with a turning/crossing vehicle,Turning accident,Daylight,Wet/moist/slippery
5436,194739,9,Grünau,2019,5,7,3,3,4,6,0,1,0,0,0,0,0,0,Treptow-Köpenick,Accident with minor injuries,Collision with oncoming vehicle,Collision involving vehicles going in the same way,Daylight,Dry
5437,194740,11,Landsberger Allee,2019,5,6,3,3,5,2,0,1,1,0,0,0,0,0,Lichtenberg,Accident with minor injuries,Collision with a turning/crossing vehicle,Turning accident,Daylight,Dry
5438,194741,4,Brabanter Platz,2019,5,18,3,3,5,2,0,0,1,0,0,0,0,0,Charlottenburg - Wilmersdorf,Accident with minor injuries,Collision with a turning/crossing vehicle,Turning accident,Daylight,Dry
5439,194742,9,Dammvorstadt,2019,5,17,3,3,6,4,0,0,1,1,0,0,0,0,Treptow-Köpenick,Accident with minor injuries,Collision between vehicle and pedestrian,Pedestrian crossing accident,Daylight,Dry
5440,194743,12,Klixstraße,2019,5,16,3,3,6,2,0,0,1,1,0,0,0,0,Reinickendorf,Accident with minor injuries,Collision between vehicle and pedestrian,Turning accident,Daylight,Dry
5441,194744,1,Soldiner Straße,2019,5,16,3,2,6,4,0,0,1,1,0,0,0,0,Mitte,Accident with serious injuries,Collision between vehicle and pedestrian,Pedestrian crossing accident,Daylight,Dry
5442,194745,5,Zitadellenweg,2019,5,5,3,3,5,2,0,1,1,0,0,0,0,0,Spandau,Accident with minor injuries,Collision with a turning/crossing vehicle,Turning accident,Daylight,Dry
5443,194746,5,An der Kappe,2019,5,19,3,3,5,3,0,0,1,0,0,0,0,0,Spandau,Accident with minor injuries,Collision with a turning/crossing vehicle,Turning/Crossing accident,Daylight,Dry
5444,194747,5,Gartenfelder Straße,2019,5,16,3,2,5,7,0,0,1,0,0,1,0,0,Spandau,Accident with serious injuries,Collision with a turning/crossing vehicle,Others,Daylight,Dry
5445,194748,1,Charitéviertel,2019,5,17,3,3,8,1,0,0,1,0,0,0,0,0,Mitte,Accident with minor injuries,Departure from the roadway to the right,Driving accident,Daylight,Dry
5446,194749,1,Humboldthain Nordwest,2019,5,13,3,3,5,2,0,0,1,0,0,0,0,0,Mitte,Accident with minor injuries,Collision with a turning/crossing vehicle,Turning accident,Daylight,Dry
5447,194750,4,Halensee,2019,5,22,3,2,6,4,2,0,1,1,0,0,0,0,Charlottenburg - Wilmersdorf,Accident with serious injuries,Collision between vehicle and pedestrian,Pedestrian crossing accident,Dark,Dry
5448,194751,7,Franziusweg/Rohrbachstraße,2019,5,13,3,3,5,2,0,1,1,0,0,0,0,0,Tempelhof-Schöneberg,Accident with minor injuries,Collision with a turning/crossing vehicle,Turning accident,Daylight,Dry
5449,194752,12,Märkisches Zentrum,2019,5,13,3,3,5,3,0,1,1,0,0,0,0,0,Reinickendorf,Accident with minor injuries,Collision with a turning/crossing vehicle,Turning/Crossing accident,Daylight,Dry
5450,194753,3,Erich-Weinert-Straße,2019,5,13,3,3,5,2,0,1,1,0,0,0,0,0,Pankow,Accident with minor injuries,Collision with a turning/crossing vehicle,Turning accident,Daylight,Dry
5451,194754,7,Friedenau,2019,5,11,3,3,5,2,0,1,1,0,0,0,0,0,Tempelhof-Schöneberg,Accident with minor injuries,Collision with a turning/crossing vehicle,Turning accident,Daylight,Dry
5452,194755,7,Nollendorfplatz,2019,5,9,3,3,5,2,0,1,1,0,0,0,0,0,Tempelhof-Schöneberg,Accident with minor injuries,Collision with a turning/crossing vehicle,Turning accident,Daylight,Dry
5453,194756,11,Karlshorst Nord,2019,5,9,3,3,0,7,0,1,0,0,0,0,0,0,Lichtenberg,Accident with minor injuries,Others,Others,Daylight,Dry
5454,194757,9,Altstadt Kietz,2019,5,15,3,3,0,4,0,0,0,1,0,0,1,0,Treptow-Köpenick,Accident with minor injuries,Others,Pedestrian crossing accident,Daylight,Dry
5455,194758,7,Marienfelde Nordost,2019,5,9,3,2,5,7,0,0,1,0,0,0,0,0,Tempelhof-Schöneberg,Accident with serious injuries,Collision with a turning/crossing vehicle,Others,Daylight,Dry
5456,194759,6,Dahlem,2019,5,9,3,3,2,6,0,0,1,0,0,0,0,0,Steglitz-Zehlendorf,Accident with minor injuries,Collision with the vehicle in front/waiting vehicle,Collision involving vehicles going in the same way,Daylight,Dry
5457,194760,5,Borkumer Straße,2019,5,8,3,3,3,2,0,0,1,0,0,1,0,0,Spandau,Accident with minor injuries,Collision with a vehicle traveling laterally in the same direction,Turning accident,Daylight,Dry
5458,194761,3,Pankow Zentrum,2019,5,8,3,3,2,6,0,0,1,0,0,1,0,0,Pankow,Accident with minor injuries,Collision with the vehicle in front/waiting vehicle,Collision involving vehicles going in the same way,Daylight,Dry
5459,194762,7,Rathausstraße,2019,5,7,3,3,5,2,0,1,0,0,0,0,1,0,Tempelhof-Schöneberg,Accident with minor injuries,Collision with a turning/crossing vehicle,Turning accident,Daylight,Dry
5460,194763,5,Amorbacher Weg,2019,5,7,3,3,5,7,0,0,1,0,1,0,0,0,Spandau,Accident with minor injuries,Collision with a turning/crossing vehicle,Others,Daylight,Dry
5461,194764,3,Pankow Süd,2019,5,7,3,3,5,3,0,0,1,0,0,0,0,0,Pankow,Accident with minor injuries,Collision with a turning/crossing vehicle,Turning/Crossing accident,Daylight,Dry
5462,194765,9,Adlershof West,2019,5,16,3,3,2,6,0,0,1,0,0,0,1,0,Treptow-Köpenick,Accident with minor injuries,Collision with the vehicle in front/waiting vehicle,Collision involving vehicles going in the same way,Daylight,Dry
5463,194766,3,Falkplatz,2019,5,16,3,3,5,3,0,1,1,0,0,0,0,0,Pankow,Accident with minor injuries,Collision with a turning/crossing vehicle,Turning/Crossing accident,Daylight,Dry
5464,194767,3,Humannplatz,2019,5,16,3,3,5,3,0,1,1,0,0,0,0,0,Pankow,Accident with minor injuries,Collision with a turning/crossing vehicle,Turning/Crossing accident,Daylight,Dry
5465,194768,8,Alt-Rudow,2019,5,15,3,3,2,6,0,0,1,0,0,0,0,0,Neukölln,Accident with minor injuries,Collision with the vehicle in front/waiting vehicle,Collision involving vehicles going in the same way,Daylight,Dry
5466,194769,2,Lausitzer Platz,2019,5,15,3,3,1,5,0,1,1,0,0,0,0,0,Friedrichshain - Kreuzberg,Accident with minor injuries,Collision with a moving/standing/parked vehicle,Accident involving parked vehicles,Daylight,Dry
5467,194770,7,Manteuffelstraße,2019,5,15,3,3,1,5,0,1,0,0,0,0,1,0,Tempelhof-Schöneberg,Accident with minor injuries,Collision with a moving/standing/parked vehicle,Accident involving parked vehicles,Daylight,Dry
5468,194771,1,Thomasiusstraße,2019,5,11,3,3,5,3,0,1,0,0,1,0,0,0,Mitte,Accident with minor injuries,Collision with a turning/crossing vehicle,Turning/Crossing accident,Daylight,Dry
5469,194772,8,Silbersteinstraße,2019,5,11,3,3,0,6,0,1,0,0,0,0,1,0,Neukölln,Accident with minor injuries,Others,Collision involving vehicles going in the same way,Daylight,Dry
5470,194773,10,Ringkolonnaden,2019,5,14,2,3,5,3,0,0,1,0,0,0,0,0,Marzahn-Hellersdorf,Accident with minor injuries,Collision with a turning/crossing vehicle,Turning/Crossing accident,Daylight,Dry
5471,194774,2,Urbanstraße,2019,5,16,2,3,6,7,0,1,0,1,0,0,0,0,Friedrichshain - Kreuzberg,Accident with minor injuries,Collision between vehicle and pedestrian,Others,Daylight,Dry
5472,194775,3,Eldenaer Straße,2019,5,12,2,3,1,5,0,1,1,0,0,0,0,0,Pankow,Accident with minor injuries,Collision with a moving/standing/parked vehicle,Accident involving parked vehicles,Daylight,Dry
5473,194776,7,Marienfelde Süd,2019,5,9,2,2,0,5,0,0,1,0,0,0,1,0,Tempelhof-Schöneberg,Accident with serious injuries,Others,Accident involving parked vehicles,Daylight,Dry
5474,194777,11,Weitlingstraße,2019,5,15,2,3,5,3,0,1,1,0,0,0,0,0,Lichtenberg,Accident with minor injuries,Collision with a turning/crossing vehicle,Turning/Crossing accident,Daylight,Dry
5475,194778,5,Weinmeisterhornweg,2019,5,11,2,2,0,1,0,0,1,0,1,0,0,0,Spandau,Accident with serious injuries,Others,Driving accident,Daylight,Dry
5476,194779,1,Heine-Viertel West,2019,5,9,2,3,3,6,0,1,0,0,0,0,0,0,Mitte,Accident with minor injuries,Collision with a vehicle traveling laterally in the same direction,Collision involving vehicles going in the same way,Daylight,Dry
5477,194780,2,Andreasviertel,2019,5,15,2,3,5,3,0,0,1,0,0,0,0,0,Friedrichshain - Kreuzberg,Accident with minor injuries,Collision with a turning/crossing vehicle,Turning/Crossing accident,Daylight,Dry
5478,194781,11,Falkenberg Ost,2019,5,15,2,3,6,7,0,0,0,1,1,0,0,0,Lichtenberg,Accident with minor injuries,Collision between vehicle and pedestrian,Others,Daylight,Dry
5479,194782,3,Conrad-Blenkle-Straße,2019,5,14,2,3,2,2,0,1,1,0,0,0,0,0,Pankow,Accident with minor injuries,Collision with the vehicle in front/waiting vehicle,Turning accident,Daylight,Dry
5480,194783,11,Sewanstraße,2019,5,14,2,3,5,2,0,1,1,0,0,0,0,0,Lichtenberg,Accident with minor injuries,Collision with a turning/crossing vehicle,Turning accident,Daylight,Dry
5481,194784,11,Weitlingstraße,2019,5,14,2,2,5,7,0,0,1,0,0,0,1,0,Lichtenberg,Accident with serious injuries,Collision with a turning/crossing vehicle,Others,Daylight,Dry
5482,194785,5,Rohrdamm,2019,5,14,2,3,5,3,0,1,1,0,0,0,0,0,Spandau,Accident with minor injuries,Collision with a turning/crossing vehicle,Turning/Crossing accident,Daylight,Dry
5483,194786,8,Blumenviertel,2019,5,13,2,3,2,6,0,0,1,0,0,0,0,0,Neukölln,Accident with minor injuries,Collision with the vehicle in front/waiting vehicle,Collision involving vehicles going in the same way,Daylight,Dry
5484,194787,2,Wrangelkiez,2019,5,11,2,3,5,2,0,0,1,0,1,0,0,0,Friedrichshain - Kreuzberg,Accident with minor injuries,Collision with a turning/crossing vehicle,Turning accident,Daylight,Dry
5485,194788,1,Humboldthain Nordwest,2019,5,10,2,3,2,2,0,1,1,0,0,0,0,0,Mitte,Accident with minor injuries,Collision with the vehicle in front/waiting vehicle,Turning accident,Daylight,Dry
5486,194789,10,Alt-Marzahn,2019,5,9,2,3,2,6,0,0,1,0,0,0,0,0,Marzahn-Hellersdorf,Accident with minor injuries,Collision with the vehicle in front/waiting vehicle,Collision involving vehicles going in the same way,Daylight,Dry
5487,194790,8,Donaustraße,2019,5,10,2,3,0,1,0,0,0,0,1,0,0,0,Neukölln,Accident with minor injuries,Others,Driving accident,Daylight,Dry