,object id,district,street,year,month,hour of day,weekday,category,accident type,accident type 2,light situation,bike involved,car involved,pedestrian involved,motor bike involved,big track involved,other vehicle involved,road condition,district name,category name,accident detail,accident type detail,light condition,road condition detail
5488,194791,1,Alexanderplatzviertel,2019,5,9,2,2,5,2,0,1,0,0,0,1,0,0,Mitte,Accident with serious injuries,Collision with a turning/crossing vehicle,Turning accident,Daylight,Dry
5489,194792,11,Große-Leege-Straße,2019,5,15,2,3,5,3,0,0,1,0,0,0,0,0,Lichtenberg,Accident with minor injuries,Collision with a turning/crossing vehicle,Turning/Crossing accident,Daylight,Dry
5490,194793,9,Kietzer Feld/Nachtheide,2019,5,14,2,3,8,1,0,0,1,0,0,0,0,0,Treptow-Köpenick,Accident with minor injuries,Departure from the roadway to the right,Driving accident,Daylight,Dry
5491,194794,2,Reichenberger Straße,2019,5,8,2,2,5,2,0,1,1,0,0,0,0,0,Friedrichshain - Kreuzberg,Accident with serious injuries,Collision with a turning/crossing vehicle,Turning accident,Daylight,Dry
5492,194795,1,Leipziger Straße,2019,5,8,2,3,1,5,0,1,1,0,0,0,1,0,Mitte,Accident with minor injuries,Collision with a moving/standing/parked vehicle,Accident involving parked vehicles,Daylight,Dry
5493,194796,7,Nollendorfplatz,2019,5,8,2,2,6,4,0,0,0,1,1,0,0,0,Tempelhof-Schöneberg,Accident with serious injuries,Collision between vehicle and pedestrian,Pedestrian crossing accident,Daylight,Dry
5494,194797,6,Bismarckstraße,2019,5,8,2,3,2,7,0,0,1,0,1,1,0,0,Steglitz-Zehlendorf,Accident with minor injuries,Collision with the vehicle in front/waiting vehicle,Others,Daylight,Dry
5495,194798,9,Grünau,2019,5,8,2,3,5,2,0,1,0,0,0,1,0,0,Treptow-Köpenick,Accident with minor injuries,Collision with a turning/crossing vehicle,Turning accident,Daylight,Dry
5496,194799,6,Dahlem,2019,5,7,2,3,0,1,0,0,0,0,1,0,0,0,Steglitz-Zehlendorf,Accident with minor injuries,Others,Driving accident,Daylight,Dry
5497,194800,4,Rüdesheimer Platz,2019,5,7,2,3,5,3,0,0,1,0,1,0,0,0,Charlottenburg - Wilmersdorf,Accident with minor injuries,Collision with a turning/crossing vehicle,Turning/Crossing accident,Daylight,Dry
5498,194801,7,Marienfelde Süd,2019,5,12,2,3,5,3,0,1,1,0,0,0,0,0,Tempelhof-Schöneberg,Accident with minor injuries,Collision with a turning/crossing vehicle,Turning/Crossing accident,Daylight,Dry
5499,194802,2,Traveplatz,2019,5,20,2,3,5,3,0,0,1,0,0,0,1,0,Friedrichshain - Kreuzberg,Accident with minor injuries,Collision with a turning/crossing vehicle,Turning/Crossing accident,Daylight,Dry
5500,194803,7,Rathausstraße,2019,5,19,2,3,1,1,0,0,1,0,0,0,0,0,Tempelhof-Schöneberg,Accident with minor injuries,Collision with a moving/standing/parked vehicle,Driving accident,Daylight,Dry
5501,194804,12,Scharnweberstraße,2019,5,18,2,3,2,6,0,0,1,0,0,0,0,0,Reinickendorf,Accident with minor injuries,Collision with the vehicle in front/waiting vehicle,Collision involving vehicles going in the same way,Daylight,Dry
5502,194805,12,Mellerbogen,2019,5,18,2,2,6,4,1,0,1,1,0,0,0,0,Reinickendorf,Accident with serious injuries,Collision between vehicle and pedestrian,Pedestrian crossing accident,Twilight,Dry
5503,194806,4,Binger Straße,2019,5,18,2,3,6,7,0,0,1,1,0,0,0,0,Charlottenburg - Wilmersdorf,Accident with minor injuries,Collision between vehicle and pedestrian,Others,Daylight,Dry
5504,194807,10,Alte Hellersdorfer Straße,2019,5,17,2,3,5,3,0,1,1,0,0,0,0,0,Marzahn-Hellersdorf,Accident with minor injuries,Collision with a turning/crossing vehicle,Turning/Crossing accident,Daylight,Dry
5505,194808,1,Heine-Viertel West,2019,5,17,2,3,1,5,0,1,0,0,0,0,1,0,Mitte,Accident with minor injuries,Collision with a moving/standing/parked vehicle,Accident involving parked vehicles,Daylight,Dry
5506,194809,5,Borkumer Straße,2019,5,16,2,2,6,4,0,0,1,1,0,0,0,0,Spandau,Accident with serious injuries,Collision between vehicle and pedestrian,Pedestrian crossing accident,Daylight,Dry
5507,194810,2,Hausburgviertel,2019,5,16,2,3,5,3,0,0,1,0,0,0,1,0,Friedrichshain - Kreuzberg,Accident with minor injuries,Collision with a turning/crossing vehicle,Turning/Crossing accident,Daylight,Dry
5508,194811,9,Elsenstraße,2019,5,15,2,3,5,2,0,1,0,0,0,0,1,0,Treptow-Köpenick,Accident with minor injuries,Collision with a turning/crossing vehicle,Turning accident,Daylight,Dry
5509,194812,1,Heine-Viertel West,2019,5,13,2,3,5,3,0,1,1,0,0,0,0,0,Mitte,Accident with minor injuries,Collision with a turning/crossing vehicle,Turning/Crossing accident,Daylight,Dry
5510,194813,5,Gütersloher Weg,2019,5,12,2,3,3,3,0,0,1,0,0,0,0,0,Spandau,Accident with minor injuries,Collision with a vehicle traveling laterally in the same direction,Turning/Crossing accident,Daylight,Dry
5511,194814,8,Weiße Siedlung,2019,5,20,1,3,0,7,1,1,1,0,0,0,0,0,Neukölln,Accident with minor injuries,Others,Others,Twilight,Dry
5512,194815,4,Halensee,2019,5,19,1,3,1,7,0,1,1,0,0,0,0,0,Charlottenburg - Wilmersdorf,Accident with minor injuries,Collision with a moving/standing/parked vehicle,Others,Daylight,Dry
5513,194816,6,Augustaplatz,2019,5,18,1,3,5,7,0,0,1,0,1,0,0,0,Steglitz-Zehlendorf,Accident with minor injuries,Collision with a turning/crossing vehicle,Others,Daylight,Dry
5514,194817,7,Nollendorfplatz,2019,5,17,1,3,5,2,0,1,1,0,0,0,0,0,Tempelhof-Schöneberg,Accident with minor injuries,Collision with a turning/crossing vehicle,Turning accident,Daylight,Dry
5515,194818,6,Lichterfelde Süd,2019,5,17,1,3,1,5,0,1,1,0,0,0,0,0,Steglitz-Zehlendorf,Accident with minor injuries,Collision with a moving/standing/parked vehicle,Accident involving parked vehicles,Daylight,Dry
5516,194819,9,Bölschestraße,2019,5,16,1,3,6,7,0,0,0,1,1,0,0,0,Treptow-Köpenick,Accident with minor injuries,Collision between vehicle and pedestrian,Others,Daylight,Dry
5517,194820,9,Dammvorstadt,2019,5,16,1,3,5,2,0,1,1,0,0,0,0,0,Treptow-Köpenick,Accident with minor injuries,Collision with a turning/crossing vehicle,Turning accident,Daylight,Dry
5518,194821,3,Humannplatz,2019,5,16,1,3,2,6,0,0,1,0,1,0,0,0,Pankow,Accident with minor injuries,Collision with the vehicle in front/waiting vehicle,Collision involving vehicles going in the same way,Daylight,Dry
5519,194822,6,Krumme Lanke,2019,5,16,1,3,5,3,0,0,1,0,0,0,0,0,Steglitz-Zehlendorf,Accident with minor injuries,Collision with a turning/crossing vehicle,Turning/Crossing accident,Daylight,Dry
5520,194823,6,Augustaplatz,2019,5,12,1,3,1,7,0,1,1,0,0,0,0,0,Steglitz-Zehlendorf,Accident with minor injuries,Collision with a moving/standing/parked vehicle,Others,Daylight,Dry
5521,194824,10,Adele-Sandrock-Straße,2019,5,15,1,3,5,2,0,0,1,0,0,0,0,0,Marzahn-Hellersdorf,Accident with minor injuries,Collision with a turning/crossing vehicle,Turning accident,Daylight,Dry
5522,194825,9,Köpenick Nord,2019,5,14,1,3,3,6,0,0,1,0,0,0,0,0,Treptow-Köpenick,Accident with minor injuries,Collision with a vehicle traveling laterally in the same direction,Collision involving vehicles going in the same way,Daylight,Dry
5523,194826,3,Blankenburg,2019,5,12,1,3,0,3,0,1,1,0,0,0,0,0,Pankow,Accident with minor injuries,Others,Turning/Crossing accident,Daylight,Dry
5524,194827,8,Reuterkiez,2019,5,16,1,3,3,6,0,1,1,0,0,0,0,0,Neukölln,Accident with minor injuries,Collision with a vehicle traveling laterally in the same direction,Collision involving vehicles going in the same way,Daylight,Dry
5525,194828,1,Beusselkiez,2019,5,11,1,2,5,7,0,0,1,0,1,0,0,0,Mitte,Accident with serious injuries,Collision with a turning/crossing vehicle,Others,Daylight,Dry
5526,194829,2,Viktoriapark,2019,5,9,1,3,4,6,0,1,0,0,0,0,0,0,Friedrichshain - Kreuzberg,Accident with minor injuries,Collision with oncoming vehicle,Collision involving vehicles going in the same way,Daylight,Dry
5527,194830,4,Messegelände,2019,5,10,1,2,5,2,0,0,1,0,0,0,0,0,Charlottenburg - Wilmersdorf,Accident with serious injuries,Collision with a turning/crossing vehicle,Turning accident,Daylight,Dry
5528,194831,2,Graefekiez,2019,5,13,1,3,6,4,0,1,0,1,0,0,0,0,Friedrichshain - Kreuzberg,Accident with minor injuries,Collision between vehicle and pedestrian,Pedestrian crossing accident,Daylight,Dry
5529,194832,1,Charitéviertel,2019,5,13,1,3,2,2,0,1,1,0,0,0,0,0,Mitte,Accident with minor injuries,Collision with the vehicle in front/waiting vehicle,Turning accident,Daylight,Dry
5530,194833,9,Oberschöneweide Ost,2019,5,10,1,3,5,2,0,0,1,0,0,0,1,0,Treptow-Köpenick,Accident with minor injuries,Collision with a turning/crossing vehicle,Turning accident,Daylight,Dry
5531,194834,8,Donaustraße,2019,5,4,1,3,5,7,1,0,1,0,0,0,0,1,Neukölln,Accident with minor injuries,Collision with a turning/crossing vehicle,Others,Twilight,Wet/moist/slippery
5532,194835,9,Elsenstraße,2019,5,20,1,3,0,7,0,0,1,0,0,0,0,0,Treptow-Köpenick,Accident with minor injuries,Others,Others,Daylight,Dry
5533,194836,12,Treuenbrietzener Straße,2019,5,19,1,2,5,3,0,0,1,0,0,0,0,0,Reinickendorf,Accident with serious injuries,Collision with a turning/crossing vehicle,Turning/Crossing accident,Daylight,Dry
5534,194837,7,Volkspark (Rudolf-Wilde-Park),2019,5,12,7,3,5,3,0,1,0,0,0,0,1,0,Tempelhof-Schöneberg,Accident with minor injuries,Collision with a turning/crossing vehicle,Turning/Crossing accident,Daylight,Dry
5535,194838,5,Magistratsweg,2019,5,18,1,3,5,3,0,0,1,0,1,0,0,0,Spandau,Accident with minor injuries,Collision with a turning/crossing vehicle,Turning/Crossing accident,Daylight,Dry
5536,194839,1,Rehberge,2019,5,14,7,3,6,2,0,0,1,1,0,0,0,0,Mitte,Accident with minor injuries,Collision between vehicle and pedestrian,Turning accident,Daylight,Dry
5537,194840,4,Breitscheidplatz,2019,5,18,1,2,2,6,0,0,1,0,0,0,0,0,Charlottenburg - Wilmersdorf,Accident with serious injuries,Collision with the vehicle in front/waiting vehicle,Collision involving vehicles going in the same way,Daylight,Dry
5538,194841,5,Hakenfelde Nord,2019,5,17,1,2,6,4,0,0,1,1,0,0,0,0,Spandau,Accident with serious injuries,Collision between vehicle and pedestrian,Pedestrian crossing accident,Daylight,Dry
5539,194842,1,Emdener Straße,2019,5,11,7,3,3,6,0,1,0,0,0,0,0,0,Mitte,Accident with minor injuries,Collision with a vehicle traveling laterally in the same direction,Collision involving vehicles going in the same way,Daylight,Dry
5540,194843,4,Flinsberger Platz,2019,5,16,1,3,1,5,0,0,1,0,0,0,0,0,Charlottenburg - Wilmersdorf,Accident with minor injuries,Collision with a moving/standing/parked vehicle,Accident involving parked vehicles,Daylight,Dry
5541,194844,1,Heidestraße,2019,5,17,1,2,5,2,0,0,1,0,0,0,1,0,Mitte,Accident with serious injuries,Collision with a turning/crossing vehicle,Turning accident,Daylight,Dry
5542,194845,5,Borkumer Straße,2019,5,12,7,3,2,7,0,0,1,0,0,0,0,0,Spandau,Accident with minor injuries,Collision with the vehicle in front/waiting vehicle,Others,Daylight,Dry
5543,194846,8,Reuterkiez,2019,5,16,1,3,0,1,0,0,0,0,1,0,0,1,Neukölln,Accident with minor injuries,Others,Driving accident,Daylight,Wet/moist/slippery
5544,194847,11,Fennpfuhl West,2019,5,17,7,2,0,1,0,0,0,0,1,0,0,1,Lichtenberg,Accident with serious injuries,Others,Driving accident,Daylight,Wet/moist/slippery
5545,194848,9,Rahnsdorf/Hessenwinkel,2019,5,16,1,2,5,3,0,1,1,0,0,0,0,0,Treptow-Köpenick,Accident with serious injuries,Collision with a turning/crossing vehicle,Turning/Crossing accident,Daylight,Dry
5546,194849,1,Invalidenstraße,2019,5,16,1,3,3,6,0,1,1,0,0,0,0,0,Mitte,Accident with minor injuries,Collision with a vehicle traveling laterally in the same direction,Collision involving vehicles going in the same way,Daylight,Dry
5547,194850,6,Kaiser-Wilhelm-Straße,2019,5,23,7,3,5,2,2,0,1,0,0,0,0,0,Steglitz-Zehlendorf,Accident with minor injuries,Collision with a turning/crossing vehicle,Turning accident,Dark,Dry
5548,194851,5,Ackerstraße,2019,5,19,7,3,5,2,0,0,1,0,0,0,0,1,Spandau,Accident with minor injuries,Collision with a turning/crossing vehicle,Turning accident,Daylight,Wet/moist/slippery
5549,194852,6,Komponistenviertel Lankwitz,2019,5,16,1,3,0,1,0,0,1,0,1,0,0,1,Steglitz-Zehlendorf,Accident with minor injuries,Others,Driving accident,Daylight,Wet/moist/slippery
5550,194853,1,Lüneburger Straße,2019,5,15,1,3,5,2,0,1,1,0,0,0,0,0,Mitte,Accident with minor injuries,Collision with a turning/crossing vehicle,Turning accident,Daylight,Dry
5551,194854,5,Maulbeerallee,2019,5,18,7,3,5,3,1,0,1,0,0,0,0,1,Spandau,Accident with minor injuries,Collision with a turning/crossing vehicle,Turning/Crossing accident,Twilight,Wet/moist/slippery
5552,194855,6,Nikolassee,2019,5,13,1,3,1,5,0,1,1,0,0,0,0,0,Steglitz-Zehlendorf,Accident with minor injuries,Collision with a moving/standing/parked vehicle,Accident involving parked vehicles,Daylight,Dry
5553,194856,2,Reichenberger Straße,2019,5,18,7,3,5,2,0,1,1,0,0,0,0,1,Friedrichshain - Kreuzberg,Accident with minor injuries,Collision with a turning/crossing vehicle,Turning accident,Daylight,Wet/moist/slippery
5554,194857,3,Buchholz,2019,5,12,7,3,5,3,0,1,1,0,0,0,0,0,Pankow,Accident with minor injuries,Collision with a turning/crossing vehicle,Turning/Crossing accident,Daylight,Dry
5555,194858,6,Wannsee,2019,5,13,1,3,0,3,0,0,1,0,1,0,0,0,Steglitz-Zehlendorf,Accident with minor injuries,Others,Turning/Crossing accident,Daylight,Dry
5556,194859,5,Gütersloher Weg,2019,5,12,1,3,0,2,0,0,1,0,1,0,0,0,Spandau,Accident with minor injuries,Others,Turning accident,Daylight,Dry
5557,194860,5,Darbystraße,2019,5,11,7,3,5,2,0,0,1,0,0,0,0,0,Spandau,Accident with minor injuries,Collision with a turning/crossing vehicle,Turning accident,Daylight,Dry
5558,194861,1,Körnerstraße,2019,5,11,1,3,2,6,0,0,1,0,0,0,0,0,Mitte,Accident with minor injuries,Collision with the vehicle in front/waiting vehicle,Collision involving vehicles going in the same way,Daylight,Dry
5559,194862,4,Königin-Elisabeth-Straße,2019,5,12,7,3,5,2,0,1,1,0,0,0,0,0,Charlottenburg - Wilmersdorf,Accident with minor injuries,Collision with a turning/crossing vehicle,Turning accident,Daylight,Dry
5560,194863,3,Alt-Karow,2019,5,11,1,2,1,5,0,1,1,0,0,0,0,0,Pankow,Accident with serious injuries,Collision with a moving/standing/parked vehicle,Accident involving parked vehicles,Daylight,Dry
5561,194864,4,Spreestadt,2019,5,20,7,3,5,2,0,0,1,0,1,0,0,1,Charlottenburg - Wilmersdorf,Accident with minor injuries,Collision with a turning/crossing vehicle,Turning accident,Daylight,Wet/moist/slippery
5562,194865,4,Karl-August-Platz,2019,5,9,1,3,5,2,0,1,1,0,0,0,0,0,Charlottenburg - Wilmersdorf,Accident with minor injuries,Collision with a turning/crossing vehicle,Turning accident,Daylight,Dry
5563,194866,6,Königsberger Straße,2019,5,13,7,3,5,3,0,1,0,0,0,0,0,0,Steglitz-Zehlendorf,Accident with minor injuries,Collision with a turning/crossing vehicle,Turning/Crossing accident,Daylight,Dry
5564,194867,1,Zillesiedlung,2019,5,1,1,3,0,7,2,1,1,0,0,0,0,1,Mitte,Accident with minor injuries,Others,Others,Dark,Wet/moist/slippery
5565,194868,4,Schlangenbader Straße,2019,5,15,7,3,1,5,0,1,1,0,0,0,0,1,Charlottenburg - Wilmersdorf,Accident with minor injuries,Collision with a moving/standing/parked vehicle,Accident involving parked vehicles,Daylight,Wet/moist/slippery
5566,194869,4,Messelpark,2019,5,10,7,3,0,7,0,1,0,0,0,0,0,0,Charlottenburg - Wilmersdorf,Accident with minor injuries,Others,Others,Daylight,Dry
5567,194870,6,Komponistenviertel Lankwitz,2019,5,15,7,3,5,3,0,1,1,0,0,0,0,1,Steglitz-Zehlendorf,Accident with minor injuries,Collision with a turning/crossing vehicle,Turning/Crossing accident,Daylight,Wet/moist/slippery
5568,194871,1,Körnerstraße,2019,5,23,7,3,5,2,2,1,1,0,0,0,0,0,Mitte,Accident with minor injuries,Collision with a turning/crossing vehicle,Turning accident,Dark,Dry
5569,194872,2,Andreasviertel,2019,5,16,7,3,5,3,0,1,1,0,0,0,0,1,Friedrichshain - Kreuzberg,Accident with minor injuries,Collision with a turning/crossing vehicle,Turning/Crossing accident,Daylight,Wet/moist/slippery
5570,194873,6,Lichterfelde West,2019,5,9,7,3,1,5,0,1,1,0,0,0,0,0,Steglitz-Zehlendorf,Accident with minor injuries,Collision with a moving/standing/parked vehicle,Accident involving parked vehicles,Daylight,Dry
5571,194874,10,Oberfeldstraße,2019,5,9,7,3,5,3,0,0,1,0,0,0,0,0,Marzahn-Hellersdorf,Accident with minor injuries,Collision with a turning/crossing vehicle,Turning/Crossing accident,Daylight,Dry
5572,194875,1,Alexanderplatzviertel,2019,5,17,7,3,1,5,0,0,1,0,0,0,0,1,Mitte,Accident with minor injuries,Collision with a moving/standing/parked vehicle,Accident involving parked vehicles,Daylight,Wet/moist/slippery
5573,194876,10,Landsberger Tor,2019,5,9,7,3,5,3,0,1,1,0,0,0,0,0,Marzahn-Hellersdorf,Accident with minor injuries,Collision with a turning/crossing vehicle,Turning/Crossing accident,Daylight,Dry
5574,194877,10,Marzahn Ost,2019,5,11,7,3,5,2,0,1,1,0,0,0,0,0,Marzahn-Hellersdorf,Accident with minor injuries,Collision with a turning/crossing vehicle,Turning accident,Daylight,Dry
5575,194878,9,Elsenstraße,2019,5,5,7,3,0,7,0,1,0,0,0,0,0,0,Treptow-Köpenick,Accident with minor injuries,Others,Others,Daylight,Dry
5576,194879,9,Johannisthal Ost,2019,5,1,7,3,1,5,2,1,1,0,0,0,0,0,Treptow-Köpenick,Accident with minor injuries,Collision with a moving/standing/parked vehicle,Accident involving parked vehicles,Dark,Dry
5577,194880,12,Konradshöhe/Tegelort,2019,5,17,7,3,5,3,0,0,1,0,0,0,0,1,Reinickendorf,Accident with minor injuries,Collision with a turning/crossing vehicle,Turning/Crossing accident,Daylight,Wet/moist/slippery
5578,194881,9,Späthsfelde,2019,5,20,7,3,6,4,0,0,1,1,0,0,0,0,Treptow-Köpenick,Accident with minor injuries,Collision between vehicle and pedestrian,Pedestrian crossing accident,Daylight,Dry
5579,194882,1,Charitéviertel,2019,5,15,7,3,0,1,0,0,0,0,1,0,0,1,Mitte,Accident with minor injuries,Others,Driving accident,Daylight,Wet/moist/slippery
5580,194883,10,Kaulsdorf Nord,2019,5,19,7,2,0,1,0,1,0,0,0,0,0,0,Marzahn-Hellersdorf,Accident with serious injuries,Others,Driving accident,Daylight,Dry
5581,194884,1,Soldiner Straße,2019,5,11,7,3,6,4,0,1,0,1,0,0,0,0,Mitte,Accident with minor injuries,Collision between vehicle and pedestrian,Pedestrian crossing accident,Daylight,Dry
5582,194885,5,Borkumer Straße,2019,5,18,7,3,5,2,0,0,1,0,0,0,0,0,Spandau,Accident with minor injuries,Collision with a turning/crossing vehicle,Turning accident,Daylight,Dry
5583,194886,10,Wuhletalstraße,2019,5,4,7,3,5,3,1,0,1,0,0,0,0,0,Marzahn-Hellersdorf,Accident with minor injuries,Collision with a turning/crossing vehicle,Turning/Crossing accident,Twilight,Dry
5584,194887,1,Heine-Viertel West,2019,5,8,7,3,5,2,0,1,1,0,0,0,0,0,Mitte,Accident with minor injuries,Collision with a turning/crossing vehicle,Turning accident,Daylight,Dry
5585,194888,10,Biesdorf Süd,2019,5,18,7,3,2,7,0,0,1,0,0,0,0,0,Marzahn-Hellersdorf,Accident with minor injuries,Collision with the vehicle in front/waiting vehicle,Others,Daylight,Dry
5586,194889,2,Rathaus Yorckstraße,2019,5,15,6,3,3,6,0,1,0,0,0,0,0,0,Friedrichshain - Kreuzberg,Accident with minor injuries,Collision with a vehicle traveling laterally in the same direction,Collision involving vehicles going in the same way,Daylight,Dry
5587,194890,8,Parchimer Allee,2019,5,8,6,3,5,7,0,0,1,0,0,0,0,0,Neukölln,Accident with minor injuries,Collision with a turning/crossing vehicle,Others,Daylight,Dry
5588,194891,1,Rehberge,2019,5,10,7,3,2,6,0,0,1,0,0,0,0,0,Mitte,Accident with minor injuries,Collision with the vehicle in front/waiting vehicle,Collision involving vehicles going in the same way,Daylight,Dry
5589,194892,7,John-Locke-Straße,2019,5,7,6,3,6,2,0,0,1,1,0,0,0,0,Tempelhof-Schöneberg,Accident with minor injuries,Collision between vehicle and pedestrian,Turning accident,Daylight,Dry
5590,194893,5,Gartenfelder Straße,2019,5,10,7,2,2,7,0,0,1,0,1,0,0,0,Spandau,Accident with serious injuries,Collision with the vehicle in front/waiting vehicle,Others,Daylight,Dry
5591,194894,3,Alt-Karow,2019,5,7,6,3,5,3,0,1,1,0,0,0,0,1,Pankow,Accident with minor injuries,Collision with a turning/crossing vehicle,Turning/Crossing accident,Daylight,Wet/moist/slippery
5592,194895,1,Invalidenstraße,2019,5,11,7,3,1,5,0,1,1,0,0,0,0,0,Mitte,Accident with minor injuries,Collision with a moving/standing/parked vehicle,Accident involving parked vehicles,Daylight,Dry
5593,194896,5,Borkumer Straße,2019,5,11,7,2,6,2,0,0,1,1,0,0,0,0,Spandau,Accident with serious injuries,Collision between vehicle and pedestrian,Turning accident,Daylight,Dry
5594,194897,8,Reuterkiez,2019,5,7,6,3,0,7,0,1,0,0,0,0,1,1,Neukölln,Accident with minor injuries,Others,Others,Daylight,Wet/moist/slippery
5595,194898,3,Buchholz,2019,5,7,6,3,0,3,0,1,1,0,0,0,0,1,Pankow,Accident with minor injuries,Others,Turning/Crossing accident,Daylight,Wet/moist/slippery
5596,194899,3,Hansastraße,2019,5,12,7,3,2,6,0,0,1,0,1,0,0,0,Pankow,Accident with minor injuries,Collision with the vehicle in front/waiting vehicle,Collision involving vehicles going in the same way,Daylight,Dry
5597,194900,5,Hakenfelde Nord,2019,5,12,7,1,2,6,0,0,1,0,0,0,0,0,Spandau,Accident with fatalities,Collision with the vehicle in front/waiting vehicle,Collision involving vehicles going in the same way,Daylight,Dry
5598,194901,8,Vogelviertel Süd,2019,5,6,6,3,5,2,1,0,1,0,0,0,0,0,Neukölln,Accident with minor injuries,Collision with a turning/crossing vehicle,Turning accident,Twilight,Dry
5599,194902,4,Siedlung Ruhleben,2019,5,12,7,3,2,6,0,0,1,0,0,0,0,0,Charlottenburg - Wilmersdorf,Accident with minor injuries,Collision with the vehicle in front/waiting vehicle,Collision involving vehicles going in the same way,Daylight,Dry
5600,194903,11,Malchower Weg,2019,5,5,6,3,5,3,0,1,1,0,0,0,0,1,Lichtenberg,Accident with minor injuries,Collision with a turning/crossing vehicle,Turning/Crossing accident,Daylight,Wet/moist/slippery
5601,194904,4,Plötzensee,2019,5,13,7,3,5,2,0,0,1,0,0,0,1,0,Charlottenburg - Wilmersdorf,Accident with minor injuries,Collision with a turning/crossing vehicle,Turning accident,Daylight,Dry
5602,194905,1,Rehberge,2019,5,12,7,3,2,6,0,0,1,0,0,0,1,0,Mitte,Accident with minor injuries,Collision with the vehicle in front/waiting vehicle,Collision involving vehicles going in the same way,Daylight,Dry
5603,194906,9,Köpenick Nord,2019,5,5,6,3,5,3,0,1,1,0,0,0,0,0,Treptow-Köpenick,Accident with minor injuries,Collision with a turning/crossing vehicle,Turning/Crossing accident,Daylight,Dry
5604,194907,10,Kaulsdorf Nord I,2019,5,13,7,3,2,7,0,0,1,0,0,0,1,0,Marzahn-Hellersdorf,Accident with minor injuries,Collision with the vehicle in front/waiting vehicle,Others,Daylight,Dry
5605,194908,3,Weißenseer Spitze,2019,5,5,6,3,1,5,0,1,1,0,0,0,0,1,Pankow,Accident with minor injuries,Collision with a moving/standing/parked vehicle,Accident involving parked vehicles,Daylight,Wet/moist/slippery
5606,194909,5,Freiheit,2019,5,14,7,2,1,5,0,0,1,0,1,0,0,0,Spandau,Accident with serious injuries,Collision with a moving/standing/parked vehicle,Accident involving parked vehicles,Daylight,Dry
5607,194910,2,Andreasviertel,2019,5,21,6,2,5,3,2,1,1,0,0,0,0,0,Friedrichshain - Kreuzberg,Accident with serious injuries,Collision with a turning/crossing vehicle,Turning/Crossing accident,Dark,Dry
5608,194911,6,Schweizer Viertel,2019,5,14,7,3,5,3,0,0,1,0,0,0,0,0,Steglitz-Zehlendorf,Accident with minor injuries,Collision with a turning/crossing vehicle,Turning/Crossing accident,Daylight,Dry
5609,194912,1,Alexanderplatzviertel,2019,5,18,6,3,1,5,0,1,1,0,0,0,1,0,Mitte,Accident with minor injuries,Collision with a moving/standing/parked vehicle,Accident involving parked vehicles,Daylight,Dry
5610,194913,3,Märchenland,2019,5,15,7,3,5,3,0,1,1,0,0,0,0,0,Pankow,Accident with minor injuries,Collision with a turning/crossing vehicle,Turning/Crossing accident,Daylight,Dry
5611,194914,7,Nollendorfplatz,2019,5,15,7,3,2,6,0,0,1,0,0,0,0,0,Tempelhof-Schöneberg,Accident with minor injuries,Collision with the vehicle in front/waiting vehicle,Collision involving vehicles going in the same way,Daylight,Dry
5612,194915,4,Alt-Lietzow,2019,5,17,6,3,5,3,0,0,1,0,0,0,0,0,Charlottenburg - Wilmersdorf,Accident with minor injuries,Collision with a turning/crossing vehicle,Turning/Crossing accident,Daylight,Dry
5613,194916,9,Bohnsdorf,2019,5,17,6,2,6,4,0,0,1,1,0,0,0,0,Treptow-Köpenick,Accident with serious injuries,Collision between vehicle and pedestrian,Pedestrian crossing accident,Daylight,Dry
5614,194917,4,Schloßstraße,2019,5,15,7,3,2,6,0,0,1,0,0,0,1,0,Charlottenburg - Wilmersdorf,Accident with minor injuries,Collision with the vehicle in front/waiting vehicle,Collision involving vehicles going in the same way,Daylight,Dry
5615,194918,2,Askanischer Platz,2019,5,17,7,2,3,2,0,1,1,0,0,0,0,0,Friedrichshain - Kreuzberg,Accident with serious injuries,Collision with a vehicle traveling laterally in the same direction,Turning accident,Daylight,Dry
5616,194919,10,Alt-Kaulsdorf,2019,5,17,6,2,5,3,0,0,1,0,0,0,1,0,Marzahn-Hellersdorf,Accident with serious injuries,Collision with a turning/crossing vehicle,Turning/Crossing accident,Daylight,Dry
5617,194920,9,Johannisthal Ost,2019,5,22,7,3,5,2,2,0,1,0,1,0,0,0,Treptow-Köpenick,Accident with minor injuries,Collision with a turning/crossing vehicle,Turning accident,Dark,Dry
5618,194921,2,Askanischer Platz,2019,5,16,6,3,2,6,0,0,1,0,0,0,0,0,Friedrichshain - Kreuzberg,Accident with minor injuries,Collision with the vehicle in front/waiting vehicle,Collision involving vehicles going in the same way,Daylight,Dry
5619,194922,3,Rennbahnstraße,2019,5,7,6,3,5,3,0,1,1,0,0,0,0,0,Pankow,Accident with minor injuries,Collision with a turning/crossing vehicle,Turning/Crossing accident,Daylight,Dry
5620,194923,7,Rathaus Tempelhof,2019,5,15,6,3,3,6,0,0,1,0,1,1,0,0,Tempelhof-Schöneberg,Accident with minor injuries,Collision with a vehicle traveling laterally in the same direction,Collision involving vehicles going in the same way,Daylight,Dry
5621,194924,11,Karlshorst West,2019,5,14,6,2,5,2,0,0,1,0,0,0,1,0,Lichtenberg,Accident with serious injuries,Collision with a turning/crossing vehicle,Turning accident,Daylight,Dry
5622,194925,1,Unter den Linden Süd,2019,5,13,6,3,5,3,0,0,1,0,1,0,0,0,Mitte,Accident with minor injuries,Collision with a turning/crossing vehicle,Turning/Crossing accident,Daylight,Dry