,object id,district,street,year,month,hour of day,weekday,category,accident type,accident type 2,light situation,bike involved,car involved,pedestrian involved,motor bike involved,big track involved,other vehicle involved,road condition,district name,category name,accident detail,accident type detail,light condition,road condition detail
5888,195191,3,Buchholz,2019,5,14,4,3,5,3,0,1,1,0,0,0,0,1,Pankow,Accident with minor injuries,Collision with a turning/crossing vehicle,Turning/Crossing accident,Daylight,Wet/moist/slippery
5889,195192,7,Germaniagarten,2019,5,15,4,3,2,6,0,1,1,0,0,0,0,1,Tempelhof-Schöneberg,Accident with minor injuries,Collision with the vehicle in front/waiting vehicle,Collision involving vehicles going in the same way,Daylight,Wet/moist/slippery
5890,195193,4,Angerburger Allee,2019,5,15,4,3,5,3,0,0,0,0,0,0,1,1,Charlottenburg - Wilmersdorf,Accident with minor injuries,Collision with a turning/crossing vehicle,Turning/Crossing accident,Daylight,Wet/moist/slippery
5891,195194,3,Blankenburg,2019,5,15,4,3,5,2,0,1,1,0,0,0,0,0,Pankow,Accident with minor injuries,Collision with a turning/crossing vehicle,Turning accident,Daylight,Dry
5892,195195,2,Friedenstraße,2019,5,15,4,3,2,7,0,1,1,0,0,0,0,1,Friedrichshain - Kreuzberg,Accident with minor injuries,Collision with the vehicle in front/waiting vehicle,Others,Daylight,Wet/moist/slippery
5893,195196,5,Rohrdamm,2019,5,17,4,3,2,6,0,0,0,0,0,0,1,0,Spandau,Accident with minor injuries,Collision with the vehicle in front/waiting vehicle,Collision involving vehicles going in the same way,Daylight,Dry
5894,195197,9,Bölschestraße,2019,5,15,3,3,0,7,0,0,0,0,1,1,0,0,Treptow-Köpenick,Accident with minor injuries,Others,Others,Daylight,Dry
5895,195198,2,Hausburgviertel,2019,5,5,3,3,5,2,0,1,0,0,0,0,1,0,Friedrichshain - Kreuzberg,Accident with minor injuries,Collision with a turning/crossing vehicle,Turning accident,Daylight,Dry
5896,195199,7,Marienhöhe,2019,5,8,3,3,5,7,0,0,1,0,1,0,0,0,Tempelhof-Schöneberg,Accident with minor injuries,Collision with a turning/crossing vehicle,Others,Daylight,Dry
5897,195200,4,Messegelände,2019,5,17,3,3,5,3,0,0,1,0,0,0,0,0,Charlottenburg - Wilmersdorf,Accident with minor injuries,Collision with a turning/crossing vehicle,Turning/Crossing accident,Daylight,Dry
5898,195201,3,Schönholz,2019,5,17,3,3,2,2,0,1,1,0,0,0,0,0,Pankow,Accident with minor injuries,Collision with the vehicle in front/waiting vehicle,Turning accident,Daylight,Dry
5899,195202,9,Altstadt Kietz,2019,5,13,3,3,6,4,0,0,1,1,0,0,0,0,Treptow-Köpenick,Accident with minor injuries,Collision between vehicle and pedestrian,Pedestrian crossing accident,Daylight,Dry
5900,195203,3,Weißenseer Spitze,2019,5,14,3,3,5,3,0,1,1,0,0,0,0,0,Pankow,Accident with minor injuries,Collision with a turning/crossing vehicle,Turning/Crossing accident,Daylight,Dry
5901,195204,12,Waldidyll/Flughafensee,2019,5,16,3,3,2,6,0,0,1,0,1,0,0,0,Reinickendorf,Accident with minor injuries,Collision with the vehicle in front/waiting vehicle,Collision involving vehicles going in the same way,Daylight,Dry
5902,195205,4,Park Ruhwald,2019,5,15,3,3,2,6,0,0,1,0,0,0,0,0,Charlottenburg - Wilmersdorf,Accident with minor injuries,Collision with the vehicle in front/waiting vehicle,Collision involving vehicles going in the same way,Daylight,Dry
5903,195206,1,Emdener Straße,2019,5,14,3,3,5,3,0,1,1,0,0,0,0,0,Mitte,Accident with minor injuries,Collision with a turning/crossing vehicle,Turning/Crossing accident,Daylight,Dry
5904,195207,1,Lüneburger Straße,2019,5,14,3,3,6,4,0,0,0,1,0,1,0,0,Mitte,Accident with minor injuries,Collision between vehicle and pedestrian,Pedestrian crossing accident,Daylight,Dry
5905,195208,3,Arnimplatz,2019,5,16,4,2,5,2,0,1,0,0,0,0,1,0,Pankow,Accident with serious injuries,Collision with a turning/crossing vehicle,Turning accident,Daylight,Dry
5906,195209,9,Oberschöneweide West,2019,5,16,3,3,5,2,0,1,1,0,0,0,0,0,Treptow-Köpenick,Accident with minor injuries,Collision with a turning/crossing vehicle,Turning accident,Daylight,Dry
5907,195210,6,Zehlendorf Eiche,2019,5,17,4,3,2,2,0,0,1,0,0,0,0,0,Steglitz-Zehlendorf,Accident with minor injuries,Collision with the vehicle in front/waiting vehicle,Turning accident,Daylight,Dry
5908,195211,1,Alexanderplatzviertel,2019,5,17,3,3,6,4,0,0,1,1,0,0,0,0,Mitte,Accident with minor injuries,Collision between vehicle and pedestrian,Pedestrian crossing accident,Daylight,Dry
5909,195212,4,Tegeler Weg,2019,5,16,4,3,0,7,0,0,1,0,1,0,0,0,Charlottenburg - Wilmersdorf,Accident with minor injuries,Others,Others,Daylight,Dry
5910,195213,4,Nikolsburger Platz,2019,5,18,3,3,0,7,0,0,1,0,1,0,0,1,Charlottenburg - Wilmersdorf,Accident with minor injuries,Others,Others,Daylight,Wet/moist/slippery
5911,195214,9,Adlershof West,2019,5,16,4,2,4,6,0,1,0,0,0,0,0,0,Treptow-Köpenick,Accident with serious injuries,Collision with oncoming vehicle,Collision involving vehicles going in the same way,Daylight,Dry
5912,195215,2,Rathaus Yorckstraße,2019,5,19,3,3,5,3,0,1,0,0,0,0,0,0,Friedrichshain - Kreuzberg,Accident with minor injuries,Collision with a turning/crossing vehicle,Turning/Crossing accident,Daylight,Dry
5913,195216,11,Fennpfuhl West,2019,5,13,4,2,1,5,0,1,1,0,0,0,0,0,Lichtenberg,Accident with serious injuries,Collision with a moving/standing/parked vehicle,Accident involving parked vehicles,Daylight,Dry
5914,195217,9,Adlershof West,2019,5,19,3,3,5,2,0,1,1,0,0,0,0,0,Treptow-Köpenick,Accident with minor injuries,Collision with a turning/crossing vehicle,Turning accident,Daylight,Dry
5915,195218,2,Traveplatz,2019,5,17,4,3,0,1,0,1,0,0,0,0,0,0,Friedrichshain - Kreuzberg,Accident with minor injuries,Others,Driving accident,Daylight,Dry
5916,195219,11,Herzbergstraße,2019,5,0,3,3,2,6,2,0,0,0,1,0,1,0,Lichtenberg,Accident with minor injuries,Collision with the vehicle in front/waiting vehicle,Collision involving vehicles going in the same way,Dark,Dry
5917,195220,8,Bouchéstraße,2019,5,19,3,3,2,1,0,1,1,0,1,0,0,0,Neukölln,Accident with minor injuries,Collision with the vehicle in front/waiting vehicle,Driving accident,Daylight,Dry
5918,195221,8,Waßmannsdorfer Chaussee,2019,5,14,4,3,5,2,0,0,1,0,1,0,0,0,Neukölln,Accident with minor injuries,Collision with a turning/crossing vehicle,Turning accident,Daylight,Dry
5919,195222,1,Charitéviertel,2019,5,13,3,3,2,6,0,0,1,0,0,0,1,0,Mitte,Accident with minor injuries,Collision with the vehicle in front/waiting vehicle,Collision involving vehicles going in the same way,Daylight,Dry
5920,195223,1,Elberfelder Straße,2019,5,14,4,3,6,2,0,0,1,1,0,0,0,0,Mitte,Accident with minor injuries,Collision between vehicle and pedestrian,Turning accident,Daylight,Dry
5921,195224,1,Humboldthain Nordwest,2019,5,19,3,3,0,6,1,0,1,0,0,0,1,0,Mitte,Accident with minor injuries,Others,Collision involving vehicles going in the same way,Twilight,Dry
5922,195225,3,Weißenseer Spitze,2019,5,11,3,3,6,4,0,0,1,1,0,0,0,0,Pankow,Accident with minor injuries,Collision between vehicle and pedestrian,Pedestrian crossing accident,Daylight,Dry
5923,195226,11,Rüdigerstraße,2019,5,14,4,3,2,6,0,0,0,0,0,1,1,0,Lichtenberg,Accident with minor injuries,Collision with the vehicle in front/waiting vehicle,Collision involving vehicles going in the same way,Daylight,Dry
5924,195227,7,John-Locke-Straße,2019,5,11,3,3,1,5,0,0,1,0,0,0,1,0,Tempelhof-Schöneberg,Accident with minor injuries,Collision with a moving/standing/parked vehicle,Accident involving parked vehicles,Daylight,Dry
5925,195228,3,Buchholz,2019,5,16,4,3,5,2,0,1,1,0,0,0,0,0,Pankow,Accident with minor injuries,Collision with a turning/crossing vehicle,Turning accident,Daylight,Dry
5926,195229,7,Nollendorfplatz,2019,5,10,3,2,1,5,0,1,0,0,0,0,1,0,Tempelhof-Schöneberg,Accident with serious injuries,Collision with a moving/standing/parked vehicle,Accident involving parked vehicles,Daylight,Dry
5927,195230,11,Rüdigerstraße,2019,5,15,4,3,1,5,0,0,1,0,0,0,1,0,Lichtenberg,Accident with minor injuries,Collision with a moving/standing/parked vehicle,Accident involving parked vehicles,Daylight,Dry
5928,195231,4,Breitscheidplatz,2019,5,11,3,3,1,7,0,0,1,0,0,0,0,0,Charlottenburg - Wilmersdorf,Accident with minor injuries,Collision with a moving/standing/parked vehicle,Others,Daylight,Dry
5929,195232,6,Schloßstraße,2019,5,15,4,3,1,5,0,1,1,0,0,0,0,0,Steglitz-Zehlendorf,Accident with minor injuries,Collision with a moving/standing/parked vehicle,Accident involving parked vehicles,Daylight,Dry
5930,195233,7,Manteuffelstraße,2019,5,10,3,3,5,3,0,1,1,0,0,0,0,0,Tempelhof-Schöneberg,Accident with minor injuries,Collision with a turning/crossing vehicle,Turning/Crossing accident,Daylight,Dry
5931,195234,4,Wilhelmsaue,2019,5,10,3,3,0,4,0,1,0,1,0,0,0,0,Charlottenburg - Wilmersdorf,Accident with minor injuries,Others,Pedestrian crossing accident,Daylight,Dry
5932,195235,4,Binger Straße,2019,5,15,4,3,5,3,0,0,1,0,0,0,0,0,Charlottenburg - Wilmersdorf,Accident with minor injuries,Collision with a turning/crossing vehicle,Turning/Crossing accident,Daylight,Dry
5933,195236,8,Schillerpromenade,2019,5,15,4,3,5,3,0,1,1,0,0,0,0,0,Neukölln,Accident with minor injuries,Collision with a turning/crossing vehicle,Turning/Crossing accident,Daylight,Dry
5934,195237,1,Thomasiusstraße,2019,5,10,3,3,1,5,0,1,1,0,0,0,0,0,Mitte,Accident with minor injuries,Collision with a moving/standing/parked vehicle,Accident involving parked vehicles,Daylight,Dry
5935,195238,8,Zittauer Straße,2019,5,17,4,3,5,3,0,0,1,0,0,0,0,0,Neukölln,Accident with minor injuries,Collision with a turning/crossing vehicle,Turning/Crossing accident,Daylight,Dry
5936,195239,1,Sparrplatz,2019,5,9,3,3,5,2,0,0,1,0,0,0,1,0,Mitte,Accident with minor injuries,Collision with a turning/crossing vehicle,Turning accident,Daylight,Dry
5937,195240,7,Germaniagarten,2019,5,15,4,3,6,4,0,0,1,1,0,0,0,0,Tempelhof-Schöneberg,Accident with minor injuries,Collision between vehicle and pedestrian,Pedestrian crossing accident,Daylight,Dry
5938,195241,1,Leopoldplatz,2019,5,9,3,3,3,6,0,0,1,0,0,0,0,0,Mitte,Accident with minor injuries,Collision with a vehicle traveling laterally in the same direction,Collision involving vehicles going in the same way,Daylight,Dry
5939,195242,1,Lüneburger Straße,2019,5,9,3,3,5,2,0,0,1,0,0,0,1,0,Mitte,Accident with minor injuries,Collision with a turning/crossing vehicle,Turning accident,Daylight,Dry
5940,195243,12,Waldidyll/Flughafensee,2019,5,15,4,3,0,3,0,0,1,0,0,0,0,0,Reinickendorf,Accident with minor injuries,Others,Turning/Crossing accident,Daylight,Dry
5941,195244,3,Pankow Zentrum,2019,5,15,4,3,0,2,0,1,1,0,0,0,0,0,Pankow,Accident with minor injuries,Others,Turning accident,Daylight,Dry
5942,195245,1,Alexanderplatzviertel,2019,5,9,3,3,5,2,0,1,1,0,0,0,0,0,Mitte,Accident with minor injuries,Collision with a turning/crossing vehicle,Turning accident,Daylight,Dry
5943,195246,3,Arnimplatz,2019,5,8,3,3,2,6,0,0,1,0,0,0,1,0,Pankow,Accident with minor injuries,Collision with the vehicle in front/waiting vehicle,Collision involving vehicles going in the same way,Daylight,Dry
5944,195247,6,Schloßstraße,2019,5,16,4,3,2,3,0,0,1,0,0,0,0,0,Steglitz-Zehlendorf,Accident with minor injuries,Collision with the vehicle in front/waiting vehicle,Turning/Crossing accident,Daylight,Dry
5945,195248,4,Halensee,2019,5,8,3,3,5,2,0,1,1,0,0,0,0,0,Charlottenburg - Wilmersdorf,Accident with minor injuries,Collision with a turning/crossing vehicle,Turning accident,Daylight,Dry
5946,195249,11,Hauptstraße,2019,5,16,4,3,5,2,0,1,1,0,0,0,0,0,Lichtenberg,Accident with minor injuries,Collision with a turning/crossing vehicle,Turning accident,Daylight,Dry
5947,195250,2,Graefekiez,2019,5,8,3,3,5,2,0,1,0,0,0,0,1,0,Friedrichshain - Kreuzberg,Accident with minor injuries,Collision with a turning/crossing vehicle,Turning accident,Daylight,Dry
5948,195251,4,Brabanter Platz,2019,5,8,3,3,5,2,0,0,1,0,0,0,0,0,Charlottenburg - Wilmersdorf,Accident with minor injuries,Collision with a turning/crossing vehicle,Turning accident,Daylight,Dry
5949,195252,6,Nikolassee,2019,5,15,4,3,5,3,0,0,1,0,1,0,0,0,Steglitz-Zehlendorf,Accident with minor injuries,Collision with a turning/crossing vehicle,Turning/Crossing accident,Daylight,Dry
5950,195253,9,Johannisthal West,2019,5,7,3,3,5,2,0,0,1,0,0,0,0,0,Treptow-Köpenick,Accident with minor injuries,Collision with a turning/crossing vehicle,Turning accident,Daylight,Dry
5951,195254,5,Tiefwerder,2019,5,15,4,2,5,2,0,0,1,0,0,0,1,0,Spandau,Accident with serious injuries,Collision with a turning/crossing vehicle,Turning accident,Daylight,Dry
5952,195255,4,Königin-Elisabeth-Straße,2019,5,8,3,3,0,3,0,0,1,0,1,0,0,0,Charlottenburg - Wilmersdorf,Accident with minor injuries,Others,Turning/Crossing accident,Daylight,Dry
5953,195256,4,Schloßstraße,2019,5,7,4,3,2,6,0,1,0,0,0,0,0,0,Charlottenburg - Wilmersdorf,Accident with minor injuries,Collision with the vehicle in front/waiting vehicle,Collision involving vehicles going in the same way,Daylight,Dry
5954,195257,9,Adlershof Ost,2019,5,7,3,2,2,6,0,0,1,0,1,0,0,0,Treptow-Köpenick,Accident with serious injuries,Collision with the vehicle in front/waiting vehicle,Collision involving vehicles going in the same way,Daylight,Dry
5955,195258,1,Brunnenstraße,2019,5,23,4,3,0,1,2,0,1,0,1,0,0,0,Mitte,Accident with minor injuries,Others,Driving accident,Dark,Dry
5956,195259,5,Döberitzer Weg,2019,5,7,3,3,2,6,0,0,1,0,0,0,0,0,Spandau,Accident with minor injuries,Collision with the vehicle in front/waiting vehicle,Collision involving vehicles going in the same way,Daylight,Dry
5957,195260,9,Oberschöneweide Ost,2019,5,6,3,3,5,3,0,0,1,0,0,0,0,1,Treptow-Köpenick,Accident with minor injuries,Collision with a turning/crossing vehicle,Turning/Crossing accident,Daylight,Wet/moist/slippery
5958,195261,6,Goerzwerke,2019,5,7,4,3,2,6,0,0,1,0,0,0,0,0,Steglitz-Zehlendorf,Accident with minor injuries,Collision with the vehicle in front/waiting vehicle,Collision involving vehicles going in the same way,Daylight,Dry
5959,195262,1,Karl-Marx-Allee,2019,5,7,4,3,2,3,0,1,1,0,0,0,0,0,Mitte,Accident with minor injuries,Collision with the vehicle in front/waiting vehicle,Turning/Crossing accident,Daylight,Dry
5960,195263,10,Gut Hellersdorf,2019,5,22,3,3,5,2,2,0,1,0,0,0,1,1,Marzahn-Hellersdorf,Accident with minor injuries,Collision with a turning/crossing vehicle,Turning accident,Dark,Wet/moist/slippery
5961,195264,6,Fischerhüttenstraße,2019,5,8,3,3,0,7,0,1,0,0,0,0,0,0,Steglitz-Zehlendorf,Accident with minor injuries,Others,Others,Daylight,Dry
5962,195265,7,John-Locke-Straße,2019,5,7,4,3,5,3,0,1,1,0,0,0,0,0,Tempelhof-Schöneberg,Accident with minor injuries,Collision with a turning/crossing vehicle,Turning/Crossing accident,Daylight,Dry
5963,195266,4,Amtsgerichtsplatz,2019,5,17,2,3,2,6,0,0,1,0,0,0,0,1,Charlottenburg - Wilmersdorf,Accident with minor injuries,Collision with the vehicle in front/waiting vehicle,Collision involving vehicles going in the same way,Daylight,Wet/moist/slippery
5964,195267,3,Volkspark Prenzlauer Berg,2019,5,8,4,3,5,2,0,1,1,0,0,0,0,0,Pankow,Accident with minor injuries,Collision with a turning/crossing vehicle,Turning accident,Daylight,Dry
5965,195268,6,Südende,2019,5,19,2,3,5,3,0,1,1,0,0,0,0,1,Steglitz-Zehlendorf,Accident with minor injuries,Collision with a turning/crossing vehicle,Turning/Crossing accident,Daylight,Wet/moist/slippery
5966,195269,1,Soldiner Straße,2019,5,8,4,3,6,2,0,0,1,1,0,0,0,0,Mitte,Accident with minor injuries,Collision between vehicle and pedestrian,Turning accident,Daylight,Dry
5967,195270,8,Rixdorf,2019,5,18,2,3,6,4,0,0,1,1,0,0,0,1,Neukölln,Accident with minor injuries,Collision between vehicle and pedestrian,Pedestrian crossing accident,Daylight,Wet/moist/slippery
5968,195271,1,Charitéviertel,2019,5,9,4,3,2,6,0,1,1,0,0,0,0,0,Mitte,Accident with minor injuries,Collision with the vehicle in front/waiting vehicle,Collision involving vehicles going in the same way,Daylight,Dry
5969,195272,11,Fennpfuhl Ost,2019,5,18,2,3,0,1,0,0,1,0,1,0,0,1,Lichtenberg,Accident with minor injuries,Others,Driving accident,Daylight,Wet/moist/slippery
5970,195273,1,Großer Tiergarten,2019,5,9,4,2,5,2,0,1,1,0,0,0,0,0,Mitte,Accident with serious injuries,Collision with a turning/crossing vehicle,Turning accident,Daylight,Dry
5971,195274,10,Böhlener Straße,2019,5,18,2,3,5,7,0,0,1,0,0,0,0,1,Marzahn-Hellersdorf,Accident with minor injuries,Collision with a turning/crossing vehicle,Others,Daylight,Wet/moist/slippery
5972,195275,2,Graefekiez,2019,5,7,4,3,5,3,0,0,1,0,0,0,0,0,Friedrichshain - Kreuzberg,Accident with minor injuries,Collision with a turning/crossing vehicle,Turning/Crossing accident,Daylight,Dry
5973,195276,4,Flinsberger Platz,2019,5,18,2,3,5,2,0,0,1,0,0,0,0,1,Charlottenburg - Wilmersdorf,Accident with minor injuries,Collision with a turning/crossing vehicle,Turning accident,Daylight,Wet/moist/slippery
5974,195277,1,Brunnenstraße,2019,5,17,2,3,5,2,0,1,1,0,0,0,0,1,Mitte,Accident with minor injuries,Collision with a turning/crossing vehicle,Turning accident,Daylight,Wet/moist/slippery
5975,195278,4,Jungfernheide,2019,5,18,3,3,2,6,0,0,1,0,0,0,0,0,Charlottenburg - Wilmersdorf,Accident with minor injuries,Collision with the vehicle in front/waiting vehicle,Collision involving vehicles going in the same way,Daylight,Dry
5976,195279,4,Bismarckallee,2019,5,17,2,3,5,3,0,1,1,0,0,0,0,1,Charlottenburg - Wilmersdorf,Accident with minor injuries,Collision with a turning/crossing vehicle,Turning/Crossing accident,Daylight,Wet/moist/slippery
5977,195280,4,Hagenplatz,2019,5,17,3,3,7,7,0,1,0,0,0,0,0,0,Charlottenburg - Wilmersdorf,Accident with minor injuries,Collision with a road obstacle,Others,Daylight,Dry
5978,195281,1,Arkonaplatz,2019,5,18,2,3,1,5,0,1,1,0,0,0,0,1,Mitte,Accident with minor injuries,Collision with a moving/standing/parked vehicle,Accident involving parked vehicles,Daylight,Wet/moist/slippery
5979,195282,6,Königsberger Straße,2019,5,11,3,3,5,3,0,0,1,0,0,0,0,0,Steglitz-Zehlendorf,Accident with minor injuries,Collision with a turning/crossing vehicle,Turning/Crossing accident,Daylight,Dry
5980,195283,6,Königsberger Straße,2019,5,17,2,3,5,3,0,0,1,0,0,0,0,1,Steglitz-Zehlendorf,Accident with minor injuries,Collision with a turning/crossing vehicle,Turning/Crossing accident,Daylight,Wet/moist/slippery
5981,195284,12,Alt-Tegel,2019,5,8,3,3,1,5,0,1,1,0,0,0,0,0,Reinickendorf,Accident with minor injuries,Collision with a moving/standing/parked vehicle,Accident involving parked vehicles,Daylight,Dry
5982,195285,9,Altstadt Kietz,2019,5,19,2,3,0,1,0,1,0,0,0,0,0,1,Treptow-Köpenick,Accident with minor injuries,Others,Driving accident,Daylight,Wet/moist/slippery
5983,195286,2,Mehringplatz,2019,5,17,2,3,6,7,0,0,1,1,0,0,0,1,Friedrichshain - Kreuzberg,Accident with minor injuries,Collision between vehicle and pedestrian,Others,Daylight,Wet/moist/slippery
5984,195287,12,Schorfheidestraße,2019,5,8,3,3,1,5,0,0,1,0,0,0,0,0,Reinickendorf,Accident with minor injuries,Collision with a moving/standing/parked vehicle,Accident involving parked vehicles,Daylight,Dry
5985,195288,9,Altstadt Kietz,2019,5,7,3,3,6,4,0,1,0,1,0,0,0,0,Treptow-Köpenick,Accident with minor injuries,Collision between vehicle and pedestrian,Pedestrian crossing accident,Daylight,Dry
5986,195289,3,Weißenseer Spitze,2019,5,16,2,2,5,3,0,1,1,0,0,0,0,1,Pankow,Accident with serious injuries,Collision with a turning/crossing vehicle,Turning/Crossing accident,Daylight,Wet/moist/slippery
5987,195290,1,Arkonaplatz,2019,5,16,2,3,0,1,0,1,0,0,0,0,0,1,Mitte,Accident with minor injuries,Others,Driving accident,Daylight,Wet/moist/slippery
5988,195291,7,Kaiser-Wilhelm-Platz,2019,5,7,3,3,6,4,0,0,1,1,0,0,0,0,Tempelhof-Schöneberg,Accident with minor injuries,Collision between vehicle and pedestrian,Pedestrian crossing accident,Daylight,Dry
5989,195292,4,Droysenstraße,2019,5,11,2,3,3,6,0,0,1,0,0,0,0,0,Charlottenburg - Wilmersdorf,Accident with minor injuries,Collision with a vehicle traveling laterally in the same direction,Collision involving vehicles going in the same way,Daylight,Dry
5990,195293,8,Gropiusstadt Süd,2019,5,8,3,3,2,6,0,0,1,0,0,0,0,0,Neukölln,Accident with minor injuries,Collision with the vehicle in front/waiting vehicle,Collision involving vehicles going in the same way,Daylight,Dry
5991,195294,1,Leipziger Straße,2019,5,14,2,3,2,2,0,0,1,0,0,0,0,0,Mitte,Accident with minor injuries,Collision with the vehicle in front/waiting vehicle,Turning accident,Daylight,Dry
5992,195295,7,Friedenau,2019,5,14,2,3,5,2,0,1,1,0,0,0,0,0,Tempelhof-Schöneberg,Accident with minor injuries,Collision with a turning/crossing vehicle,Turning accident,Daylight,Dry
5993,195296,1,Nördlicher Landwehrkanal,2019,5,9,3,3,3,6,0,1,1,0,0,0,0,0,Mitte,Accident with minor injuries,Collision with a vehicle traveling laterally in the same direction,Collision involving vehicles going in the same way,Daylight,Dry
5994,195297,12,Borsigwalde,2019,5,12,2,3,6,7,0,1,0,1,0,0,0,0,Reinickendorf,Accident with minor injuries,Collision between vehicle and pedestrian,Others,Daylight,Dry
5995,195298,2,Wassertorplatz,2019,5,12,2,3,2,6,0,0,1,0,0,0,0,0,Friedrichshain - Kreuzberg,Accident with minor injuries,Collision with the vehicle in front/waiting vehicle,Collision involving vehicles going in the same way,Daylight,Dry
5996,195299,9,Baumschulenstraße,2019,5,7,3,2,5,2,0,1,0,0,0,1,0,0,Treptow-Köpenick,Accident with serious injuries,Collision with a turning/crossing vehicle,Turning accident,Daylight,Dry
5997,195300,11,Rüdigerstraße,2019,5,14,2,2,6,4,0,0,1,1,0,0,0,0,Lichtenberg,Accident with serious injuries,Collision between vehicle and pedestrian,Pedestrian crossing accident,Daylight,Dry
5998,195301,9,Dammvorstadt,2019,5,12,2,2,2,6,0,0,1,0,0,1,1,0,Treptow-Köpenick,Accident with serious injuries,Collision with the vehicle in front/waiting vehicle,Collision involving vehicles going in the same way,Daylight,Dry
5999,195302,8,Rixdorf,2019,5,6,3,3,5,3,0,0,1,0,0,0,0,0,Neukölln,Accident with minor injuries,Collision with a turning/crossing vehicle,Turning/Crossing accident,Daylight,Dry
6000,195303,4,Flatowallee,2019,5,16,2,3,2,7,0,0,1,0,0,1,0,0,Charlottenburg - Wilmersdorf,Accident with minor injuries,Collision with the vehicle in front/waiting vehicle,Others,Daylight,Dry
6001,195304,4,Jungfernheide,2019,5,6,3,3,1,5,0,0,1,0,1,0,0,0,Charlottenburg - Wilmersdorf,Accident with minor injuries,Collision with a moving/standing/parked vehicle,Accident involving parked vehicles,Daylight,Dry
6002,195305,8,Buckow Mitte,2019,5,11,2,3,5,2,0,0,1,0,0,0,0,0,Neukölln,Accident with minor injuries,Collision with a turning/crossing vehicle,Turning accident,Daylight,Dry
6003,195306,9,Grünau,2019,5,0,3,3,9,1,2,0,0,0,1,0,0,0,Treptow-Köpenick,Accident with minor injuries,Departure from the roadway to the left,Driving accident,Dark,Dry
6004,195307,5,Rohrdamm,2019,5,13,2,3,0,1,0,1,0,0,0,0,0,0,Spandau,Accident with minor injuries,Others,Driving accident,Daylight,Dry
6005,195308,1,Lüneburger Straße,2019,5,15,3,3,2,6,0,0,1,0,1,0,0,0,Mitte,Accident with minor injuries,Collision with the vehicle in front/waiting vehicle,Collision involving vehicles going in the same way,Daylight,Dry
6006,195309,5,Carl-Schurz-Straße,2019,5,9,2,3,3,6,0,0,1,0,0,0,1,0,Spandau,Accident with minor injuries,Collision with a vehicle traveling laterally in the same direction,Collision involving vehicles going in the same way,Daylight,Dry
6007,195310,11,Herzbergstraße,2019,5,7,2,2,0,1,0,1,0,0,0,0,0,0,Lichtenberg,Accident with serious injuries,Others,Driving accident,Daylight,Dry
6008,195311,1,Heine-Viertel Ost,2019,5,15,3,3,3,2,0,1,1,0,0,0,0,0,Mitte,Accident with minor injuries,Collision with a vehicle traveling laterally in the same direction,Turning accident,Daylight,Dry
6009,195312,2,Graefekiez,2019,5,15,3,3,1,5,0,1,0,0,0,0,1,0,Friedrichshain - Kreuzberg,Accident with minor injuries,Collision with a moving/standing/parked vehicle,Accident involving parked vehicles,Daylight,Dry
6010,195313,8,Rixdorf,2019,5,7,2,3,2,7,0,0,1,0,0,0,1,0,Neukölln,Accident with minor injuries,Collision with the vehicle in front/waiting vehicle,Others,Daylight,Dry
6011,195314,12,Alt-Tegel,2019,5,11,2,3,3,6,0,1,0,0,0,0,0,0,Reinickendorf,Accident with minor injuries,Collision with a vehicle traveling laterally in the same direction,Collision involving vehicles going in the same way,Daylight,Dry
6012,195315,7,Schöneberger Insel,2019,5,15,3,3,2,7,0,0,1,0,0,0,0,0,Tempelhof-Schöneberg,Accident with minor injuries,Collision with the vehicle in front/waiting vehicle,Others,Daylight,Dry
6013,195316,8,Alt-Rudow,2019,5,10,2,3,6,2,0,0,1,1,0,0,0,0,Neukölln,Accident with minor injuries,Collision between vehicle and pedestrian,Turning accident,Daylight,Dry
6014,195317,3,Bucher Forst,2019,5,14,3,3,5,2,0,1,1,0,0,0,0,0,Pankow,Accident with minor injuries,Collision with a turning/crossing vehicle,Turning accident,Daylight,Dry
6015,195318,12,Waldidyll/Flughafensee,2019,5,10,2,3,1,7,0,1,1,0,0,0,0,0,Reinickendorf,Accident with minor injuries,Collision with a moving/standing/parked vehicle,Others,Daylight,Dry
6016,195319,12,Hermsdorf,2019,5,14,3,3,5,3,0,0,1,0,1,0,0,0,Reinickendorf,Accident with minor injuries,Collision with a turning/crossing vehicle,Turning/Crossing accident,Daylight,Dry
6017,195320,4,Schaperstraße,2019,5,10,2,3,5,3,0,1,1,0,0,0,0,0,Charlottenburg - Wilmersdorf,Accident with minor injuries,Collision with a turning/crossing vehicle,Turning/Crossing accident,Daylight,Dry
6018,195321,1,Gesundbrunnen,2019,5,13,3,3,5,7,0,0,1,0,0,0,0,0,Mitte,Accident with minor injuries,Collision with a turning/crossing vehicle,Others,Daylight,Dry
6019,195322,2,Barnimkiez,2019,5,9,2,3,1,5,0,1,1,0,0,0,0,0,Friedrichshain - Kreuzberg,Accident with minor injuries,Collision with a moving/standing/parked vehicle,Accident involving parked vehicles,Daylight,Dry
6020,195323,9,Siedlung Kämmereiheide,2019,5,11,2,3,5,3,0,1,1,0,0,0,0,0,Treptow-Köpenick,Accident with minor injuries,Collision with a turning/crossing vehicle,Turning/Crossing accident,Daylight,Dry
6021,195324,3,Buch,2019,5,13,3,2,4,6,0,0,1,0,0,0,0,0,Pankow,Accident with serious injuries,Collision with oncoming vehicle,Collision involving vehicles going in the same way,Daylight,Dry
6022,195325,1,Rehberge,2019,5,16,3,3,5,7,2,1,0,0,1,0,0,0,Mitte,Accident with minor injuries,Collision with a turning/crossing vehicle,Others,Dark,Dry