,object id,district,street,year,month,hour of day,weekday,category,accident type,accident type 2,light situation,bike involved,car involved,pedestrian involved,motor bike involved,big track involved,other vehicle involved,road condition,district name,category name,accident detail,accident type detail,light condition,road condition detail
6023,195326,2,Urbanstraße,2019,5,12,1,3,2,6,0,0,1,0,0,0,0,0,Friedrichshain - Kreuzberg,Accident with minor injuries,Collision with the vehicle in front/waiting vehicle,Collision involving vehicles going in the same way,Daylight,Dry
6024,195327,9,Dorf Altglienicke,2019,5,16,3,2,5,3,0,1,1,0,0,0,0,0,Treptow-Köpenick,Accident with serious injuries,Collision with a turning/crossing vehicle,Turning/Crossing accident,Daylight,Dry
6025,195328,1,Leopoldplatz,2019,6,16,5,3,2,6,0,0,1,0,0,1,0,1,Mitte,Accident with minor injuries,Collision with the vehicle in front/waiting vehicle,Collision involving vehicles going in the same way,Daylight,Wet/moist/slippery
6026,195329,7,Rathausstraße,2019,6,16,5,2,0,2,0,1,1,0,0,0,0,1,Tempelhof-Schöneberg,Accident with serious injuries,Others,Turning accident,Daylight,Wet/moist/slippery
6027,195330,8,Buschkrugallee Nord,2019,6,16,5,3,5,2,0,1,0,0,0,0,1,0,Neukölln,Accident with minor injuries,Collision with a turning/crossing vehicle,Turning accident,Daylight,Dry
6028,195331,4,Savignyplatz,2019,6,16,5,3,5,2,0,1,1,0,0,0,0,1,Charlottenburg - Wilmersdorf,Accident with minor injuries,Collision with a turning/crossing vehicle,Turning accident,Daylight,Wet/moist/slippery
6029,195332,2,Viktoriapark,2019,6,9,5,3,5,2,0,1,1,0,0,0,0,0,Friedrichshain - Kreuzberg,Accident with minor injuries,Collision with a turning/crossing vehicle,Turning accident,Daylight,Dry
6030,195333,1,Westhafen,2019,6,13,5,3,5,2,0,1,1,0,0,0,0,0,Mitte,Accident with minor injuries,Collision with a turning/crossing vehicle,Turning accident,Daylight,Dry
6031,195334,11,Rüdigerstraße,2019,6,15,5,3,5,3,0,0,1,0,0,0,0,1,Lichtenberg,Accident with minor injuries,Collision with a turning/crossing vehicle,Turning/Crossing accident,Daylight,Wet/moist/slippery
6032,195335,4,Babelsberger Straße,2019,6,8,5,3,0,7,0,0,1,0,0,0,1,0,Charlottenburg - Wilmersdorf,Accident with minor injuries,Others,Others,Daylight,Dry
6033,195336,4,Amtsgerichtsplatz,2019,6,8,5,3,5,3,0,0,1,0,0,0,0,0,Charlottenburg - Wilmersdorf,Accident with minor injuries,Collision with a turning/crossing vehicle,Turning/Crossing accident,Daylight,Dry
6034,195337,4,Preußenpark,2019,6,8,5,3,5,3,0,1,1,0,0,0,0,0,Charlottenburg - Wilmersdorf,Accident with minor injuries,Collision with a turning/crossing vehicle,Turning/Crossing accident,Daylight,Dry
6035,195338,4,Paul-Hertz-Siedlung,2019,6,7,5,3,2,6,0,0,1,0,0,0,0,0,Charlottenburg - Wilmersdorf,Accident with minor injuries,Collision with the vehicle in front/waiting vehicle,Collision involving vehicles going in the same way,Daylight,Dry
6036,195339,10,Rotes Viertel,2019,6,7,5,3,5,3,0,1,1,0,0,0,0,0,Marzahn-Hellersdorf,Accident with minor injuries,Collision with a turning/crossing vehicle,Turning/Crossing accident,Daylight,Dry
6037,195340,8,Waßmannsdorfer Chaussee,2019,6,7,5,3,5,2,0,1,0,0,0,0,0,0,Neukölln,Accident with minor injuries,Collision with a turning/crossing vehicle,Turning accident,Daylight,Dry
6038,195341,10,Kaulsdorf Nord I,2019,6,6,5,3,1,5,0,0,1,0,0,0,0,0,Marzahn-Hellersdorf,Accident with minor injuries,Collision with a moving/standing/parked vehicle,Accident involving parked vehicles,Daylight,Dry
6039,195342,7,Kaiser-Wilhelm-Platz,2019,6,23,4,3,7,7,2,1,0,0,0,0,0,0,Tempelhof-Schöneberg,Accident with minor injuries,Collision with a road obstacle,Others,Dark,Dry
6040,195343,4,Paul-Hertz-Siedlung,2019,6,16,4,3,4,6,0,1,1,0,0,0,0,0,Charlottenburg - Wilmersdorf,Accident with minor injuries,Collision with oncoming vehicle,Collision involving vehicles going in the same way,Daylight,Dry
6041,195344,12,Frohnau,2019,6,19,4,3,5,2,0,0,1,0,1,0,0,0,Reinickendorf,Accident with minor injuries,Collision with a turning/crossing vehicle,Turning accident,Daylight,Dry
6042,195345,4,Flinsberger Platz,2019,6,18,4,3,2,6,0,0,1,0,0,0,0,0,Charlottenburg - Wilmersdorf,Accident with minor injuries,Collision with the vehicle in front/waiting vehicle,Collision involving vehicles going in the same way,Daylight,Dry
6043,195346,2,Rathaus Yorckstraße,2019,6,18,4,3,5,3,0,1,1,0,0,0,0,0,Friedrichshain - Kreuzberg,Accident with minor injuries,Collision with a turning/crossing vehicle,Turning/Crossing accident,Daylight,Dry
6044,195347,4,Amtsgerichtsplatz,2019,6,23,4,3,1,5,2,0,1,0,1,0,0,0,Charlottenburg - Wilmersdorf,Accident with minor injuries,Collision with a moving/standing/parked vehicle,Accident involving parked vehicles,Dark,Dry
6045,195348,2,Viktoriapark,2019,6,22,4,3,5,3,2,1,1,0,0,0,0,0,Friedrichshain - Kreuzberg,Accident with minor injuries,Collision with a turning/crossing vehicle,Turning/Crossing accident,Dark,Dry
6046,195349,1,Reinickendorfer Straße,2019,6,22,4,2,2,6,2,0,1,0,0,0,0,0,Mitte,Accident with serious injuries,Collision with the vehicle in front/waiting vehicle,Collision involving vehicles going in the same way,Dark,Dry
6047,195350,2,Lausitzer Platz,2019,6,18,4,3,3,6,0,1,1,0,0,0,0,0,Friedrichshain - Kreuzberg,Accident with minor injuries,Collision with a vehicle traveling laterally in the same direction,Collision involving vehicles going in the same way,Daylight,Dry
6048,195351,9,Adlershof Ost,2019,6,18,4,3,5,3,0,1,1,0,0,0,0,0,Treptow-Köpenick,Accident with minor injuries,Collision with a turning/crossing vehicle,Turning/Crossing accident,Daylight,Dry
6049,195352,6,Lichterfelde West,2019,6,18,4,3,0,7,0,1,0,0,0,0,0,0,Steglitz-Zehlendorf,Accident with minor injuries,Others,Others,Daylight,Dry
6050,195353,3,Greifswalder Straße,2019,6,18,4,3,5,3,0,1,0,0,1,0,0,0,Pankow,Accident with minor injuries,Collision with a turning/crossing vehicle,Turning/Crossing accident,Daylight,Dry
6051,195354,12,Teichstraße,2019,6,16,4,3,5,2,0,0,1,0,0,0,0,0,Reinickendorf,Accident with minor injuries,Collision with a turning/crossing vehicle,Turning accident,Daylight,Dry
6052,195355,1,Elberfelder Straße,2019,6,16,4,3,5,2,0,1,1,0,0,0,0,0,Mitte,Accident with minor injuries,Collision with a turning/crossing vehicle,Turning accident,Daylight,Dry
6053,195356,1,Humboldthain Süd,2019,6,15,4,3,0,1,0,0,0,0,1,0,0,0,Mitte,Accident with minor injuries,Others,Driving accident,Daylight,Dry
6054,195357,4,Plötzensee,2019,6,22,4,3,5,2,2,0,1,0,0,0,0,0,Charlottenburg - Wilmersdorf,Accident with minor injuries,Collision with a turning/crossing vehicle,Turning accident,Dark,Dry
6055,195358,2,Urbanstraße,2019,6,20,4,3,5,2,0,1,0,1,0,0,0,0,Friedrichshain - Kreuzberg,Accident with minor injuries,Collision with a turning/crossing vehicle,Turning accident,Daylight,Dry
6056,195359,4,Schloßstraße,2019,6,15,4,3,5,3,0,1,0,0,0,0,1,0,Charlottenburg - Wilmersdorf,Accident with minor injuries,Collision with a turning/crossing vehicle,Turning/Crossing accident,Daylight,Dry
6057,195360,11,Weitlingstraße,2019,6,14,4,3,5,3,0,1,1,0,0,0,0,0,Lichtenberg,Accident with minor injuries,Collision with a turning/crossing vehicle,Turning/Crossing accident,Daylight,Dry
6058,195361,3,Herthaplatz,2019,6,14,4,3,5,3,0,0,1,0,0,0,1,0,Pankow,Accident with minor injuries,Collision with a turning/crossing vehicle,Turning/Crossing accident,Daylight,Dry
6059,195362,10,Alt-Marzahn,2019,6,14,4,2,6,4,0,1,0,1,0,0,0,0,Marzahn-Hellersdorf,Accident with serious injuries,Collision between vehicle and pedestrian,Pedestrian crossing accident,Daylight,Dry
6060,195363,2,Samariterviertel,2019,6,13,4,3,5,2,0,0,1,0,0,0,0,0,Friedrichshain - Kreuzberg,Accident with minor injuries,Collision with a turning/crossing vehicle,Turning accident,Daylight,Dry
6061,195364,8,Alt-Rudow,2019,6,13,4,3,5,3,0,1,1,0,0,0,0,0,Neukölln,Accident with minor injuries,Collision with a turning/crossing vehicle,Turning/Crossing accident,Daylight,Dry
6062,195365,3,Helmholtzplatz,2019,6,13,4,3,1,7,0,0,0,0,1,0,0,0,Pankow,Accident with minor injuries,Collision with a moving/standing/parked vehicle,Others,Daylight,Dry
6063,195366,9,Dammvorstadt,2019,6,13,4,2,6,4,0,0,1,1,0,0,0,0,Treptow-Köpenick,Accident with serious injuries,Collision between vehicle and pedestrian,Pedestrian crossing accident,Daylight,Dry
6064,195367,3,Alt-Karow,2019,6,8,4,3,0,1,0,0,0,0,1,0,0,0,Pankow,Accident with minor injuries,Others,Driving accident,Daylight,Dry
6065,195368,11,Weitlingstraße,2019,6,10,4,3,0,2,0,1,1,0,0,0,0,0,Lichtenberg,Accident with minor injuries,Others,Turning accident,Daylight,Dry
6066,195369,3,Teutoburger Platz,2019,6,10,4,3,2,7,0,0,0,0,1,1,0,0,Pankow,Accident with minor injuries,Collision with the vehicle in front/waiting vehicle,Others,Daylight,Dry
6067,195370,6,Kaiser-Wilhelm-Straße,2019,6,13,4,3,5,3,0,1,1,0,0,0,0,0,Steglitz-Zehlendorf,Accident with minor injuries,Collision with a turning/crossing vehicle,Turning/Crossing accident,Daylight,Dry
6068,195371,4,Plötzensee,2019,6,10,4,3,2,6,0,0,1,0,1,0,0,0,Charlottenburg - Wilmersdorf,Accident with minor injuries,Collision with the vehicle in front/waiting vehicle,Collision involving vehicles going in the same way,Daylight,Dry
6069,195372,11,Malchower Weg,2019,6,8,4,2,0,1,0,1,0,0,0,0,0,0,Lichtenberg,Accident with serious injuries,Others,Driving accident,Daylight,Dry
6070,195373,5,Kurstraße,2019,6,12,4,3,2,2,0,0,1,0,0,0,1,0,Spandau,Accident with minor injuries,Collision with the vehicle in front/waiting vehicle,Turning accident,Daylight,Dry
6071,195374,3,Pankow Zentrum,2019,6,9,4,3,5,2,0,1,1,0,0,0,0,0,Pankow,Accident with minor injuries,Collision with a turning/crossing vehicle,Turning accident,Daylight,Dry
6072,195375,7,Lindenhofsiedlung,2019,6,11,4,3,5,2,0,1,1,0,0,0,0,0,Tempelhof-Schöneberg,Accident with minor injuries,Collision with a turning/crossing vehicle,Turning accident,Daylight,Dry
6073,195376,8,Hasenheide,2019,6,8,4,3,5,2,0,1,1,0,0,0,0,0,Neukölln,Accident with minor injuries,Collision with a turning/crossing vehicle,Turning accident,Daylight,Dry
6074,195377,8,Parchimer Allee,2019,6,8,4,3,5,2,0,1,1,0,0,0,0,0,Neukölln,Accident with minor injuries,Collision with a turning/crossing vehicle,Turning accident,Daylight,Dry
6075,195378,9,Köpenick Nord,2019,6,7,4,3,5,7,0,0,1,0,1,0,0,0,Treptow-Köpenick,Accident with minor injuries,Collision with a turning/crossing vehicle,Others,Daylight,Dry
6076,195379,3,Humannplatz,2019,6,7,4,2,5,3,0,1,1,0,0,0,0,0,Pankow,Accident with serious injuries,Collision with a turning/crossing vehicle,Turning/Crossing accident,Daylight,Dry
6077,195380,1,Charitéviertel,2019,6,2,4,2,0,7,2,0,1,0,0,0,1,0,Mitte,Accident with serious injuries,Others,Others,Dark,Dry
6078,195381,2,Viktoriapark,2019,6,8,3,3,3,6,0,0,1,0,1,0,0,0,Friedrichshain - Kreuzberg,Accident with minor injuries,Collision with a vehicle traveling laterally in the same direction,Collision involving vehicles going in the same way,Daylight,Dry
6079,195382,4,Karl-August-Platz,2019,6,14,3,3,0,7,0,0,1,0,0,0,0,0,Charlottenburg - Wilmersdorf,Accident with minor injuries,Others,Others,Daylight,Dry
6080,195383,1,Arkonaplatz,2019,6,13,3,3,0,3,0,1,0,0,0,0,1,0,Mitte,Accident with minor injuries,Others,Turning/Crossing accident,Daylight,Dry
6081,195384,1,Emdener Straße,2019,6,8,3,3,6,4,0,0,1,1,0,0,0,0,Mitte,Accident with minor injuries,Collision between vehicle and pedestrian,Pedestrian crossing accident,Daylight,Dry
6082,195385,1,Unter den Linden Nord,2019,6,16,3,3,2,2,0,1,1,0,0,0,0,0,Mitte,Accident with minor injuries,Collision with the vehicle in front/waiting vehicle,Turning accident,Daylight,Dry
6083,195386,12,Wittenau Süd,2019,6,16,3,3,5,2,0,1,1,0,0,0,0,0,Reinickendorf,Accident with minor injuries,Collision with a turning/crossing vehicle,Turning accident,Daylight,Dry
6084,195387,2,Reichenberger Straße,2019,6,16,3,3,5,2,0,1,1,0,0,0,0,0,Friedrichshain - Kreuzberg,Accident with minor injuries,Collision with a turning/crossing vehicle,Turning accident,Daylight,Dry
6085,195388,7,Neu-Tempelhof,2019,6,15,3,3,0,2,0,1,1,0,0,0,0,0,Tempelhof-Schöneberg,Accident with minor injuries,Others,Turning accident,Daylight,Dry
6086,195389,11,Herzbergstraße,2019,6,15,3,3,2,6,0,0,1,0,0,0,0,0,Lichtenberg,Accident with minor injuries,Collision with the vehicle in front/waiting vehicle,Collision involving vehicles going in the same way,Daylight,Dry
6087,195390,3,Humannplatz,2019,6,14,3,3,5,7,0,1,1,0,0,0,0,0,Pankow,Accident with minor injuries,Collision with a turning/crossing vehicle,Others,Daylight,Dry
6088,195391,5,Magistratsweg,2019,6,14,3,3,0,6,0,1,0,0,0,0,0,0,Spandau,Accident with minor injuries,Others,Collision involving vehicles going in the same way,Daylight,Dry
6089,195392,9,Oberschöneweide West,2019,6,13,3,3,5,2,0,0,0,0,1,0,1,0,Treptow-Köpenick,Accident with minor injuries,Collision with a turning/crossing vehicle,Turning accident,Daylight,Dry
6090,195393,6,Gemeindepark Lankwitz,2019,6,18,3,3,6,4,0,0,1,1,0,0,0,0,Steglitz-Zehlendorf,Accident with minor injuries,Collision between vehicle and pedestrian,Pedestrian crossing accident,Daylight,Dry
6091,195394,4,Hindemithplatz,2019,6,12,3,3,3,6,0,0,1,0,1,0,0,0,Charlottenburg - Wilmersdorf,Accident with minor injuries,Collision with a vehicle traveling laterally in the same direction,Collision involving vehicles going in the same way,Daylight,Dry
6092,195395,7,Eisenacher Straße,2019,6,12,3,3,6,7,0,0,1,1,0,0,0,0,Tempelhof-Schöneberg,Accident with minor injuries,Collision between vehicle and pedestrian,Others,Daylight,Dry
6093,195396,5,Borkumer Straße,2019,6,11,3,3,2,2,0,0,1,0,0,0,0,0,Spandau,Accident with minor injuries,Collision with the vehicle in front/waiting vehicle,Turning accident,Daylight,Dry
6094,195397,1,Nördlicher Landwehrkanal,2019,6,11,3,3,5,2,0,1,1,0,0,0,0,0,Mitte,Accident with minor injuries,Collision with a turning/crossing vehicle,Turning accident,Daylight,Dry
6095,195398,9,Kietzer Feld/Nachtheide,2019,6,11,3,3,3,6,0,1,0,0,0,0,0,0,Treptow-Köpenick,Accident with minor injuries,Collision with a vehicle traveling laterally in the same direction,Collision involving vehicles going in the same way,Daylight,Dry
6096,195399,11,Rosenfelder Ring,2019,6,13,3,2,5,3,0,1,1,0,0,0,0,0,Lichtenberg,Accident with serious injuries,Collision with a turning/crossing vehicle,Turning/Crossing accident,Daylight,Dry
6097,195400,4,Richard-Wagner-Straße,2019,6,11,3,2,2,7,0,1,1,0,0,0,0,0,Charlottenburg - Wilmersdorf,Accident with serious injuries,Collision with the vehicle in front/waiting vehicle,Others,Daylight,Dry
6098,195401,1,Reinickendorfer Straße,2019,6,11,3,3,2,2,0,0,1,0,0,0,0,0,Mitte,Accident with minor injuries,Collision with the vehicle in front/waiting vehicle,Turning accident,Daylight,Dry
6099,195402,1,Brunnenstraße,2019,6,10,3,3,3,6,0,0,1,0,1,0,0,0,Mitte,Accident with minor injuries,Collision with a vehicle traveling laterally in the same direction,Collision involving vehicles going in the same way,Daylight,Dry
6100,195403,4,Plötzensee,2019,6,10,3,3,5,2,0,0,1,0,0,0,0,0,Charlottenburg - Wilmersdorf,Accident with minor injuries,Collision with a turning/crossing vehicle,Turning accident,Daylight,Dry
6101,195404,8,Alt-Rudow,2019,6,10,3,3,5,3,0,0,1,0,0,0,0,0,Neukölln,Accident with minor injuries,Collision with a turning/crossing vehicle,Turning/Crossing accident,Daylight,Dry
6102,195405,4,Tegeler Weg,2019,6,9,3,3,5,3,0,1,1,0,0,0,0,0,Charlottenburg - Wilmersdorf,Accident with minor injuries,Collision with a turning/crossing vehicle,Turning/Crossing accident,Daylight,Dry
6103,195406,2,Rathaus Yorckstraße,2019,6,23,3,2,5,2,2,1,1,0,0,0,0,0,Friedrichshain - Kreuzberg,Accident with serious injuries,Collision with a turning/crossing vehicle,Turning accident,Dark,Dry
6104,195407,1,Emdener Straße,2019,6,20,3,3,2,6,0,0,1,0,0,0,0,0,Mitte,Accident with minor injuries,Collision with the vehicle in front/waiting vehicle,Collision involving vehicles going in the same way,Daylight,Dry
6105,195408,2,Mehringplatz,2019,6,8,3,3,5,3,0,1,1,0,0,0,0,0,Friedrichshain - Kreuzberg,Accident with minor injuries,Collision with a turning/crossing vehicle,Turning/Crossing accident,Daylight,Dry
6106,195409,8,Körnerpark,2019,6,9,3,3,1,5,0,1,1,0,0,0,0,0,Neukölln,Accident with minor injuries,Collision with a moving/standing/parked vehicle,Accident involving parked vehicles,Daylight,Dry
6107,195410,3,Volkspark Prenzlauer Berg,2019,6,9,3,3,2,6,0,0,1,0,1,0,0,0,Pankow,Accident with minor injuries,Collision with the vehicle in front/waiting vehicle,Collision involving vehicles going in the same way,Daylight,Dry
6108,195411,5,Weinmeisterhornweg,2019,6,7,3,3,0,1,0,1,0,0,0,0,0,0,Spandau,Accident with minor injuries,Others,Driving accident,Daylight,Dry
6109,195412,11,Große-Leege-Straße,2019,6,8,3,3,5,3,0,1,1,0,0,0,0,0,Lichtenberg,Accident with minor injuries,Collision with a turning/crossing vehicle,Turning/Crossing accident,Daylight,Dry
6110,195413,6,Komponistenviertel Lankwitz,2019,6,20,3,3,6,7,0,1,0,1,0,0,0,0,Steglitz-Zehlendorf,Accident with minor injuries,Collision between vehicle and pedestrian,Others,Daylight,Dry
6111,195414,10,Gut Hellersdorf,2019,6,19,3,2,6,4,0,0,1,1,0,0,0,0,Marzahn-Hellersdorf,Accident with serious injuries,Collision between vehicle and pedestrian,Pedestrian crossing accident,Daylight,Dry
6112,195415,12,Klixstraße,2019,6,8,3,2,5,2,0,1,1,0,0,0,0,0,Reinickendorf,Accident with serious injuries,Collision with a turning/crossing vehicle,Turning accident,Daylight,Dry
6113,195416,3,Volkspark Prenzlauer Berg,2019,6,19,3,3,5,2,0,1,1,0,0,0,0,0,Pankow,Accident with minor injuries,Collision with a turning/crossing vehicle,Turning accident,Daylight,Dry
6114,195417,7,Germaniagarten,2019,6,8,3,3,3,6,0,0,1,0,0,1,0,0,Tempelhof-Schöneberg,Accident with minor injuries,Collision with a vehicle traveling laterally in the same direction,Collision involving vehicles going in the same way,Daylight,Dry
6115,195418,8,Gropiusstadt Ost,2019,6,19,3,3,6,2,0,0,1,1,0,0,0,0,Neukölln,Accident with minor injuries,Collision between vehicle and pedestrian,Turning accident,Daylight,Dry
6116,195419,4,Schaperstraße,2019,6,19,3,3,1,5,0,1,1,0,0,0,1,0,Charlottenburg - Wilmersdorf,Accident with minor injuries,Collision with a moving/standing/parked vehicle,Accident involving parked vehicles,Daylight,Dry
6117,195420,3,Niederschönhausen,2019,6,8,3,3,5,3,0,1,1,0,0,0,0,0,Pankow,Accident with minor injuries,Collision with a turning/crossing vehicle,Turning/Crossing accident,Daylight,Dry
6118,195421,12,Klixstraße,2019,6,7,3,3,2,6,0,0,1,0,0,0,0,0,Reinickendorf,Accident with minor injuries,Collision with the vehicle in front/waiting vehicle,Collision involving vehicles going in the same way,Daylight,Dry
6119,195422,4,Savignyplatz,2019,6,7,3,3,5,3,0,0,1,0,0,0,1,0,Charlottenburg - Wilmersdorf,Accident with minor injuries,Collision with a turning/crossing vehicle,Turning/Crossing accident,Daylight,Dry
6120,195423,2,Graefekiez,2019,6,18,3,3,3,6,0,1,1,0,0,0,0,0,Friedrichshain - Kreuzberg,Accident with minor injuries,Collision with a vehicle traveling laterally in the same direction,Collision involving vehicles going in the same way,Daylight,Dry
6121,195424,4,Tegeler Weg,2019,6,18,3,2,5,2,0,0,1,0,1,0,0,0,Charlottenburg - Wilmersdorf,Accident with serious injuries,Collision with a turning/crossing vehicle,Turning accident,Daylight,Dry
6122,195425,12,Waldidyll/Flughafensee,2019,6,18,3,3,2,6,0,0,1,0,0,0,0,0,Reinickendorf,Accident with minor injuries,Collision with the vehicle in front/waiting vehicle,Collision involving vehicles going in the same way,Daylight,Dry
6123,195426,2,Viktoriapark,2019,6,7,3,3,1,1,0,0,1,0,1,0,0,0,Friedrichshain - Kreuzberg,Accident with minor injuries,Collision with a moving/standing/parked vehicle,Driving accident,Daylight,Dry
6124,195427,11,Landsberger Allee,2019,6,4,3,3,5,3,1,0,1,0,0,0,0,0,Lichtenberg,Accident with minor injuries,Collision with a turning/crossing vehicle,Turning/Crossing accident,Twilight,Dry
6125,195428,9,Oberschöneweide Ost,2019,6,17,3,3,1,5,0,1,1,0,0,0,0,0,Treptow-Köpenick,Accident with minor injuries,Collision with a moving/standing/parked vehicle,Accident involving parked vehicles,Daylight,Dry
6126,195429,9,Dammvorstadt,2019,6,4,3,3,0,1,1,1,0,0,0,0,0,0,Treptow-Köpenick,Accident with minor injuries,Others,Driving accident,Twilight,Dry
6127,195430,1,Stülerstraße,2019,6,17,3,3,5,3,0,0,1,0,0,0,1,0,Mitte,Accident with minor injuries,Collision with a turning/crossing vehicle,Turning/Crossing accident,Daylight,Dry
6128,195431,10,Marzahner Chaussee,2019,6,17,3,3,0,2,0,1,1,0,0,0,0,0,Marzahn-Hellersdorf,Accident with minor injuries,Others,Turning accident,Daylight,Dry
6129,195432,9,Dorf Altglienicke,2019,6,12,2,3,2,6,0,0,1,0,1,0,0,0,Treptow-Köpenick,Accident with minor injuries,Collision with the vehicle in front/waiting vehicle,Collision involving vehicles going in the same way,Daylight,Dry
6130,195433,2,Mehringplatz,2019,6,18,2,3,1,5,0,1,1,0,0,0,0,0,Friedrichshain - Kreuzberg,Accident with minor injuries,Collision with a moving/standing/parked vehicle,Accident involving parked vehicles,Daylight,Dry
6131,195434,11,Malchower Weg,2019,6,12,2,3,5,3,0,1,0,0,0,0,0,0,Lichtenberg,Accident with minor injuries,Collision with a turning/crossing vehicle,Turning/Crossing accident,Daylight,Dry
6132,195435,6,Lichterfelde West,2019,6,12,2,3,6,7,0,1,0,1,0,0,0,0,Steglitz-Zehlendorf,Accident with minor injuries,Collision between vehicle and pedestrian,Others,Daylight,Dry
6133,195436,11,Malchower Weg,2019,6,22,2,3,8,1,2,0,1,0,0,0,0,1,Lichtenberg,Accident with minor injuries,Departure from the roadway to the right,Driving accident,Dark,Wet/moist/slippery
6134,195437,8,Schulenburgpark,2019,6,22,2,3,0,3,2,1,1,0,0,0,0,1,Neukölln,Accident with minor injuries,Others,Turning/Crossing accident,Dark,Wet/moist/slippery
6135,195438,1,Lüneburger Straße,2019,6,21,2,3,5,3,0,0,1,0,0,0,0,0,Mitte,Accident with minor injuries,Collision with a turning/crossing vehicle,Turning/Crossing accident,Daylight,Dry
6136,195439,7,Manteuffelstraße,2019,6,20,2,3,5,2,0,0,1,0,0,0,1,0,Tempelhof-Schöneberg,Accident with minor injuries,Collision with a turning/crossing vehicle,Turning accident,Daylight,Dry
6137,195440,9,Oberschöneweide West,2019,6,20,2,3,5,2,0,1,1,0,0,0,0,0,Treptow-Köpenick,Accident with minor injuries,Collision with a turning/crossing vehicle,Turning accident,Daylight,Dry
6138,195441,8,Körnerpark,2019,6,19,2,3,0,3,0,1,1,0,0,0,0,1,Neukölln,Accident with minor injuries,Others,Turning/Crossing accident,Daylight,Wet/moist/slippery
6139,195442,10,Mahlsdorf Süd,2019,6,20,2,3,5,3,0,0,1,0,0,0,1,1,Marzahn-Hellersdorf,Accident with minor injuries,Collision with a turning/crossing vehicle,Turning/Crossing accident,Daylight,Wet/moist/slippery
6140,195443,3,Humannplatz,2019,6,20,2,3,5,3,1,1,1,0,0,0,0,1,Pankow,Accident with minor injuries,Collision with a turning/crossing vehicle,Turning/Crossing accident,Twilight,Wet/moist/slippery
6141,195444,9,Adlershof Ost,2019,6,19,2,2,0,1,0,1,0,0,0,0,0,1,Treptow-Köpenick,Accident with serious injuries,Others,Driving accident,Daylight,Wet/moist/slippery
6142,195445,9,Bohnsdorf,2019,6,20,2,2,1,7,1,0,1,0,0,0,0,1,Treptow-Köpenick,Accident with serious injuries,Collision with a moving/standing/parked vehicle,Others,Twilight,Wet/moist/slippery
6143,195446,7,Rathaus Tempelhof,2019,6,19,2,3,8,1,0,0,1,0,0,0,0,1,Tempelhof-Schöneberg,Accident with minor injuries,Departure from the roadway to the right,Driving accident,Daylight,Wet/moist/slippery
6144,195447,1,Rehberge,2019,6,18,2,3,2,2,0,1,1,0,0,0,0,0,Mitte,Accident with minor injuries,Collision with the vehicle in front/waiting vehicle,Turning accident,Daylight,Dry
6145,195448,4,Spreestadt,2019,6,18,2,3,2,6,0,0,1,0,0,0,0,0,Charlottenburg - Wilmersdorf,Accident with minor injuries,Collision with the vehicle in front/waiting vehicle,Collision involving vehicles going in the same way,Daylight,Dry
6146,195449,2,Boxhagener Platz,2019,6,18,2,2,5,2,0,1,1,0,0,0,0,0,Friedrichshain - Kreuzberg,Accident with serious injuries,Collision with a turning/crossing vehicle,Turning accident,Daylight,Dry
6147,195450,4,Halensee,2019,6,18,2,3,1,5,0,1,1,0,0,0,0,0,Charlottenburg - Wilmersdorf,Accident with minor injuries,Collision with a moving/standing/parked vehicle,Accident involving parked vehicles,Daylight,Dry
6148,195451,4,Nikolsburger Platz,2019,6,17,2,3,2,6,0,0,1,0,0,0,0,0,Charlottenburg - Wilmersdorf,Accident with minor injuries,Collision with the vehicle in front/waiting vehicle,Collision involving vehicles going in the same way,Daylight,Dry
6149,195452,6,Zehlendorf Mitte,2019,6,15,2,3,3,6,0,0,1,0,1,0,0,0,Steglitz-Zehlendorf,Accident with minor injuries,Collision with a vehicle traveling laterally in the same direction,Collision involving vehicles going in the same way,Daylight,Dry
6150,195453,7,Rathaus Tempelhof,2019,6,17,2,3,5,3,0,0,1,0,0,0,0,0,Tempelhof-Schöneberg,Accident with minor injuries,Collision with a turning/crossing vehicle,Turning/Crossing accident,Daylight,Dry
6151,195454,10,Mahlsdorf Nord,2019,6,17,2,3,5,3,0,1,1,0,0,0,0,0,Marzahn-Hellersdorf,Accident with minor injuries,Collision with a turning/crossing vehicle,Turning/Crossing accident,Daylight,Dry
6152,195455,9,Baumschulenstraße,2019,6,22,2,3,5,2,2,1,1,0,0,0,0,1,Treptow-Köpenick,Accident with minor injuries,Collision with a turning/crossing vehicle,Turning accident,Dark,Wet/moist/slippery
6153,195456,3,Buchholz,2019,6,15,2,3,5,3,0,1,0,0,0,0,0,0,Pankow,Accident with minor injuries,Collision with a turning/crossing vehicle,Turning/Crossing accident,Daylight,Dry
6154,195457,6,Schloßstraße,2019,6,14,2,3,5,3,0,1,1,0,0,0,0,0,Steglitz-Zehlendorf,Accident with minor injuries,Collision with a turning/crossing vehicle,Turning/Crossing accident,Daylight,Dry
6155,195458,1,Körnerstraße,2019,6,14,2,3,0,2,0,0,1,0,0,0,1,0,Mitte,Accident with minor injuries,Others,Turning accident,Daylight,Dry
6156,195459,2,Graefekiez,2019,6,14,2,3,2,6,0,0,1,0,0,0,0,0,Friedrichshain - Kreuzberg,Accident with minor injuries,Collision with the vehicle in front/waiting vehicle,Collision involving vehicles going in the same way,Daylight,Dry
6157,195460,3,Heinersdorf,2019,6,13,2,3,2,6,0,0,1,0,0,1,0,0,Pankow,Accident with minor injuries,Collision with the vehicle in front/waiting vehicle,Collision involving vehicles going in the same way,Daylight,Dry