,object id,district,street,year,month,hour of day,weekday,category,accident type,accident type 2,light situation,bike involved,car involved,pedestrian involved,motor bike involved,big track involved,other vehicle involved,road condition,district name,category name,accident detail,accident type detail,light condition,road condition detail
6158,195461,5,An der Kappe,2019,6,12,2,3,1,5,0,1,0,0,0,0,1,0,Spandau,Accident with minor injuries,Collision with a moving/standing/parked vehicle,Accident involving parked vehicles,Daylight,Dry
6159,195462,8,Buschkrugallee Nord,2019,6,11,2,3,5,7,0,0,1,0,0,0,0,0,Neukölln,Accident with minor injuries,Collision with a turning/crossing vehicle,Others,Daylight,Dry
6160,195463,1,Leopoldplatz,2019,6,12,2,3,2,6,0,0,1,0,0,0,0,0,Mitte,Accident with minor injuries,Collision with the vehicle in front/waiting vehicle,Collision involving vehicles going in the same way,Daylight,Dry
6161,195464,1,Oranienburger Straße,2019,6,0,2,3,5,2,2,1,1,0,0,0,0,0,Mitte,Accident with minor injuries,Collision with a turning/crossing vehicle,Turning accident,Dark,Dry
6162,195465,4,Hindemithplatz,2019,6,12,2,3,5,7,0,0,1,0,1,0,0,0,Charlottenburg - Wilmersdorf,Accident with minor injuries,Collision with a turning/crossing vehicle,Others,Daylight,Dry
6163,195466,1,Arkonaplatz,2019,6,11,2,3,6,4,0,1,0,1,0,0,0,0,Mitte,Accident with minor injuries,Collision between vehicle and pedestrian,Pedestrian crossing accident,Daylight,Dry
6164,195467,1,Gesundbrunnen,2019,6,11,2,2,5,2,0,0,1,0,0,0,0,0,Mitte,Accident with serious injuries,Collision with a turning/crossing vehicle,Turning accident,Daylight,Dry
6165,195468,9,Kietzer Feld/Nachtheide,2019,6,16,2,3,5,3,0,0,1,0,1,0,0,0,Treptow-Köpenick,Accident with minor injuries,Collision with a turning/crossing vehicle,Turning/Crossing accident,Daylight,Dry
6166,195469,2,Viktoriapark,2019,6,11,2,3,5,2,0,1,1,0,0,0,0,0,Friedrichshain - Kreuzberg,Accident with minor injuries,Collision with a turning/crossing vehicle,Turning accident,Daylight,Dry
6167,195470,1,Reinickendorfer Straße,2019,6,11,2,3,3,6,0,0,1,0,1,0,0,0,Mitte,Accident with minor injuries,Collision with a vehicle traveling laterally in the same direction,Collision involving vehicles going in the same way,Daylight,Dry
6168,195471,10,Buckower Ring,2019,6,16,2,2,0,5,0,1,1,0,0,0,0,0,Marzahn-Hellersdorf,Accident with serious injuries,Others,Accident involving parked vehicles,Daylight,Dry
6169,195472,5,Hakenfelde Nord,2019,6,10,2,2,5,2,0,0,1,0,1,0,0,0,Spandau,Accident with serious injuries,Collision with a turning/crossing vehicle,Turning accident,Daylight,Dry
6170,195473,9,Dammvorstadt,2019,6,16,2,3,5,3,0,1,1,0,0,0,0,0,Treptow-Köpenick,Accident with minor injuries,Collision with a turning/crossing vehicle,Turning/Crossing accident,Daylight,Dry
6171,195474,4,Schloßgarten,2019,6,10,2,3,2,6,0,0,1,0,1,0,0,0,Charlottenburg - Wilmersdorf,Accident with minor injuries,Collision with the vehicle in front/waiting vehicle,Collision involving vehicles going in the same way,Daylight,Dry
6172,195475,8,Gropiusstadt Süd,2019,6,10,2,3,5,7,0,1,1,0,0,0,0,0,Neukölln,Accident with minor injuries,Collision with a turning/crossing vehicle,Others,Daylight,Dry
6173,195476,3,Volkspark Prenzlauer Berg,2019,6,15,2,3,0,7,0,0,1,0,0,0,0,0,Pankow,Accident with minor injuries,Others,Others,Daylight,Dry
6174,195477,9,Johannisthal West,2019,6,15,2,3,0,6,0,1,1,0,0,0,0,0,Treptow-Köpenick,Accident with minor injuries,Others,Collision involving vehicles going in the same way,Daylight,Dry
6175,195478,2,Andreasviertel,2019,6,9,2,3,5,3,0,1,1,0,0,0,0,0,Friedrichshain - Kreuzberg,Accident with minor injuries,Collision with a turning/crossing vehicle,Turning/Crossing accident,Daylight,Dry
6176,195479,5,Adamstraße,2019,6,9,2,3,5,2,0,1,1,0,0,0,0,0,Spandau,Accident with minor injuries,Collision with a turning/crossing vehicle,Turning accident,Daylight,Dry
6177,195480,2,Urbanstraße,2019,6,8,2,3,5,2,0,1,1,0,0,0,0,0,Friedrichshain - Kreuzberg,Accident with minor injuries,Collision with a turning/crossing vehicle,Turning accident,Daylight,Dry
6178,195481,4,Park Ruhwald,2019,6,8,2,3,5,2,0,0,1,0,0,0,0,0,Charlottenburg - Wilmersdorf,Accident with minor injuries,Collision with a turning/crossing vehicle,Turning accident,Daylight,Dry
6179,195482,2,Oranienplatz,2019,6,7,2,3,2,6,0,0,1,0,0,1,0,0,Friedrichshain - Kreuzberg,Accident with minor injuries,Collision with the vehicle in front/waiting vehicle,Collision involving vehicles going in the same way,Daylight,Dry
6180,195483,5,Borkumer Straße,2019,6,15,2,3,6,4,0,0,1,1,0,0,0,0,Spandau,Accident with minor injuries,Collision between vehicle and pedestrian,Pedestrian crossing accident,Daylight,Dry
6181,195484,9,Köpenick Nord,2019,6,7,2,3,5,3,0,0,1,0,0,0,0,0,Treptow-Köpenick,Accident with minor injuries,Collision with a turning/crossing vehicle,Turning/Crossing accident,Daylight,Dry
6182,195485,1,Nördlicher Landwehrkanal,2019,6,6,2,3,5,7,0,0,1,0,0,0,0,0,Mitte,Accident with minor injuries,Collision with a turning/crossing vehicle,Others,Daylight,Dry
6183,195486,12,Waldidyll/Flughafensee,2019,6,15,2,3,0,2,0,0,1,0,0,0,1,0,Reinickendorf,Accident with minor injuries,Others,Turning accident,Daylight,Dry
6184,195487,1,Oranienburger Straße,2019,6,6,2,3,2,6,0,0,1,0,0,0,0,0,Mitte,Accident with minor injuries,Collision with the vehicle in front/waiting vehicle,Collision involving vehicles going in the same way,Daylight,Dry
6185,195488,9,Adlershof Ost,2019,6,6,2,3,0,3,0,1,1,0,0,0,0,0,Treptow-Köpenick,Accident with minor injuries,Others,Turning/Crossing accident,Daylight,Dry
6186,195489,1,Karl-Marx-Allee,2019,6,15,2,2,2,2,0,0,1,0,0,0,0,0,Mitte,Accident with serious injuries,Collision with the vehicle in front/waiting vehicle,Turning accident,Daylight,Dry
6187,195490,3,Erich-Weinert-Straße,2019,6,5,2,3,1,5,0,0,1,0,1,0,0,0,Pankow,Accident with minor injuries,Collision with a moving/standing/parked vehicle,Accident involving parked vehicles,Daylight,Dry
6188,195491,2,Hausburgviertel,2019,6,1,2,3,5,2,2,0,1,0,0,0,0,0,Friedrichshain - Kreuzberg,Accident with minor injuries,Collision with a turning/crossing vehicle,Turning accident,Dark,Dry
6189,195492,1,Invalidenstraße,2019,6,8,2,3,0,1,0,1,0,0,0,0,0,0,Mitte,Accident with minor injuries,Others,Driving accident,Daylight,Dry
6190,195493,11,Herzbergstraße,2019,6,20,2,3,5,2,0,1,1,0,0,0,0,1,Lichtenberg,Accident with minor injuries,Collision with a turning/crossing vehicle,Turning accident,Daylight,Wet/moist/slippery
6191,195494,6,Dahlem,2019,6,9,2,3,5,2,0,1,0,0,0,0,1,0,Steglitz-Zehlendorf,Accident with minor injuries,Collision with a turning/crossing vehicle,Turning accident,Daylight,Dry
6192,195495,10,Gewerbegebiet Bitterfelder Straße,2019,6,17,2,1,1,7,0,0,1,0,0,0,0,0,Marzahn-Hellersdorf,Accident with fatalities,Collision with a moving/standing/parked vehicle,Others,Daylight,Dry
6193,195496,4,Lietzensee,2019,6,14,1,3,2,6,0,1,0,0,0,0,0,0,Charlottenburg - Wilmersdorf,Accident with minor injuries,Collision with the vehicle in front/waiting vehicle,Collision involving vehicles going in the same way,Daylight,Dry
6194,195497,4,Kissinger Straße,2019,6,14,1,3,5,3,0,1,1,0,0,0,0,0,Charlottenburg - Wilmersdorf,Accident with minor injuries,Collision with a turning/crossing vehicle,Turning/Crossing accident,Daylight,Dry
6195,195498,1,Invalidenstraße,2019,6,14,1,3,6,7,0,0,1,1,0,0,0,0,Mitte,Accident with minor injuries,Collision between vehicle and pedestrian,Others,Daylight,Dry
6196,195499,9,Altstadt Kietz,2019,6,19,1,3,3,6,0,1,1,0,0,0,0,0,Treptow-Köpenick,Accident with minor injuries,Collision with a vehicle traveling laterally in the same direction,Collision involving vehicles going in the same way,Daylight,Dry
6197,195500,1,Reinickendorfer Straße,2019,6,21,1,3,5,3,0,0,1,0,0,0,0,0,Mitte,Accident with minor injuries,Collision with a turning/crossing vehicle,Turning/Crossing accident,Daylight,Dry
6198,195501,11,Stralauer Kiez,2019,6,20,1,2,4,6,0,0,1,0,1,0,0,0,Lichtenberg,Accident with serious injuries,Collision with oncoming vehicle,Collision involving vehicles going in the same way,Daylight,Dry
6199,195502,2,Andreasviertel,2019,6,20,1,3,1,5,0,1,1,0,0,0,1,0,Friedrichshain - Kreuzberg,Accident with minor injuries,Collision with a moving/standing/parked vehicle,Accident involving parked vehicles,Daylight,Dry
6200,195503,4,Plötzensee,2019,6,17,1,3,0,2,0,1,1,0,0,0,0,0,Charlottenburg - Wilmersdorf,Accident with minor injuries,Others,Turning accident,Daylight,Dry
6201,195504,2,Mehringplatz,2019,6,17,1,2,5,3,0,0,1,0,1,0,0,0,Friedrichshain - Kreuzberg,Accident with serious injuries,Collision with a turning/crossing vehicle,Turning/Crossing accident,Daylight,Dry
6202,195505,10,Mahlsdorf Süd,2019,6,15,1,2,5,3,0,0,1,0,1,0,0,0,Marzahn-Hellersdorf,Accident with serious injuries,Collision with a turning/crossing vehicle,Turning/Crossing accident,Daylight,Dry
6203,195506,7,Dennewitzplatz,2019,6,16,1,3,5,2,0,1,1,0,0,0,0,0,Tempelhof-Schöneberg,Accident with minor injuries,Collision with a turning/crossing vehicle,Turning accident,Daylight,Dry
6204,195507,3,Thälmannpark,2019,6,16,1,3,0,1,0,1,0,0,0,0,0,0,Pankow,Accident with minor injuries,Others,Driving accident,Daylight,Dry
6205,195508,11,Karlshorst Nord,2019,6,14,1,3,5,3,0,0,1,0,0,0,0,0,Lichtenberg,Accident with minor injuries,Collision with a turning/crossing vehicle,Turning/Crossing accident,Daylight,Dry
6206,195509,7,Nollendorfplatz,2019,6,14,1,3,5,3,0,0,1,0,1,0,0,0,Tempelhof-Schöneberg,Accident with minor injuries,Collision with a turning/crossing vehicle,Turning/Crossing accident,Daylight,Dry
6207,195510,1,Stülerstraße,2019,6,14,1,3,5,3,0,0,1,0,0,0,0,0,Mitte,Accident with minor injuries,Collision with a turning/crossing vehicle,Turning/Crossing accident,Daylight,Dry
6208,195511,1,Unter den Linden Nord,2019,6,14,1,3,5,2,0,0,1,0,1,0,0,0,Mitte,Accident with minor injuries,Collision with a turning/crossing vehicle,Turning accident,Daylight,Dry
6209,195512,11,Karlshorst Nord,2019,6,14,1,2,5,3,0,1,1,0,0,0,0,0,Lichtenberg,Accident with serious injuries,Collision with a turning/crossing vehicle,Turning/Crossing accident,Daylight,Dry
6210,195513,3,Arnimplatz,2019,6,13,1,3,2,6,0,0,1,0,0,0,0,0,Pankow,Accident with minor injuries,Collision with the vehicle in front/waiting vehicle,Collision involving vehicles going in the same way,Daylight,Dry
6211,195514,11,Karlshorst West,2019,6,12,6,3,5,2,0,1,1,0,0,0,0,0,Lichtenberg,Accident with minor injuries,Collision with a turning/crossing vehicle,Turning accident,Daylight,Dry
6212,195515,8,Buschkrugallee Nord,2019,6,13,1,3,2,6,0,0,1,0,0,0,0,0,Neukölln,Accident with minor injuries,Collision with the vehicle in front/waiting vehicle,Collision involving vehicles going in the same way,Daylight,Dry
6213,195516,7,Manteuffelstraße,2019,6,12,1,2,5,3,0,0,1,0,1,0,0,0,Tempelhof-Schöneberg,Accident with serious injuries,Collision with a turning/crossing vehicle,Turning/Crossing accident,Daylight,Dry
6214,195517,1,Gesundbrunnen,2019,6,12,6,3,5,2,0,1,0,0,0,0,1,0,Mitte,Accident with minor injuries,Collision with a turning/crossing vehicle,Turning accident,Daylight,Dry
6215,195518,1,Rehberge,2019,6,1,1,2,5,2,2,0,1,0,0,0,0,0,Mitte,Accident with serious injuries,Collision with a turning/crossing vehicle,Turning accident,Dark,Dry
6216,195519,6,Thielallee,2019,6,17,6,2,5,2,0,1,1,0,0,0,0,0,Steglitz-Zehlendorf,Accident with serious injuries,Collision with a turning/crossing vehicle,Turning accident,Daylight,Dry
6217,195520,11,Malchower Weg,2019,6,2,1,3,5,3,2,0,1,0,0,0,0,0,Lichtenberg,Accident with minor injuries,Collision with a turning/crossing vehicle,Turning/Crossing accident,Dark,Dry
6218,195521,8,Handwerker-Siedlung,2019,6,12,6,3,3,6,0,1,0,0,0,1,0,0,Neukölln,Accident with minor injuries,Collision with a vehicle traveling laterally in the same direction,Collision involving vehicles going in the same way,Daylight,Dry
6219,195522,12,Wittenau Süd,2019,6,10,1,3,4,5,0,0,1,0,0,0,0,0,Reinickendorf,Accident with minor injuries,Collision with oncoming vehicle,Accident involving parked vehicles,Daylight,Dry
6220,195523,12,Wittenau Süd,2019,6,7,6,2,5,2,0,1,0,0,0,1,0,0,Reinickendorf,Accident with serious injuries,Collision with a turning/crossing vehicle,Turning accident,Daylight,Dry
6221,195524,1,Sparrplatz,2019,6,10,1,3,5,2,0,0,1,0,0,0,0,0,Mitte,Accident with minor injuries,Collision with a turning/crossing vehicle,Turning accident,Daylight,Dry
6222,195525,1,Gesundbrunnen,2019,6,11,1,3,5,3,0,0,1,0,0,0,1,0,Mitte,Accident with minor injuries,Collision with a turning/crossing vehicle,Turning/Crossing accident,Daylight,Dry
6223,195526,5,Hakenfelde Nord,2019,6,12,6,3,5,3,0,1,1,0,0,0,0,0,Spandau,Accident with minor injuries,Collision with a turning/crossing vehicle,Turning/Crossing accident,Daylight,Dry
6224,195527,6,Goerzwerke,2019,6,12,1,2,2,1,0,0,1,0,0,0,0,0,Steglitz-Zehlendorf,Accident with serious injuries,Collision with the vehicle in front/waiting vehicle,Driving accident,Daylight,Dry
6225,195528,4,Schaperstraße,2019,6,12,6,3,0,6,0,0,1,0,1,0,0,0,Charlottenburg - Wilmersdorf,Accident with minor injuries,Others,Collision involving vehicles going in the same way,Daylight,Dry
6226,195529,11,Fennpfuhl West,2019,6,1,1,3,0,1,2,0,0,0,1,0,0,0,Lichtenberg,Accident with minor injuries,Others,Driving accident,Dark,Dry
6227,195530,4,Schlangenbader Straße,2019,6,11,6,3,5,2,0,0,1,0,1,0,0,0,Charlottenburg - Wilmersdorf,Accident with minor injuries,Collision with a turning/crossing vehicle,Turning accident,Daylight,Dry
6228,195531,8,Reuterkiez,2019,6,0,1,3,0,1,2,1,0,0,0,0,0,0,Neukölln,Accident with minor injuries,Others,Driving accident,Dark,Dry
6229,195532,8,Buckow Mitte,2019,6,11,6,3,5,2,0,1,1,0,0,0,0,0,Neukölln,Accident with minor injuries,Collision with a turning/crossing vehicle,Turning accident,Daylight,Dry
6230,195533,2,Andreasviertel,2019,6,12,7,3,5,3,0,0,1,0,0,0,0,0,Friedrichshain - Kreuzberg,Accident with minor injuries,Collision with a turning/crossing vehicle,Turning/Crossing accident,Daylight,Dry
6231,195534,3,Teutoburger Platz,2019,6,18,7,3,5,3,0,0,1,0,0,0,0,0,Pankow,Accident with minor injuries,Collision with a turning/crossing vehicle,Turning/Crossing accident,Daylight,Dry
6232,195535,9,Allende I,2019,6,12,6,3,5,3,0,0,1,0,0,0,1,0,Treptow-Köpenick,Accident with minor injuries,Collision with a turning/crossing vehicle,Turning/Crossing accident,Daylight,Dry
6233,195536,3,Rennbahnstraße,2019,6,13,6,2,5,3,0,1,1,0,0,0,0,0,Pankow,Accident with serious injuries,Collision with a turning/crossing vehicle,Turning/Crossing accident,Daylight,Dry
6234,195537,6,Hindenburgdamm,2019,6,15,7,3,1,5,0,1,1,0,0,0,0,0,Steglitz-Zehlendorf,Accident with minor injuries,Collision with a moving/standing/parked vehicle,Accident involving parked vehicles,Daylight,Dry
6235,195538,10,Ringkolonnaden,2019,6,18,7,2,5,3,0,1,1,0,0,0,0,0,Marzahn-Hellersdorf,Accident with serious injuries,Collision with a turning/crossing vehicle,Turning/Crossing accident,Daylight,Dry
6236,195539,9,Köllnische Vorstadt,2019,6,12,6,2,3,6,0,1,0,0,0,1,0,0,Treptow-Köpenick,Accident with serious injuries,Collision with a vehicle traveling laterally in the same direction,Collision involving vehicles going in the same way,Daylight,Dry
6237,195540,7,Neu-Tempelhof,2019,6,15,7,3,5,2,0,1,0,0,0,0,0,0,Tempelhof-Schöneberg,Accident with minor injuries,Collision with a turning/crossing vehicle,Turning accident,Daylight,Dry
6238,195541,4,Reichsstraße,2019,6,16,6,3,5,3,0,1,1,0,0,0,0,0,Charlottenburg - Wilmersdorf,Accident with minor injuries,Collision with a turning/crossing vehicle,Turning/Crossing accident,Daylight,Dry
6239,195542,1,Emdener Straße,2019,6,14,7,3,5,2,0,0,1,0,1,0,0,0,Mitte,Accident with minor injuries,Collision with a turning/crossing vehicle,Turning accident,Daylight,Dry
6240,195543,1,Reinickendorfer Straße,2019,6,19,7,3,2,6,0,0,1,0,0,0,0,0,Mitte,Accident with minor injuries,Collision with the vehicle in front/waiting vehicle,Collision involving vehicles going in the same way,Daylight,Dry
6241,195544,8,Buckow Mitte,2019,6,16,6,3,5,3,0,0,1,0,1,0,0,0,Neukölln,Accident with minor injuries,Collision with a turning/crossing vehicle,Turning/Crossing accident,Daylight,Dry
6242,195545,2,Oranienplatz,2019,6,19,7,3,5,3,0,1,1,0,0,0,0,0,Friedrichshain - Kreuzberg,Accident with minor injuries,Collision with a turning/crossing vehicle,Turning/Crossing accident,Daylight,Dry
6243,195546,4,Breitscheidplatz,2019,6,13,7,3,5,2,0,1,1,0,0,0,0,0,Charlottenburg - Wilmersdorf,Accident with minor injuries,Collision with a turning/crossing vehicle,Turning accident,Daylight,Dry
6244,195547,3,Karow Nord,2019,6,16,6,3,6,4,0,0,1,1,0,0,0,0,Pankow,Accident with minor injuries,Collision between vehicle and pedestrian,Pedestrian crossing accident,Daylight,Dry
6245,195548,11,Karlshorst Süd,2019,6,19,7,3,2,6,0,0,1,0,0,0,0,0,Lichtenberg,Accident with minor injuries,Collision with the vehicle in front/waiting vehicle,Collision involving vehicles going in the same way,Daylight,Dry
6246,195549,9,Altstadt Kietz,2019,6,16,6,2,5,2,0,1,1,0,0,0,0,0,Treptow-Köpenick,Accident with serious injuries,Collision with a turning/crossing vehicle,Turning accident,Daylight,Dry
6247,195550,4,Park Ruhwald,2019,6,16,6,2,4,6,0,1,0,0,0,0,0,0,Charlottenburg - Wilmersdorf,Accident with serious injuries,Collision with oncoming vehicle,Collision involving vehicles going in the same way,Daylight,Dry
6248,195551,7,Bayerischer Platz,2019,6,19,7,3,5,3,0,0,1,0,0,0,0,0,Tempelhof-Schöneberg,Accident with minor injuries,Collision with a turning/crossing vehicle,Turning/Crossing accident,Daylight,Dry
6249,195552,2,Wassertorplatz,2019,6,15,6,2,5,7,0,0,1,0,0,1,0,0,Friedrichshain - Kreuzberg,Accident with serious injuries,Collision with a turning/crossing vehicle,Others,Daylight,Dry
6250,195553,2,Lausitzer Platz,2019,6,12,7,2,5,2,0,1,1,0,0,0,0,0,Friedrichshain - Kreuzberg,Accident with serious injuries,Collision with a turning/crossing vehicle,Turning accident,Daylight,Dry
6251,195554,4,Spreestadt,2019,6,16,6,3,5,2,0,1,0,0,1,0,0,0,Charlottenburg - Wilmersdorf,Accident with minor injuries,Collision with a turning/crossing vehicle,Turning accident,Daylight,Dry
6252,195555,6,Fischtal,2019,6,22,7,3,6,4,2,0,1,1,0,0,0,0,Steglitz-Zehlendorf,Accident with minor injuries,Collision between vehicle and pedestrian,Pedestrian crossing accident,Dark,Dry
6253,195556,7,Alt-Lichtenrade/Töpchiner Weg,2019,6,12,7,3,1,5,0,0,1,0,0,0,0,0,Tempelhof-Schöneberg,Accident with minor injuries,Collision with a moving/standing/parked vehicle,Accident involving parked vehicles,Daylight,Dry
6254,195557,7,Nollendorfplatz,2019,6,16,6,3,1,5,0,1,1,0,0,0,0,0,Tempelhof-Schöneberg,Accident with minor injuries,Collision with a moving/standing/parked vehicle,Accident involving parked vehicles,Daylight,Dry
6255,195558,4,Kissinger Straße,2019,6,9,6,3,2,7,0,0,1,0,0,0,0,0,Charlottenburg - Wilmersdorf,Accident with minor injuries,Collision with the vehicle in front/waiting vehicle,Others,Daylight,Dry
6256,195559,5,Carl-Schurz-Straße,2019,6,11,7,3,0,2,0,0,1,0,0,0,1,0,Spandau,Accident with minor injuries,Others,Turning accident,Daylight,Dry
6257,195560,5,Freiheit,2019,6,10,7,3,5,2,0,1,1,0,0,0,0,0,Spandau,Accident with minor injuries,Collision with a turning/crossing vehicle,Turning accident,Daylight,Dry
6258,195561,3,Behaimstraße,2019,6,12,6,2,1,1,0,0,1,0,0,0,1,0,Pankow,Accident with serious injuries,Collision with a moving/standing/parked vehicle,Driving accident,Daylight,Dry
6259,195562,1,Oranienburger Straße,2019,6,23,7,2,0,1,2,1,0,0,0,0,0,0,Mitte,Accident with serious injuries,Others,Driving accident,Dark,Dry
6260,195563,2,Mehringplatz,2019,6,17,6,3,5,3,0,0,1,0,0,0,0,0,Friedrichshain - Kreuzberg,Accident with minor injuries,Collision with a turning/crossing vehicle,Turning/Crossing accident,Daylight,Dry
6261,195564,8,Parchimer Allee,2019,6,9,7,3,5,7,0,0,1,0,0,0,0,0,Neukölln,Accident with minor injuries,Collision with a turning/crossing vehicle,Others,Daylight,Dry
6262,195565,1,Brunnenstraße,2019,6,9,7,2,5,2,0,1,0,0,0,1,0,0,Mitte,Accident with serious injuries,Collision with a turning/crossing vehicle,Turning accident,Daylight,Dry
6263,195566,8,Schillerpromenade,2019,6,15,6,3,6,2,0,0,1,1,0,0,0,0,Neukölln,Accident with minor injuries,Collision between vehicle and pedestrian,Turning accident,Daylight,Dry
6264,195567,4,Eisenzahnstraße,2019,5,5,6,3,5,2,0,1,1,0,0,0,0,0,Charlottenburg - Wilmersdorf,Accident with minor injuries,Collision with a turning/crossing vehicle,Turning accident,Daylight,Dry
6265,195568,3,Weißenseer Spitze,2019,5,7,6,3,5,3,0,0,1,0,1,0,0,0,Pankow,Accident with minor injuries,Collision with a turning/crossing vehicle,Turning/Crossing accident,Daylight,Dry
6266,195569,2,Mehringplatz,2019,6,23,6,2,5,3,2,0,1,0,0,0,0,0,Friedrichshain - Kreuzberg,Accident with serious injuries,Collision with a turning/crossing vehicle,Turning/Crossing accident,Dark,Dry
6267,195570,4,Kaiserin-Augusta-Allee,2019,5,9,6,3,5,2,0,1,1,0,0,0,0,0,Charlottenburg - Wilmersdorf,Accident with minor injuries,Collision with a turning/crossing vehicle,Turning accident,Daylight,Dry
6268,195571,11,Dorf Falkenberg,2019,6,15,6,3,5,2,0,0,1,0,1,0,0,0,Lichtenberg,Accident with minor injuries,Collision with a turning/crossing vehicle,Turning accident,Daylight,Dry
6269,195572,4,Amtsgerichtsplatz,2019,5,9,6,3,5,2,0,0,1,0,0,0,0,0,Charlottenburg - Wilmersdorf,Accident with minor injuries,Collision with a turning/crossing vehicle,Turning accident,Daylight,Dry
6270,195573,7,Eisenacher Straße,2019,5,15,6,3,2,6,0,0,1,0,0,0,0,0,Tempelhof-Schöneberg,Accident with minor injuries,Collision with the vehicle in front/waiting vehicle,Collision involving vehicles going in the same way,Daylight,Dry
6271,195574,7,Rathausstraße,2019,6,11,6,3,1,5,0,1,1,0,0,0,1,0,Tempelhof-Schöneberg,Accident with minor injuries,Collision with a moving/standing/parked vehicle,Accident involving parked vehicles,Daylight,Dry
6272,195575,3,Weißenseer Spitze,2019,6,11,6,3,2,1,0,0,1,0,0,0,0,0,Pankow,Accident with minor injuries,Collision with the vehicle in front/waiting vehicle,Driving accident,Daylight,Dry
6273,195576,12,Mellerbogen,2019,5,15,6,3,5,3,0,0,1,0,0,0,0,0,Reinickendorf,Accident with minor injuries,Collision with a turning/crossing vehicle,Turning/Crossing accident,Daylight,Dry
6274,195577,7,Neu-Tempelhof,2019,5,15,6,3,5,2,0,1,1,0,0,0,0,0,Tempelhof-Schöneberg,Accident with minor injuries,Collision with a turning/crossing vehicle,Turning accident,Daylight,Dry
6275,195578,4,Klausenerplatz,2019,6,18,6,3,0,7,0,1,0,0,0,0,0,0,Charlottenburg - Wilmersdorf,Accident with minor injuries,Others,Others,Daylight,Dry
6276,195579,9,Bohnsdorf,2019,5,13,6,3,5,3,0,1,1,0,0,0,0,0,Treptow-Köpenick,Accident with minor injuries,Collision with a turning/crossing vehicle,Turning/Crossing accident,Daylight,Dry
6277,195580,2,Wassertorplatz,2019,6,10,6,2,6,4,0,1,0,1,0,0,0,0,Friedrichshain - Kreuzberg,Accident with serious injuries,Collision between vehicle and pedestrian,Pedestrian crossing accident,Daylight,Dry
6278,195581,12,Scharnweberstraße,2019,5,13,6,2,5,2,0,0,1,0,0,0,0,0,Reinickendorf,Accident with serious injuries,Collision with a turning/crossing vehicle,Turning accident,Daylight,Dry
6279,195582,12,Schorfheidestraße,2019,5,16,6,3,5,3,0,0,1,0,0,0,0,0,Reinickendorf,Accident with minor injuries,Collision with a turning/crossing vehicle,Turning/Crossing accident,Daylight,Dry
6280,195583,4,Motardstraße,2019,5,17,6,2,2,6,0,0,1,0,0,0,0,0,Charlottenburg - Wilmersdorf,Accident with serious injuries,Collision with the vehicle in front/waiting vehicle,Collision involving vehicles going in the same way,Daylight,Dry
6281,195584,12,Frohnau,2019,6,15,6,3,1,5,0,0,1,0,0,0,0,0,Reinickendorf,Accident with minor injuries,Collision with a moving/standing/parked vehicle,Accident involving parked vehicles,Daylight,Dry
6282,195585,9,Köpenicker Landstraße,2019,5,17,6,2,5,2,0,1,1,0,0,0,0,0,Treptow-Köpenick,Accident with serious injuries,Collision with a turning/crossing vehicle,Turning accident,Daylight,Dry
6283,195586,3,Falkplatz,2019,6,10,6,3,5,2,0,0,1,0,1,0,0,0,Pankow,Accident with minor injuries,Collision with a turning/crossing vehicle,Turning accident,Daylight,Dry
6284,195587,2,Graefekiez,2019,5,19,6,3,5,7,0,1,0,0,0,0,1,0,Friedrichshain - Kreuzberg,Accident with minor injuries,Collision with a turning/crossing vehicle,Others,Daylight,Dry
6285,195588,5,Gartenfelder Straße,2019,6,9,6,3,1,5,0,1,1,0,0,0,1,0,Spandau,Accident with minor injuries,Collision with a moving/standing/parked vehicle,Accident involving parked vehicles,Daylight,Dry
6286,195589,2,Graefekiez,2019,5,19,6,3,0,6,0,0,1,0,0,0,1,0,Friedrichshain - Kreuzberg,Accident with minor injuries,Others,Collision involving vehicles going in the same way,Daylight,Dry
6287,195590,2,Oranienplatz,2019,6,9,6,3,5,3,0,1,1,0,0,0,0,0,Friedrichshain - Kreuzberg,Accident with minor injuries,Collision with a turning/crossing vehicle,Turning/Crossing accident,Daylight,Dry
6288,195591,12,Scharnweberstraße,2019,5,20,6,3,5,2,0,0,1,0,0,0,0,1,Reinickendorf,Accident with minor injuries,Collision with a turning/crossing vehicle,Turning accident,Daylight,Wet/moist/slippery
6289,195592,9,Johannisthal Ost,2019,6,15,6,3,5,3,0,1,1,0,0,0,0,0,Treptow-Köpenick,Accident with minor injuries,Collision with a turning/crossing vehicle,Turning/Crossing accident,Daylight,Dry
6290,195593,7,Rathaus Tempelhof,2019,5,21,6,3,2,6,2,0,1,0,0,0,1,1,Tempelhof-Schöneberg,Accident with minor injuries,Collision with the vehicle in front/waiting vehicle,Collision involving vehicles going in the same way,Dark,Wet/moist/slippery
6291,195594,7,John-Locke-Straße,2019,6,15,6,3,1,5,0,1,1,0,0,0,0,0,Tempelhof-Schöneberg,Accident with minor injuries,Collision with a moving/standing/parked vehicle,Accident involving parked vehicles,Daylight,Dry
6292,195595,2,Chamissokiez,2019,5,18,6,3,0,1,0,1,0,0,0,0,0,0,Friedrichshain - Kreuzberg,Accident with minor injuries,Others,Driving accident,Daylight,Dry
6293,195596,6,Fichtenberg,2019,5,9,6,3,2,2,0,0,1,0,0,0,1,0,Steglitz-Zehlendorf,Accident with minor injuries,Collision with the vehicle in front/waiting vehicle,Turning accident,Daylight,Dry