,object id,district,street,year,month,hour of day,weekday,category,accident type,accident type 2,light situation,bike involved,car involved,pedestrian involved,motor bike involved,big track involved,other vehicle involved,road condition,district name,category name,accident detail,accident type detail,light condition,road condition detail
6294,195597,4,Plötzensee,2019,6,14,6,3,5,2,0,1,1,0,0,0,0,0,Charlottenburg - Wilmersdorf,Accident with minor injuries,Collision with a turning/crossing vehicle,Turning accident,Daylight,Dry
6295,195598,9,Rahnsdorf/Hessenwinkel,2019,5,10,6,3,5,2,0,1,1,0,0,0,0,0,Treptow-Köpenick,Accident with minor injuries,Collision with a turning/crossing vehicle,Turning accident,Daylight,Dry
6296,195599,4,Alt-Lietzow,2019,6,14,6,3,5,2,0,1,1,0,0,0,0,0,Charlottenburg - Wilmersdorf,Accident with minor injuries,Collision with a turning/crossing vehicle,Turning accident,Daylight,Dry
6297,195600,3,Kollwitzplatz,2019,5,12,6,3,2,6,0,0,1,0,0,0,0,0,Pankow,Accident with minor injuries,Collision with the vehicle in front/waiting vehicle,Collision involving vehicles going in the same way,Daylight,Dry
6298,195601,1,Heine-Viertel Ost,2019,5,12,6,3,0,7,0,1,0,0,0,0,1,1,Mitte,Accident with minor injuries,Others,Others,Daylight,Wet/moist/slippery
6299,195602,3,Arnimplatz,2019,6,14,6,2,5,2,0,1,1,0,0,0,0,0,Pankow,Accident with serious injuries,Collision with a turning/crossing vehicle,Turning accident,Daylight,Dry
6300,195603,1,Leopoldplatz,2019,5,12,6,3,2,6,0,0,1,0,0,0,0,0,Mitte,Accident with minor injuries,Collision with the vehicle in front/waiting vehicle,Collision involving vehicles going in the same way,Daylight,Dry
6301,195604,6,Lankwitz Kirche,2019,6,13,6,3,1,5,0,1,1,0,0,0,0,0,Steglitz-Zehlendorf,Accident with minor injuries,Collision with a moving/standing/parked vehicle,Accident involving parked vehicles,Daylight,Dry
6302,195605,2,Lausitzer Platz,2019,5,12,6,3,2,6,0,0,1,0,0,0,1,0,Friedrichshain - Kreuzberg,Accident with minor injuries,Collision with the vehicle in front/waiting vehicle,Collision involving vehicles going in the same way,Daylight,Dry
6303,195606,6,Hüttenweg,2019,6,14,6,3,2,6,0,0,1,0,0,1,0,0,Steglitz-Zehlendorf,Accident with minor injuries,Collision with the vehicle in front/waiting vehicle,Collision involving vehicles going in the same way,Daylight,Dry
6304,195607,1,Heine-Viertel Ost,2019,5,12,6,3,0,7,0,0,0,0,1,0,1,1,Mitte,Accident with minor injuries,Others,Others,Daylight,Wet/moist/slippery
6305,195608,1,Rehberge,2019,6,10,6,3,2,6,0,0,1,0,0,1,0,0,Mitte,Accident with minor injuries,Collision with the vehicle in front/waiting vehicle,Collision involving vehicles going in the same way,Daylight,Dry
6306,195609,12,Wittenau Süd,2019,5,23,6,3,2,6,2,0,1,0,0,0,0,1,Reinickendorf,Accident with minor injuries,Collision with the vehicle in front/waiting vehicle,Collision involving vehicles going in the same way,Dark,Wet/moist/slippery
6307,195610,1,Charitéviertel,2019,5,21,6,3,0,1,2,0,0,0,1,0,0,1,Mitte,Accident with minor injuries,Others,Driving accident,Dark,Wet/moist/slippery
6308,195611,1,Elberfelder Straße,2019,6,8,6,3,1,1,0,0,1,0,0,0,0,0,Mitte,Accident with minor injuries,Collision with a moving/standing/parked vehicle,Driving accident,Daylight,Dry
6309,195612,11,Karlshorst Süd,2019,6,8,6,1,6,4,0,0,0,1,0,1,0,0,Lichtenberg,Accident with fatalities,Collision between vehicle and pedestrian,Pedestrian crossing accident,Daylight,Dry
6310,195613,2,Askanischer Platz,2019,5,18,5,3,6,7,0,0,1,1,0,0,0,0,Friedrichshain - Kreuzberg,Accident with minor injuries,Collision between vehicle and pedestrian,Others,Daylight,Dry
6311,195614,8,Treptower Straße Nord,2019,6,16,5,3,0,2,0,1,0,0,0,0,1,1,Neukölln,Accident with minor injuries,Others,Turning accident,Daylight,Wet/moist/slippery
6312,195615,7,Nahariyastraße,2019,5,18,5,2,5,2,0,0,1,0,1,0,0,0,Tempelhof-Schöneberg,Accident with serious injuries,Collision with a turning/crossing vehicle,Turning accident,Daylight,Dry
6313,195616,2,Mehringplatz,2019,6,18,5,3,3,6,0,1,1,0,0,0,0,0,Friedrichshain - Kreuzberg,Accident with minor injuries,Collision with a vehicle traveling laterally in the same direction,Collision involving vehicles going in the same way,Daylight,Dry
6314,195617,4,Rüdesheimer Platz,2019,5,17,5,3,6,4,0,0,1,1,0,0,0,0,Charlottenburg - Wilmersdorf,Accident with minor injuries,Collision between vehicle and pedestrian,Pedestrian crossing accident,Daylight,Dry
6315,195618,10,Boulevard Kastanienallee,2019,5,17,5,2,5,3,0,1,1,0,0,0,0,0,Marzahn-Hellersdorf,Accident with serious injuries,Collision with a turning/crossing vehicle,Turning/Crossing accident,Daylight,Dry
6316,195619,12,Alt-Tegel,2019,6,15,5,3,2,6,0,0,1,0,0,0,0,0,Reinickendorf,Accident with minor injuries,Collision with the vehicle in front/waiting vehicle,Collision involving vehicles going in the same way,Daylight,Dry
6317,195620,9,Altstadt Kietz,2019,6,7,5,3,5,2,0,1,1,0,0,0,0,0,Treptow-Köpenick,Accident with minor injuries,Collision with a turning/crossing vehicle,Turning accident,Daylight,Dry
6318,195621,3,Niederschönhausen,2019,5,16,5,3,5,3,0,0,1,0,0,0,0,0,Pankow,Accident with minor injuries,Collision with a turning/crossing vehicle,Turning/Crossing accident,Daylight,Dry
6319,195622,10,Kaulsdorf Nord,2019,5,16,5,2,5,3,0,1,1,0,0,0,0,0,Marzahn-Hellersdorf,Accident with serious injuries,Collision with a turning/crossing vehicle,Turning/Crossing accident,Daylight,Dry
6320,195623,9,Adlershof West,2019,6,7,5,3,5,2,0,1,1,0,0,0,0,0,Treptow-Köpenick,Accident with minor injuries,Collision with a turning/crossing vehicle,Turning accident,Daylight,Dry
6321,195624,1,Elberfelder Straße,2019,5,18,5,3,5,2,0,1,1,0,0,0,0,0,Mitte,Accident with minor injuries,Collision with a turning/crossing vehicle,Turning accident,Daylight,Dry
6322,195625,5,Goltzstraße,2019,6,6,5,3,5,3,0,0,1,0,1,0,0,0,Spandau,Accident with minor injuries,Collision with a turning/crossing vehicle,Turning/Crossing accident,Daylight,Dry
6323,195626,12,Frohnau,2019,5,16,5,3,0,1,0,1,0,0,0,0,0,0,Reinickendorf,Accident with minor injuries,Others,Driving accident,Daylight,Dry
6324,195627,10,Havemannstraße,2019,5,16,5,3,5,7,0,0,1,0,0,0,0,0,Marzahn-Hellersdorf,Accident with minor injuries,Collision with a turning/crossing vehicle,Others,Daylight,Dry
6325,195628,8,Weiße Siedlung,2019,6,6,5,3,5,2,0,1,0,0,1,0,0,0,Neukölln,Accident with minor injuries,Collision with a turning/crossing vehicle,Turning accident,Daylight,Dry
6326,195629,2,Andreasviertel,2019,5,23,5,2,6,4,2,0,1,1,0,0,0,0,Friedrichshain - Kreuzberg,Accident with serious injuries,Collision between vehicle and pedestrian,Pedestrian crossing accident,Dark,Dry
6327,195630,1,Leopoldplatz,2019,6,21,5,3,5,7,2,1,1,0,0,0,0,1,Mitte,Accident with minor injuries,Collision with a turning/crossing vehicle,Others,Dark,Wet/moist/slippery
6328,195631,8,Glasower Straße,2019,5,22,5,3,5,7,2,1,1,0,0,0,0,0,Neukölln,Accident with minor injuries,Collision with a turning/crossing vehicle,Others,Dark,Dry
6329,195632,8,Schillerpromenade,2019,6,21,5,3,2,6,1,1,1,0,0,0,0,1,Neukölln,Accident with minor injuries,Collision with the vehicle in front/waiting vehicle,Collision involving vehicles going in the same way,Twilight,Wet/moist/slippery
6330,195633,4,Preußenpark,2019,5,20,5,3,5,3,1,1,1,0,0,0,0,0,Charlottenburg - Wilmersdorf,Accident with minor injuries,Collision with a turning/crossing vehicle,Turning/Crossing accident,Twilight,Dry
6331,195634,4,Savignyplatz,2019,6,21,5,3,6,4,1,0,1,1,0,0,0,1,Charlottenburg - Wilmersdorf,Accident with minor injuries,Collision between vehicle and pedestrian,Pedestrian crossing accident,Twilight,Wet/moist/slippery
6332,195635,3,Rennbahnstraße,2019,5,20,5,3,5,2,1,1,1,0,0,0,0,0,Pankow,Accident with minor injuries,Collision with a turning/crossing vehicle,Turning accident,Twilight,Dry
6333,195636,1,Thomasiusstraße,2019,5,19,5,3,1,5,0,1,1,0,0,0,0,0,Mitte,Accident with minor injuries,Collision with a moving/standing/parked vehicle,Accident involving parked vehicles,Daylight,Dry
6334,195637,8,Waßmannsdorfer Chaussee,2019,6,12,5,2,6,2,0,0,1,1,0,0,0,0,Neukölln,Accident with serious injuries,Collision between vehicle and pedestrian,Turning accident,Daylight,Dry
6335,195638,3,Erich-Weinert-Straße,2019,6,23,5,3,5,3,2,0,1,0,0,0,0,1,Pankow,Accident with minor injuries,Collision with a turning/crossing vehicle,Turning/Crossing accident,Dark,Wet/moist/slippery
6336,195639,10,Biesdorf Süd,2019,5,18,5,3,2,6,0,1,0,0,0,0,0,0,Marzahn-Hellersdorf,Accident with minor injuries,Collision with the vehicle in front/waiting vehicle,Collision involving vehicles going in the same way,Daylight,Dry
6337,195640,10,Kaulsdorf Süd,2019,5,18,5,3,5,3,0,0,1,0,0,0,0,0,Marzahn-Hellersdorf,Accident with minor injuries,Collision with a turning/crossing vehicle,Turning/Crossing accident,Daylight,Dry
6338,195641,3,Märchenland,2019,6,15,5,3,0,7,0,0,1,0,0,0,0,0,Pankow,Accident with minor injuries,Others,Others,Daylight,Dry
6339,195642,1,Unter den Linden Nord,2019,5,15,5,3,3,6,0,1,1,0,0,0,0,0,Mitte,Accident with minor injuries,Collision with a vehicle traveling laterally in the same direction,Collision involving vehicles going in the same way,Daylight,Dry
6340,195643,8,Donaustraße,2019,6,15,5,3,5,2,0,0,1,0,0,0,0,1,Neukölln,Accident with minor injuries,Collision with a turning/crossing vehicle,Turning accident,Daylight,Wet/moist/slippery
6341,195644,4,Reichsstraße,2019,5,15,5,3,5,3,0,0,1,0,0,0,0,0,Charlottenburg - Wilmersdorf,Accident with minor injuries,Collision with a turning/crossing vehicle,Turning/Crossing accident,Daylight,Dry
6342,195645,1,Huttenkiez,2019,6,15,5,3,1,5,0,1,1,0,0,0,1,1,Mitte,Accident with minor injuries,Collision with a moving/standing/parked vehicle,Accident involving parked vehicles,Daylight,Wet/moist/slippery
6343,195646,3,Rosenthal,2019,5,14,5,3,2,2,0,0,1,0,0,0,0,0,Pankow,Accident with minor injuries,Collision with the vehicle in front/waiting vehicle,Turning accident,Daylight,Dry
6344,195647,7,Marienfelder Allee Nordwest,2019,6,13,5,2,2,6,0,1,1,0,0,0,0,0,Tempelhof-Schöneberg,Accident with serious injuries,Collision with the vehicle in front/waiting vehicle,Collision involving vehicles going in the same way,Daylight,Dry
6345,195648,4,Rathaus Wilmersdorf,2019,5,14,5,3,2,6,0,0,1,0,0,0,0,0,Charlottenburg - Wilmersdorf,Accident with minor injuries,Collision with the vehicle in front/waiting vehicle,Collision involving vehicles going in the same way,Daylight,Dry
6346,195649,11,Rüdigerstraße,2019,6,12,5,2,6,2,0,0,1,1,0,0,0,0,Lichtenberg,Accident with serious injuries,Collision between vehicle and pedestrian,Turning accident,Daylight,Dry
6347,195650,11,Weitlingstraße,2019,5,13,5,3,6,2,0,0,0,1,0,0,1,0,Lichtenberg,Accident with minor injuries,Collision between vehicle and pedestrian,Turning accident,Daylight,Dry
6348,195651,2,Friedenstraße,2019,6,12,5,3,5,2,0,1,1,0,0,0,0,0,Friedrichshain - Kreuzberg,Accident with minor injuries,Collision with a turning/crossing vehicle,Turning accident,Daylight,Dry
6349,195652,5,Alt-Gatow,2019,5,13,5,2,1,5,0,1,1,0,0,0,0,0,Spandau,Accident with serious injuries,Collision with a moving/standing/parked vehicle,Accident involving parked vehicles,Daylight,Dry
6350,195653,6,Schweizer Viertel,2019,5,10,5,2,5,7,0,0,1,0,1,0,0,0,Steglitz-Zehlendorf,Accident with serious injuries,Collision with a turning/crossing vehicle,Others,Daylight,Dry
6351,195654,1,Zillesiedlung,2019,6,12,5,3,5,2,0,0,1,0,1,0,0,0,Mitte,Accident with minor injuries,Collision with a turning/crossing vehicle,Turning accident,Daylight,Dry
6352,195655,5,Borkumer Straße,2019,5,6,5,2,1,5,0,0,1,0,0,0,0,0,Spandau,Accident with serious injuries,Collision with a moving/standing/parked vehicle,Accident involving parked vehicles,Daylight,Dry
6353,195656,9,Oberschöneweide West,2019,6,12,5,3,2,6,0,0,1,0,0,0,0,0,Treptow-Köpenick,Accident with minor injuries,Collision with the vehicle in front/waiting vehicle,Collision involving vehicles going in the same way,Daylight,Dry
6354,195657,12,Tegeler Forst,2019,5,16,4,3,2,6,0,0,1,0,0,0,0,0,Reinickendorf,Accident with minor injuries,Collision with the vehicle in front/waiting vehicle,Collision involving vehicles going in the same way,Daylight,Dry
6355,195658,2,Chamissokiez,2019,6,11,5,2,5,7,0,1,1,0,0,0,0,0,Friedrichshain - Kreuzberg,Accident with serious injuries,Collision with a turning/crossing vehicle,Others,Daylight,Dry
6356,195659,4,Plötzensee,2019,5,18,4,3,2,2,0,1,1,0,0,0,0,0,Charlottenburg - Wilmersdorf,Accident with minor injuries,Collision with the vehicle in front/waiting vehicle,Turning accident,Daylight,Dry
6357,195660,6,Nikolassee,2019,6,11,5,3,5,2,0,0,1,0,1,0,0,0,Steglitz-Zehlendorf,Accident with minor injuries,Collision with a turning/crossing vehicle,Turning accident,Daylight,Dry
6358,195661,2,Wriezener Bahnhof/Entwicklungsgebiet,2019,5,18,4,3,5,2,0,1,0,0,0,0,1,0,Friedrichshain - Kreuzberg,Accident with minor injuries,Collision with a turning/crossing vehicle,Turning accident,Daylight,Dry
6359,195662,1,Emdener Straße,2019,5,16,4,3,3,6,0,0,1,0,1,0,0,0,Mitte,Accident with minor injuries,Collision with a vehicle traveling laterally in the same direction,Collision involving vehicles going in the same way,Daylight,Dry
6360,195663,10,Alt-Marzahn,2019,6,11,5,3,2,6,0,0,1,0,0,0,0,0,Marzahn-Hellersdorf,Accident with minor injuries,Collision with the vehicle in front/waiting vehicle,Collision involving vehicles going in the same way,Daylight,Dry
6361,195664,9,Bölschestraße,2019,6,7,5,3,6,2,0,0,1,1,0,0,0,0,Treptow-Köpenick,Accident with minor injuries,Collision between vehicle and pedestrian,Turning accident,Daylight,Dry
6362,195665,9,Dammvorstadt,2019,5,23,4,3,0,1,2,1,0,0,0,0,0,0,Treptow-Köpenick,Accident with minor injuries,Others,Driving accident,Dark,Dry
6363,195666,4,Richard-Wagner-Straße,2019,5,17,4,3,6,4,0,0,1,1,0,0,0,0,Charlottenburg - Wilmersdorf,Accident with minor injuries,Collision between vehicle and pedestrian,Pedestrian crossing accident,Daylight,Dry
6364,195667,2,Boxhagener Platz,2019,6,10,5,3,5,5,0,0,1,0,1,0,0,0,Friedrichshain - Kreuzberg,Accident with minor injuries,Collision with a turning/crossing vehicle,Accident involving parked vehicles,Daylight,Dry
6365,195668,1,Leipziger Straße,2019,5,20,4,3,0,2,1,1,0,0,0,1,0,0,Mitte,Accident with minor injuries,Others,Turning accident,Twilight,Dry
6366,195669,4,Spreestadt,2019,6,10,5,3,2,2,0,0,1,0,0,0,0,0,Charlottenburg - Wilmersdorf,Accident with minor injuries,Collision with the vehicle in front/waiting vehicle,Turning accident,Daylight,Dry
6367,195670,4,Prager Platz,2019,5,18,4,3,5,3,0,1,1,0,0,0,0,0,Charlottenburg - Wilmersdorf,Accident with minor injuries,Collision with a turning/crossing vehicle,Turning/Crossing accident,Daylight,Dry
6368,195671,9,Baumschulenstraße,2019,5,18,4,2,5,2,0,0,1,0,0,0,0,0,Treptow-Köpenick,Accident with serious injuries,Collision with a turning/crossing vehicle,Turning accident,Daylight,Dry
6369,195672,4,Schaperstraße,2019,6,9,5,3,6,2,0,1,0,1,0,0,0,0,Charlottenburg - Wilmersdorf,Accident with minor injuries,Collision between vehicle and pedestrian,Turning accident,Daylight,Dry
6370,195673,2,Viktoriapark,2019,5,23,4,3,5,3,2,0,1,0,0,0,0,0,Friedrichshain - Kreuzberg,Accident with minor injuries,Collision with a turning/crossing vehicle,Turning/Crossing accident,Dark,Dry
6371,195674,11,Weitlingstraße,2019,5,22,4,3,5,2,2,0,1,0,0,0,0,0,Lichtenberg,Accident with minor injuries,Collision with a turning/crossing vehicle,Turning accident,Dark,Dry
6372,195675,11,Mühlengrund,2019,6,9,5,2,6,4,0,0,0,1,0,0,1,0,Lichtenberg,Accident with serious injuries,Collision between vehicle and pedestrian,Pedestrian crossing accident,Daylight,Dry
6373,195676,3,Pankow Süd,2019,5,21,4,3,5,2,1,1,1,0,0,0,0,0,Pankow,Accident with minor injuries,Collision with a turning/crossing vehicle,Turning accident,Twilight,Dry
6374,195677,3,Helmholtzplatz,2019,5,18,4,3,0,2,0,0,1,0,1,0,0,0,Pankow,Accident with minor injuries,Others,Turning accident,Daylight,Dry
6375,195678,4,Hindemithplatz,2019,6,19,5,3,2,6,0,1,0,0,1,0,0,1,Charlottenburg - Wilmersdorf,Accident with minor injuries,Collision with the vehicle in front/waiting vehicle,Collision involving vehicles going in the same way,Daylight,Wet/moist/slippery
6376,195679,1,Leopoldplatz,2019,5,18,4,3,5,2,0,1,1,0,0,0,0,0,Mitte,Accident with minor injuries,Collision with a turning/crossing vehicle,Turning accident,Daylight,Dry
6377,195680,1,Oranienburger Straße,2019,6,18,5,3,0,1,0,1,0,0,0,0,0,1,Mitte,Accident with minor injuries,Others,Driving accident,Daylight,Wet/moist/slippery
6378,195681,5,Borkumer Straße,2019,5,15,4,3,6,2,0,0,1,1,0,0,0,0,Spandau,Accident with minor injuries,Collision between vehicle and pedestrian,Turning accident,Daylight,Dry
6379,195682,1,Oranienburger Straße,2019,6,18,5,3,0,3,0,1,0,0,1,0,0,1,Mitte,Accident with minor injuries,Others,Turning/Crossing accident,Daylight,Wet/moist/slippery
6380,195683,10,Kaulsdorf Süd,2019,5,18,4,3,5,3,0,1,1,0,0,0,0,0,Marzahn-Hellersdorf,Accident with minor injuries,Collision with a turning/crossing vehicle,Turning/Crossing accident,Daylight,Dry
6381,195684,5,Carl-Schurz-Straße,2019,6,18,5,3,0,2,0,1,1,0,0,0,0,1,Spandau,Accident with minor injuries,Others,Turning accident,Daylight,Wet/moist/slippery
6382,195685,6,Fichtenberg,2019,5,9,4,2,3,6,0,0,1,0,1,0,0,0,Steglitz-Zehlendorf,Accident with serious injuries,Collision with a vehicle traveling laterally in the same direction,Collision involving vehicles going in the same way,Daylight,Dry
6383,195686,2,Lausitzer Platz,2019,5,11,4,3,5,3,0,1,1,0,0,0,0,0,Friedrichshain - Kreuzberg,Accident with minor injuries,Collision with a turning/crossing vehicle,Turning/Crossing accident,Daylight,Dry
6384,195687,1,Wilhelmstraße,2019,6,18,5,2,5,3,1,1,1,0,0,0,0,1,Mitte,Accident with serious injuries,Collision with a turning/crossing vehicle,Turning/Crossing accident,Twilight,Wet/moist/slippery
6385,195688,12,Treuenbrietzener Straße,2019,6,18,5,3,5,2,0,1,1,0,0,0,0,1,Reinickendorf,Accident with minor injuries,Collision with a turning/crossing vehicle,Turning accident,Daylight,Wet/moist/slippery
6386,195689,4,Preußenpark,2019,5,18,4,3,2,6,0,0,1,0,0,0,0,0,Charlottenburg - Wilmersdorf,Accident with minor injuries,Collision with the vehicle in front/waiting vehicle,Collision involving vehicles going in the same way,Daylight,Dry
6387,195690,4,Hagenplatz,2019,5,11,4,3,5,2,0,0,1,0,0,1,0,0,Charlottenburg - Wilmersdorf,Accident with minor injuries,Collision with a turning/crossing vehicle,Turning accident,Daylight,Dry
6388,195691,6,Fischtal,2019,6,18,5,2,6,4,0,0,1,1,0,0,0,1,Steglitz-Zehlendorf,Accident with serious injuries,Collision between vehicle and pedestrian,Pedestrian crossing accident,Daylight,Wet/moist/slippery
6389,195692,7,Nollendorfplatz,2019,5,11,4,3,5,7,0,0,1,0,0,0,0,0,Tempelhof-Schöneberg,Accident with minor injuries,Collision with a turning/crossing vehicle,Others,Daylight,Dry
6390,195693,1,Charitéviertel,2019,6,18,5,3,0,1,0,0,0,0,1,0,0,1,Mitte,Accident with minor injuries,Others,Driving accident,Daylight,Wet/moist/slippery
6391,195694,5,Carl-Schurz-Straße,2019,5,11,4,3,5,2,0,0,1,0,1,0,0,0,Spandau,Accident with minor injuries,Collision with a turning/crossing vehicle,Turning accident,Daylight,Dry
6392,195695,2,Oranienplatz,2019,6,17,5,2,6,4,0,0,0,1,1,0,0,1,Friedrichshain - Kreuzberg,Accident with serious injuries,Collision between vehicle and pedestrian,Pedestrian crossing accident,Daylight,Wet/moist/slippery
6393,195696,2,Wriezener Bahnhof/Entwicklungsgebiet,2019,5,12,4,3,1,5,0,1,1,0,0,0,1,0,Friedrichshain - Kreuzberg,Accident with minor injuries,Collision with a moving/standing/parked vehicle,Accident involving parked vehicles,Daylight,Dry
6394,195697,12,Heiligensee,2019,6,16,5,2,0,1,0,1,0,0,0,0,0,1,Reinickendorf,Accident with serious injuries,Others,Driving accident,Daylight,Wet/moist/slippery
6395,195698,9,Späthsfelde,2019,5,17,4,3,2,6,0,1,1,0,0,0,0,0,Treptow-Köpenick,Accident with minor injuries,Collision with the vehicle in front/waiting vehicle,Collision involving vehicles going in the same way,Daylight,Dry
6396,195699,4,Reichsstraße,2019,5,17,4,2,6,4,0,0,1,1,0,0,0,0,Charlottenburg - Wilmersdorf,Accident with serious injuries,Collision between vehicle and pedestrian,Pedestrian crossing accident,Daylight,Dry
6397,195700,1,Beusselkiez,2019,6,16,5,3,6,4,0,0,1,1,0,0,0,1,Mitte,Accident with minor injuries,Collision between vehicle and pedestrian,Pedestrian crossing accident,Daylight,Wet/moist/slippery
6398,195701,7,Hundsteinweg,2019,6,15,5,3,1,5,0,0,1,0,0,0,0,1,Tempelhof-Schöneberg,Accident with minor injuries,Collision with a moving/standing/parked vehicle,Accident involving parked vehicles,Daylight,Wet/moist/slippery
6399,195702,6,Oberhofer Platz,2019,5,17,4,3,5,3,0,0,1,0,0,0,1,0,Steglitz-Zehlendorf,Accident with minor injuries,Collision with a turning/crossing vehicle,Turning/Crossing accident,Daylight,Dry
6400,195703,4,Schloßstraße,2019,6,17,5,3,5,3,0,1,1,0,0,0,0,0,Charlottenburg - Wilmersdorf,Accident with minor injuries,Collision with a turning/crossing vehicle,Turning/Crossing accident,Daylight,Dry
6401,195704,1,Soldiner Straße,2019,6,17,5,3,4,6,0,0,0,0,1,1,0,0,Mitte,Accident with minor injuries,Collision with oncoming vehicle,Collision involving vehicles going in the same way,Daylight,Dry
6402,195705,4,Kaiserin-Augusta-Allee,2019,6,17,5,3,5,3,0,0,1,0,0,0,0,0,Charlottenburg - Wilmersdorf,Accident with minor injuries,Collision with a turning/crossing vehicle,Turning/Crossing accident,Daylight,Dry
6403,195706,12,Schäfersee,2019,6,17,5,3,5,3,0,1,1,0,0,0,0,0,Reinickendorf,Accident with minor injuries,Collision with a turning/crossing vehicle,Turning/Crossing accident,Daylight,Dry
6404,195707,1,Heine-Viertel Ost,2019,6,16,5,3,5,3,0,0,1,0,0,0,1,0,Mitte,Accident with minor injuries,Collision with a turning/crossing vehicle,Turning/Crossing accident,Daylight,Dry
6405,195708,6,Teltower Damm,2019,6,16,5,3,5,2,0,1,1,0,0,0,0,0,Steglitz-Zehlendorf,Accident with minor injuries,Collision with a turning/crossing vehicle,Turning accident,Daylight,Dry
6406,195709,4,Alt-Lietzow,2019,6,16,5,2,5,3,0,1,1,0,0,0,0,0,Charlottenburg - Wilmersdorf,Accident with serious injuries,Collision with a turning/crossing vehicle,Turning/Crossing accident,Daylight,Dry
6407,195710,3,Buch,2019,6,16,5,3,5,2,0,1,1,0,0,0,0,0,Pankow,Accident with minor injuries,Collision with a turning/crossing vehicle,Turning accident,Daylight,Dry
6408,195711,1,Charitéviertel,2019,6,16,5,3,5,2,0,0,1,0,1,0,0,0,Mitte,Accident with minor injuries,Collision with a turning/crossing vehicle,Turning accident,Daylight,Dry
6409,195712,10,Gelbes Viertel,2019,6,20,5,3,2,6,0,0,1,0,1,0,0,0,Marzahn-Hellersdorf,Accident with minor injuries,Collision with the vehicle in front/waiting vehicle,Collision involving vehicles going in the same way,Daylight,Dry
6410,195713,2,Traveplatz,2019,6,20,5,3,5,3,0,1,1,0,0,0,0,0,Friedrichshain - Kreuzberg,Accident with minor injuries,Collision with a turning/crossing vehicle,Turning/Crossing accident,Daylight,Dry
6411,195714,2,Hausburgviertel,2019,6,19,5,3,5,3,0,1,1,0,0,0,0,0,Friedrichshain - Kreuzberg,Accident with minor injuries,Collision with a turning/crossing vehicle,Turning/Crossing accident,Daylight,Dry
6412,195715,11,Weitlingstraße,2019,6,19,5,3,2,2,0,0,1,0,0,0,0,0,Lichtenberg,Accident with minor injuries,Collision with the vehicle in front/waiting vehicle,Turning accident,Daylight,Dry
6413,195716,5,Adamstraße,2019,6,19,5,3,1,5,0,0,1,0,0,0,1,0,Spandau,Accident with minor injuries,Collision with a moving/standing/parked vehicle,Accident involving parked vehicles,Daylight,Dry
6414,195717,10,Alte Hellersdorfer Straße,2019,6,18,5,3,2,6,0,0,1,0,0,0,1,0,Marzahn-Hellersdorf,Accident with minor injuries,Collision with the vehicle in front/waiting vehicle,Collision involving vehicles going in the same way,Daylight,Dry
6415,195718,6,Dahlem,2019,6,18,5,3,0,7,0,1,0,0,0,0,0,0,Steglitz-Zehlendorf,Accident with minor injuries,Others,Others,Daylight,Dry
6416,195719,1,Emdener Straße,2019,6,18,5,3,5,3,0,1,1,0,0,0,0,0,Mitte,Accident with minor injuries,Collision with a turning/crossing vehicle,Turning/Crossing accident,Daylight,Dry
6417,195720,1,Invalidenstraße,2019,6,18,5,3,0,1,0,1,0,0,0,0,0,0,Mitte,Accident with minor injuries,Others,Driving accident,Daylight,Dry
6418,195721,7,Marienfelde Süd,2019,6,18,5,3,0,2,0,1,1,0,0,0,0,0,Tempelhof-Schöneberg,Accident with minor injuries,Others,Turning accident,Daylight,Dry
6419,195722,9,Oberschöneweide Ost,2019,6,15,5,3,6,7,0,1,0,1,0,0,0,0,Treptow-Köpenick,Accident with minor injuries,Collision between vehicle and pedestrian,Others,Daylight,Dry
6420,195723,9,Dammvorstadt,2019,6,17,5,3,2,6,0,0,1,0,1,0,0,0,Treptow-Köpenick,Accident with minor injuries,Collision with the vehicle in front/waiting vehicle,Collision involving vehicles going in the same way,Daylight,Dry
6421,195724,2,Samariterviertel,2019,6,15,5,3,6,4,0,0,1,1,0,0,0,0,Friedrichshain - Kreuzberg,Accident with minor injuries,Collision between vehicle and pedestrian,Pedestrian crossing accident,Daylight,Dry
6422,195725,9,Oberschöneweide West,2019,6,15,5,3,2,6,0,0,1,0,0,0,0,0,Treptow-Köpenick,Accident with minor injuries,Collision with the vehicle in front/waiting vehicle,Collision involving vehicles going in the same way,Daylight,Dry
6423,195726,2,Wassertorplatz,2019,6,15,5,3,5,7,0,0,1,0,0,0,0,0,Friedrichshain - Kreuzberg,Accident with minor injuries,Collision with a turning/crossing vehicle,Others,Daylight,Dry
6424,195727,10,Gewerbegebiet Bitterfelder Straße,2019,6,6,5,2,5,2,0,1,1,0,0,0,0,0,Marzahn-Hellersdorf,Accident with serious injuries,Collision with a turning/crossing vehicle,Turning accident,Daylight,Dry
6425,195728,3,Pankow Zentrum,2019,6,7,5,2,5,3,0,1,1,0,0,0,0,0,Pankow,Accident with serious injuries,Collision with a turning/crossing vehicle,Turning/Crossing accident,Daylight,Dry
6426,195729,1,Großer Tiergarten,2019,6,14,5,3,6,4,0,0,1,1,0,0,0,0,Mitte,Accident with minor injuries,Collision between vehicle and pedestrian,Pedestrian crossing accident,Daylight,Dry
6427,195730,11,Rummelsburg,2019,6,7,5,3,3,6,0,0,1,0,1,0,0,1,Lichtenberg,Accident with minor injuries,Collision with a vehicle traveling laterally in the same direction,Collision involving vehicles going in the same way,Daylight,Wet/moist/slippery