,object id,district,street,year,month,hour of day,weekday,category,accident type,accident type 2,light situation,bike involved,car involved,pedestrian involved,motor bike involved,big track involved,other vehicle involved,road condition,district name,category name,accident detail,accident type detail,light condition,road condition detail
6428,195731,2,Wrangelkiez,2019,6,7,5,3,3,6,0,1,0,0,0,0,1,0,Friedrichshain - Kreuzberg,Accident with minor injuries,Collision with a vehicle traveling laterally in the same direction,Collision involving vehicles going in the same way,Daylight,Dry
6429,195732,6,Südende,2019,6,7,5,3,3,6,0,0,1,0,1,0,0,0,Steglitz-Zehlendorf,Accident with minor injuries,Collision with a vehicle traveling laterally in the same direction,Collision involving vehicles going in the same way,Daylight,Dry
6430,195733,6,Zehlendorf Mitte,2019,6,7,5,2,5,2,0,0,1,0,1,0,0,1,Steglitz-Zehlendorf,Accident with serious injuries,Collision with a turning/crossing vehicle,Turning accident,Daylight,Wet/moist/slippery
6431,195734,1,Reinickendorfer Straße,2019,6,8,5,3,5,3,0,1,1,0,0,0,0,0,Mitte,Accident with minor injuries,Collision with a turning/crossing vehicle,Turning/Crossing accident,Daylight,Dry
6432,195735,11,Hauptstraße,2019,6,8,5,3,6,4,0,0,1,1,0,0,0,0,Lichtenberg,Accident with minor injuries,Collision between vehicle and pedestrian,Pedestrian crossing accident,Daylight,Dry
6433,195736,9,Elsenstraße,2019,6,8,5,3,5,2,0,1,1,0,0,0,0,0,Treptow-Köpenick,Accident with minor injuries,Collision with a turning/crossing vehicle,Turning accident,Daylight,Dry
6434,195737,9,Oberschöneweide West,2019,6,9,5,3,5,2,0,1,1,0,0,0,0,0,Treptow-Köpenick,Accident with minor injuries,Collision with a turning/crossing vehicle,Turning accident,Daylight,Dry
6435,195738,1,Unter den Linden Süd,2019,6,14,5,3,5,7,0,0,1,0,1,0,0,0,Mitte,Accident with minor injuries,Collision with a turning/crossing vehicle,Others,Daylight,Dry
6436,195739,1,Unter den Linden Nord,2019,6,10,5,3,5,3,0,1,1,0,0,0,0,0,Mitte,Accident with minor injuries,Collision with a turning/crossing vehicle,Turning/Crossing accident,Daylight,Dry
6437,195740,11,Sewanstraße,2019,6,10,5,2,5,3,0,1,0,0,0,1,0,0,Lichtenberg,Accident with serious injuries,Collision with a turning/crossing vehicle,Turning/Crossing accident,Daylight,Dry
6438,195741,4,Hagenplatz,2019,6,12,5,3,2,6,0,1,1,0,0,0,0,0,Charlottenburg - Wilmersdorf,Accident with minor injuries,Collision with the vehicle in front/waiting vehicle,Collision involving vehicles going in the same way,Daylight,Dry
6439,195742,3,Hansastraße,2019,6,12,5,3,1,5,0,1,1,0,0,0,0,0,Pankow,Accident with minor injuries,Collision with a moving/standing/parked vehicle,Accident involving parked vehicles,Daylight,Dry
6440,195743,2,Urbanstraße,2019,6,12,5,3,0,3,0,1,0,0,0,1,0,0,Friedrichshain - Kreuzberg,Accident with minor injuries,Others,Turning/Crossing accident,Daylight,Dry
6441,195744,4,Droysenstraße,2019,6,8,5,2,0,1,0,1,0,0,0,0,0,0,Charlottenburg - Wilmersdorf,Accident with serious injuries,Others,Driving accident,Daylight,Dry
6442,195745,4,Kranzallee,2019,6,16,5,3,5,3,0,1,0,0,0,0,1,0,Charlottenburg - Wilmersdorf,Accident with minor injuries,Collision with a turning/crossing vehicle,Turning/Crossing accident,Daylight,Dry
6443,195746,6,Lichterfelde West,2019,6,15,4,3,6,7,0,0,0,1,1,0,0,0,Steglitz-Zehlendorf,Accident with minor injuries,Collision between vehicle and pedestrian,Others,Daylight,Dry
6444,195747,1,Humboldthain Süd,2019,6,11,4,3,6,4,0,1,0,1,0,0,0,0,Mitte,Accident with minor injuries,Collision between vehicle and pedestrian,Pedestrian crossing accident,Daylight,Dry
6445,195748,1,Charitéviertel,2019,6,19,4,3,0,1,0,0,0,0,1,0,0,1,Mitte,Accident with minor injuries,Others,Driving accident,Daylight,Wet/moist/slippery
6446,195749,8,Schulenburgpark,2019,6,19,4,3,0,1,1,1,0,0,0,0,0,1,Neukölln,Accident with minor injuries,Others,Driving accident,Twilight,Wet/moist/slippery
6447,195750,3,Buch,2019,6,11,4,2,4,6,0,0,1,0,0,1,0,0,Pankow,Accident with serious injuries,Collision with oncoming vehicle,Collision involving vehicles going in the same way,Daylight,Dry
6448,195751,2,Viktoriapark,2019,6,8,4,3,0,1,0,0,0,0,1,0,0,1,Friedrichshain - Kreuzberg,Accident with minor injuries,Others,Driving accident,Daylight,Wet/moist/slippery
6449,195752,1,Gesundbrunnen,2019,6,23,4,3,0,2,2,1,1,0,0,0,0,1,Mitte,Accident with minor injuries,Others,Turning accident,Dark,Wet/moist/slippery
6450,195753,1,Humboldthain Nordwest,2019,6,22,4,3,0,3,2,0,1,0,1,0,0,1,Mitte,Accident with minor injuries,Others,Turning/Crossing accident,Dark,Wet/moist/slippery
6451,195754,12,Märkisches Zentrum,2019,6,22,4,3,5,3,2,0,1,0,0,0,0,1,Reinickendorf,Accident with minor injuries,Collision with a turning/crossing vehicle,Turning/Crossing accident,Dark,Wet/moist/slippery
6452,195755,6,Stadtpark,2019,6,15,4,3,5,2,0,0,1,0,1,0,0,0,Steglitz-Zehlendorf,Accident with minor injuries,Collision with a turning/crossing vehicle,Turning accident,Daylight,Dry
6453,195756,10,Alte Hellersdorfer Straße,2019,6,15,4,2,6,4,0,0,1,1,0,0,0,0,Marzahn-Hellersdorf,Accident with serious injuries,Collision between vehicle and pedestrian,Pedestrian crossing accident,Daylight,Dry
6454,195757,7,Rathaus Tempelhof,2019,6,15,4,3,0,7,0,0,1,0,0,0,1,0,Tempelhof-Schöneberg,Accident with minor injuries,Others,Others,Daylight,Dry
6455,195758,1,Wilhelmstraße,2019,6,16,4,3,6,4,0,1,0,1,0,0,0,0,Mitte,Accident with minor injuries,Collision between vehicle and pedestrian,Pedestrian crossing accident,Daylight,Dry
6456,195759,9,Dammvorstadt,2019,6,18,4,3,5,2,0,1,1,0,0,0,0,1,Treptow-Köpenick,Accident with minor injuries,Collision with a turning/crossing vehicle,Turning accident,Daylight,Wet/moist/slippery
6457,195760,9,Köllnische Vorstadt,2019,6,18,4,3,6,4,0,0,1,1,0,0,0,1,Treptow-Köpenick,Accident with minor injuries,Collision between vehicle and pedestrian,Pedestrian crossing accident,Daylight,Wet/moist/slippery
6458,195761,4,Alt-Lietzow,2019,6,18,4,3,5,3,0,1,1,0,0,0,0,1,Charlottenburg - Wilmersdorf,Accident with minor injuries,Collision with a turning/crossing vehicle,Turning/Crossing accident,Daylight,Wet/moist/slippery
6459,195762,11,Frankfurter Allee Süd,2019,6,19,4,3,0,7,0,0,1,0,0,0,0,1,Lichtenberg,Accident with minor injuries,Others,Others,Daylight,Wet/moist/slippery
6460,195763,8,Hertzbergplatz,2019,6,18,4,3,5,2,0,0,0,0,1,0,1,0,Neukölln,Accident with minor injuries,Collision with a turning/crossing vehicle,Turning accident,Daylight,Dry
6461,195764,5,Gütersloher Weg,2019,6,17,4,3,6,4,0,1,0,1,0,0,0,0,Spandau,Accident with minor injuries,Collision between vehicle and pedestrian,Pedestrian crossing accident,Daylight,Dry
6462,195765,3,Volkspark Prenzlauer Berg,2019,6,16,4,3,6,4,0,1,0,1,0,0,0,0,Pankow,Accident with minor injuries,Collision between vehicle and pedestrian,Pedestrian crossing accident,Daylight,Dry
6463,195766,3,Pankow Süd,2019,6,16,4,3,5,3,0,0,1,0,0,0,1,0,Pankow,Accident with minor injuries,Collision with a turning/crossing vehicle,Turning/Crossing accident,Daylight,Dry
6464,195767,8,Donaustraße,2019,6,22,4,3,2,6,2,0,1,0,0,0,0,1,Neukölln,Accident with minor injuries,Collision with the vehicle in front/waiting vehicle,Collision involving vehicles going in the same way,Dark,Wet/moist/slippery
6465,195768,3,Weißer See,2019,6,20,4,3,5,3,1,1,1,0,0,0,0,1,Pankow,Accident with minor injuries,Collision with a turning/crossing vehicle,Turning/Crossing accident,Twilight,Wet/moist/slippery
6466,195769,5,Adamstraße,2019,6,16,4,3,2,6,0,0,1,0,0,0,0,0,Spandau,Accident with minor injuries,Collision with the vehicle in front/waiting vehicle,Collision involving vehicles going in the same way,Daylight,Dry
6467,195770,1,Wilhelmstraße,2019,6,20,4,3,1,5,0,1,1,0,0,0,0,1,Mitte,Accident with minor injuries,Collision with a moving/standing/parked vehicle,Accident involving parked vehicles,Daylight,Wet/moist/slippery
6468,195771,1,Brunnenstraße,2019,6,19,4,2,5,7,0,0,1,0,0,0,1,1,Mitte,Accident with serious injuries,Collision with a turning/crossing vehicle,Others,Daylight,Wet/moist/slippery
6469,195772,8,Gropiusstadt Nord,2019,6,18,4,3,0,1,1,1,0,0,0,0,0,1,Neukölln,Accident with minor injuries,Others,Driving accident,Twilight,Wet/moist/slippery
6470,195773,1,Oranienburger Straße,2019,6,10,4,3,1,5,0,1,1,0,0,0,1,0,Mitte,Accident with minor injuries,Collision with a moving/standing/parked vehicle,Accident involving parked vehicles,Daylight,Dry
6471,195774,6,Lichterfelde West,2019,6,13,4,3,5,2,0,1,1,0,0,0,0,0,Steglitz-Zehlendorf,Accident with minor injuries,Collision with a turning/crossing vehicle,Turning accident,Daylight,Dry
6472,195775,5,Eiswerder,2019,6,14,4,3,5,2,0,1,1,0,0,0,0,0,Spandau,Accident with minor injuries,Collision with a turning/crossing vehicle,Turning accident,Daylight,Dry
6473,195776,6,Nikolassee,2019,6,14,4,3,5,3,0,0,1,0,0,0,0,0,Steglitz-Zehlendorf,Accident with minor injuries,Collision with a turning/crossing vehicle,Turning/Crossing accident,Daylight,Dry
6474,195777,2,Moritzplatz,2019,6,12,4,3,2,6,0,1,1,0,0,0,0,0,Friedrichshain - Kreuzberg,Accident with minor injuries,Collision with the vehicle in front/waiting vehicle,Collision involving vehicles going in the same way,Daylight,Dry
6475,195778,2,Wrangelkiez,2019,6,13,4,3,5,2,0,0,1,0,1,0,0,0,Friedrichshain - Kreuzberg,Accident with minor injuries,Collision with a turning/crossing vehicle,Turning accident,Daylight,Dry
6476,195779,1,Stephankiez,2019,6,13,4,3,5,3,0,1,1,0,0,0,0,0,Mitte,Accident with minor injuries,Collision with a turning/crossing vehicle,Turning/Crossing accident,Daylight,Dry
6477,195780,4,Königin-Elisabeth-Straße,2019,6,13,4,3,5,3,0,1,1,0,0,0,0,0,Charlottenburg - Wilmersdorf,Accident with minor injuries,Collision with a turning/crossing vehicle,Turning/Crossing accident,Daylight,Dry
6478,195781,6,Gemeindepark Lankwitz,2019,6,15,4,3,5,2,0,1,1,0,0,0,0,0,Steglitz-Zehlendorf,Accident with minor injuries,Collision with a turning/crossing vehicle,Turning accident,Daylight,Dry
6479,195782,4,Prager Platz,2019,6,15,4,3,2,6,0,0,1,0,0,0,0,0,Charlottenburg - Wilmersdorf,Accident with minor injuries,Collision with the vehicle in front/waiting vehicle,Collision involving vehicles going in the same way,Daylight,Dry
6480,195783,4,Lietzensee,2019,6,12,4,2,5,3,0,1,1,0,0,0,0,0,Charlottenburg - Wilmersdorf,Accident with serious injuries,Collision with a turning/crossing vehicle,Turning/Crossing accident,Daylight,Dry
6481,195784,6,Oberhofer Platz,2019,6,13,4,3,2,6,0,0,1,0,0,0,0,0,Steglitz-Zehlendorf,Accident with minor injuries,Collision with the vehicle in front/waiting vehicle,Collision involving vehicles going in the same way,Daylight,Dry
6482,195785,3,Buschallee,2019,6,10,4,3,5,7,0,0,1,0,0,0,1,0,Pankow,Accident with minor injuries,Collision with a turning/crossing vehicle,Others,Daylight,Dry
6483,195786,1,Reinickendorfer Straße,2019,6,19,4,3,3,6,0,0,1,0,0,0,0,1,Mitte,Accident with minor injuries,Collision with a vehicle traveling laterally in the same direction,Collision involving vehicles going in the same way,Daylight,Wet/moist/slippery
6484,195787,2,Graefekiez,2019,6,19,4,3,0,5,0,1,1,0,0,0,0,1,Friedrichshain - Kreuzberg,Accident with minor injuries,Others,Accident involving parked vehicles,Daylight,Wet/moist/slippery
6485,195788,11,Fennpfuhl Ost,2019,6,4,4,3,0,7,1,0,0,0,1,0,1,1,Lichtenberg,Accident with minor injuries,Others,Others,Twilight,Wet/moist/slippery
6486,195789,4,Rüdesheimer Platz,2019,6,5,4,3,0,3,0,0,1,0,1,0,0,1,Charlottenburg - Wilmersdorf,Accident with minor injuries,Others,Turning/Crossing accident,Daylight,Wet/moist/slippery
6487,195790,1,Unter den Linden Süd,2019,6,6,4,3,5,3,0,0,1,0,0,0,0,1,Mitte,Accident with minor injuries,Collision with a turning/crossing vehicle,Turning/Crossing accident,Daylight,Wet/moist/slippery
6488,195791,9,Oberschöneweide Ost,2019,6,6,4,3,5,3,0,0,1,0,0,0,0,0,Treptow-Köpenick,Accident with minor injuries,Collision with a turning/crossing vehicle,Turning/Crossing accident,Daylight,Dry
6489,195792,10,Marzahner Chaussee,2019,6,10,4,3,5,3,0,1,1,0,0,0,0,0,Marzahn-Hellersdorf,Accident with minor injuries,Collision with a turning/crossing vehicle,Turning/Crossing accident,Daylight,Dry
6490,195793,4,Spreestadt,2019,6,6,4,3,2,7,0,0,0,0,1,1,0,1,Charlottenburg - Wilmersdorf,Accident with minor injuries,Collision with the vehicle in front/waiting vehicle,Others,Daylight,Wet/moist/slippery
6491,195794,4,Eisenzahnstraße,2019,6,7,4,3,5,7,0,0,1,0,0,0,0,0,Charlottenburg - Wilmersdorf,Accident with minor injuries,Collision with a turning/crossing vehicle,Others,Daylight,Dry
6492,195795,11,Fennpfuhl Ost,2019,6,7,4,3,5,2,0,1,1,0,0,0,0,0,Lichtenberg,Accident with minor injuries,Collision with a turning/crossing vehicle,Turning accident,Daylight,Dry
6493,195796,5,Pillnitzer Weg,2019,6,8,4,3,5,2,0,1,1,0,0,0,0,1,Spandau,Accident with minor injuries,Collision with a turning/crossing vehicle,Turning accident,Daylight,Wet/moist/slippery
6494,195797,2,Urbanstraße,2019,6,9,4,3,3,6,0,1,0,0,0,0,0,0,Friedrichshain - Kreuzberg,Accident with minor injuries,Collision with a vehicle traveling laterally in the same direction,Collision involving vehicles going in the same way,Daylight,Dry
6495,195798,1,Alexanderplatzviertel,2019,6,9,4,3,5,2,0,1,1,0,0,0,0,0,Mitte,Accident with minor injuries,Collision with a turning/crossing vehicle,Turning accident,Daylight,Dry
6496,195799,9,Altstadt Kietz,2019,6,9,4,3,2,6,0,0,1,0,0,1,0,0,Treptow-Köpenick,Accident with minor injuries,Collision with the vehicle in front/waiting vehicle,Collision involving vehicles going in the same way,Daylight,Dry
6497,195800,2,Oranienplatz,2019,6,9,4,3,5,2,0,0,1,0,1,0,0,0,Friedrichshain - Kreuzberg,Accident with minor injuries,Collision with a turning/crossing vehicle,Turning accident,Daylight,Dry
6498,195801,6,Botanischer Garten,2019,6,8,4,3,5,3,0,1,1,0,0,0,0,0,Steglitz-Zehlendorf,Accident with minor injuries,Collision with a turning/crossing vehicle,Turning/Crossing accident,Daylight,Dry
6499,195802,4,Kaiserin-Augusta-Allee,2019,6,9,4,3,6,4,0,0,1,1,0,0,0,0,Charlottenburg - Wilmersdorf,Accident with minor injuries,Collision between vehicle and pedestrian,Pedestrian crossing accident,Daylight,Dry
6500,195803,3,Eldenaer Straße,2019,6,8,4,3,1,5,0,0,1,0,0,0,0,0,Pankow,Accident with minor injuries,Collision with a moving/standing/parked vehicle,Accident involving parked vehicles,Daylight,Dry
6501,195804,3,Erich-Weinert-Straße,2019,6,9,4,3,2,6,0,1,0,0,0,0,1,0,Pankow,Accident with minor injuries,Collision with the vehicle in front/waiting vehicle,Collision involving vehicles going in the same way,Daylight,Dry
6502,195805,7,Marienhöhe,2019,6,8,4,3,6,4,0,1,0,1,0,0,0,0,Tempelhof-Schöneberg,Accident with minor injuries,Collision between vehicle and pedestrian,Pedestrian crossing accident,Daylight,Dry
6503,195806,12,Märkisches Zentrum,2019,6,8,4,3,5,3,0,0,1,0,0,0,1,0,Reinickendorf,Accident with minor injuries,Collision with a turning/crossing vehicle,Turning/Crossing accident,Daylight,Dry
6504,195807,4,Hindemithplatz,2019,6,8,4,3,0,1,0,0,0,0,1,0,0,0,Charlottenburg - Wilmersdorf,Accident with minor injuries,Others,Driving accident,Daylight,Dry
6505,195808,3,Wilhelmsruh,2019,6,15,3,3,2,6,0,0,1,0,0,0,0,0,Pankow,Accident with minor injuries,Collision with the vehicle in front/waiting vehicle,Collision involving vehicles going in the same way,Daylight,Dry
6506,195809,1,Reinickendorfer Straße,2019,6,18,3,3,2,6,0,1,1,0,0,0,0,0,Mitte,Accident with minor injuries,Collision with the vehicle in front/waiting vehicle,Collision involving vehicles going in the same way,Daylight,Dry
6507,195810,1,Gesundbrunnen,2019,6,14,3,3,6,7,0,1,0,1,0,0,0,0,Mitte,Accident with minor injuries,Collision between vehicle and pedestrian,Others,Daylight,Dry
6508,195811,8,Bouchéstraße,2019,6,14,3,3,2,6,0,0,1,0,0,0,0,0,Neukölln,Accident with minor injuries,Collision with the vehicle in front/waiting vehicle,Collision involving vehicles going in the same way,Daylight,Dry
6509,195812,1,Großer Tiergarten,2019,6,12,3,3,6,7,0,1,0,1,0,0,0,0,Mitte,Accident with minor injuries,Collision between vehicle and pedestrian,Others,Daylight,Dry
6510,195813,5,Maulbeerallee,2019,6,19,3,3,5,3,0,0,1,0,0,0,0,0,Spandau,Accident with minor injuries,Collision with a turning/crossing vehicle,Turning/Crossing accident,Daylight,Dry
6511,195814,1,Leipziger Straße,2019,6,18,3,3,2,6,0,1,1,0,0,0,0,0,Mitte,Accident with minor injuries,Collision with the vehicle in front/waiting vehicle,Collision involving vehicles going in the same way,Daylight,Dry
6512,195815,3,Arnimplatz,2019,6,17,3,3,2,6,0,0,0,0,1,1,0,0,Pankow,Accident with minor injuries,Collision with the vehicle in front/waiting vehicle,Collision involving vehicles going in the same way,Daylight,Dry
6513,195816,1,Sparrplatz,2019,6,18,3,3,0,7,0,0,1,0,0,0,1,0,Mitte,Accident with minor injuries,Others,Others,Daylight,Dry
6514,195817,5,Tiefwerder,2019,6,18,3,3,2,6,0,0,1,0,0,0,0,0,Spandau,Accident with minor injuries,Collision with the vehicle in front/waiting vehicle,Collision involving vehicles going in the same way,Daylight,Dry
6515,195818,2,Weberwiese,2019,6,18,3,3,5,3,0,0,1,0,0,0,0,0,Friedrichshain - Kreuzberg,Accident with minor injuries,Collision with a turning/crossing vehicle,Turning/Crossing accident,Daylight,Dry
6516,195819,4,George-Grosz-Platz,2019,6,18,3,3,6,2,0,0,1,1,0,0,0,0,Charlottenburg - Wilmersdorf,Accident with minor injuries,Collision between vehicle and pedestrian,Turning accident,Daylight,Dry
6517,195820,11,Sewanstraße,2019,6,17,3,2,5,3,0,1,0,0,0,0,0,0,Lichtenberg,Accident with serious injuries,Collision with a turning/crossing vehicle,Turning/Crossing accident,Daylight,Dry
6518,195821,3,Falkplatz,2019,6,17,3,3,6,4,0,1,0,1,0,0,0,0,Pankow,Accident with minor injuries,Collision between vehicle and pedestrian,Pedestrian crossing accident,Daylight,Dry
6519,195822,1,Nördlicher Landwehrkanal,2019,6,17,3,3,5,2,0,1,1,0,0,0,0,0,Mitte,Accident with minor injuries,Collision with a turning/crossing vehicle,Turning accident,Daylight,Dry
6520,195823,1,Humboldthain Nordwest,2019,6,17,3,3,2,6,0,0,1,0,0,0,0,0,Mitte,Accident with minor injuries,Collision with the vehicle in front/waiting vehicle,Collision involving vehicles going in the same way,Daylight,Dry
6521,195824,11,Karlshorst Nord,2019,6,16,3,3,6,7,0,1,0,1,0,0,0,0,Lichtenberg,Accident with minor injuries,Collision between vehicle and pedestrian,Others,Daylight,Dry
6522,195825,9,Dammvorstadt,2019,6,15,3,3,5,2,0,0,1,0,1,0,0,0,Treptow-Köpenick,Accident with minor injuries,Collision with a turning/crossing vehicle,Turning accident,Daylight,Dry
6523,195826,8,Flughafenstraße,2019,6,15,3,3,2,7,0,0,1,0,1,0,0,0,Neukölln,Accident with minor injuries,Collision with the vehicle in front/waiting vehicle,Others,Daylight,Dry
6524,195827,7,Marienfelder Allee Nordwest,2019,6,10,2,2,8,1,0,0,1,0,0,0,0,0,Tempelhof-Schöneberg,Accident with serious injuries,Departure from the roadway to the right,Driving accident,Daylight,Dry
6525,195828,4,Prager Platz,2019,6,15,3,3,2,6,0,0,1,0,0,0,0,0,Charlottenburg - Wilmersdorf,Accident with minor injuries,Collision with the vehicle in front/waiting vehicle,Collision involving vehicles going in the same way,Daylight,Dry
6526,195829,11,Weitlingstraße,2019,6,8,2,3,0,7,0,0,0,0,1,1,0,1,Lichtenberg,Accident with minor injuries,Others,Others,Daylight,Wet/moist/slippery
6527,195830,12,Scharnweberstraße,2019,6,14,3,3,1,5,0,1,1,0,0,0,1,0,Reinickendorf,Accident with minor injuries,Collision with a moving/standing/parked vehicle,Accident involving parked vehicles,Daylight,Dry
6528,195831,3,Pankow Süd,2019,6,10,2,3,0,1,0,1,0,0,0,0,0,0,Pankow,Accident with minor injuries,Others,Driving accident,Daylight,Dry
6529,195832,9,Baumschulenstraße,2019,6,14,3,3,5,2,0,0,1,0,0,0,0,0,Treptow-Köpenick,Accident with minor injuries,Collision with a turning/crossing vehicle,Turning accident,Daylight,Dry
6530,195833,2,Urbanstraße,2019,6,19,2,3,5,2,0,1,1,0,0,0,0,0,Friedrichshain - Kreuzberg,Accident with minor injuries,Collision with a turning/crossing vehicle,Turning accident,Daylight,Dry
6531,195834,5,Spandauer Straße,2019,6,19,2,3,2,7,0,0,0,0,1,0,1,0,Spandau,Accident with minor injuries,Collision with the vehicle in front/waiting vehicle,Others,Daylight,Dry
6532,195835,5,Gartenfelder Straße,2019,6,14,3,3,1,5,0,1,1,0,0,0,0,0,Spandau,Accident with minor injuries,Collision with a moving/standing/parked vehicle,Accident involving parked vehicles,Daylight,Dry
6533,195836,12,Lübarser Straße,2019,6,13,3,3,3,6,0,0,1,0,1,0,0,0,Reinickendorf,Accident with minor injuries,Collision with a vehicle traveling laterally in the same direction,Collision involving vehicles going in the same way,Daylight,Dry
6534,195837,1,Reinickendorfer Straße,2019,6,19,2,3,5,2,0,1,1,0,0,0,0,0,Mitte,Accident with minor injuries,Collision with a turning/crossing vehicle,Turning accident,Daylight,Dry
6535,195838,2,Andreasviertel,2019,6,21,2,2,9,1,1,0,0,0,1,0,0,0,Friedrichshain - Kreuzberg,Accident with serious injuries,Departure from the roadway to the left,Driving accident,Twilight,Dry
6536,195839,11,Wartenberg Nord,2019,6,17,3,3,8,1,0,0,1,0,0,0,0,0,Lichtenberg,Accident with minor injuries,Departure from the roadway to the right,Driving accident,Daylight,Dry
6537,195840,3,Falkplatz,2019,6,18,2,2,0,1,0,0,0,0,1,0,0,0,Pankow,Accident with serious injuries,Others,Driving accident,Daylight,Dry
6538,195841,1,Stülerstraße,2019,6,9,3,3,3,6,0,1,0,0,0,0,1,0,Mitte,Accident with minor injuries,Collision with a vehicle traveling laterally in the same direction,Collision involving vehicles going in the same way,Daylight,Dry
6539,195842,10,Alt-Mahlsdorf,2019,6,18,2,3,5,3,0,0,1,0,0,0,1,0,Marzahn-Hellersdorf,Accident with minor injuries,Collision with a turning/crossing vehicle,Turning/Crossing accident,Daylight,Dry
6540,195843,6,Schweizer Viertel,2019,6,18,2,3,5,3,0,1,1,0,0,0,0,0,Steglitz-Zehlendorf,Accident with minor injuries,Collision with a turning/crossing vehicle,Turning/Crossing accident,Daylight,Dry
6541,195844,2,Hausburgviertel,2019,6,17,2,3,5,3,0,0,1,0,0,1,0,0,Friedrichshain - Kreuzberg,Accident with minor injuries,Collision with a turning/crossing vehicle,Turning/Crossing accident,Daylight,Dry
6542,195845,1,Emdener Straße,2019,6,10,3,3,2,6,0,1,1,0,0,0,0,0,Mitte,Accident with minor injuries,Collision with the vehicle in front/waiting vehicle,Collision involving vehicles going in the same way,Daylight,Dry
6543,195846,1,Westhafen,2019,6,17,2,3,5,7,0,0,1,0,1,0,0,0,Mitte,Accident with minor injuries,Collision with a turning/crossing vehicle,Others,Daylight,Dry
6544,195847,4,Binger Straße,2019,6,10,3,3,0,6,0,0,1,0,0,0,1,0,Charlottenburg - Wilmersdorf,Accident with minor injuries,Others,Collision involving vehicles going in the same way,Daylight,Dry
6545,195848,2,Rathaus Yorckstraße,2019,6,18,2,3,5,2,0,1,1,0,0,0,0,0,Friedrichshain - Kreuzberg,Accident with minor injuries,Collision with a turning/crossing vehicle,Turning accident,Daylight,Dry
6546,195849,9,Adlershof West,2019,6,16,2,3,2,2,0,0,1,0,0,0,0,0,Treptow-Köpenick,Accident with minor injuries,Collision with the vehicle in front/waiting vehicle,Turning accident,Daylight,Dry
6547,195850,1,Unter den Linden Nord,2019,6,10,3,3,8,1,0,1,1,0,0,0,0,0,Mitte,Accident with minor injuries,Departure from the roadway to the right,Driving accident,Daylight,Dry
6548,195851,12,Breitkopfbecken,2019,6,16,2,3,5,2,0,1,0,0,0,0,1,0,Reinickendorf,Accident with minor injuries,Collision with a turning/crossing vehicle,Turning accident,Daylight,Dry
6549,195852,7,Nahariyastraße,2019,6,17,2,3,8,1,0,0,1,0,0,0,0,0,Tempelhof-Schöneberg,Accident with minor injuries,Departure from the roadway to the right,Driving accident,Daylight,Dry
6550,195853,9,Dammvorstadt,2019,6,11,3,3,0,2,0,1,0,0,0,0,0,0,Treptow-Köpenick,Accident with minor injuries,Others,Turning accident,Daylight,Dry
6551,195854,5,Döberitzer Weg,2019,6,7,2,2,6,4,0,0,1,1,0,0,0,0,Spandau,Accident with serious injuries,Collision between vehicle and pedestrian,Pedestrian crossing accident,Daylight,Dry
6552,195855,5,An der Kappe,2019,6,13,3,3,5,3,0,0,1,0,0,0,0,0,Spandau,Accident with minor injuries,Collision with a turning/crossing vehicle,Turning/Crossing accident,Daylight,Dry
6553,195856,12,Wittenau Süd,2019,6,7,2,3,0,2,0,1,0,0,0,1,0,0,Reinickendorf,Accident with minor injuries,Others,Turning accident,Daylight,Dry
6554,195857,1,Leipziger Straße,2019,6,7,2,2,5,3,0,0,1,0,1,0,0,0,Mitte,Accident with serious injuries,Collision with a turning/crossing vehicle,Turning/Crossing accident,Daylight,Dry
6555,195858,7,Kaiser-Wilhelm-Platz,2019,6,11,3,3,0,7,0,0,0,0,1,0,0,1,Tempelhof-Schöneberg,Accident with minor injuries,Others,Others,Daylight,Wet/moist/slippery
6556,195859,6,Oberhofer Platz,2019,6,12,3,2,2,2,0,0,1,0,1,0,0,0,Steglitz-Zehlendorf,Accident with serious injuries,Collision with the vehicle in front/waiting vehicle,Turning accident,Daylight,Dry
6557,195860,10,Oberfeldstraße,2019,6,7,2,3,5,2,0,0,1,0,1,0,0,0,Marzahn-Hellersdorf,Accident with minor injuries,Collision with a turning/crossing vehicle,Turning accident,Daylight,Dry
6558,195861,3,Bucher Forst,2019,6,7,2,3,2,6,0,0,1,0,0,0,0,0,Pankow,Accident with minor injuries,Collision with the vehicle in front/waiting vehicle,Collision involving vehicles going in the same way,Daylight,Dry
6559,195862,11,Falkenberg West,2019,6,10,3,2,2,7,0,0,1,0,0,0,0,0,Lichtenberg,Accident with serious injuries,Collision with the vehicle in front/waiting vehicle,Others,Daylight,Dry
6560,195863,6,Schloßstraße,2019,6,6,2,3,5,3,0,1,1,0,0,0,0,0,Steglitz-Zehlendorf,Accident with minor injuries,Collision with a turning/crossing vehicle,Turning/Crossing accident,Daylight,Dry
6561,195864,9,Adlershof West,2019,6,9,3,2,5,2,0,1,1,0,0,0,0,0,Treptow-Köpenick,Accident with serious injuries,Collision with a turning/crossing vehicle,Turning accident,Daylight,Dry
6562,195865,12,Dannenwalder Weg,2019,6,5,2,3,5,3,0,0,1,0,0,0,0,0,Reinickendorf,Accident with minor injuries,Collision with a turning/crossing vehicle,Turning/Crossing accident,Daylight,Dry
6563,195866,3,Wilhelmsruh,2019,6,9,3,3,9,1,0,0,1,0,0,0,0,0,Pankow,Accident with minor injuries,Departure from the roadway to the left,Driving accident,Daylight,Dry
6564,195867,2,Boxhagener Platz,2019,6,3,2,3,0,1,2,1,0,0,0,0,0,0,Friedrichshain - Kreuzberg,Accident with minor injuries,Others,Driving accident,Dark,Dry