,object id,district,street,year,month,hour of day,weekday,category,accident type,accident type 2,light situation,bike involved,car involved,pedestrian involved,motor bike involved,big track involved,other vehicle involved,road condition,district name,category name,accident detail,accident type detail,light condition,road condition detail
6565,195868,12,Scharnweberstraße,2019,6,19,3,3,0,4,1,0,0,1,0,0,1,0,Reinickendorf,Accident with minor injuries,Others,Pedestrian crossing accident,Twilight,Dry
6566,195869,8,Treptower Straße Nord,2019,6,10,2,3,5,3,0,0,1,0,0,0,0,0,Neukölln,Accident with minor injuries,Collision with a turning/crossing vehicle,Turning/Crossing accident,Daylight,Dry
6567,195870,4,Tegeler Weg,2019,6,10,2,3,2,6,0,0,1,0,0,0,0,0,Charlottenburg - Wilmersdorf,Accident with minor injuries,Collision with the vehicle in front/waiting vehicle,Collision involving vehicles going in the same way,Daylight,Dry
6568,195871,4,Bismarckallee,2019,6,22,3,3,2,6,2,0,1,0,0,0,0,1,Charlottenburg - Wilmersdorf,Accident with minor injuries,Collision with the vehicle in front/waiting vehicle,Collision involving vehicles going in the same way,Dark,Wet/moist/slippery
6569,195872,2,Reichenberger Straße,2019,6,8,3,3,1,5,0,1,1,0,0,0,0,0,Friedrichshain - Kreuzberg,Accident with minor injuries,Collision with a moving/standing/parked vehicle,Accident involving parked vehicles,Daylight,Dry
6570,195873,9,Wendenschloß,2019,6,10,2,3,5,3,0,1,1,0,0,0,0,0,Treptow-Köpenick,Accident with minor injuries,Collision with a turning/crossing vehicle,Turning/Crossing accident,Daylight,Dry
6571,195874,12,Letteplatz,2019,6,9,3,3,1,5,0,1,1,0,0,0,0,0,Reinickendorf,Accident with minor injuries,Collision with a moving/standing/parked vehicle,Accident involving parked vehicles,Daylight,Dry
6572,195875,11,Fennpfuhl West,2019,6,9,2,3,1,5,0,0,1,0,0,0,0,0,Lichtenberg,Accident with minor injuries,Collision with a moving/standing/parked vehicle,Accident involving parked vehicles,Daylight,Dry
6573,195876,8,Tempelhofer Weg,2019,6,9,3,3,5,3,0,0,1,0,1,0,0,0,Neukölln,Accident with minor injuries,Collision with a turning/crossing vehicle,Turning/Crossing accident,Daylight,Dry
6574,195877,6,Königsberger Straße,2019,6,9,2,3,5,7,0,0,1,0,0,0,0,0,Steglitz-Zehlendorf,Accident with minor injuries,Collision with a turning/crossing vehicle,Others,Daylight,Dry
6575,195878,1,Nördlicher Landwehrkanal,2019,6,8,3,2,3,6,0,1,0,0,0,1,0,0,Mitte,Accident with serious injuries,Collision with a vehicle traveling laterally in the same direction,Collision involving vehicles going in the same way,Daylight,Dry
6576,195879,9,Oberschöneweide West,2019,6,9,2,2,5,2,0,0,1,0,0,0,1,0,Treptow-Köpenick,Accident with serious injuries,Collision with a turning/crossing vehicle,Turning accident,Daylight,Dry
6577,195880,3,Heinersdorf,2019,6,6,3,3,2,6,0,0,1,0,0,0,0,0,Pankow,Accident with minor injuries,Collision with the vehicle in front/waiting vehicle,Collision involving vehicles going in the same way,Daylight,Dry
6578,195881,6,Dahlem,2019,6,8,2,3,5,3,0,0,1,0,1,0,0,0,Steglitz-Zehlendorf,Accident with minor injuries,Collision with a turning/crossing vehicle,Turning/Crossing accident,Daylight,Dry
6579,195882,7,Dennewitzplatz,2019,6,9,2,3,5,2,0,1,0,0,0,0,1,0,Tempelhof-Schöneberg,Accident with minor injuries,Collision with a turning/crossing vehicle,Turning accident,Daylight,Dry
6580,195883,5,Rohrdamm,2019,6,4,3,3,2,2,1,0,1,0,0,0,0,1,Spandau,Accident with minor injuries,Collision with the vehicle in front/waiting vehicle,Turning accident,Twilight,Wet/moist/slippery
6581,195884,11,Weitlingstraße,2019,6,8,2,3,5,3,0,1,1,0,0,0,0,1,Lichtenberg,Accident with minor injuries,Collision with a turning/crossing vehicle,Turning/Crossing accident,Daylight,Wet/moist/slippery
6582,195885,2,Oranienplatz,2019,6,8,3,3,0,1,0,0,0,0,1,0,0,0,Friedrichshain - Kreuzberg,Accident with minor injuries,Others,Driving accident,Daylight,Dry
6583,195886,12,Reinickes Hof,2019,6,16,2,3,0,2,0,0,1,0,0,0,1,0,Reinickendorf,Accident with minor injuries,Others,Turning accident,Daylight,Dry
6584,195887,11,Rüdigerstraße,2019,6,16,2,3,5,7,0,0,0,0,1,0,1,0,Lichtenberg,Accident with minor injuries,Collision with a turning/crossing vehicle,Others,Daylight,Dry
6585,195888,7,Marienhöhe,2019,6,8,3,3,0,7,0,1,0,0,0,0,0,0,Tempelhof-Schöneberg,Accident with minor injuries,Others,Others,Daylight,Dry
6586,195889,1,Karl-Marx-Allee,2019,6,11,2,3,5,2,0,1,0,0,0,0,1,0,Mitte,Accident with minor injuries,Collision with a turning/crossing vehicle,Turning accident,Daylight,Dry
6587,195890,4,Breite Straße,2019,6,15,2,3,2,6,0,0,1,0,0,0,0,0,Charlottenburg - Wilmersdorf,Accident with minor injuries,Collision with the vehicle in front/waiting vehicle,Collision involving vehicles going in the same way,Daylight,Dry
6588,195891,1,Westhafen,2019,6,11,2,2,5,3,0,1,1,0,0,0,0,0,Mitte,Accident with serious injuries,Collision with a turning/crossing vehicle,Turning/Crossing accident,Daylight,Dry
6589,195892,1,Westliche Müllerstraße,2019,6,17,2,3,0,5,0,0,1,0,0,0,1,0,Mitte,Accident with minor injuries,Others,Accident involving parked vehicles,Daylight,Dry
6590,195893,2,Wassertorplatz,2019,6,11,2,3,5,2,0,0,1,0,0,0,0,0,Friedrichshain - Kreuzberg,Accident with minor injuries,Collision with a turning/crossing vehicle,Turning accident,Daylight,Dry
6591,195894,7,Kettinger Straße/Schillerstraße,2019,6,16,2,2,5,2,0,0,1,0,0,0,1,0,Tempelhof-Schöneberg,Accident with serious injuries,Collision with a turning/crossing vehicle,Turning accident,Daylight,Dry
6592,195895,6,Dahlem,2019,6,11,2,3,5,2,0,1,1,0,0,0,0,0,Steglitz-Zehlendorf,Accident with minor injuries,Collision with a turning/crossing vehicle,Turning accident,Daylight,Dry
6593,195896,3,Pankow Süd,2019,6,12,2,3,2,2,0,0,1,0,0,0,0,0,Pankow,Accident with minor injuries,Collision with the vehicle in front/waiting vehicle,Turning accident,Daylight,Dry
6594,195897,8,Hertzbergplatz,2019,6,16,2,3,5,2,0,1,1,0,0,0,0,0,Neukölln,Accident with minor injuries,Collision with a turning/crossing vehicle,Turning accident,Daylight,Dry
6595,195898,10,Adele-Sandrock-Straße,2019,6,16,2,3,4,6,0,1,0,0,0,0,0,0,Marzahn-Hellersdorf,Accident with minor injuries,Collision with oncoming vehicle,Collision involving vehicles going in the same way,Daylight,Dry
6596,195899,5,Groß-Glienicker Weg,2019,6,16,2,3,6,7,0,0,1,1,0,0,0,0,Spandau,Accident with minor injuries,Collision between vehicle and pedestrian,Others,Daylight,Dry
6597,195900,8,Silbersteinstraße,2019,6,14,2,3,2,6,0,0,1,0,0,0,0,0,Neukölln,Accident with minor injuries,Collision with the vehicle in front/waiting vehicle,Collision involving vehicles going in the same way,Daylight,Dry
6598,195901,7,Rathaus Tempelhof,2019,6,13,2,2,5,3,0,1,0,0,0,0,0,0,Tempelhof-Schöneberg,Accident with serious injuries,Collision with a turning/crossing vehicle,Turning/Crossing accident,Daylight,Dry
6599,195902,4,Rüdesheimer Platz,2019,6,13,2,3,5,3,0,0,1,0,0,0,0,0,Charlottenburg - Wilmersdorf,Accident with minor injuries,Collision with a turning/crossing vehicle,Turning/Crossing accident,Daylight,Dry
6600,195903,3,Greifswalder Straße,2019,6,14,2,3,1,5,0,1,1,0,0,0,0,0,Pankow,Accident with minor injuries,Collision with a moving/standing/parked vehicle,Accident involving parked vehicles,Daylight,Dry
6601,195904,3,Humannplatz,2019,6,14,2,2,0,7,0,0,0,0,1,0,0,1,Pankow,Accident with serious injuries,Others,Others,Daylight,Wet/moist/slippery
6602,195905,4,Schloßstraße,2019,6,16,2,3,5,3,0,0,1,0,0,0,0,0,Charlottenburg - Wilmersdorf,Accident with minor injuries,Collision with a turning/crossing vehicle,Turning/Crossing accident,Daylight,Dry
6603,195906,11,Landsberger Allee,2019,6,14,2,3,5,3,0,1,1,0,0,0,0,0,Lichtenberg,Accident with minor injuries,Collision with a turning/crossing vehicle,Turning/Crossing accident,Daylight,Dry
6604,195907,2,Graefekiez,2019,6,17,2,3,5,2,0,0,1,0,1,0,0,0,Friedrichshain - Kreuzberg,Accident with minor injuries,Collision with a turning/crossing vehicle,Turning accident,Daylight,Dry
6605,195908,12,Scharnweberstraße,2019,6,15,2,3,2,6,0,0,1,0,1,0,0,0,Reinickendorf,Accident with minor injuries,Collision with the vehicle in front/waiting vehicle,Collision involving vehicles going in the same way,Daylight,Dry
6606,195909,3,Wilhelmsruh,2019,6,22,2,3,5,3,2,0,1,0,0,1,0,0,Pankow,Accident with minor injuries,Collision with a turning/crossing vehicle,Turning/Crossing accident,Dark,Dry
6607,195910,8,Rollberg,2019,6,14,2,3,6,7,0,0,1,1,0,0,0,0,Neukölln,Accident with minor injuries,Collision between vehicle and pedestrian,Others,Daylight,Dry
6608,195911,10,Kaulsdorf Nord I,2019,6,19,2,3,5,3,0,0,1,0,0,0,0,0,Marzahn-Hellersdorf,Accident with minor injuries,Collision with a turning/crossing vehicle,Turning/Crossing accident,Daylight,Dry
6609,195912,8,Blumenviertel,2019,6,15,2,3,0,2,0,0,1,0,1,0,0,0,Neukölln,Accident with minor injuries,Others,Turning accident,Daylight,Dry
6610,195913,3,Thälmannpark,2019,6,19,2,2,0,3,0,1,0,0,0,0,0,0,Pankow,Accident with serious injuries,Others,Turning/Crossing accident,Daylight,Dry
6611,195914,10,Marzahner Chaussee,2019,6,15,2,3,0,2,0,1,0,0,0,0,1,0,Marzahn-Hellersdorf,Accident with minor injuries,Others,Turning accident,Daylight,Dry
6612,195915,7,Marienfelder Allee Nordwest,2019,6,15,2,3,6,4,0,0,0,1,0,0,1,0,Tempelhof-Schöneberg,Accident with minor injuries,Collision between vehicle and pedestrian,Pedestrian crossing accident,Daylight,Dry
6613,195916,5,Borkumer Straße,2019,6,18,2,3,0,5,0,0,1,0,1,0,0,0,Spandau,Accident with minor injuries,Others,Accident involving parked vehicles,Daylight,Dry
6614,195917,4,Kaiserin-Augusta-Allee,2019,6,15,2,3,5,3,0,1,1,0,0,0,0,0,Charlottenburg - Wilmersdorf,Accident with minor injuries,Collision with a turning/crossing vehicle,Turning/Crossing accident,Daylight,Dry
6615,195918,5,Borkumer Straße,2019,6,16,2,2,5,2,0,0,1,0,1,0,0,0,Spandau,Accident with serious injuries,Collision with a turning/crossing vehicle,Turning accident,Daylight,Dry
6616,195919,8,Glasower Straße,2019,6,14,2,3,5,2,0,1,1,0,0,0,0,0,Neukölln,Accident with minor injuries,Collision with a turning/crossing vehicle,Turning accident,Daylight,Dry
6617,195920,7,Marienfelde Süd,2019,6,11,2,3,0,1,0,1,0,0,0,0,0,0,Tempelhof-Schöneberg,Accident with minor injuries,Others,Driving accident,Daylight,Dry
6618,195921,5,Weinmeisterhornweg,2019,6,14,2,3,0,3,0,0,1,0,0,0,0,0,Spandau,Accident with minor injuries,Others,Turning/Crossing accident,Daylight,Dry
6619,195922,8,Reuterkiez,2019,6,7,2,3,0,1,0,0,0,0,1,0,0,1,Neukölln,Accident with minor injuries,Others,Driving accident,Daylight,Wet/moist/slippery
6620,195923,8,Alt-Rudow,2019,6,15,2,3,5,3,0,0,1,0,0,0,0,0,Neukölln,Accident with minor injuries,Collision with a turning/crossing vehicle,Turning/Crossing accident,Daylight,Dry
6621,195924,4,Friedenau,2019,6,14,2,3,1,5,0,1,1,0,0,0,0,0,Charlottenburg - Wilmersdorf,Accident with minor injuries,Collision with a moving/standing/parked vehicle,Accident involving parked vehicles,Daylight,Dry
6622,195925,2,Urbanstraße,2019,6,0,2,3,5,3,2,1,1,0,0,0,0,0,Friedrichshain - Kreuzberg,Accident with minor injuries,Collision with a turning/crossing vehicle,Turning/Crossing accident,Dark,Dry
6623,195926,4,Jungfernheide,2019,6,0,2,3,3,6,2,1,1,0,0,0,0,0,Charlottenburg - Wilmersdorf,Accident with minor injuries,Collision with a vehicle traveling laterally in the same direction,Collision involving vehicles going in the same way,Dark,Dry
6624,195927,12,Alt-Tegel,2019,6,15,2,3,5,3,0,1,1,0,0,0,0,0,Reinickendorf,Accident with minor injuries,Collision with a turning/crossing vehicle,Turning/Crossing accident,Daylight,Dry
6625,195928,1,Brunnenstraße,2019,6,16,1,3,3,6,0,0,1,0,0,0,0,0,Mitte,Accident with minor injuries,Collision with a vehicle traveling laterally in the same direction,Collision involving vehicles going in the same way,Daylight,Dry
6626,195929,9,Baumschulenstraße,2019,6,10,1,3,5,2,0,0,1,0,1,0,0,0,Treptow-Köpenick,Accident with minor injuries,Collision with a turning/crossing vehicle,Turning accident,Daylight,Dry
6627,195930,11,Falkenberg West,2019,6,14,1,3,2,2,0,0,1,0,0,0,0,0,Lichtenberg,Accident with minor injuries,Collision with the vehicle in front/waiting vehicle,Turning accident,Daylight,Dry
6628,195931,1,Rehberge,2019,6,4,1,3,9,1,1,0,1,0,0,0,0,0,Mitte,Accident with minor injuries,Departure from the roadway to the left,Driving accident,Twilight,Dry
6629,195932,3,Pankow Zentrum,2019,6,20,1,3,0,7,0,0,1,0,1,0,0,0,Pankow,Accident with minor injuries,Others,Others,Daylight,Dry
6630,195933,2,Traveplatz,2019,6,19,1,3,5,3,0,1,1,0,0,0,0,0,Friedrichshain - Kreuzberg,Accident with minor injuries,Collision with a turning/crossing vehicle,Turning/Crossing accident,Daylight,Dry
6631,195934,3,Herthaplatz,2019,6,13,1,3,1,5,0,1,1,0,0,0,0,0,Pankow,Accident with minor injuries,Collision with a moving/standing/parked vehicle,Accident involving parked vehicles,Daylight,Dry
6632,195935,8,Parchimer Allee,2019,6,18,1,3,5,2,0,0,1,0,0,0,0,0,Neukölln,Accident with minor injuries,Collision with a turning/crossing vehicle,Turning accident,Daylight,Dry
6633,195936,2,Oranienplatz,2019,6,18,1,3,5,7,0,1,1,0,0,0,0,0,Friedrichshain - Kreuzberg,Accident with minor injuries,Collision with a turning/crossing vehicle,Others,Daylight,Dry
6634,195937,4,Rathaus Wilmersdorf,2019,6,14,1,3,1,5,0,1,1,0,0,0,0,0,Charlottenburg - Wilmersdorf,Accident with minor injuries,Collision with a moving/standing/parked vehicle,Accident involving parked vehicles,Daylight,Dry
6635,195938,3,Teutoburger Platz,2019,6,17,1,3,3,6,0,1,1,0,0,0,0,0,Pankow,Accident with minor injuries,Collision with a vehicle traveling laterally in the same direction,Collision involving vehicles going in the same way,Daylight,Dry
6636,195939,6,Hindenburgdamm,2019,6,16,1,3,2,7,0,0,1,0,1,0,0,0,Steglitz-Zehlendorf,Accident with minor injuries,Collision with the vehicle in front/waiting vehicle,Others,Daylight,Dry
6637,195940,11,Victoriastadt,2019,6,17,1,3,2,6,0,0,1,0,1,0,0,0,Lichtenberg,Accident with minor injuries,Collision with the vehicle in front/waiting vehicle,Collision involving vehicles going in the same way,Daylight,Dry
6638,195941,8,Schillerpromenade,2019,6,16,1,3,6,7,0,1,0,1,0,0,0,0,Neukölln,Accident with minor injuries,Collision between vehicle and pedestrian,Others,Daylight,Dry
6639,195942,1,Lützowstraße,2019,6,17,1,3,5,2,0,1,0,0,1,0,0,0,Mitte,Accident with minor injuries,Collision with a turning/crossing vehicle,Turning accident,Daylight,Dry
6640,195943,5,Kurstraße,2019,6,16,1,3,0,1,0,1,1,0,0,0,0,0,Spandau,Accident with minor injuries,Others,Driving accident,Daylight,Dry
6641,195944,12,Teichstraße,2019,6,14,1,2,6,4,0,0,1,1,0,0,0,0,Reinickendorf,Accident with serious injuries,Collision between vehicle and pedestrian,Pedestrian crossing accident,Daylight,Dry
6642,195945,4,Jungfernheide,2019,6,16,1,2,1,5,0,0,1,0,1,0,0,0,Charlottenburg - Wilmersdorf,Accident with serious injuries,Collision with a moving/standing/parked vehicle,Accident involving parked vehicles,Daylight,Dry
6643,195946,7,John-Locke-Straße,2019,6,16,1,3,3,6,0,1,1,0,0,0,0,0,Tempelhof-Schöneberg,Accident with minor injuries,Collision with a vehicle traveling laterally in the same direction,Collision involving vehicles going in the same way,Daylight,Dry
6644,195947,4,Halensee,2019,6,12,1,2,5,2,0,1,1,0,0,0,0,0,Charlottenburg - Wilmersdorf,Accident with serious injuries,Collision with a turning/crossing vehicle,Turning accident,Daylight,Dry
6645,195948,5,Börnicker Straße,2019,6,11,1,2,6,4,0,0,1,1,0,0,0,0,Spandau,Accident with serious injuries,Collision between vehicle and pedestrian,Pedestrian crossing accident,Daylight,Dry
6646,195949,1,Humboldthain Nordwest,2019,6,16,1,3,1,5,0,1,1,0,0,0,0,0,Mitte,Accident with minor injuries,Collision with a moving/standing/parked vehicle,Accident involving parked vehicles,Daylight,Dry
6647,195950,9,Adlershof West,2019,6,15,1,3,5,2,0,1,1,0,0,0,0,0,Treptow-Köpenick,Accident with minor injuries,Collision with a turning/crossing vehicle,Turning accident,Daylight,Dry
6648,195951,8,Reuterkiez,2019,6,15,1,3,5,2,0,0,1,0,0,0,0,0,Neukölln,Accident with minor injuries,Collision with a turning/crossing vehicle,Turning accident,Daylight,Dry
6649,195952,5,Groß-Glienicker Weg,2019,6,14,1,3,2,6,0,0,1,0,0,0,0,0,Spandau,Accident with minor injuries,Collision with the vehicle in front/waiting vehicle,Collision involving vehicles going in the same way,Daylight,Dry
6650,195953,12,Letteplatz,2019,6,11,1,2,5,2,0,0,1,0,0,0,0,0,Reinickendorf,Accident with serious injuries,Collision with a turning/crossing vehicle,Turning accident,Daylight,Dry
6651,195954,9,Adlershof Ost,2019,6,14,1,3,0,1,0,1,0,0,0,0,0,0,Treptow-Köpenick,Accident with minor injuries,Others,Driving accident,Daylight,Dry
6652,195955,7,Wittenbergplatz/Viktoria-Luise-Platz,2019,6,14,1,2,3,1,0,1,1,0,0,0,0,0,Tempelhof-Schöneberg,Accident with serious injuries,Collision with a vehicle traveling laterally in the same direction,Driving accident,Daylight,Dry
6653,195956,1,Invalidenstraße,2019,6,5,1,3,0,1,0,1,0,0,0,0,0,0,Mitte,Accident with minor injuries,Others,Driving accident,Daylight,Dry
6654,195957,3,Pankow Süd,2019,6,13,1,2,1,5,0,1,1,0,0,0,0,0,Pankow,Accident with serious injuries,Collision with a moving/standing/parked vehicle,Accident involving parked vehicles,Daylight,Dry
6655,195958,6,Teltower Damm,2019,6,12,1,3,0,1,0,0,0,0,1,0,0,0,Steglitz-Zehlendorf,Accident with minor injuries,Others,Driving accident,Daylight,Dry
6656,195959,6,Krumme Lanke,2019,6,16,1,3,0,1,0,1,0,0,0,0,0,0,Steglitz-Zehlendorf,Accident with minor injuries,Others,Driving accident,Daylight,Dry
6657,195960,12,Märkisches Zentrum,2019,6,10,1,2,5,3,0,0,1,0,0,0,0,0,Reinickendorf,Accident with serious injuries,Collision with a turning/crossing vehicle,Turning/Crossing accident,Daylight,Dry
6658,195961,8,Reuterkiez,2019,6,1,1,3,5,3,2,1,1,0,0,0,0,0,Neukölln,Accident with minor injuries,Collision with a turning/crossing vehicle,Turning/Crossing accident,Dark,Dry
6659,195962,2,Rathaus Yorckstraße,2019,6,2,1,2,0,1,2,0,0,0,1,0,0,0,Friedrichshain - Kreuzberg,Accident with serious injuries,Others,Driving accident,Dark,Dry
6660,195963,2,Graefekiez,2019,6,1,1,3,2,6,2,1,1,0,0,0,0,0,Friedrichshain - Kreuzberg,Accident with minor injuries,Collision with the vehicle in front/waiting vehicle,Collision involving vehicles going in the same way,Dark,Dry
6661,195964,6,Lankwitz Kirche,2019,6,21,1,3,0,4,2,0,0,1,0,0,1,0,Steglitz-Zehlendorf,Accident with minor injuries,Others,Pedestrian crossing accident,Dark,Dry
6662,195965,6,Mittelstraße,2019,6,18,1,3,5,3,0,0,1,0,1,0,0,0,Steglitz-Zehlendorf,Accident with minor injuries,Collision with a turning/crossing vehicle,Turning/Crossing accident,Daylight,Dry
6663,195966,8,Reuterkiez,2019,6,1,1,3,5,2,2,1,1,0,0,0,0,0,Neukölln,Accident with minor injuries,Collision with a turning/crossing vehicle,Turning accident,Dark,Dry
6664,195967,4,Paul-Hertz-Siedlung,2019,6,1,1,3,0,1,2,1,0,0,0,0,0,0,Charlottenburg - Wilmersdorf,Accident with minor injuries,Others,Driving accident,Dark,Dry
6665,195968,8,Reuterkiez,2019,6,3,7,3,6,4,2,0,0,1,1,0,0,0,Neukölln,Accident with minor injuries,Collision between vehicle and pedestrian,Pedestrian crossing accident,Dark,Dry
6666,195969,4,Schloßstraße,2019,6,12,7,3,2,6,0,0,1,0,0,0,0,0,Charlottenburg - Wilmersdorf,Accident with minor injuries,Collision with the vehicle in front/waiting vehicle,Collision involving vehicles going in the same way,Daylight,Dry
6667,195970,11,Orankesee,2019,6,10,7,3,6,4,0,0,1,1,0,0,0,0,Lichtenberg,Accident with minor injuries,Collision between vehicle and pedestrian,Pedestrian crossing accident,Daylight,Dry
6668,195971,10,Mahlsdorf Süd,2019,6,9,7,3,5,2,0,1,1,0,0,0,0,0,Marzahn-Hellersdorf,Accident with minor injuries,Collision with a turning/crossing vehicle,Turning accident,Daylight,Dry
6669,195972,2,Wassertorplatz,2019,6,15,7,3,1,5,0,1,0,0,0,0,0,0,Friedrichshain - Kreuzberg,Accident with minor injuries,Collision with a moving/standing/parked vehicle,Accident involving parked vehicles,Daylight,Dry
6670,195973,3,Humannplatz,2019,6,19,7,3,2,6,0,0,1,0,0,0,0,0,Pankow,Accident with minor injuries,Collision with the vehicle in front/waiting vehicle,Collision involving vehicles going in the same way,Daylight,Dry
6671,195974,8,Donaustraße,2019,6,16,7,3,5,2,0,0,1,0,1,0,0,0,Neukölln,Accident with minor injuries,Collision with a turning/crossing vehicle,Turning accident,Daylight,Dry
6672,195975,1,Moritzplatz,2019,6,16,7,3,2,2,0,1,1,0,0,0,0,0,Mitte,Accident with minor injuries,Collision with the vehicle in front/waiting vehicle,Turning accident,Daylight,Dry
6673,195976,3,Behaimstraße,2019,6,14,7,3,5,3,0,1,0,0,0,0,0,0,Pankow,Accident with minor injuries,Collision with a turning/crossing vehicle,Turning/Crossing accident,Daylight,Dry
6674,195977,2,Andreasviertel,2019,6,14,7,3,5,3,0,1,1,0,0,0,0,0,Friedrichshain - Kreuzberg,Accident with minor injuries,Collision with a turning/crossing vehicle,Turning/Crossing accident,Daylight,Dry
6675,195978,3,Pankow Zentrum,2019,6,13,7,3,6,7,0,1,0,1,0,0,0,0,Pankow,Accident with minor injuries,Collision between vehicle and pedestrian,Others,Daylight,Dry
6676,195979,10,Wuhletalstraße,2019,6,15,7,3,2,7,0,0,1,0,0,0,0,0,Marzahn-Hellersdorf,Accident with minor injuries,Collision with the vehicle in front/waiting vehicle,Others,Daylight,Dry
6677,195980,8,Reuterkiez,2019,6,12,7,3,3,6,0,1,1,0,0,0,0,0,Neukölln,Accident with minor injuries,Collision with a vehicle traveling laterally in the same direction,Collision involving vehicles going in the same way,Daylight,Dry
6678,195981,7,Marienhöhe,2019,6,15,7,3,0,3,0,0,0,0,1,0,1,0,Tempelhof-Schöneberg,Accident with minor injuries,Others,Turning/Crossing accident,Daylight,Dry
6679,195982,9,Dammvorstadt,2019,6,12,7,3,6,4,0,0,1,1,0,0,0,0,Treptow-Köpenick,Accident with minor injuries,Collision between vehicle and pedestrian,Pedestrian crossing accident,Daylight,Dry
6680,195983,4,Breitscheidplatz,2019,6,15,7,3,5,3,0,1,1,0,0,0,0,0,Charlottenburg - Wilmersdorf,Accident with minor injuries,Collision with a turning/crossing vehicle,Turning/Crossing accident,Daylight,Dry
6681,195984,12,Alt-Tegel,2019,6,12,7,3,5,7,0,0,1,0,0,0,0,0,Reinickendorf,Accident with minor injuries,Collision with a turning/crossing vehicle,Others,Daylight,Dry
6682,195985,12,Ziekowstraße/Freie Scholle,2019,6,17,7,3,0,7,0,0,1,0,0,0,0,0,Reinickendorf,Accident with minor injuries,Others,Others,Daylight,Dry
6683,195986,4,Schloßstraße,2019,6,18,7,3,1,5,0,1,1,0,0,0,0,0,Charlottenburg - Wilmersdorf,Accident with minor injuries,Collision with a moving/standing/parked vehicle,Accident involving parked vehicles,Daylight,Dry
6684,195987,4,Schaperstraße,2019,6,9,7,3,5,3,0,1,1,0,0,0,0,0,Charlottenburg - Wilmersdorf,Accident with minor injuries,Collision with a turning/crossing vehicle,Turning/Crossing accident,Daylight,Dry
6685,195988,10,Mahlsdorf Süd,2019,6,18,7,3,0,1,0,0,0,0,1,0,0,0,Marzahn-Hellersdorf,Accident with minor injuries,Others,Driving accident,Daylight,Dry
6686,195989,9,Johannisthal West,2019,6,14,7,3,0,1,0,1,0,0,0,0,0,0,Treptow-Köpenick,Accident with minor injuries,Others,Driving accident,Daylight,Dry
6687,195990,7,Grazer Platz,2019,6,21,7,2,9,1,0,0,0,0,1,0,0,0,Tempelhof-Schöneberg,Accident with serious injuries,Departure from the roadway to the left,Driving accident,Daylight,Dry
6688,195991,4,Halensee,2019,6,20,7,3,5,2,0,0,1,0,1,0,0,0,Charlottenburg - Wilmersdorf,Accident with minor injuries,Collision with a turning/crossing vehicle,Turning accident,Daylight,Dry
6689,195992,2,Askanischer Platz,2019,6,13,7,2,6,7,0,0,1,1,0,0,0,0,Friedrichshain - Kreuzberg,Accident with serious injuries,Collision between vehicle and pedestrian,Others,Daylight,Dry
6690,195993,5,Tiefwerder,2019,6,18,7,2,2,6,0,0,1,0,1,0,0,0,Spandau,Accident with serious injuries,Collision with the vehicle in front/waiting vehicle,Collision involving vehicles going in the same way,Daylight,Dry
6691,195994,1,Humboldthain Süd,2019,6,13,7,3,0,1,0,1,0,0,0,0,0,0,Mitte,Accident with minor injuries,Others,Driving accident,Daylight,Dry
6692,195995,7,Kaiser-Wilhelm-Platz,2019,6,7,7,3,2,2,0,1,0,0,0,0,0,0,Tempelhof-Schöneberg,Accident with minor injuries,Collision with the vehicle in front/waiting vehicle,Turning accident,Daylight,Dry
6693,195996,2,Boxhagener Platz,2019,6,15,7,2,5,2,0,1,0,0,0,0,1,0,Friedrichshain - Kreuzberg,Accident with serious injuries,Collision with a turning/crossing vehicle,Turning accident,Daylight,Dry
6694,195997,4,Ernst-Reuter-Platz,2019,6,3,7,3,1,5,2,0,1,0,1,0,0,0,Charlottenburg - Wilmersdorf,Accident with minor injuries,Collision with a moving/standing/parked vehicle,Accident involving parked vehicles,Dark,Dry
6695,195998,12,Teichstraße,2019,6,11,7,3,0,2,0,0,1,0,0,0,1,0,Reinickendorf,Accident with minor injuries,Others,Turning accident,Daylight,Dry
6696,195999,8,Buckow Ost,2019,6,13,7,3,5,3,0,0,1,0,1,0,0,0,Neukölln,Accident with minor injuries,Collision with a turning/crossing vehicle,Turning/Crossing accident,Daylight,Dry
6697,196000,12,Wittenau Süd,2019,6,12,7,2,5,3,0,1,1,0,0,0,0,0,Reinickendorf,Accident with serious injuries,Collision with a turning/crossing vehicle,Turning/Crossing accident,Daylight,Dry
6698,196001,12,Dannenwalder Weg,2019,6,11,7,2,0,7,0,0,1,0,0,0,1,0,Reinickendorf,Accident with serious injuries,Others,Others,Daylight,Dry
6699,196002,11,Herzbergstraße,2019,6,11,7,3,0,7,0,1,0,0,0,0,0,0,Lichtenberg,Accident with minor injuries,Others,Others,Daylight,Dry
6700,196003,9,Hirschgarten,2019,6,12,7,3,0,7,0,1,0,0,0,0,0,0,Treptow-Köpenick,Accident with minor injuries,Others,Others,Daylight,Dry
6701,196004,4,Droysenstraße,2019,6,3,7,3,5,3,1,0,1,0,1,0,0,0,Charlottenburg - Wilmersdorf,Accident with minor injuries,Collision with a turning/crossing vehicle,Turning/Crossing accident,Twilight,Dry
6702,196005,9,Adlershof West,2019,6,11,7,3,5,2,0,1,1,0,0,0,0,0,Treptow-Köpenick,Accident with minor injuries,Collision with a turning/crossing vehicle,Turning accident,Daylight,Dry
6703,196006,6,Zehlendorf Eiche,2019,6,21,7,3,5,3,2,0,1,0,0,0,0,0,Steglitz-Zehlendorf,Accident with minor injuries,Collision with a turning/crossing vehicle,Turning/Crossing accident,Dark,Dry
6704,196007,3,Falkplatz,2019,6,11,7,3,5,2,0,1,1,0,0,0,0,0,Pankow,Accident with minor injuries,Collision with a turning/crossing vehicle,Turning accident,Daylight,Dry