,object id,district,street,year,month,hour of day,weekday,category,accident type,accident type 2,light situation,bike involved,car involved,pedestrian involved,motor bike involved,big track involved,other vehicle involved,road condition,district name,category name,accident detail,accident type detail,light condition,road condition detail
6705,196008,3,Pankow Zentrum,2019,6,9,7,3,0,1,0,1,0,0,0,0,0,0,Pankow,Accident with minor injuries,Others,Driving accident,Daylight,Dry
6706,196009,6,Alt-Lankwitz,2019,6,20,7,3,1,5,0,1,1,0,0,0,0,0,Steglitz-Zehlendorf,Accident with minor injuries,Collision with a moving/standing/parked vehicle,Accident involving parked vehicles,Daylight,Dry
6707,196010,10,Kaulsdorf Süd,2019,6,20,7,3,2,2,0,1,1,0,0,0,0,0,Marzahn-Hellersdorf,Accident with minor injuries,Collision with the vehicle in front/waiting vehicle,Turning accident,Daylight,Dry
6708,196011,12,Heiligensee,2019,6,10,7,3,2,3,0,0,1,0,0,0,0,0,Reinickendorf,Accident with minor injuries,Collision with the vehicle in front/waiting vehicle,Turning/Crossing accident,Daylight,Dry
6709,196012,7,Nollendorfplatz,2019,6,10,7,3,7,7,0,1,0,0,0,0,1,0,Tempelhof-Schöneberg,Accident with minor injuries,Collision with a road obstacle,Others,Daylight,Dry
6710,196013,2,Graefekiez,2019,6,19,7,3,2,6,0,0,1,0,0,0,0,0,Friedrichshain - Kreuzberg,Accident with minor injuries,Collision with the vehicle in front/waiting vehicle,Collision involving vehicles going in the same way,Daylight,Dry
6711,196014,6,Südende,2019,6,2,7,3,0,1,2,1,0,0,0,0,0,0,Steglitz-Zehlendorf,Accident with minor injuries,Others,Driving accident,Dark,Dry
6712,196015,4,Bismarckallee,2019,6,11,7,3,1,5,0,1,1,0,0,0,0,0,Charlottenburg - Wilmersdorf,Accident with minor injuries,Collision with a moving/standing/parked vehicle,Accident involving parked vehicles,Daylight,Dry
6713,196016,1,Charitéviertel,2019,6,16,6,3,0,1,0,1,0,0,0,0,0,0,Mitte,Accident with minor injuries,Others,Driving accident,Daylight,Dry
6714,196017,6,Schloßstraße,2019,6,15,6,3,0,1,0,0,0,0,1,0,0,0,Steglitz-Zehlendorf,Accident with minor injuries,Others,Driving accident,Daylight,Dry
6715,196018,5,Magistratsweg,2019,6,19,7,2,6,4,0,0,1,1,0,0,0,0,Spandau,Accident with serious injuries,Collision between vehicle and pedestrian,Pedestrian crossing accident,Daylight,Dry
6716,196019,4,Reichsstraße,2019,6,9,6,3,5,3,0,0,1,0,1,0,0,0,Charlottenburg - Wilmersdorf,Accident with minor injuries,Collision with a turning/crossing vehicle,Turning/Crossing accident,Daylight,Dry
6717,196020,9,Altstadt Kietz,2019,6,19,7,3,5,3,0,1,1,0,0,0,0,0,Treptow-Köpenick,Accident with minor injuries,Collision with a turning/crossing vehicle,Turning/Crossing accident,Daylight,Dry
6718,196021,9,Johannisthal West,2019,6,15,6,2,5,3,0,0,1,0,1,0,0,0,Treptow-Köpenick,Accident with serious injuries,Collision with a turning/crossing vehicle,Turning/Crossing accident,Daylight,Dry
6719,196022,3,Humannplatz,2019,6,18,7,2,5,3,0,0,1,0,0,0,0,0,Pankow,Accident with serious injuries,Collision with a turning/crossing vehicle,Turning/Crossing accident,Daylight,Dry
6720,196023,4,Reichsstraße,2019,6,15,6,3,2,6,0,0,1,0,0,0,0,0,Charlottenburg - Wilmersdorf,Accident with minor injuries,Collision with the vehicle in front/waiting vehicle,Collision involving vehicles going in the same way,Daylight,Dry
6721,196024,4,Prager Platz,2019,6,18,7,3,5,2,0,1,1,0,0,0,0,0,Charlottenburg - Wilmersdorf,Accident with minor injuries,Collision with a turning/crossing vehicle,Turning accident,Daylight,Dry
6722,196025,5,Zitadellenweg,2019,6,14,6,3,2,6,0,0,1,0,0,0,0,0,Spandau,Accident with minor injuries,Collision with the vehicle in front/waiting vehicle,Collision involving vehicles going in the same way,Daylight,Dry
6723,196026,7,Grazer Platz,2019,6,14,6,3,0,6,0,0,1,0,1,0,0,0,Tempelhof-Schöneberg,Accident with minor injuries,Others,Collision involving vehicles going in the same way,Daylight,Dry
6724,196027,5,Hakenfelde Nord,2019,6,17,7,3,2,6,0,0,1,0,1,0,0,0,Spandau,Accident with minor injuries,Collision with the vehicle in front/waiting vehicle,Collision involving vehicles going in the same way,Daylight,Dry
6725,196028,6,Fichtenberg,2019,6,17,7,3,5,3,0,1,1,0,0,0,0,0,Steglitz-Zehlendorf,Accident with minor injuries,Collision with a turning/crossing vehicle,Turning/Crossing accident,Daylight,Dry
6726,196029,4,Rüdesheimer Platz,2019,6,13,6,2,5,3,0,0,1,0,0,0,1,0,Charlottenburg - Wilmersdorf,Accident with serious injuries,Collision with a turning/crossing vehicle,Turning/Crossing accident,Daylight,Dry
6727,196030,1,Alexanderplatzviertel,2019,6,9,6,3,6,4,0,0,1,1,0,0,0,0,Mitte,Accident with minor injuries,Collision between vehicle and pedestrian,Pedestrian crossing accident,Daylight,Dry
6728,196031,1,Brunnenstraße,2019,6,19,7,3,2,6,0,0,1,0,1,0,0,0,Mitte,Accident with minor injuries,Collision with the vehicle in front/waiting vehicle,Collision involving vehicles going in the same way,Daylight,Dry
6729,196032,9,Allende II,2019,6,12,6,3,5,3,0,1,1,0,0,0,0,0,Treptow-Köpenick,Accident with minor injuries,Collision with a turning/crossing vehicle,Turning/Crossing accident,Daylight,Dry
6730,196033,3,Heinersdorf,2019,6,16,7,3,5,2,0,0,1,0,0,0,0,0,Pankow,Accident with minor injuries,Collision with a turning/crossing vehicle,Turning accident,Daylight,Dry
6731,196034,1,Emdener Straße,2019,6,14,6,3,2,6,0,0,1,0,0,0,0,0,Mitte,Accident with minor injuries,Collision with the vehicle in front/waiting vehicle,Collision involving vehicles going in the same way,Daylight,Dry
6732,196035,2,Traveplatz,2019,6,16,7,3,1,5,0,1,1,0,0,0,0,0,Friedrichshain - Kreuzberg,Accident with minor injuries,Collision with a moving/standing/parked vehicle,Accident involving parked vehicles,Daylight,Dry
6733,196036,1,Alexanderplatzviertel,2019,6,16,6,3,4,6,0,1,0,0,0,0,0,0,Mitte,Accident with minor injuries,Collision with oncoming vehicle,Collision involving vehicles going in the same way,Daylight,Dry
6734,196037,5,Carl-Schurz-Straße,2019,6,9,6,2,6,7,0,0,0,1,0,0,1,0,Spandau,Accident with serious injuries,Collision between vehicle and pedestrian,Others,Daylight,Dry
6735,196038,9,Dammvorstadt,2019,6,15,6,3,2,6,0,0,1,0,0,0,0,0,Treptow-Köpenick,Accident with minor injuries,Collision with the vehicle in front/waiting vehicle,Collision involving vehicles going in the same way,Daylight,Dry
6736,196039,4,Flinsberger Platz,2019,6,9,6,3,1,5,0,0,1,0,0,1,0,0,Charlottenburg - Wilmersdorf,Accident with minor injuries,Collision with a moving/standing/parked vehicle,Accident involving parked vehicles,Daylight,Dry
6737,196040,5,Eiswerder,2019,6,16,6,3,0,1,0,1,0,0,0,0,0,0,Spandau,Accident with minor injuries,Others,Driving accident,Daylight,Dry
6738,196041,12,Scharnweberstraße,2019,6,17,6,3,2,5,0,0,1,0,1,0,0,0,Reinickendorf,Accident with minor injuries,Collision with the vehicle in front/waiting vehicle,Accident involving parked vehicles,Daylight,Dry
6739,196042,9,Kietzer Feld/Nachtheide,2019,6,9,6,3,5,3,0,1,1,0,0,0,0,0,Treptow-Köpenick,Accident with minor injuries,Collision with a turning/crossing vehicle,Turning/Crossing accident,Daylight,Dry
6740,196043,1,Oranienburger Straße,2019,6,8,6,3,5,2,0,1,0,0,0,0,1,0,Mitte,Accident with minor injuries,Collision with a turning/crossing vehicle,Turning accident,Daylight,Dry
6741,196044,1,Karl-Marx-Allee,2019,6,9,6,3,5,2,0,1,1,0,0,0,0,0,Mitte,Accident with minor injuries,Collision with a turning/crossing vehicle,Turning accident,Daylight,Dry
6742,196045,5,Germersheimer Platz,2019,6,8,6,3,2,6,0,0,1,0,0,0,0,0,Spandau,Accident with minor injuries,Collision with the vehicle in front/waiting vehicle,Collision involving vehicles going in the same way,Daylight,Dry
6743,196046,7,Rathaus Tempelhof,2019,6,11,6,3,6,4,0,1,0,1,0,0,0,0,Tempelhof-Schöneberg,Accident with minor injuries,Collision between vehicle and pedestrian,Pedestrian crossing accident,Daylight,Dry
6744,196047,1,Sparrplatz,2019,6,8,6,3,5,3,0,1,1,0,0,0,0,0,Mitte,Accident with minor injuries,Collision with a turning/crossing vehicle,Turning/Crossing accident,Daylight,Dry
6745,196048,7,Wittenbergplatz/Viktoria-Luise-Platz,2019,6,19,6,3,5,7,0,0,1,0,1,0,0,0,Tempelhof-Schöneberg,Accident with minor injuries,Collision with a turning/crossing vehicle,Others,Daylight,Dry
6746,196049,3,Volkspark Prenzlauer Berg,2019,6,8,6,3,6,7,0,0,1,1,0,0,0,0,Pankow,Accident with minor injuries,Collision between vehicle and pedestrian,Others,Daylight,Dry
6747,196050,2,Viktoriapark,2019,6,18,6,3,5,3,0,1,1,0,0,0,0,0,Friedrichshain - Kreuzberg,Accident with minor injuries,Collision with a turning/crossing vehicle,Turning/Crossing accident,Daylight,Dry
6748,196051,7,Marienfelde Nordost,2019,6,8,6,3,5,3,0,0,1,0,1,0,0,0,Tempelhof-Schöneberg,Accident with minor injuries,Collision with a turning/crossing vehicle,Turning/Crossing accident,Daylight,Dry
6749,196052,6,Thielallee,2019,6,7,6,3,5,2,0,0,1,0,1,0,0,0,Steglitz-Zehlendorf,Accident with minor injuries,Collision with a turning/crossing vehicle,Turning accident,Daylight,Dry
6750,196053,12,Waldidyll/Flughafensee,2019,6,17,6,3,2,2,0,0,1,0,0,0,0,0,Reinickendorf,Accident with minor injuries,Collision with the vehicle in front/waiting vehicle,Turning accident,Daylight,Dry
6751,196054,9,Adlershof West,2019,6,17,6,3,5,2,0,1,1,0,0,0,0,0,Treptow-Köpenick,Accident with minor injuries,Collision with a turning/crossing vehicle,Turning accident,Daylight,Dry
6752,196055,6,Krumme Lanke,2019,6,5,6,3,2,6,1,0,1,0,0,1,0,0,Steglitz-Zehlendorf,Accident with minor injuries,Collision with the vehicle in front/waiting vehicle,Collision involving vehicles going in the same way,Twilight,Dry
6753,196056,8,Donaustraße,2019,6,23,6,3,1,5,2,1,1,0,0,0,0,0,Neukölln,Accident with minor injuries,Collision with a moving/standing/parked vehicle,Accident involving parked vehicles,Dark,Dry
6754,196057,3,Pankow Zentrum,2019,6,8,6,3,6,2,0,0,1,1,0,0,0,0,Pankow,Accident with minor injuries,Collision between vehicle and pedestrian,Turning accident,Daylight,Dry
6755,196058,1,Alexanderplatzviertel,2019,6,21,6,3,6,4,1,0,1,1,0,0,0,0,Mitte,Accident with minor injuries,Collision between vehicle and pedestrian,Pedestrian crossing accident,Twilight,Dry
6756,196059,4,Königin-Elisabeth-Straße,2019,6,8,6,3,5,2,0,0,1,0,0,0,0,0,Charlottenburg - Wilmersdorf,Accident with minor injuries,Collision with a turning/crossing vehicle,Turning accident,Daylight,Dry
6757,196060,1,Alexanderplatzviertel,2019,6,20,6,3,5,2,1,0,1,0,0,0,0,0,Mitte,Accident with minor injuries,Collision with a turning/crossing vehicle,Turning accident,Twilight,Dry
6758,196061,2,Viktoriapark,2019,6,1,6,2,5,3,2,1,1,0,0,0,0,0,Friedrichshain - Kreuzberg,Accident with serious injuries,Collision with a turning/crossing vehicle,Turning/Crossing accident,Dark,Dry
6759,196062,4,Reichsstraße,2019,6,8,6,3,5,2,0,1,1,0,0,0,0,0,Charlottenburg - Wilmersdorf,Accident with minor injuries,Collision with a turning/crossing vehicle,Turning accident,Daylight,Dry
6760,196063,1,Wilhelmstraße,2019,6,0,6,3,5,3,2,1,1,0,0,0,0,0,Mitte,Accident with minor injuries,Collision with a turning/crossing vehicle,Turning/Crossing accident,Dark,Dry
6761,196064,1,Oranienburger Straße,2019,6,18,6,2,0,7,0,1,0,0,0,0,0,0,Mitte,Accident with serious injuries,Others,Others,Daylight,Dry
6762,196065,10,Springpfuhl,2019,6,7,6,3,5,3,0,1,1,0,0,0,0,0,Marzahn-Hellersdorf,Accident with minor injuries,Collision with a turning/crossing vehicle,Turning/Crossing accident,Daylight,Dry
6763,196066,1,Karl-Marx-Allee,2019,6,18,6,3,6,4,0,0,1,1,0,0,0,0,Mitte,Accident with minor injuries,Collision between vehicle and pedestrian,Pedestrian crossing accident,Daylight,Dry
6764,196067,11,Rummelsburg,2019,6,18,6,3,5,2,0,1,1,0,0,0,0,0,Lichtenberg,Accident with minor injuries,Collision with a turning/crossing vehicle,Turning accident,Daylight,Dry
6765,196068,5,Pillnitzer Weg,2019,6,7,6,3,3,6,0,0,1,0,1,0,0,0,Spandau,Accident with minor injuries,Collision with a vehicle traveling laterally in the same direction,Collision involving vehicles going in the same way,Daylight,Dry
6766,196069,7,Marienfelde Süd,2019,6,18,6,3,5,2,0,1,1,0,0,0,0,0,Tempelhof-Schöneberg,Accident with minor injuries,Collision with a turning/crossing vehicle,Turning accident,Daylight,Dry
6767,196070,1,Unter den Linden Nord,2019,6,6,6,3,5,2,0,1,1,0,0,0,0,0,Mitte,Accident with minor injuries,Collision with a turning/crossing vehicle,Turning accident,Daylight,Dry
6768,196071,1,Westhafen,2019,6,17,6,2,3,6,0,0,1,0,1,0,0,0,Mitte,Accident with serious injuries,Collision with a vehicle traveling laterally in the same direction,Collision involving vehicles going in the same way,Daylight,Dry
6769,196072,2,Boxhagener Platz,2019,6,3,6,3,1,5,2,1,1,0,0,0,0,0,Friedrichshain - Kreuzberg,Accident with minor injuries,Collision with a moving/standing/parked vehicle,Accident involving parked vehicles,Dark,Dry
6770,196073,2,Traveplatz,2019,6,18,6,3,2,6,0,1,1,0,0,0,0,0,Friedrichshain - Kreuzberg,Accident with minor injuries,Collision with the vehicle in front/waiting vehicle,Collision involving vehicles going in the same way,Daylight,Dry
6771,196074,8,Gewerbegebiet Köllnische Heide,2019,6,17,6,3,1,5,0,1,1,0,0,0,1,0,Neukölln,Accident with minor injuries,Collision with a moving/standing/parked vehicle,Accident involving parked vehicles,Daylight,Dry
6772,196075,2,Wassertorplatz,2019,6,17,6,3,5,2,0,1,1,0,0,0,0,0,Friedrichshain - Kreuzberg,Accident with minor injuries,Collision with a turning/crossing vehicle,Turning accident,Daylight,Dry
6773,196076,12,Hermsdorf,2019,6,17,6,3,2,6,0,0,1,0,0,0,0,0,Reinickendorf,Accident with minor injuries,Collision with the vehicle in front/waiting vehicle,Collision involving vehicles going in the same way,Daylight,Dry
6774,196077,5,Ackerstraße,2019,6,19,6,3,5,3,0,0,1,0,0,0,0,0,Spandau,Accident with minor injuries,Collision with a turning/crossing vehicle,Turning/Crossing accident,Daylight,Dry
6775,196078,3,Buchholz,2019,6,7,6,3,5,3,0,0,1,1,0,0,0,0,Pankow,Accident with minor injuries,Collision with a turning/crossing vehicle,Turning/Crossing accident,Daylight,Dry
6776,196079,7,Nahariyastraße,2019,6,18,6,3,8,1,0,1,0,0,0,0,0,0,Tempelhof-Schöneberg,Accident with minor injuries,Departure from the roadway to the right,Driving accident,Daylight,Dry
6777,196080,1,Soldiner Straße,2019,6,9,6,3,3,6,0,1,0,0,0,1,0,0,Mitte,Accident with minor injuries,Collision with a vehicle traveling laterally in the same direction,Collision involving vehicles going in the same way,Daylight,Dry
6778,196081,7,Rathausstraße,2019,6,8,6,3,5,3,0,0,1,0,0,0,1,0,Tempelhof-Schöneberg,Accident with minor injuries,Collision with a turning/crossing vehicle,Turning/Crossing accident,Daylight,Dry
6779,196082,1,Invalidenstraße,2019,6,17,5,2,2,6,0,1,0,0,0,0,0,0,Mitte,Accident with serious injuries,Collision with the vehicle in front/waiting vehicle,Collision involving vehicles going in the same way,Daylight,Dry
6780,196083,6,Fischtal,2019,6,22,6,3,1,1,2,0,1,0,0,0,0,0,Steglitz-Zehlendorf,Accident with minor injuries,Collision with a moving/standing/parked vehicle,Driving accident,Dark,Dry
6781,196084,3,Humannplatz,2019,6,8,5,3,5,3,0,1,1,0,0,0,0,0,Pankow,Accident with minor injuries,Collision with a turning/crossing vehicle,Turning/Crossing accident,Daylight,Dry
6782,196085,1,Elberfelder Straße,2019,6,21,6,2,5,2,0,1,1,0,0,0,0,0,Mitte,Accident with serious injuries,Collision with a turning/crossing vehicle,Turning accident,Daylight,Dry
6783,196086,6,Nikolassee,2019,6,17,5,2,5,3,0,0,1,0,0,0,0,0,Steglitz-Zehlendorf,Accident with serious injuries,Collision with a turning/crossing vehicle,Turning/Crossing accident,Daylight,Dry
6784,196087,12,Klixstraße,2019,6,20,6,2,5,3,0,0,1,0,1,0,0,0,Reinickendorf,Accident with serious injuries,Collision with a turning/crossing vehicle,Turning/Crossing accident,Daylight,Dry
6785,196088,7,Manteuffelstraße,2019,6,17,5,3,0,6,0,0,1,0,1,0,0,0,Tempelhof-Schöneberg,Accident with minor injuries,Others,Collision involving vehicles going in the same way,Daylight,Dry
6786,196089,10,Gelbes Viertel,2019,6,17,5,3,6,4,0,0,1,1,0,0,0,0,Marzahn-Hellersdorf,Accident with minor injuries,Collision between vehicle and pedestrian,Pedestrian crossing accident,Daylight,Dry
6787,196090,2,Wassertorplatz,2019,6,18,6,2,6,4,0,1,0,1,0,0,0,0,Friedrichshain - Kreuzberg,Accident with serious injuries,Collision between vehicle and pedestrian,Pedestrian crossing accident,Daylight,Dry
6788,196091,8,Donaustraße,2019,6,13,6,3,6,4,0,0,0,1,0,1,0,0,Neukölln,Accident with minor injuries,Collision between vehicle and pedestrian,Pedestrian crossing accident,Daylight,Dry
6789,196092,1,Rehberge,2019,6,13,1,3,1,5,0,1,1,0,0,0,0,0,Mitte,Accident with minor injuries,Collision with a moving/standing/parked vehicle,Accident involving parked vehicles,Daylight,Dry
6790,196093,8,Schillerpromenade,2019,6,12,1,3,3,6,0,1,1,0,0,0,0,0,Neukölln,Accident with minor injuries,Collision with a vehicle traveling laterally in the same direction,Collision involving vehicles going in the same way,Daylight,Dry
6791,196094,6,Hüttenweg,2019,6,18,1,3,2,6,0,0,1,0,0,0,0,0,Steglitz-Zehlendorf,Accident with minor injuries,Collision with the vehicle in front/waiting vehicle,Collision involving vehicles going in the same way,Daylight,Dry
6792,196095,5,Borkumer Straße,2019,6,21,1,2,8,1,1,0,1,0,0,0,0,0,Spandau,Accident with serious injuries,Departure from the roadway to the right,Driving accident,Twilight,Dry
6793,196096,1,Arkonaplatz,2019,6,18,1,3,0,1,0,0,0,0,1,0,0,0,Mitte,Accident with minor injuries,Others,Driving accident,Daylight,Dry
6794,196097,11,Karlshorst West,2019,6,20,7,3,0,7,0,1,0,0,0,0,0,0,Lichtenberg,Accident with minor injuries,Others,Others,Daylight,Dry
6795,196098,10,Mahlsdorf Nord,2019,6,15,7,3,0,1,0,0,0,0,1,0,0,0,Marzahn-Hellersdorf,Accident with minor injuries,Others,Driving accident,Daylight,Dry
6796,196099,6,Nikolassee,2019,6,12,7,3,1,7,0,0,1,0,0,0,0,0,Steglitz-Zehlendorf,Accident with minor injuries,Collision with a moving/standing/parked vehicle,Others,Daylight,Dry
6797,196100,4,Reichsstraße,2019,6,19,7,3,2,2,0,0,1,0,0,0,1,0,Charlottenburg - Wilmersdorf,Accident with minor injuries,Collision with the vehicle in front/waiting vehicle,Turning accident,Daylight,Dry
6798,196101,8,Schulenburgpark,2019,6,15,7,3,5,2,0,0,1,0,0,0,0,0,Neukölln,Accident with minor injuries,Collision with a turning/crossing vehicle,Turning accident,Daylight,Dry
6799,196102,2,Askanischer Platz,2019,6,15,7,3,5,3,0,0,1,0,0,0,0,0,Friedrichshain - Kreuzberg,Accident with minor injuries,Collision with a turning/crossing vehicle,Turning/Crossing accident,Daylight,Dry
6800,196103,8,Tempelhofer Weg,2019,6,15,7,3,5,3,0,0,1,0,1,0,0,0,Neukölln,Accident with minor injuries,Collision with a turning/crossing vehicle,Turning/Crossing accident,Daylight,Dry
6801,196104,7,Eisenacher Straße,2019,6,16,7,3,5,2,0,0,1,0,1,0,0,0,Tempelhof-Schöneberg,Accident with minor injuries,Collision with a turning/crossing vehicle,Turning accident,Daylight,Dry
6802,196105,11,Victoriastadt,2019,6,16,7,3,3,6,0,1,1,0,0,0,0,0,Lichtenberg,Accident with minor injuries,Collision with a vehicle traveling laterally in the same direction,Collision involving vehicles going in the same way,Daylight,Dry
6803,196106,3,Pankow Süd,2019,6,17,7,3,5,3,0,1,1,0,0,0,0,0,Pankow,Accident with minor injuries,Collision with a turning/crossing vehicle,Turning/Crossing accident,Daylight,Dry
6804,196107,8,Parchimer Allee,2019,6,17,7,3,2,6,0,0,1,0,0,0,0,0,Neukölln,Accident with minor injuries,Collision with the vehicle in front/waiting vehicle,Collision involving vehicles going in the same way,Daylight,Dry
6805,196108,7,Wittenbergplatz/Viktoria-Luise-Platz,2019,6,19,7,3,5,3,0,1,1,0,0,0,0,0,Tempelhof-Schöneberg,Accident with minor injuries,Collision with a turning/crossing vehicle,Turning/Crossing accident,Daylight,Dry
6806,196109,4,Breitscheidplatz,2019,6,20,7,3,2,6,0,0,1,0,0,0,0,0,Charlottenburg - Wilmersdorf,Accident with minor injuries,Collision with the vehicle in front/waiting vehicle,Collision involving vehicles going in the same way,Daylight,Dry
6807,196110,11,Rüdigerstraße,2019,6,20,7,3,5,3,0,1,0,0,0,0,1,0,Lichtenberg,Accident with minor injuries,Collision with a turning/crossing vehicle,Turning/Crossing accident,Daylight,Dry
6808,196111,11,Victoriastadt,2019,6,21,7,3,0,1,1,1,1,0,0,0,0,0,Lichtenberg,Accident with minor injuries,Others,Driving accident,Twilight,Dry
6809,196112,2,Wassertorplatz,2019,6,21,7,3,2,6,1,0,1,0,1,0,0,0,Friedrichshain - Kreuzberg,Accident with minor injuries,Collision with the vehicle in front/waiting vehicle,Collision involving vehicles going in the same way,Twilight,Dry
6810,196113,1,Oranienburger Straße,2019,6,14,7,3,5,3,0,1,1,0,0,0,0,0,Mitte,Accident with minor injuries,Collision with a turning/crossing vehicle,Turning/Crossing accident,Daylight,Dry
6811,196114,12,Waldidyll/Flughafensee,2019,6,12,7,3,1,1,0,0,1,0,0,0,0,0,Reinickendorf,Accident with minor injuries,Collision with a moving/standing/parked vehicle,Driving accident,Daylight,Dry
6812,196115,10,Oberfeldstraße,2019,6,11,7,3,5,3,0,0,1,0,0,0,0,0,Marzahn-Hellersdorf,Accident with minor injuries,Collision with a turning/crossing vehicle,Turning/Crossing accident,Daylight,Dry
6813,196116,4,Halensee,2019,6,11,7,3,0,5,0,0,1,0,0,0,1,0,Charlottenburg - Wilmersdorf,Accident with minor injuries,Others,Accident involving parked vehicles,Daylight,Dry
6814,196117,6,Berlepschstraße,2019,6,10,7,3,5,3,0,0,1,0,0,1,0,0,Steglitz-Zehlendorf,Accident with minor injuries,Collision with a turning/crossing vehicle,Turning/Crossing accident,Daylight,Dry
6815,196118,11,Karlshorst West,2019,6,16,7,3,5,2,0,0,0,0,0,0,1,0,Lichtenberg,Accident with minor injuries,Collision with a turning/crossing vehicle,Turning accident,Daylight,Dry
6816,196119,9,Bohnsdorf,2019,6,10,7,3,5,3,0,0,1,0,1,0,0,0,Treptow-Köpenick,Accident with minor injuries,Collision with a turning/crossing vehicle,Turning/Crossing accident,Daylight,Dry
6817,196120,11,Weitlingstraße,2019,6,9,7,3,5,3,0,1,1,0,0,0,0,0,Lichtenberg,Accident with minor injuries,Collision with a turning/crossing vehicle,Turning/Crossing accident,Daylight,Dry
6818,196121,1,Brunnenstraße,2019,6,2,7,3,6,4,2,0,0,1,0,0,1,0,Mitte,Accident with minor injuries,Collision between vehicle and pedestrian,Pedestrian crossing accident,Dark,Dry
6819,196122,10,Wuhletalstraße,2019,6,15,6,3,2,6,0,0,1,0,0,0,1,0,Marzahn-Hellersdorf,Accident with minor injuries,Collision with the vehicle in front/waiting vehicle,Collision involving vehicles going in the same way,Daylight,Dry
6820,196123,3,Niederschönhausen,2019,6,18,6,3,0,7,0,1,0,0,0,0,1,0,Pankow,Accident with minor injuries,Others,Others,Daylight,Dry
6821,196124,8,Reuterkiez,2019,6,14,6,3,2,2,0,1,1,0,0,0,0,0,Neukölln,Accident with minor injuries,Collision with the vehicle in front/waiting vehicle,Turning accident,Daylight,Dry
6822,196125,11,Rummelsburg,2019,6,14,6,3,3,6,0,0,1,0,0,1,0,0,Lichtenberg,Accident with minor injuries,Collision with a vehicle traveling laterally in the same direction,Collision involving vehicles going in the same way,Daylight,Dry
6823,196126,5,Hakenfelde Nord,2019,6,17,6,3,5,3,0,1,1,0,0,0,0,0,Spandau,Accident with minor injuries,Collision with a turning/crossing vehicle,Turning/Crossing accident,Daylight,Dry
6824,196127,5,Eiswerder,2019,6,16,6,2,1,5,0,1,1,0,0,0,0,0,Spandau,Accident with serious injuries,Collision with a moving/standing/parked vehicle,Accident involving parked vehicles,Daylight,Dry
6825,196128,5,Magistratsweg,2019,6,16,6,3,2,6,0,0,1,0,0,1,0,0,Spandau,Accident with minor injuries,Collision with the vehicle in front/waiting vehicle,Collision involving vehicles going in the same way,Daylight,Dry
6826,196129,6,Bergstraße,2019,6,16,6,2,3,6,0,1,1,0,0,0,0,0,Steglitz-Zehlendorf,Accident with serious injuries,Collision with a vehicle traveling laterally in the same direction,Collision involving vehicles going in the same way,Daylight,Dry
6827,196130,2,Stralauer Kiez,2019,6,15,6,3,2,6,0,1,1,0,0,0,0,0,Friedrichshain - Kreuzberg,Accident with minor injuries,Collision with the vehicle in front/waiting vehicle,Collision involving vehicles going in the same way,Daylight,Dry
6828,196131,3,Rennbahnstraße,2019,6,13,6,3,1,5,0,1,1,0,0,0,0,0,Pankow,Accident with minor injuries,Collision with a moving/standing/parked vehicle,Accident involving parked vehicles,Daylight,Dry
6829,196132,1,Alexanderplatzviertel,2019,6,13,6,3,2,6,0,1,0,0,0,0,0,0,Mitte,Accident with minor injuries,Collision with the vehicle in front/waiting vehicle,Collision involving vehicles going in the same way,Daylight,Dry
6830,196133,7,Grazer Platz,2019,6,13,6,3,5,2,0,0,1,0,0,0,0,0,Tempelhof-Schöneberg,Accident with minor injuries,Collision with a turning/crossing vehicle,Turning accident,Daylight,Dry
6831,196134,3,Buschallee,2019,6,13,6,3,0,7,0,1,0,0,0,0,0,0,Pankow,Accident with minor injuries,Others,Others,Daylight,Dry
6832,196135,8,Rollberg,2019,6,18,6,3,5,2,0,0,1,0,0,0,0,0,Neukölln,Accident with minor injuries,Collision with a turning/crossing vehicle,Turning accident,Daylight,Dry
6833,196136,1,Emdener Straße,2019,6,13,6,3,5,2,0,0,1,0,1,0,0,0,Mitte,Accident with minor injuries,Collision with a turning/crossing vehicle,Turning accident,Daylight,Dry
6834,196137,4,Ernst-Reuter-Platz,2019,6,13,6,3,2,6,0,0,1,0,0,0,0,0,Charlottenburg - Wilmersdorf,Accident with minor injuries,Collision with the vehicle in front/waiting vehicle,Collision involving vehicles going in the same way,Daylight,Dry
6835,196138,2,Andreasviertel,2019,6,14,6,3,0,1,0,0,0,0,1,0,0,0,Friedrichshain - Kreuzberg,Accident with minor injuries,Others,Driving accident,Daylight,Dry
6836,196139,11,Wartenberg Süd,2019,6,15,6,3,2,6,0,0,1,0,0,0,1,0,Lichtenberg,Accident with minor injuries,Collision with the vehicle in front/waiting vehicle,Collision involving vehicles going in the same way,Daylight,Dry
6837,196140,1,Karl-Marx-Allee,2019,6,13,6,3,5,2,0,0,1,0,0,0,0,0,Mitte,Accident with minor injuries,Collision with a turning/crossing vehicle,Turning accident,Daylight,Dry
6838,196141,11,Rummelsburg,2019,6,13,6,3,0,7,0,0,0,0,1,0,0,1,Lichtenberg,Accident with minor injuries,Others,Others,Daylight,Wet/moist/slippery
6839,196142,2,Andreasviertel,2019,6,20,6,3,1,5,1,1,1,0,0,0,1,0,Friedrichshain - Kreuzberg,Accident with minor injuries,Collision with a moving/standing/parked vehicle,Accident involving parked vehicles,Twilight,Dry