,object id,district,street,year,month,hour of day,weekday,category,accident type,accident type 2,light situation,bike involved,car involved,pedestrian involved,motor bike involved,big track involved,other vehicle involved,road condition,district name,category name,accident detail,accident type detail,light condition,road condition detail
6973,196276,7,Hundsteinweg,2019,6,21,4,3,6,4,0,0,0,1,0,0,1,0,Tempelhof-Schöneberg,Accident with minor injuries,Collision between vehicle and pedestrian,Pedestrian crossing accident,Daylight,Dry
6974,196277,3,Volkspark Prenzlauer Berg,2019,6,6,4,3,6,4,0,1,0,1,0,0,0,0,Pankow,Accident with minor injuries,Collision between vehicle and pedestrian,Pedestrian crossing accident,Daylight,Dry
6975,196278,2,Viktoriapark,2019,6,4,4,3,3,6,1,0,1,0,0,0,0,0,Friedrichshain - Kreuzberg,Accident with minor injuries,Collision with a vehicle traveling laterally in the same direction,Collision involving vehicles going in the same way,Twilight,Dry
6976,196279,8,Weiße Siedlung,2019,6,20,4,3,5,3,0,0,1,0,0,0,0,0,Neukölln,Accident with minor injuries,Collision with a turning/crossing vehicle,Turning/Crossing accident,Daylight,Dry
6977,196280,12,Alt-Tegel,2019,6,19,4,3,5,3,0,0,1,0,1,0,0,0,Reinickendorf,Accident with minor injuries,Collision with a turning/crossing vehicle,Turning/Crossing accident,Daylight,Dry
6978,196281,7,Rathaus Tempelhof,2019,6,12,4,2,5,3,0,1,0,0,0,0,1,0,Tempelhof-Schöneberg,Accident with serious injuries,Collision with a turning/crossing vehicle,Turning/Crossing accident,Daylight,Dry
6979,196282,3,Schönholz,2019,6,11,4,3,0,2,0,0,1,0,1,0,0,0,Pankow,Accident with minor injuries,Others,Turning accident,Daylight,Dry
6980,196283,1,Sparrplatz,2019,6,18,4,3,1,5,0,1,1,0,0,0,0,0,Mitte,Accident with minor injuries,Collision with a moving/standing/parked vehicle,Accident involving parked vehicles,Daylight,Dry
6981,196284,1,Heine-Viertel Ost,2019,6,11,4,3,6,7,0,0,0,1,0,0,1,0,Mitte,Accident with minor injuries,Collision between vehicle and pedestrian,Others,Daylight,Dry
6982,196285,10,Wuhletalstraße,2019,6,17,4,3,5,3,0,1,1,0,0,0,0,0,Marzahn-Hellersdorf,Accident with minor injuries,Collision with a turning/crossing vehicle,Turning/Crossing accident,Daylight,Dry
6983,196286,2,Askanischer Platz,2019,6,10,4,3,3,6,0,1,0,0,0,0,0,0,Friedrichshain - Kreuzberg,Accident with minor injuries,Collision with a vehicle traveling laterally in the same direction,Collision involving vehicles going in the same way,Daylight,Dry
6984,196287,1,Lüneburger Straße,2019,6,22,4,3,0,2,2,0,1,0,0,0,1,0,Mitte,Accident with minor injuries,Others,Turning accident,Dark,Dry
6985,196288,10,Alt-Marzahn,2019,6,10,4,3,0,2,0,0,1,0,0,0,1,0,Marzahn-Hellersdorf,Accident with minor injuries,Others,Turning accident,Daylight,Dry
6986,196289,1,Leipziger Straße,2019,6,9,4,3,5,2,0,0,1,0,0,0,0,0,Mitte,Accident with minor injuries,Collision with a turning/crossing vehicle,Turning accident,Daylight,Dry
6987,196290,4,Eisenzahnstraße,2019,6,10,4,3,5,3,0,1,0,0,0,0,0,0,Charlottenburg - Wilmersdorf,Accident with minor injuries,Collision with a turning/crossing vehicle,Turning/Crossing accident,Daylight,Dry
6988,196291,6,Fichtenberg,2019,6,13,4,3,5,3,0,0,1,0,0,0,1,0,Steglitz-Zehlendorf,Accident with minor injuries,Collision with a turning/crossing vehicle,Turning/Crossing accident,Daylight,Dry
6989,196292,5,Borkumer Straße,2019,6,9,4,2,5,2,0,0,1,0,0,0,0,0,Spandau,Accident with serious injuries,Collision with a turning/crossing vehicle,Turning accident,Daylight,Dry
6990,196293,1,Karl-Marx-Allee,2019,6,18,4,3,0,7,0,1,0,0,0,0,0,0,Mitte,Accident with minor injuries,Others,Others,Daylight,Dry
6991,196294,1,Huttenkiez,2019,6,11,3,3,3,6,0,0,0,0,1,0,1,0,Mitte,Accident with minor injuries,Collision with a vehicle traveling laterally in the same direction,Collision involving vehicles going in the same way,Daylight,Dry
6992,196295,1,Reinickendorfer Straße,2019,6,9,4,3,2,6,0,0,1,0,0,0,0,0,Mitte,Accident with minor injuries,Collision with the vehicle in front/waiting vehicle,Collision involving vehicles going in the same way,Daylight,Dry
6993,196296,1,Stephankiez,2019,6,10,3,3,5,2,0,1,1,0,0,0,0,0,Mitte,Accident with minor injuries,Collision with a turning/crossing vehicle,Turning accident,Daylight,Dry
6994,196297,5,Motardstraße,2019,6,8,4,3,5,2,0,1,1,0,0,0,0,0,Spandau,Accident with minor injuries,Collision with a turning/crossing vehicle,Turning accident,Daylight,Dry
6995,196298,8,Rixdorf,2019,6,21,3,3,1,5,0,1,1,0,0,0,0,0,Neukölln,Accident with minor injuries,Collision with a moving/standing/parked vehicle,Accident involving parked vehicles,Daylight,Dry
6996,196299,7,Marienfelde Süd,2019,6,7,4,3,1,5,0,1,1,0,0,0,0,0,Tempelhof-Schöneberg,Accident with minor injuries,Collision with a moving/standing/parked vehicle,Accident involving parked vehicles,Daylight,Dry
6997,196300,2,Boxhagener Platz,2019,6,20,3,3,2,6,0,0,1,0,0,0,0,0,Friedrichshain - Kreuzberg,Accident with minor injuries,Collision with the vehicle in front/waiting vehicle,Collision involving vehicles going in the same way,Daylight,Dry
6998,196301,6,Markelstraße,2019,6,7,4,3,1,5,0,0,0,0,1,0,1,0,Steglitz-Zehlendorf,Accident with minor injuries,Collision with a moving/standing/parked vehicle,Accident involving parked vehicles,Daylight,Dry
6999,196302,4,Jungfernheide,2019,6,13,3,3,2,6,0,0,0,0,1,1,0,0,Charlottenburg - Wilmersdorf,Accident with minor injuries,Collision with the vehicle in front/waiting vehicle,Collision involving vehicles going in the same way,Daylight,Dry
7000,196303,7,Nahariyastraße,2019,6,13,3,3,5,2,0,1,1,0,0,0,0,0,Tempelhof-Schöneberg,Accident with minor injuries,Collision with a turning/crossing vehicle,Turning accident,Daylight,Dry
7001,196304,10,Mahlsdorf Süd,2019,6,7,4,3,5,3,0,1,1,0,0,0,0,0,Marzahn-Hellersdorf,Accident with minor injuries,Collision with a turning/crossing vehicle,Turning/Crossing accident,Daylight,Dry
7002,196305,2,Andreasviertel,2019,6,10,3,3,3,6,0,0,1,0,0,0,1,0,Friedrichshain - Kreuzberg,Accident with minor injuries,Collision with a vehicle traveling laterally in the same direction,Collision involving vehicles going in the same way,Daylight,Dry
7003,196306,6,Fischtal,2019,6,7,4,3,5,3,0,1,0,0,0,0,0,0,Steglitz-Zehlendorf,Accident with minor injuries,Collision with a turning/crossing vehicle,Turning/Crossing accident,Daylight,Dry
7004,196307,12,Letteplatz,2019,6,13,3,3,5,3,0,1,1,0,0,0,0,0,Reinickendorf,Accident with minor injuries,Collision with a turning/crossing vehicle,Turning/Crossing accident,Daylight,Dry
7005,196308,5,Staakener Straße,2019,6,12,3,3,5,2,0,1,0,0,0,1,0,0,Spandau,Accident with minor injuries,Collision with a turning/crossing vehicle,Turning accident,Daylight,Dry
7006,196309,9,Köllnische Vorstadt,2019,6,7,4,2,5,2,0,1,1,0,0,0,0,0,Treptow-Köpenick,Accident with serious injuries,Collision with a turning/crossing vehicle,Turning accident,Daylight,Dry
7007,196310,2,Stralauer Kiez,2019,6,11,3,3,3,6,0,0,1,0,0,0,1,0,Friedrichshain - Kreuzberg,Accident with minor injuries,Collision with a vehicle traveling laterally in the same direction,Collision involving vehicles going in the same way,Daylight,Dry
7008,196311,2,Wriezener Bahnhof/Entwicklungsgebiet,2019,6,6,4,3,5,2,0,0,1,0,0,0,0,0,Friedrichshain - Kreuzberg,Accident with minor injuries,Collision with a turning/crossing vehicle,Turning accident,Daylight,Dry
7009,196312,10,Kaulsdorf Nord I,2019,6,11,3,2,3,6,0,1,0,0,0,0,1,0,Marzahn-Hellersdorf,Accident with serious injuries,Collision with a vehicle traveling laterally in the same direction,Collision involving vehicles going in the same way,Daylight,Dry
7010,196313,7,Neu-Tempelhof,2019,6,1,4,3,2,6,2,1,1,0,0,0,0,0,Tempelhof-Schöneberg,Accident with minor injuries,Collision with the vehicle in front/waiting vehicle,Collision involving vehicles going in the same way,Dark,Dry
7011,196314,1,Westliche Müllerstraße,2019,6,10,3,2,5,5,0,0,1,0,1,0,0,0,Mitte,Accident with serious injuries,Collision with a turning/crossing vehicle,Accident involving parked vehicles,Daylight,Dry
7012,196315,3,Buschallee,2019,6,7,4,3,0,7,0,1,0,0,0,0,0,0,Pankow,Accident with minor injuries,Others,Others,Daylight,Dry
7013,196316,1,Brunnenstraße,2019,6,10,3,3,2,6,0,0,1,0,0,0,0,0,Mitte,Accident with minor injuries,Collision with the vehicle in front/waiting vehicle,Collision involving vehicles going in the same way,Daylight,Dry
7014,196317,4,Park Ruhwald,2019,6,19,3,3,4,2,0,0,1,0,0,0,0,0,Charlottenburg - Wilmersdorf,Accident with minor injuries,Collision with oncoming vehicle,Turning accident,Daylight,Dry
7015,196318,8,Handwerker-Siedlung,2019,6,16,4,3,5,2,0,1,0,0,0,0,1,0,Neukölln,Accident with minor injuries,Collision with a turning/crossing vehicle,Turning accident,Daylight,Dry
7016,196319,2,Moritzplatz,2019,6,16,4,3,5,3,0,1,1,0,0,0,0,0,Friedrichshain - Kreuzberg,Accident with minor injuries,Collision with a turning/crossing vehicle,Turning/Crossing accident,Daylight,Dry
7017,196320,2,Urbanstraße,2019,6,8,3,3,5,2,0,1,1,0,0,0,0,0,Friedrichshain - Kreuzberg,Accident with minor injuries,Collision with a turning/crossing vehicle,Turning accident,Daylight,Dry
7018,196321,7,Volkspark (Rudolf-Wilde-Park),2019,6,15,4,3,1,5,0,1,1,0,0,0,0,0,Tempelhof-Schöneberg,Accident with minor injuries,Collision with a moving/standing/parked vehicle,Accident involving parked vehicles,Daylight,Dry
7019,196322,3,Weißer See,2019,6,8,3,3,5,3,0,1,1,0,0,0,0,0,Pankow,Accident with minor injuries,Collision with a turning/crossing vehicle,Turning/Crossing accident,Daylight,Dry
7020,196323,11,Hauptstraße,2019,6,13,4,3,6,4,0,0,0,1,0,0,1,0,Lichtenberg,Accident with minor injuries,Collision between vehicle and pedestrian,Pedestrian crossing accident,Daylight,Dry
7021,196324,2,Chamissokiez,2019,6,8,3,3,5,2,0,1,0,0,0,0,0,0,Friedrichshain - Kreuzberg,Accident with minor injuries,Collision with a turning/crossing vehicle,Turning accident,Daylight,Dry
7022,196325,12,Schäfersee,2019,6,15,4,3,5,2,0,0,1,0,0,0,0,0,Reinickendorf,Accident with minor injuries,Collision with a turning/crossing vehicle,Turning accident,Daylight,Dry
7023,196326,1,Karl-Marx-Allee,2019,6,19,3,3,5,2,0,1,1,0,0,0,0,0,Mitte,Accident with minor injuries,Collision with a turning/crossing vehicle,Turning accident,Daylight,Dry
7024,196327,1,Invalidenstraße,2019,6,8,3,3,0,1,0,1,0,0,0,0,0,0,Mitte,Accident with minor injuries,Others,Driving accident,Daylight,Dry
7025,196328,1,Gesundbrunnen,2019,6,15,4,3,1,5,0,1,1,0,0,0,0,0,Mitte,Accident with minor injuries,Collision with a moving/standing/parked vehicle,Accident involving parked vehicles,Daylight,Dry
7026,196329,6,Kaiser-Wilhelm-Straße,2019,6,8,3,2,5,7,0,0,1,0,0,0,0,0,Steglitz-Zehlendorf,Accident with serious injuries,Collision with a turning/crossing vehicle,Others,Daylight,Dry
7027,196330,1,Brunnenstraße,2019,6,14,4,2,5,2,0,0,1,0,1,0,0,0,Mitte,Accident with serious injuries,Collision with a turning/crossing vehicle,Turning accident,Daylight,Dry
7028,196331,1,Invalidenstraße,2019,6,8,3,3,0,1,0,1,0,0,0,0,0,0,Mitte,Accident with minor injuries,Others,Driving accident,Daylight,Dry
7029,196332,8,Tempelhofer Weg,2019,6,11,4,3,3,2,0,1,1,0,0,0,0,0,Neukölln,Accident with minor injuries,Collision with a vehicle traveling laterally in the same direction,Turning accident,Daylight,Dry
7030,196333,8,Buschkrugallee Nord,2019,6,18,3,3,5,2,0,1,0,0,0,0,1,0,Neukölln,Accident with minor injuries,Collision with a turning/crossing vehicle,Turning accident,Daylight,Dry
7031,196334,4,Breitscheidplatz,2019,6,12,4,3,2,6,0,1,1,0,0,0,0,0,Charlottenburg - Wilmersdorf,Accident with minor injuries,Collision with the vehicle in front/waiting vehicle,Collision involving vehicles going in the same way,Daylight,Dry
7032,196335,2,Mehringplatz,2019,6,18,3,3,5,2,0,1,1,0,0,0,0,0,Friedrichshain - Kreuzberg,Accident with minor injuries,Collision with a turning/crossing vehicle,Turning accident,Daylight,Dry
7033,196336,9,Späthsfelde,2019,6,18,3,3,5,2,0,0,1,0,1,0,0,0,Treptow-Köpenick,Accident with minor injuries,Collision with a turning/crossing vehicle,Turning accident,Daylight,Dry
7034,196337,8,Silbersteinstraße,2019,6,11,4,2,5,2,0,0,1,0,1,0,0,0,Neukölln,Accident with serious injuries,Collision with a turning/crossing vehicle,Turning accident,Daylight,Dry
7035,196338,2,Friedenstraße,2019,6,18,3,3,5,2,0,1,0,0,0,1,0,0,Friedrichshain - Kreuzberg,Accident with minor injuries,Collision with a turning/crossing vehicle,Turning accident,Daylight,Dry
7036,196339,9,Köllnische Vorstadt,2019,6,11,4,3,2,6,0,0,1,0,0,0,0,0,Treptow-Köpenick,Accident with minor injuries,Collision with the vehicle in front/waiting vehicle,Collision involving vehicles going in the same way,Daylight,Dry
7037,196340,9,Schnellerstraße,2019,6,18,3,2,5,2,0,1,1,0,0,0,0,0,Treptow-Köpenick,Accident with serious injuries,Collision with a turning/crossing vehicle,Turning accident,Daylight,Dry
7038,196341,9,Oberspree,2019,6,10,4,3,5,3,0,1,1,0,0,0,0,0,Treptow-Köpenick,Accident with minor injuries,Collision with a turning/crossing vehicle,Turning/Crossing accident,Daylight,Dry
7039,196342,1,Unter den Linden Süd,2019,6,17,3,2,5,7,0,1,1,0,0,0,0,0,Mitte,Accident with serious injuries,Collision with a turning/crossing vehicle,Others,Daylight,Dry
7040,196343,4,Jungfernheide,2019,6,10,4,3,2,6,0,0,1,0,0,0,1,0,Charlottenburg - Wilmersdorf,Accident with minor injuries,Collision with the vehicle in front/waiting vehicle,Collision involving vehicles going in the same way,Daylight,Dry
7041,196344,10,Oberfeldstraße,2019,6,13,3,3,5,3,0,1,1,0,0,0,0,0,Marzahn-Hellersdorf,Accident with minor injuries,Collision with a turning/crossing vehicle,Turning/Crossing accident,Daylight,Dry
7042,196345,5,Gartenfelder Straße,2019,6,15,3,3,6,2,0,0,1,1,0,0,0,0,Spandau,Accident with minor injuries,Collision between vehicle and pedestrian,Turning accident,Daylight,Dry
7043,196346,6,Schütte-Lanz-Straße,2019,6,10,4,3,5,3,0,0,1,0,1,0,0,0,Steglitz-Zehlendorf,Accident with minor injuries,Collision with a turning/crossing vehicle,Turning/Crossing accident,Daylight,Dry
7044,196347,7,Rathaus Tempelhof,2019,6,10,4,3,0,5,0,0,1,0,0,0,0,0,Tempelhof-Schöneberg,Accident with minor injuries,Others,Accident involving parked vehicles,Daylight,Dry
7045,196348,9,Allende II,2019,6,16,3,2,5,3,0,1,0,0,0,1,0,0,Treptow-Köpenick,Accident with serious injuries,Collision with a turning/crossing vehicle,Turning/Crossing accident,Daylight,Dry
7046,196349,6,Lankwitz Kirche,2019,6,16,3,3,2,6,0,0,1,0,0,1,0,0,Steglitz-Zehlendorf,Accident with minor injuries,Collision with the vehicle in front/waiting vehicle,Collision involving vehicles going in the same way,Daylight,Dry
7047,196350,1,Heine-Viertel Ost,2019,6,9,4,3,5,3,0,1,0,0,1,0,0,0,Mitte,Accident with minor injuries,Collision with a turning/crossing vehicle,Turning/Crossing accident,Daylight,Dry
7048,196351,2,Urbanstraße,2019,6,16,3,3,2,2,0,0,1,0,0,0,0,0,Friedrichshain - Kreuzberg,Accident with minor injuries,Collision with the vehicle in front/waiting vehicle,Turning accident,Daylight,Dry
7049,196352,8,Gropiusstadt Ost,2019,6,13,3,3,2,6,0,0,1,0,0,0,0,0,Neukölln,Accident with minor injuries,Collision with the vehicle in front/waiting vehicle,Collision involving vehicles going in the same way,Daylight,Dry
7050,196353,7,Manteuffelstraße,2019,6,16,3,3,0,2,0,1,1,0,0,0,0,0,Tempelhof-Schöneberg,Accident with minor injuries,Others,Turning accident,Daylight,Dry
7051,196354,3,Arnimplatz,2019,6,15,3,2,0,1,0,1,0,0,0,0,0,0,Pankow,Accident with serious injuries,Others,Driving accident,Daylight,Dry
7052,196355,3,Pankow Zentrum,2019,6,10,3,3,5,3,0,1,1,0,0,0,0,0,Pankow,Accident with minor injuries,Collision with a turning/crossing vehicle,Turning/Crossing accident,Daylight,Dry
7053,196356,7,Lindenhofsiedlung,2019,6,15,3,2,3,6,0,0,0,0,1,1,0,0,Tempelhof-Schöneberg,Accident with serious injuries,Collision with a vehicle traveling laterally in the same direction,Collision involving vehicles going in the same way,Daylight,Dry
7054,196357,4,Karl-August-Platz,2019,6,15,3,3,5,2,0,0,1,0,0,0,0,0,Charlottenburg - Wilmersdorf,Accident with minor injuries,Collision with a turning/crossing vehicle,Turning accident,Daylight,Dry
7055,196358,2,Wassertorplatz,2019,6,16,3,3,6,7,0,1,0,1,0,0,0,0,Friedrichshain - Kreuzberg,Accident with minor injuries,Collision between vehicle and pedestrian,Others,Daylight,Dry
7056,196359,5,Borkumer Straße,2019,6,14,3,3,5,3,0,1,1,0,0,0,0,0,Spandau,Accident with minor injuries,Collision with a turning/crossing vehicle,Turning/Crossing accident,Daylight,Dry
7057,196360,7,Rathaus Tempelhof,2019,6,11,3,3,1,5,0,1,1,0,0,0,0,0,Tempelhof-Schöneberg,Accident with minor injuries,Collision with a moving/standing/parked vehicle,Accident involving parked vehicles,Daylight,Dry
7058,196361,1,Heine-Viertel West,2019,6,8,3,3,0,5,0,0,1,0,1,0,0,0,Mitte,Accident with minor injuries,Others,Accident involving parked vehicles,Daylight,Dry
7059,196362,4,Ernst-Reuter-Platz,2019,6,7,3,2,1,5,0,1,1,0,0,0,0,0,Charlottenburg - Wilmersdorf,Accident with serious injuries,Collision with a moving/standing/parked vehicle,Accident involving parked vehicles,Daylight,Dry
7060,196363,4,Tegeler Weg,2019,6,0,3,3,1,1,2,0,1,0,0,0,0,0,Charlottenburg - Wilmersdorf,Accident with minor injuries,Collision with a moving/standing/parked vehicle,Driving accident,Dark,Dry
7061,196364,11,Orankesee,2019,6,6,3,3,2,6,0,0,1,0,0,1,0,0,Lichtenberg,Accident with minor injuries,Collision with the vehicle in front/waiting vehicle,Collision involving vehicles going in the same way,Daylight,Dry
7062,196365,2,Moritzplatz,2019,6,18,3,3,5,2,0,1,1,0,0,0,0,0,Friedrichshain - Kreuzberg,Accident with minor injuries,Collision with a turning/crossing vehicle,Turning accident,Daylight,Dry
7063,196366,1,Arkonaplatz,2019,6,1,3,3,0,1,2,0,0,0,0,0,1,0,Mitte,Accident with minor injuries,Others,Driving accident,Dark,Dry
7064,196367,2,Moritzplatz,2019,6,19,2,3,5,2,0,1,0,0,1,0,0,0,Friedrichshain - Kreuzberg,Accident with minor injuries,Collision with a turning/crossing vehicle,Turning accident,Daylight,Dry
7065,196368,3,Wilhelmsruh,2019,6,3,3,3,0,1,2,0,0,0,1,0,0,0,Pankow,Accident with minor injuries,Others,Driving accident,Dark,Dry
7066,196369,4,Breitscheidplatz,2019,6,15,3,3,0,4,0,1,0,1,0,0,0,0,Charlottenburg - Wilmersdorf,Accident with minor injuries,Others,Pedestrian crossing accident,Daylight,Dry
7067,196370,8,Glasower Straße,2019,6,11,2,3,2,6,0,0,1,0,0,1,0,0,Neukölln,Accident with minor injuries,Collision with the vehicle in front/waiting vehicle,Collision involving vehicles going in the same way,Daylight,Dry
7068,196371,1,Alexanderplatzviertel,2019,6,19,2,3,5,3,0,0,1,0,0,0,1,0,Mitte,Accident with minor injuries,Collision with a turning/crossing vehicle,Turning/Crossing accident,Daylight,Dry
7069,196372,4,Babelsberger Straße,2019,6,9,3,3,5,3,0,1,0,0,0,0,0,0,Charlottenburg - Wilmersdorf,Accident with minor injuries,Collision with a turning/crossing vehicle,Turning/Crossing accident,Daylight,Dry
7070,196373,4,Karl-August-Platz,2019,6,15,2,3,3,2,0,1,0,0,0,0,1,0,Charlottenburg - Wilmersdorf,Accident with minor injuries,Collision with a vehicle traveling laterally in the same direction,Turning accident,Daylight,Dry
7071,196374,3,Humannplatz,2019,6,15,3,3,6,4,0,1,0,1,0,0,0,0,Pankow,Accident with minor injuries,Collision between vehicle and pedestrian,Pedestrian crossing accident,Daylight,Dry
7072,196375,1,Sparrplatz,2019,6,18,2,3,6,4,0,1,0,1,0,0,0,0,Mitte,Accident with minor injuries,Collision between vehicle and pedestrian,Pedestrian crossing accident,Daylight,Dry
7073,196376,6,Stadtpark,2019,6,18,2,3,5,2,0,1,1,0,0,0,0,0,Steglitz-Zehlendorf,Accident with minor injuries,Collision with a turning/crossing vehicle,Turning accident,Daylight,Dry
7074,196377,1,Heine-Viertel West,2019,6,15,3,3,2,6,0,0,1,0,0,0,0,0,Mitte,Accident with minor injuries,Collision with the vehicle in front/waiting vehicle,Collision involving vehicles going in the same way,Daylight,Dry
7075,196378,12,Lübars,2019,6,14,2,3,5,3,0,1,0,0,0,0,1,0,Reinickendorf,Accident with minor injuries,Collision with a turning/crossing vehicle,Turning/Crossing accident,Daylight,Dry
7076,196379,5,Hakenfelde Nord,2019,6,16,2,3,5,3,0,1,1,0,0,0,0,0,Spandau,Accident with minor injuries,Collision with a turning/crossing vehicle,Turning/Crossing accident,Daylight,Dry
7077,196380,8,Rixdorf,2019,6,20,3,3,1,5,1,1,1,0,0,0,0,0,Neukölln,Accident with minor injuries,Collision with a moving/standing/parked vehicle,Accident involving parked vehicles,Twilight,Dry
7078,196381,3,Karow Nord,2019,6,16,2,2,5,3,0,1,0,0,0,0,0,0,Pankow,Accident with serious injuries,Collision with a turning/crossing vehicle,Turning/Crossing accident,Daylight,Dry
7079,196382,8,Glasower Straße,2019,6,16,3,3,5,3,0,0,1,0,0,0,0,0,Neukölln,Accident with minor injuries,Collision with a turning/crossing vehicle,Turning/Crossing accident,Daylight,Dry
7080,196383,2,Graefekiez,2019,6,20,2,3,3,6,0,0,1,0,0,0,0,0,Friedrichshain - Kreuzberg,Accident with minor injuries,Collision with a vehicle traveling laterally in the same direction,Collision involving vehicles going in the same way,Daylight,Dry
7081,196384,1,Rehberge,2019,6,17,2,3,5,2,0,1,1,0,0,0,0,0,Mitte,Accident with minor injuries,Collision with a turning/crossing vehicle,Turning accident,Daylight,Dry
7082,196385,6,Gemeindepark Lankwitz,2019,6,16,3,3,5,7,0,1,0,0,0,0,0,0,Steglitz-Zehlendorf,Accident with minor injuries,Collision with a turning/crossing vehicle,Others,Daylight,Dry
7083,196386,1,Leopoldplatz,2019,6,16,3,3,6,4,0,0,0,1,0,0,1,0,Mitte,Accident with minor injuries,Collision between vehicle and pedestrian,Pedestrian crossing accident,Daylight,Dry
7084,196387,7,Franziusweg/Rohrbachstraße,2019,6,18,2,3,5,5,0,1,1,0,0,0,0,0,Tempelhof-Schöneberg,Accident with minor injuries,Collision with a turning/crossing vehicle,Accident involving parked vehicles,Daylight,Dry
7085,196388,10,Marzahner Promenade,2019,6,17,2,3,4,6,0,1,0,0,0,0,0,0,Marzahn-Hellersdorf,Accident with minor injuries,Collision with oncoming vehicle,Collision involving vehicles going in the same way,Daylight,Dry
7086,196389,1,Zillesiedlung,2019,6,16,3,3,0,6,0,1,0,0,0,0,1,0,Mitte,Accident with minor injuries,Others,Collision involving vehicles going in the same way,Daylight,Dry
7087,196390,4,Karl-August-Platz,2019,6,17,2,3,5,3,0,0,1,0,0,0,0,0,Charlottenburg - Wilmersdorf,Accident with minor injuries,Collision with a turning/crossing vehicle,Turning/Crossing accident,Daylight,Dry
7088,196391,11,Große-Leege-Straße,2019,6,15,3,3,3,6,0,1,1,0,0,0,0,0,Lichtenberg,Accident with minor injuries,Collision with a vehicle traveling laterally in the same direction,Collision involving vehicles going in the same way,Daylight,Dry
7089,196392,1,Emdener Straße,2019,6,17,2,3,2,6,0,0,1,0,1,0,0,0,Mitte,Accident with minor injuries,Collision with the vehicle in front/waiting vehicle,Collision involving vehicles going in the same way,Daylight,Dry
7090,196393,7,Nollendorfplatz,2019,6,16,2,3,3,6,0,0,1,0,1,0,0,0,Tempelhof-Schöneberg,Accident with minor injuries,Collision with a vehicle traveling laterally in the same direction,Collision involving vehicles going in the same way,Daylight,Dry
7091,196394,4,George-Grosz-Platz,2019,6,10,2,3,5,2,0,0,1,0,1,0,0,0,Charlottenburg - Wilmersdorf,Accident with minor injuries,Collision with a turning/crossing vehicle,Turning accident,Daylight,Dry
7092,196395,7,Marienfelde Süd,2019,6,14,3,3,5,2,0,0,1,0,1,0,0,0,Tempelhof-Schöneberg,Accident with minor injuries,Collision with a turning/crossing vehicle,Turning accident,Daylight,Dry
7093,196396,7,Neu-Tempelhof,2019,6,9,2,3,5,3,0,0,1,0,0,0,0,0,Tempelhof-Schöneberg,Accident with minor injuries,Collision with a turning/crossing vehicle,Turning/Crossing accident,Daylight,Dry
7094,196397,8,Buschkrugallee Nord,2019,6,15,3,3,5,7,0,0,1,0,0,0,1,0,Neukölln,Accident with minor injuries,Collision with a turning/crossing vehicle,Others,Daylight,Dry
7095,196398,2,Graefekiez,2019,6,18,2,2,2,6,0,0,1,0,1,0,0,0,Friedrichshain - Kreuzberg,Accident with serious injuries,Collision with the vehicle in front/waiting vehicle,Collision involving vehicles going in the same way,Daylight,Dry
7096,196399,3,Bötzowstraße,2019,6,15,3,3,6,4,0,0,1,1,0,0,0,0,Pankow,Accident with minor injuries,Collision between vehicle and pedestrian,Pedestrian crossing accident,Daylight,Dry
7097,196400,1,Sparrplatz,2019,6,8,2,3,5,2,0,1,0,0,0,0,1,0,Mitte,Accident with minor injuries,Collision with a turning/crossing vehicle,Turning accident,Daylight,Dry
7098,196401,10,Alt-Biesdorf,2019,6,15,3,3,5,2,0,1,1,0,0,0,0,0,Marzahn-Hellersdorf,Accident with minor injuries,Collision with a turning/crossing vehicle,Turning accident,Daylight,Dry
7099,196402,1,Gesundbrunnen,2019,6,17,2,2,6,4,0,0,1,1,0,0,0,0,Mitte,Accident with serious injuries,Collision between vehicle and pedestrian,Pedestrian crossing accident,Daylight,Dry
7100,196403,7,Manteuffelstraße,2019,6,15,3,3,2,6,0,0,0,0,1,0,1,0,Tempelhof-Schöneberg,Accident with minor injuries,Collision with the vehicle in front/waiting vehicle,Collision involving vehicles going in the same way,Daylight,Dry
7101,196404,4,Karl-August-Platz,2019,6,18,2,3,2,6,0,0,1,0,0,0,0,0,Charlottenburg - Wilmersdorf,Accident with minor injuries,Collision with the vehicle in front/waiting vehicle,Collision involving vehicles going in the same way,Daylight,Dry
7102,196405,1,Gesundbrunnen,2019,6,15,3,2,0,1,0,1,0,0,0,0,0,0,Mitte,Accident with serious injuries,Others,Driving accident,Daylight,Dry
7103,196406,5,Adamstraße,2019,6,18,2,3,5,3,0,0,1,0,0,0,0,0,Spandau,Accident with minor injuries,Collision with a turning/crossing vehicle,Turning/Crossing accident,Daylight,Dry
7104,196407,9,Späthsfelde,2019,6,16,2,3,5,2,0,0,0,0,1,0,1,0,Treptow-Köpenick,Accident with minor injuries,Collision with a turning/crossing vehicle,Turning accident,Daylight,Dry
7105,196408,4,George-Grosz-Platz,2019,6,16,3,3,6,7,0,0,1,1,0,0,0,0,Charlottenburg - Wilmersdorf,Accident with minor injuries,Collision between vehicle and pedestrian,Others,Daylight,Dry
7106,196409,7,Neu-Tempelhof,2019,6,18,2,3,2,6,0,0,1,0,0,0,0,0,Tempelhof-Schöneberg,Accident with minor injuries,Collision with the vehicle in front/waiting vehicle,Collision involving vehicles going in the same way,Daylight,Dry