,object id,district,street,year,month,hour of day,weekday,category,accident type,accident type 2,light situation,bike involved,car involved,pedestrian involved,motor bike involved,big track involved,other vehicle involved,road condition,district name,category name,accident detail,accident type detail,light condition,road condition detail
7107,196410,1,Mehringplatz,2019,6,11,3,3,6,4,0,0,1,1,0,0,0,0,Mitte,Accident with minor injuries,Collision between vehicle and pedestrian,Pedestrian crossing accident,Daylight,Dry
7108,196411,12,Ziekowstraße/Freie Scholle,2019,6,15,2,2,1,5,0,0,1,0,0,0,0,0,Reinickendorf,Accident with serious injuries,Collision with a moving/standing/parked vehicle,Accident involving parked vehicles,Daylight,Dry
7109,196412,1,Heine-Viertel West,2019,6,15,2,3,5,2,0,1,1,0,0,0,0,0,Mitte,Accident with minor injuries,Collision with a turning/crossing vehicle,Turning accident,Daylight,Dry
7110,196413,7,Kettinger Straße/Schillerstraße,2019,6,13,3,3,1,7,0,0,1,0,0,0,0,0,Tempelhof-Schöneberg,Accident with minor injuries,Collision with a moving/standing/parked vehicle,Others,Daylight,Dry
7111,196414,6,Dahlem,2019,6,15,2,3,5,2,0,0,1,0,0,0,0,0,Steglitz-Zehlendorf,Accident with minor injuries,Collision with a turning/crossing vehicle,Turning accident,Daylight,Dry
7112,196415,7,Grazer Platz,2019,6,12,3,3,5,3,0,0,1,0,0,0,0,0,Tempelhof-Schöneberg,Accident with minor injuries,Collision with a turning/crossing vehicle,Turning/Crossing accident,Daylight,Dry
7113,196416,12,Reinickes Hof,2019,6,8,2,3,5,2,0,1,1,0,0,0,0,0,Reinickendorf,Accident with minor injuries,Collision with a turning/crossing vehicle,Turning accident,Daylight,Dry
7114,196417,9,Grünau,2019,6,12,3,3,5,2,0,0,1,0,1,0,0,0,Treptow-Köpenick,Accident with minor injuries,Collision with a turning/crossing vehicle,Turning accident,Daylight,Dry
7115,196418,7,Friedenau,2019,6,10,2,3,5,2,0,0,1,0,1,0,0,0,Tempelhof-Schöneberg,Accident with minor injuries,Collision with a turning/crossing vehicle,Turning accident,Daylight,Dry
7116,196419,2,Lausitzer Platz,2019,6,12,3,3,5,3,0,0,1,0,1,0,0,0,Friedrichshain - Kreuzberg,Accident with minor injuries,Collision with a turning/crossing vehicle,Turning/Crossing accident,Daylight,Dry
7117,196420,4,George-Grosz-Platz,2019,6,15,2,3,5,7,0,0,1,0,0,0,0,0,Charlottenburg - Wilmersdorf,Accident with minor injuries,Collision with a turning/crossing vehicle,Others,Daylight,Dry
7118,196421,7,Wittenbergplatz/Viktoria-Luise-Platz,2019,6,15,2,3,5,3,0,0,1,0,0,0,0,0,Tempelhof-Schöneberg,Accident with minor injuries,Collision with a turning/crossing vehicle,Turning/Crossing accident,Daylight,Dry
7119,196422,10,Biesdorf Süd,2019,6,12,3,3,0,7,0,0,1,0,0,0,0,0,Marzahn-Hellersdorf,Accident with minor injuries,Others,Others,Daylight,Dry
7120,196423,12,Märkisches Zentrum,2019,6,12,3,3,5,3,0,0,1,0,0,0,0,0,Reinickendorf,Accident with minor injuries,Collision with a turning/crossing vehicle,Turning/Crossing accident,Daylight,Dry
7121,196424,7,Manteuffelstraße,2019,6,15,2,3,2,6,0,0,1,0,0,0,1,0,Tempelhof-Schöneberg,Accident with minor injuries,Collision with the vehicle in front/waiting vehicle,Collision involving vehicles going in the same way,Daylight,Dry
7122,196425,10,Havemannstraße,2019,6,11,3,3,5,5,0,0,1,0,0,0,0,0,Marzahn-Hellersdorf,Accident with minor injuries,Collision with a turning/crossing vehicle,Accident involving parked vehicles,Daylight,Dry
7123,196426,2,Samariterviertel,2019,6,6,2,3,2,7,0,0,1,0,1,0,0,0,Friedrichshain - Kreuzberg,Accident with minor injuries,Collision with the vehicle in front/waiting vehicle,Others,Daylight,Dry
7124,196427,9,Baumschulenstraße,2019,6,21,3,3,6,2,2,0,1,1,0,0,0,0,Treptow-Köpenick,Accident with minor injuries,Collision between vehicle and pedestrian,Turning accident,Dark,Dry
7125,196428,3,Gustav-Adolf-Straße,2019,6,6,2,3,5,2,0,1,0,0,0,0,1,0,Pankow,Accident with minor injuries,Collision with a turning/crossing vehicle,Turning accident,Daylight,Dry
7126,196429,3,Helmholtzplatz,2019,6,7,2,3,2,7,0,1,0,0,0,0,1,0,Pankow,Accident with minor injuries,Collision with the vehicle in front/waiting vehicle,Others,Daylight,Dry
7127,196430,11,Fennpfuhl West,2019,6,19,3,3,5,3,0,1,0,0,0,0,0,0,Lichtenberg,Accident with minor injuries,Collision with a turning/crossing vehicle,Turning/Crossing accident,Daylight,Dry
7128,196431,2,Moritzplatz,2019,6,18,3,3,2,6,0,1,1,0,0,0,0,0,Friedrichshain - Kreuzberg,Accident with minor injuries,Collision with the vehicle in front/waiting vehicle,Collision involving vehicles going in the same way,Daylight,Dry
7129,196432,4,Alt-Lietzow,2019,6,14,2,3,5,2,0,0,1,0,0,0,0,0,Charlottenburg - Wilmersdorf,Accident with minor injuries,Collision with a turning/crossing vehicle,Turning accident,Daylight,Dry
7130,196433,7,Rathaus Tempelhof,2019,6,16,2,3,2,6,0,0,1,0,0,0,1,0,Tempelhof-Schöneberg,Accident with minor injuries,Collision with the vehicle in front/waiting vehicle,Collision involving vehicles going in the same way,Daylight,Dry
7131,196434,8,Silbersteinstraße,2019,6,19,3,3,0,6,0,0,1,0,0,0,1,0,Neukölln,Accident with minor injuries,Others,Collision involving vehicles going in the same way,Daylight,Dry
7132,196435,6,Dahlem,2019,6,14,2,3,3,6,0,0,1,0,1,0,0,0,Steglitz-Zehlendorf,Accident with minor injuries,Collision with a vehicle traveling laterally in the same direction,Collision involving vehicles going in the same way,Daylight,Dry
7133,196436,8,Hasenheide,2019,6,19,3,2,6,4,0,0,1,1,0,0,0,0,Neukölln,Accident with serious injuries,Collision between vehicle and pedestrian,Pedestrian crossing accident,Daylight,Dry
7134,196437,2,Graefekiez,2019,6,13,2,3,6,7,0,0,0,1,0,0,1,0,Friedrichshain - Kreuzberg,Accident with minor injuries,Collision between vehicle and pedestrian,Others,Daylight,Dry
7135,196438,12,Ziekowstraße/Freie Scholle,2019,6,12,2,3,0,2,0,0,1,0,1,0,0,0,Reinickendorf,Accident with minor injuries,Others,Turning accident,Daylight,Dry
7136,196439,4,Schlangenbader Straße,2019,6,18,3,3,5,2,0,0,1,0,0,0,0,0,Charlottenburg - Wilmersdorf,Accident with minor injuries,Collision with a turning/crossing vehicle,Turning accident,Daylight,Dry
7137,196440,3,Lietzengraben,2019,6,11,2,3,3,6,0,0,1,0,0,0,0,0,Pankow,Accident with minor injuries,Collision with a vehicle traveling laterally in the same direction,Collision involving vehicles going in the same way,Daylight,Dry
7138,196441,5,Staakener Straße,2019,6,18,3,3,3,6,0,0,1,0,0,0,0,0,Spandau,Accident with minor injuries,Collision with a vehicle traveling laterally in the same direction,Collision involving vehicles going in the same way,Daylight,Dry
7139,196442,1,Oranienburger Straße,2019,6,23,2,2,6,2,2,0,1,1,0,0,0,0,Mitte,Accident with serious injuries,Collision between vehicle and pedestrian,Turning accident,Dark,Dry
7140,196443,12,Alt-Tegel,2019,6,18,3,3,2,2,0,1,1,0,0,0,0,0,Reinickendorf,Accident with minor injuries,Collision with the vehicle in front/waiting vehicle,Turning accident,Daylight,Dry
7141,196444,8,Reuterkiez,2019,6,21,2,3,3,6,2,1,1,0,0,0,0,0,Neukölln,Accident with minor injuries,Collision with a vehicle traveling laterally in the same direction,Collision involving vehicles going in the same way,Dark,Dry
7142,196445,8,Gewerbegebiet Köllnische Heide,2019,6,11,3,3,2,6,0,0,1,0,0,0,0,0,Neukölln,Accident with minor injuries,Collision with the vehicle in front/waiting vehicle,Collision involving vehicles going in the same way,Daylight,Dry
7143,196446,3,Pankow Zentrum,2019,6,11,2,3,5,3,0,1,1,0,0,0,0,0,Pankow,Accident with minor injuries,Collision with a turning/crossing vehicle,Turning/Crossing accident,Daylight,Dry
7144,196447,11,Karlshorst Nord,2019,6,10,2,3,5,2,0,0,1,0,0,0,1,0,Lichtenberg,Accident with minor injuries,Collision with a turning/crossing vehicle,Turning accident,Daylight,Dry
7145,196448,1,Thomasiusstraße,2019,6,17,3,3,5,3,0,1,0,0,0,0,0,0,Mitte,Accident with minor injuries,Collision with a turning/crossing vehicle,Turning/Crossing accident,Daylight,Dry
7146,196449,6,Krumme Lanke,2019,6,11,3,3,5,3,0,1,1,0,0,0,0,0,Steglitz-Zehlendorf,Accident with minor injuries,Collision with a turning/crossing vehicle,Turning/Crossing accident,Daylight,Dry
7147,196450,1,Karl-Marx-Allee,2019,6,21,2,2,6,4,1,0,0,1,0,0,1,0,Mitte,Accident with serious injuries,Collision between vehicle and pedestrian,Pedestrian crossing accident,Twilight,Dry
7148,196451,9,Kietzer Feld/Nachtheide,2019,6,10,2,3,5,3,0,1,1,0,0,0,0,0,Treptow-Köpenick,Accident with minor injuries,Collision with a turning/crossing vehicle,Turning/Crossing accident,Daylight,Dry
7149,196452,1,Karl-Marx-Allee,2019,6,10,3,3,2,6,0,0,1,0,0,0,0,0,Mitte,Accident with minor injuries,Collision with the vehicle in front/waiting vehicle,Collision involving vehicles going in the same way,Daylight,Dry
7150,196453,4,Ernst-Reuter-Platz,2019,6,10,2,3,6,4,0,0,1,1,0,0,0,0,Charlottenburg - Wilmersdorf,Accident with minor injuries,Collision between vehicle and pedestrian,Pedestrian crossing accident,Daylight,Dry
7151,196454,12,Teichstraße,2019,6,17,3,3,2,6,0,0,1,0,0,0,0,0,Reinickendorf,Accident with minor injuries,Collision with the vehicle in front/waiting vehicle,Collision involving vehicles going in the same way,Daylight,Dry
7152,196455,7,Manteuffelstraße,2019,6,10,2,3,1,5,0,1,1,0,0,0,0,0,Tempelhof-Schöneberg,Accident with minor injuries,Collision with a moving/standing/parked vehicle,Accident involving parked vehicles,Daylight,Dry
7153,196456,4,Prager Platz,2019,6,16,3,3,2,6,0,0,1,0,1,0,0,0,Charlottenburg - Wilmersdorf,Accident with minor injuries,Collision with the vehicle in front/waiting vehicle,Collision involving vehicles going in the same way,Daylight,Dry
7154,196457,1,Lützowstraße,2019,6,20,2,2,5,2,0,0,1,0,0,0,1,0,Mitte,Accident with serious injuries,Collision with a turning/crossing vehicle,Turning accident,Daylight,Dry
7155,196458,4,Breitscheidplatz,2019,6,10,3,3,1,5,0,1,1,0,0,0,0,0,Charlottenburg - Wilmersdorf,Accident with minor injuries,Collision with a moving/standing/parked vehicle,Accident involving parked vehicles,Daylight,Dry
7156,196459,4,Alt-Lietzow,2019,6,17,2,3,0,7,0,0,0,0,1,0,0,1,Charlottenburg - Wilmersdorf,Accident with minor injuries,Others,Others,Daylight,Wet/moist/slippery
7157,196460,1,Gesundbrunnen,2019,6,9,3,3,5,3,0,0,1,0,0,0,0,0,Mitte,Accident with minor injuries,Collision with a turning/crossing vehicle,Turning/Crossing accident,Daylight,Dry
7158,196461,6,Königsberger Straße,2019,6,9,2,3,5,2,0,0,1,0,0,0,0,0,Steglitz-Zehlendorf,Accident with minor injuries,Collision with a turning/crossing vehicle,Turning accident,Daylight,Dry
7159,196462,2,Askanischer Platz,2019,6,9,3,3,3,6,0,1,0,0,1,0,0,0,Friedrichshain - Kreuzberg,Accident with minor injuries,Collision with a vehicle traveling laterally in the same direction,Collision involving vehicles going in the same way,Daylight,Dry
7160,196463,5,Pillnitzer Weg,2019,6,9,2,3,5,3,0,0,1,0,0,0,0,0,Spandau,Accident with minor injuries,Collision with a turning/crossing vehicle,Turning/Crossing accident,Daylight,Dry
7161,196464,11,Sewanstraße,2019,6,9,2,3,6,4,0,0,0,1,1,0,0,0,Lichtenberg,Accident with minor injuries,Collision between vehicle and pedestrian,Pedestrian crossing accident,Daylight,Dry
7162,196465,1,Rehberge,2019,6,16,3,3,2,6,0,0,1,0,1,0,0,0,Mitte,Accident with minor injuries,Collision with the vehicle in front/waiting vehicle,Collision involving vehicles going in the same way,Daylight,Dry
7163,196466,1,Schillerpark,2019,6,9,2,2,5,2,0,1,1,0,0,0,0,0,Mitte,Accident with serious injuries,Collision with a turning/crossing vehicle,Turning accident,Daylight,Dry
7164,196467,12,Rollbergesiedlung,2019,6,9,3,3,5,2,0,1,1,0,0,0,0,0,Reinickendorf,Accident with minor injuries,Collision with a turning/crossing vehicle,Turning accident,Daylight,Dry
7165,196468,11,Weitlingstraße,2019,6,9,2,3,5,3,0,0,1,0,1,0,0,0,Lichtenberg,Accident with minor injuries,Collision with a turning/crossing vehicle,Turning/Crossing accident,Daylight,Dry
7166,196469,11,Orankesee,2019,6,16,3,3,3,6,0,0,1,0,0,1,0,0,Lichtenberg,Accident with minor injuries,Collision with a vehicle traveling laterally in the same direction,Collision involving vehicles going in the same way,Daylight,Dry
7167,196470,9,Dammvorstadt,2019,6,8,2,2,5,2,0,1,1,0,0,0,0,0,Treptow-Köpenick,Accident with serious injuries,Collision with a turning/crossing vehicle,Turning accident,Daylight,Dry
7168,196471,10,Kaulsdorf Süd,2019,6,16,3,3,5,3,0,1,1,0,0,0,0,0,Marzahn-Hellersdorf,Accident with minor injuries,Collision with a turning/crossing vehicle,Turning/Crossing accident,Daylight,Dry
7169,196472,9,Oberschöneweide West,2019,6,8,2,3,0,6,0,1,0,0,0,1,0,0,Treptow-Köpenick,Accident with minor injuries,Others,Collision involving vehicles going in the same way,Daylight,Dry
7170,196473,7,Rathausstraße,2019,6,8,2,3,2,6,0,0,1,0,0,0,0,0,Tempelhof-Schöneberg,Accident with minor injuries,Collision with the vehicle in front/waiting vehicle,Collision involving vehicles going in the same way,Daylight,Dry
7171,196474,1,Emdener Straße,2019,6,9,3,3,2,6,0,0,1,0,0,0,0,0,Mitte,Accident with minor injuries,Collision with the vehicle in front/waiting vehicle,Collision involving vehicles going in the same way,Daylight,Dry
7172,196475,1,Heine-Viertel Ost,2019,6,16,3,3,3,6,0,1,1,0,0,0,0,0,Mitte,Accident with minor injuries,Collision with a vehicle traveling laterally in the same direction,Collision involving vehicles going in the same way,Daylight,Dry
7173,196476,10,Oberfeldstraße,2019,6,8,2,3,5,2,0,0,1,0,0,0,0,0,Marzahn-Hellersdorf,Accident with minor injuries,Collision with a turning/crossing vehicle,Turning accident,Daylight,Dry
7174,196477,4,Alt-Lietzow,2019,6,18,2,3,2,6,0,0,1,0,0,0,1,0,Charlottenburg - Wilmersdorf,Accident with minor injuries,Collision with the vehicle in front/waiting vehicle,Collision involving vehicles going in the same way,Daylight,Dry
7175,196478,2,Askanischer Platz,2019,6,9,3,3,5,2,0,1,1,0,0,0,0,0,Friedrichshain - Kreuzberg,Accident with minor injuries,Collision with a turning/crossing vehicle,Turning accident,Daylight,Dry
7176,196479,4,Halensee,2019,6,9,1,3,5,2,0,1,1,0,0,0,0,0,Charlottenburg - Wilmersdorf,Accident with minor injuries,Collision with a turning/crossing vehicle,Turning accident,Daylight,Dry
7177,196480,9,Altstadt Kietz,2019,6,16,3,3,1,5,0,1,1,0,0,0,1,0,Treptow-Köpenick,Accident with minor injuries,Collision with a moving/standing/parked vehicle,Accident involving parked vehicles,Daylight,Dry
7178,196481,11,Karlshorst Nord,2019,6,0,1,3,5,3,2,0,1,0,0,0,0,0,Lichtenberg,Accident with minor injuries,Collision with a turning/crossing vehicle,Turning/Crossing accident,Dark,Dry
7179,196482,5,Zitadellenweg,2019,6,1,1,2,0,1,2,0,1,0,1,0,0,0,Spandau,Accident with serious injuries,Others,Driving accident,Dark,Dry
7180,196483,1,Großer Tiergarten,2019,6,8,3,3,5,3,0,0,1,0,1,0,0,0,Mitte,Accident with minor injuries,Collision with a turning/crossing vehicle,Turning/Crossing accident,Daylight,Dry
7181,196484,1,Sparrplatz,2019,6,9,1,3,2,6,0,0,1,0,0,0,1,0,Mitte,Accident with minor injuries,Collision with the vehicle in front/waiting vehicle,Collision involving vehicles going in the same way,Daylight,Dry
7182,196485,12,Hermsdorf,2019,6,9,1,3,5,3,0,0,1,0,0,0,0,0,Reinickendorf,Accident with minor injuries,Collision with a turning/crossing vehicle,Turning/Crossing accident,Daylight,Dry
7183,196486,2,Moritzplatz,2019,6,8,3,3,5,2,0,1,0,0,0,0,1,0,Friedrichshain - Kreuzberg,Accident with minor injuries,Collision with a turning/crossing vehicle,Turning accident,Daylight,Dry
7184,196487,9,Adlershof West,2019,6,11,1,3,0,2,0,0,1,0,1,0,0,0,Treptow-Köpenick,Accident with minor injuries,Others,Turning accident,Daylight,Dry
7185,196488,8,Reuterkiez,2019,6,22,1,3,1,5,1,1,1,0,0,0,0,0,Neukölln,Accident with minor injuries,Collision with a moving/standing/parked vehicle,Accident involving parked vehicles,Twilight,Dry
7186,196489,5,Carl-Schurz-Straße,2019,6,7,3,3,3,6,0,0,1,0,1,0,0,0,Spandau,Accident with minor injuries,Collision with a vehicle traveling laterally in the same direction,Collision involving vehicles going in the same way,Daylight,Dry
7187,196490,1,Invalidenstraße,2019,6,21,1,2,5,3,1,0,1,0,1,0,0,0,Mitte,Accident with serious injuries,Collision with a turning/crossing vehicle,Turning/Crossing accident,Twilight,Dry
7188,196491,1,Elberfelder Straße,2019,6,8,3,3,5,2,0,1,1,0,0,0,0,0,Mitte,Accident with minor injuries,Collision with a turning/crossing vehicle,Turning accident,Daylight,Dry
7189,196492,1,Rehberge,2019,6,21,1,3,1,5,1,1,1,0,0,0,1,0,Mitte,Accident with minor injuries,Collision with a moving/standing/parked vehicle,Accident involving parked vehicles,Twilight,Dry
7190,196493,5,Zitadellenweg,2019,6,6,3,3,2,2,0,0,1,0,1,0,0,0,Spandau,Accident with minor injuries,Collision with the vehicle in front/waiting vehicle,Turning accident,Daylight,Dry
7191,196494,1,Charitéviertel,2019,6,20,1,2,2,6,0,0,1,0,1,0,0,0,Mitte,Accident with serious injuries,Collision with the vehicle in front/waiting vehicle,Collision involving vehicles going in the same way,Daylight,Dry
7192,196495,1,Brunnenstraße,2019,6,8,3,3,5,2,0,0,1,0,0,0,1,0,Mitte,Accident with minor injuries,Collision with a turning/crossing vehicle,Turning accident,Daylight,Dry
7193,196496,10,Oberfeldstraße,2019,6,19,1,3,5,7,0,1,1,0,0,0,0,0,Marzahn-Hellersdorf,Accident with minor injuries,Collision with a turning/crossing vehicle,Others,Daylight,Dry
7194,196497,10,Mahlsdorf Süd,2019,6,19,1,3,5,3,0,0,1,0,1,0,0,0,Marzahn-Hellersdorf,Accident with minor injuries,Collision with a turning/crossing vehicle,Turning/Crossing accident,Daylight,Dry
7195,196498,9,Kietzer Feld/Nachtheide,2019,6,7,3,3,5,3,0,1,1,0,0,0,0,0,Treptow-Köpenick,Accident with minor injuries,Collision with a turning/crossing vehicle,Turning/Crossing accident,Daylight,Dry
7196,196499,12,Wittenau Süd,2019,6,7,3,3,5,2,0,0,1,0,1,0,0,0,Reinickendorf,Accident with minor injuries,Collision with a turning/crossing vehicle,Turning accident,Daylight,Dry
7197,196500,7,Schöneberger Insel,2019,6,17,1,3,1,5,0,1,1,0,0,0,0,0,Tempelhof-Schöneberg,Accident with minor injuries,Collision with a moving/standing/parked vehicle,Accident involving parked vehicles,Daylight,Dry
7198,196501,7,Neu-Tempelhof,2019,6,17,1,3,1,5,0,1,1,0,0,0,0,0,Tempelhof-Schöneberg,Accident with minor injuries,Collision with a moving/standing/parked vehicle,Accident involving parked vehicles,Daylight,Dry
7199,196502,3,Blankenburg,2019,6,7,3,3,5,2,0,1,1,0,0,0,0,0,Pankow,Accident with minor injuries,Collision with a turning/crossing vehicle,Turning accident,Daylight,Dry
7200,196503,8,Glasower Straße,2019,6,17,1,3,0,6,0,0,1,0,1,0,0,0,Neukölln,Accident with minor injuries,Others,Collision involving vehicles going in the same way,Daylight,Dry
7201,196504,5,Eckschanze,2019,6,6,3,3,5,3,0,1,1,0,0,0,0,0,Spandau,Accident with minor injuries,Collision with a turning/crossing vehicle,Turning/Crossing accident,Daylight,Dry
7202,196505,6,Thielallee,2019,6,14,1,3,5,3,0,0,1,0,0,0,0,0,Steglitz-Zehlendorf,Accident with minor injuries,Collision with a turning/crossing vehicle,Turning/Crossing accident,Daylight,Dry
7203,196506,1,Wilhelmstraße,2019,6,14,2,3,6,4,0,0,1,1,0,0,0,0,Mitte,Accident with minor injuries,Collision between vehicle and pedestrian,Pedestrian crossing accident,Daylight,Dry
7204,196507,3,Niederschönhausen,2019,6,14,1,3,5,2,0,0,1,0,0,0,0,0,Pankow,Accident with minor injuries,Collision with a turning/crossing vehicle,Turning accident,Daylight,Dry
7205,196508,1,Oranienburger Straße,2019,6,17,2,3,5,7,0,0,1,0,0,0,0,0,Mitte,Accident with minor injuries,Collision with a turning/crossing vehicle,Others,Daylight,Dry
7206,196509,9,Elsenstraße,2019,6,14,1,3,2,7,0,1,1,0,0,0,0,0,Treptow-Köpenick,Accident with minor injuries,Collision with the vehicle in front/waiting vehicle,Others,Daylight,Dry
7207,196510,6,Nikolassee,2019,6,14,1,3,5,3,0,1,1,0,0,0,0,0,Steglitz-Zehlendorf,Accident with minor injuries,Collision with a turning/crossing vehicle,Turning/Crossing accident,Daylight,Dry
7208,196511,4,Königin-Elisabeth-Straße,2019,6,12,2,3,5,2,0,0,1,0,1,0,0,0,Charlottenburg - Wilmersdorf,Accident with minor injuries,Collision with a turning/crossing vehicle,Turning accident,Daylight,Dry
7209,196512,5,Am Heideberg,2019,7,19,5,3,6,6,0,0,1,1,0,0,0,0,Spandau,Accident with minor injuries,Collision between vehicle and pedestrian,Collision involving vehicles going in the same way,Daylight,Dry
7210,196513,2,Urbanstraße,2019,7,19,5,2,5,2,0,1,1,0,0,0,0,0,Friedrichshain - Kreuzberg,Accident with serious injuries,Collision with a turning/crossing vehicle,Turning accident,Daylight,Dry
7211,196514,1,Rehberge,2019,7,18,5,3,6,7,0,1,0,1,0,0,0,0,Mitte,Accident with minor injuries,Collision between vehicle and pedestrian,Others,Daylight,Dry
7212,196515,1,Wilhelmstraße,2019,7,17,5,2,5,2,0,0,1,0,1,0,0,0,Mitte,Accident with serious injuries,Collision with a turning/crossing vehicle,Turning accident,Daylight,Dry
7213,196516,9,Bölschestraße,2019,7,17,5,2,5,3,0,1,1,0,0,0,0,0,Treptow-Köpenick,Accident with serious injuries,Collision with a turning/crossing vehicle,Turning/Crossing accident,Daylight,Dry
7214,196517,8,Silbersteinstraße,2019,7,17,5,3,5,2,0,0,1,0,0,0,0,0,Neukölln,Accident with minor injuries,Collision with a turning/crossing vehicle,Turning accident,Daylight,Dry
7215,196518,2,Lausitzer Platz,2019,7,17,5,3,5,2,0,1,1,0,0,0,0,0,Friedrichshain - Kreuzberg,Accident with minor injuries,Collision with a turning/crossing vehicle,Turning accident,Daylight,Dry
7216,196519,1,Oranienburger Straße,2019,7,16,5,2,0,4,0,1,0,1,0,0,0,0,Mitte,Accident with serious injuries,Others,Pedestrian crossing accident,Daylight,Dry
7217,196520,4,Brabanter Platz,2019,7,15,5,3,0,7,0,0,0,0,1,0,1,1,Charlottenburg - Wilmersdorf,Accident with minor injuries,Others,Others,Daylight,Wet/moist/slippery
7218,196521,5,Borkumer Straße,2019,7,16,5,2,6,4,0,0,1,1,0,0,0,0,Spandau,Accident with serious injuries,Collision between vehicle and pedestrian,Pedestrian crossing accident,Daylight,Dry
7219,196522,3,Buch,2019,7,16,5,2,5,3,0,1,1,0,0,0,0,0,Pankow,Accident with serious injuries,Collision with a turning/crossing vehicle,Turning/Crossing accident,Daylight,Dry
7220,196523,8,Buschkrugallee Nord,2019,7,14,5,2,5,3,0,0,1,0,1,0,0,0,Neukölln,Accident with serious injuries,Collision with a turning/crossing vehicle,Turning/Crossing accident,Daylight,Dry
7221,196524,10,Biesdorf Süd,2019,7,13,5,3,1,5,0,1,1,0,0,0,0,0,Marzahn-Hellersdorf,Accident with minor injuries,Collision with a moving/standing/parked vehicle,Accident involving parked vehicles,Daylight,Dry
7222,196525,2,Boxhagener Platz,2019,7,13,5,3,1,5,0,0,1,0,1,0,1,0,Friedrichshain - Kreuzberg,Accident with minor injuries,Collision with a moving/standing/parked vehicle,Accident involving parked vehicles,Daylight,Dry
7223,196526,4,Droysenstraße,2019,7,13,5,2,6,4,0,0,1,1,0,0,0,0,Charlottenburg - Wilmersdorf,Accident with serious injuries,Collision between vehicle and pedestrian,Pedestrian crossing accident,Daylight,Dry
7224,196527,9,Adlershof West,2019,7,12,5,3,5,3,0,0,0,0,0,1,1,0,Treptow-Köpenick,Accident with minor injuries,Collision with a turning/crossing vehicle,Turning/Crossing accident,Daylight,Dry
7225,196528,8,Parchimer Allee,2019,7,9,5,3,2,6,0,0,1,0,0,0,0,0,Neukölln,Accident with minor injuries,Collision with the vehicle in front/waiting vehicle,Collision involving vehicles going in the same way,Daylight,Dry
7226,196529,2,Andreasviertel,2019,7,8,5,2,5,3,0,1,1,0,0,0,0,0,Friedrichshain - Kreuzberg,Accident with serious injuries,Collision with a turning/crossing vehicle,Turning/Crossing accident,Daylight,Dry
7227,196530,1,Reinickendorfer Straße,2019,7,7,5,3,6,4,0,0,0,1,0,1,0,0,Mitte,Accident with minor injuries,Collision between vehicle and pedestrian,Pedestrian crossing accident,Daylight,Dry
7228,196531,1,Heine-Viertel Ost,2019,7,7,5,3,5,2,0,1,1,0,0,0,0,0,Mitte,Accident with minor injuries,Collision with a turning/crossing vehicle,Turning accident,Daylight,Dry
7229,196532,4,Halensee,2019,7,7,5,3,5,3,0,1,1,0,0,0,0,0,Charlottenburg - Wilmersdorf,Accident with minor injuries,Collision with a turning/crossing vehicle,Turning/Crossing accident,Daylight,Dry
7230,196533,5,Maulbeerallee,2019,7,7,5,3,2,6,0,0,1,0,0,0,0,0,Spandau,Accident with minor injuries,Collision with the vehicle in front/waiting vehicle,Collision involving vehicles going in the same way,Daylight,Dry
7231,196534,1,Unter den Linden Nord,2019,7,7,5,3,3,6,0,1,1,0,0,0,0,0,Mitte,Accident with minor injuries,Collision with a vehicle traveling laterally in the same direction,Collision involving vehicles going in the same way,Daylight,Dry
7232,196535,11,Herzbergstraße,2019,7,1,5,3,6,4,2,0,1,1,0,0,0,0,Lichtenberg,Accident with minor injuries,Collision between vehicle and pedestrian,Pedestrian crossing accident,Dark,Dry
7233,196536,4,Ernst-Reuter-Platz,2019,7,9,4,3,6,7,0,1,0,0,0,0,1,0,Charlottenburg - Wilmersdorf,Accident with minor injuries,Collision between vehicle and pedestrian,Others,Daylight,Dry
7234,196537,3,Kollwitzplatz,2019,7,22,4,3,0,3,2,0,1,0,1,0,0,0,Pankow,Accident with minor injuries,Others,Turning/Crossing accident,Dark,Dry
7235,196538,3,Bucher Forst,2019,7,20,4,3,6,7,0,1,0,1,0,0,0,0,Pankow,Accident with minor injuries,Collision between vehicle and pedestrian,Others,Daylight,Dry
7236,196539,2,Reichenberger Straße,2019,7,19,4,2,5,3,0,1,1,0,0,0,0,0,Friedrichshain - Kreuzberg,Accident with serious injuries,Collision with a turning/crossing vehicle,Turning/Crossing accident,Daylight,Dry
7237,196540,1,Leipziger Straße,2019,7,17,4,3,5,2,0,1,1,0,0,0,0,0,Mitte,Accident with minor injuries,Collision with a turning/crossing vehicle,Turning accident,Daylight,Dry
7238,196541,1,Heine-Viertel West,2019,7,17,4,3,5,2,0,1,1,0,0,0,0,0,Mitte,Accident with minor injuries,Collision with a turning/crossing vehicle,Turning accident,Daylight,Dry
7239,196542,6,Wannsee,2019,7,16,4,3,9,1,0,0,1,0,0,0,0,0,Steglitz-Zehlendorf,Accident with minor injuries,Departure from the roadway to the left,Driving accident,Daylight,Dry
7240,196543,8,Buschkrugallee Nord,2019,7,16,4,3,1,1,0,0,1,0,1,0,0,0,Neukölln,Accident with minor injuries,Collision with a moving/standing/parked vehicle,Driving accident,Daylight,Dry