,object id,district,street,year,month,hour of day,weekday,category,accident type,accident type 2,light situation,bike involved,car involved,pedestrian involved,motor bike involved,big track involved,other vehicle involved,road condition,district name,category name,accident detail,accident type detail,light condition,road condition detail
7241,196544,2,Andreasviertel,2019,7,16,4,3,3,6,0,1,1,0,0,0,0,0,Friedrichshain - Kreuzberg,Accident with minor injuries,Collision with a vehicle traveling laterally in the same direction,Collision involving vehicles going in the same way,Daylight,Dry
7242,196545,4,Eichkamp,2019,7,15,4,2,0,1,0,1,0,0,0,0,0,0,Charlottenburg - Wilmersdorf,Accident with serious injuries,Others,Driving accident,Daylight,Dry
7243,196546,10,Marzahner Chaussee,2019,7,14,4,3,5,2,0,1,0,0,0,0,1,0,Marzahn-Hellersdorf,Accident with minor injuries,Collision with a turning/crossing vehicle,Turning accident,Daylight,Dry
7244,196547,5,Gütersloher Weg,2019,7,23,4,2,7,7,2,0,0,0,0,0,1,0,Spandau,Accident with serious injuries,Collision with a road obstacle,Others,Dark,Dry
7245,196548,7,Rathaus Tempelhof,2019,7,22,4,3,0,3,2,0,1,0,0,0,1,0,Tempelhof-Schöneberg,Accident with minor injuries,Others,Turning/Crossing accident,Dark,Dry
7246,196549,4,Hindemithplatz,2019,7,20,4,3,1,5,0,0,1,0,0,0,1,0,Charlottenburg - Wilmersdorf,Accident with minor injuries,Collision with a moving/standing/parked vehicle,Accident involving parked vehicles,Daylight,Dry
7247,196550,1,Emdener Straße,2019,7,13,4,3,1,7,0,0,1,0,1,0,0,0,Mitte,Accident with minor injuries,Collision with a moving/standing/parked vehicle,Others,Daylight,Dry
7248,196551,8,Gropiusstadt Ost,2019,7,13,4,3,0,2,0,0,0,0,1,0,1,0,Neukölln,Accident with minor injuries,Others,Turning accident,Daylight,Dry
7249,196552,9,Müggelheim,2019,7,9,4,3,2,6,0,1,0,0,0,0,0,0,Treptow-Köpenick,Accident with minor injuries,Collision with the vehicle in front/waiting vehicle,Collision involving vehicles going in the same way,Daylight,Dry
7250,196553,7,Rathaus Tempelhof,2019,7,12,4,3,5,7,0,0,1,0,1,0,0,0,Tempelhof-Schöneberg,Accident with minor injuries,Collision with a turning/crossing vehicle,Others,Daylight,Dry
7251,196554,2,Moritzplatz,2019,7,11,4,3,2,6,0,0,1,0,0,0,0,0,Friedrichshain - Kreuzberg,Accident with minor injuries,Collision with the vehicle in front/waiting vehicle,Collision involving vehicles going in the same way,Daylight,Dry
7252,196555,4,Breitscheidplatz,2019,7,11,4,3,5,5,0,1,1,0,0,0,0,0,Charlottenburg - Wilmersdorf,Accident with minor injuries,Collision with a turning/crossing vehicle,Accident involving parked vehicles,Daylight,Dry
7253,196556,1,Wilhelmstraße,2019,7,10,4,3,5,2,0,1,1,0,0,0,0,0,Mitte,Accident with minor injuries,Collision with a turning/crossing vehicle,Turning accident,Daylight,Dry
7254,196557,1,Gesundbrunnen,2019,7,7,4,3,1,5,0,1,1,0,0,0,0,0,Mitte,Accident with minor injuries,Collision with a moving/standing/parked vehicle,Accident involving parked vehicles,Daylight,Dry
7255,196558,2,Askanischer Platz,2019,7,9,4,3,6,7,0,1,0,1,0,0,0,0,Friedrichshain - Kreuzberg,Accident with minor injuries,Collision between vehicle and pedestrian,Others,Daylight,Dry
7256,196559,1,Humboldthain Nordwest,2019,7,9,4,3,5,3,0,1,0,0,0,1,0,0,Mitte,Accident with minor injuries,Collision with a turning/crossing vehicle,Turning/Crossing accident,Daylight,Dry
7257,196560,9,Köpenicker Landstraße,2019,7,9,4,3,0,1,0,1,0,0,0,0,0,0,Treptow-Köpenick,Accident with minor injuries,Others,Driving accident,Daylight,Dry
7258,196561,5,Amorbacher Weg,2019,7,9,4,3,0,3,0,0,1,0,1,0,0,0,Spandau,Accident with minor injuries,Others,Turning/Crossing accident,Daylight,Dry
7259,196562,12,Schäfersee,2019,7,16,4,3,9,1,0,0,1,0,0,0,0,0,Reinickendorf,Accident with minor injuries,Departure from the roadway to the left,Driving accident,Daylight,Dry
7260,196563,11,Große-Leege-Straße,2019,7,9,4,3,5,2,0,1,1,0,0,0,0,0,Lichtenberg,Accident with minor injuries,Collision with a turning/crossing vehicle,Turning accident,Daylight,Dry
7261,196564,12,Humboldtstraße,2019,7,15,4,2,1,7,0,0,1,0,0,0,1,0,Reinickendorf,Accident with serious injuries,Collision with a moving/standing/parked vehicle,Others,Daylight,Dry
7262,196565,4,Droysenstraße,2019,7,15,4,3,0,1,0,0,0,0,1,0,0,0,Charlottenburg - Wilmersdorf,Accident with minor injuries,Others,Driving accident,Daylight,Dry
7263,196566,11,Rüdigerstraße,2019,7,15,4,3,1,5,0,1,1,0,0,0,0,0,Lichtenberg,Accident with minor injuries,Collision with a moving/standing/parked vehicle,Accident involving parked vehicles,Daylight,Dry
7264,196567,10,Ringkolonnaden,2019,7,15,4,2,5,2,0,0,0,0,1,0,1,0,Marzahn-Hellersdorf,Accident with serious injuries,Collision with a turning/crossing vehicle,Turning accident,Daylight,Dry
7265,196568,5,Darbystraße,2019,7,15,4,3,0,2,0,1,1,0,0,0,0,0,Spandau,Accident with minor injuries,Others,Turning accident,Daylight,Dry
7266,196569,4,George-Grosz-Platz,2019,7,14,4,3,2,7,0,0,1,0,0,0,0,0,Charlottenburg - Wilmersdorf,Accident with minor injuries,Collision with the vehicle in front/waiting vehicle,Others,Daylight,Dry
7267,196570,4,Breitscheidplatz,2019,7,14,4,3,5,2,0,1,1,0,0,0,0,0,Charlottenburg - Wilmersdorf,Accident with minor injuries,Collision with a turning/crossing vehicle,Turning accident,Daylight,Dry
7268,196571,9,Dorf Altglienicke,2019,7,8,4,3,5,2,0,1,1,0,0,0,0,0,Treptow-Köpenick,Accident with minor injuries,Collision with a turning/crossing vehicle,Turning accident,Daylight,Dry
7269,196572,3,Buchholz,2019,7,7,4,3,0,1,0,1,0,0,0,0,0,0,Pankow,Accident with minor injuries,Others,Driving accident,Daylight,Dry
7270,196573,9,Adlershof West,2019,7,7,4,3,5,3,0,1,0,0,1,0,0,0,Treptow-Köpenick,Accident with minor injuries,Collision with a turning/crossing vehicle,Turning/Crossing accident,Daylight,Dry
7271,196574,4,Rohrdamm,2019,7,0,4,3,7,7,2,0,1,0,0,0,0,0,Charlottenburg - Wilmersdorf,Accident with minor injuries,Collision with a road obstacle,Others,Dark,Dry
7272,196575,6,Teltower Damm,2019,7,14,4,3,5,3,0,1,1,0,0,0,0,0,Steglitz-Zehlendorf,Accident with minor injuries,Collision with a turning/crossing vehicle,Turning/Crossing accident,Daylight,Dry
7273,196576,7,Marienhöhe,2019,7,14,4,2,2,6,0,0,1,0,0,0,1,0,Tempelhof-Schöneberg,Accident with serious injuries,Collision with the vehicle in front/waiting vehicle,Collision involving vehicles going in the same way,Daylight,Dry
7274,196577,9,Späthsfelde,2019,7,13,4,3,4,6,0,0,1,0,0,0,0,0,Treptow-Köpenick,Accident with minor injuries,Collision with oncoming vehicle,Collision involving vehicles going in the same way,Daylight,Dry
7275,196578,2,Richard-Sorge-Viertel,2019,7,15,4,3,3,6,0,1,1,0,0,0,0,0,Friedrichshain - Kreuzberg,Accident with minor injuries,Collision with a vehicle traveling laterally in the same direction,Collision involving vehicles going in the same way,Daylight,Dry
7276,196579,1,Charitéviertel,2019,7,13,4,3,1,5,0,1,1,0,0,0,0,0,Mitte,Accident with minor injuries,Collision with a moving/standing/parked vehicle,Accident involving parked vehicles,Daylight,Dry
7277,196580,4,Karl-August-Platz,2019,7,13,4,3,5,7,0,1,1,0,0,0,0,0,Charlottenburg - Wilmersdorf,Accident with minor injuries,Collision with a turning/crossing vehicle,Others,Daylight,Dry
7278,196581,4,Karl-August-Platz,2019,7,12,4,3,3,6,0,1,1,0,0,0,0,0,Charlottenburg - Wilmersdorf,Accident with minor injuries,Collision with a vehicle traveling laterally in the same direction,Collision involving vehicles going in the same way,Daylight,Dry
7279,196582,1,Brunnenstraße,2019,7,19,3,3,0,6,0,0,1,0,1,0,0,0,Mitte,Accident with minor injuries,Others,Collision involving vehicles going in the same way,Daylight,Dry
7280,196583,8,Rixdorf,2019,7,13,3,3,0,6,0,0,1,0,0,0,1,0,Neukölln,Accident with minor injuries,Others,Collision involving vehicles going in the same way,Daylight,Dry
7281,196584,4,Preußenpark,2019,7,8,3,3,0,7,0,1,0,0,0,0,0,1,Charlottenburg - Wilmersdorf,Accident with minor injuries,Others,Others,Daylight,Wet/moist/slippery
7282,196585,11,Karlshorst Nord,2019,7,19,3,3,5,3,0,1,0,0,0,0,1,0,Lichtenberg,Accident with minor injuries,Collision with a turning/crossing vehicle,Turning/Crossing accident,Daylight,Dry
7283,196586,7,Nollendorfplatz,2019,7,22,3,3,0,7,2,0,0,0,1,0,0,0,Tempelhof-Schöneberg,Accident with minor injuries,Others,Others,Dark,Dry
7284,196587,4,Ernst-Reuter-Platz,2019,7,15,3,3,5,3,0,1,1,0,0,0,0,0,Charlottenburg - Wilmersdorf,Accident with minor injuries,Collision with a turning/crossing vehicle,Turning/Crossing accident,Daylight,Dry
7285,196588,3,Arnimplatz,2019,7,15,3,3,2,6,0,0,1,0,1,0,0,0,Pankow,Accident with minor injuries,Collision with the vehicle in front/waiting vehicle,Collision involving vehicles going in the same way,Daylight,Dry
7286,196589,9,Dorf Altglienicke,2019,7,14,3,3,5,2,0,0,1,0,0,0,1,0,Treptow-Köpenick,Accident with minor injuries,Collision with a turning/crossing vehicle,Turning accident,Daylight,Dry
7287,196590,1,Nördlicher Landwehrkanal,2019,7,16,3,3,2,2,0,0,1,0,0,0,0,0,Mitte,Accident with minor injuries,Collision with the vehicle in front/waiting vehicle,Turning accident,Daylight,Dry
7288,196591,7,Nollendorfplatz,2019,7,14,3,2,5,7,0,0,1,0,1,0,0,0,Tempelhof-Schöneberg,Accident with serious injuries,Collision with a turning/crossing vehicle,Others,Daylight,Dry
7289,196592,4,Schaperstraße,2019,7,14,3,3,6,7,0,1,0,1,0,0,0,0,Charlottenburg - Wilmersdorf,Accident with minor injuries,Collision between vehicle and pedestrian,Others,Daylight,Dry
7290,196593,2,Urbanstraße,2019,7,22,3,3,2,6,2,0,1,0,1,0,0,0,Friedrichshain - Kreuzberg,Accident with minor injuries,Collision with the vehicle in front/waiting vehicle,Collision involving vehicles going in the same way,Dark,Dry
7291,196594,4,Lietzensee,2019,7,21,3,3,5,2,0,0,1,0,1,0,0,0,Charlottenburg - Wilmersdorf,Accident with minor injuries,Collision with a turning/crossing vehicle,Turning accident,Daylight,Dry
7292,196595,5,Darbystraße,2019,7,20,3,3,2,6,1,0,1,0,0,0,0,0,Spandau,Accident with minor injuries,Collision with the vehicle in front/waiting vehicle,Collision involving vehicles going in the same way,Twilight,Dry
7293,196596,1,Soldiner Straße,2019,7,13,3,2,5,7,0,0,1,0,1,0,0,0,Mitte,Accident with serious injuries,Collision with a turning/crossing vehicle,Others,Daylight,Dry
7294,196597,4,Schaperstraße,2019,7,12,3,3,2,6,0,0,1,0,1,0,0,0,Charlottenburg - Wilmersdorf,Accident with minor injuries,Collision with the vehicle in front/waiting vehicle,Collision involving vehicles going in the same way,Daylight,Dry
7295,196598,1,Charitéviertel,2019,7,19,3,3,3,6,0,1,0,1,0,0,1,0,Mitte,Accident with minor injuries,Collision with a vehicle traveling laterally in the same direction,Collision involving vehicles going in the same way,Daylight,Dry
7296,196599,6,Nikolassee,2019,7,18,3,3,5,3,0,1,1,0,0,0,0,0,Steglitz-Zehlendorf,Accident with minor injuries,Collision with a turning/crossing vehicle,Turning/Crossing accident,Daylight,Dry
7297,196600,7,Dennewitzplatz,2019,7,18,3,2,0,7,0,1,0,1,0,0,0,0,Tempelhof-Schöneberg,Accident with serious injuries,Others,Others,Daylight,Dry
7298,196601,2,Andreasviertel,2019,7,12,3,3,6,4,0,1,0,1,0,0,0,0,Friedrichshain - Kreuzberg,Accident with minor injuries,Collision between vehicle and pedestrian,Pedestrian crossing accident,Daylight,Dry
7299,196602,2,Graefekiez,2019,7,18,3,3,0,6,0,0,0,0,0,0,1,0,Friedrichshain - Kreuzberg,Accident with minor injuries,Others,Collision involving vehicles going in the same way,Daylight,Dry
7300,196603,8,Buckow Ost,2019,7,17,3,3,0,3,0,1,1,0,0,0,0,0,Neukölln,Accident with minor injuries,Others,Turning/Crossing accident,Daylight,Dry
7301,196604,9,Schnellerstraße,2019,7,17,3,3,0,1,0,1,1,0,0,0,0,0,Treptow-Köpenick,Accident with minor injuries,Others,Driving accident,Daylight,Dry
7302,196605,7,Rathaus Tempelhof,2019,7,17,3,3,2,6,0,0,1,0,1,0,0,0,Tempelhof-Schöneberg,Accident with minor injuries,Collision with the vehicle in front/waiting vehicle,Collision involving vehicles going in the same way,Daylight,Dry
7303,196606,6,Zehlendorf Eiche,2019,7,17,3,2,1,5,0,1,0,0,0,0,1,0,Steglitz-Zehlendorf,Accident with serious injuries,Collision with a moving/standing/parked vehicle,Accident involving parked vehicles,Daylight,Dry
7304,196607,4,Messelpark,2019,7,17,3,3,5,3,0,1,1,0,0,0,0,0,Charlottenburg - Wilmersdorf,Accident with minor injuries,Collision with a turning/crossing vehicle,Turning/Crossing accident,Daylight,Dry
7305,196608,11,Große-Leege-Straße,2019,7,15,3,3,6,4,0,1,0,1,0,0,0,0,Lichtenberg,Accident with minor injuries,Collision between vehicle and pedestrian,Pedestrian crossing accident,Daylight,Dry
7306,196609,11,Karlshorst Nord,2019,7,10,3,3,5,3,0,0,1,0,0,0,0,0,Lichtenberg,Accident with minor injuries,Collision with a turning/crossing vehicle,Turning/Crossing accident,Daylight,Dry
7307,196610,2,Stralauer Kiez,2019,7,16,3,3,5,2,0,1,1,0,0,0,0,0,Friedrichshain - Kreuzberg,Accident with minor injuries,Collision with a turning/crossing vehicle,Turning accident,Daylight,Dry
7308,196611,8,Gropiusstadt Nord,2019,7,16,3,3,5,3,0,1,1,0,0,0,0,0,Neukölln,Accident with minor injuries,Collision with a turning/crossing vehicle,Turning/Crossing accident,Daylight,Dry
7309,196612,1,Gesundbrunnen,2019,7,16,3,3,1,5,0,1,1,0,0,0,0,0,Mitte,Accident with minor injuries,Collision with a moving/standing/parked vehicle,Accident involving parked vehicles,Daylight,Dry
7310,196613,1,Westliche Müllerstraße,2019,7,16,3,3,5,3,0,1,1,0,0,0,0,0,Mitte,Accident with minor injuries,Collision with a turning/crossing vehicle,Turning/Crossing accident,Daylight,Dry
7311,196614,9,Oberschöneweide Ost,2019,7,15,3,3,5,2,0,0,1,0,0,0,1,0,Treptow-Köpenick,Accident with minor injuries,Collision with a turning/crossing vehicle,Turning accident,Daylight,Dry
7312,196615,11,Rüdigerstraße,2019,7,15,3,2,2,6,0,0,1,0,0,0,0,0,Lichtenberg,Accident with serious injuries,Collision with the vehicle in front/waiting vehicle,Collision involving vehicles going in the same way,Daylight,Dry
7313,196616,5,Carl-Schurz-Straße,2019,7,15,3,3,6,4,0,0,1,1,0,0,0,0,Spandau,Accident with minor injuries,Collision between vehicle and pedestrian,Pedestrian crossing accident,Daylight,Dry
7314,196617,7,Marienfelde Süd,2019,7,10,3,2,5,2,0,0,1,0,0,0,0,0,Tempelhof-Schöneberg,Accident with serious injuries,Collision with a turning/crossing vehicle,Turning accident,Daylight,Dry
7315,196618,4,Preußenpark,2019,7,10,3,3,5,2,0,1,1,0,0,0,0,0,Charlottenburg - Wilmersdorf,Accident with minor injuries,Collision with a turning/crossing vehicle,Turning accident,Daylight,Dry
7316,196619,8,Handwerker-Siedlung,2019,7,10,3,3,5,2,0,1,1,0,0,0,0,0,Neukölln,Accident with minor injuries,Collision with a turning/crossing vehicle,Turning accident,Daylight,Dry
7317,196620,12,Humboldtstraße,2019,7,7,4,2,2,6,0,1,1,0,0,0,0,0,Reinickendorf,Accident with serious injuries,Collision with the vehicle in front/waiting vehicle,Collision involving vehicles going in the same way,Daylight,Dry
7318,196621,1,Körnerstraße,2019,7,9,3,3,5,7,0,1,1,0,0,0,0,0,Mitte,Accident with minor injuries,Collision with a turning/crossing vehicle,Others,Daylight,Dry
7319,196622,7,Manteuffelstraße,2019,7,9,3,3,5,2,0,0,1,0,1,0,0,0,Tempelhof-Schöneberg,Accident with minor injuries,Collision with a turning/crossing vehicle,Turning accident,Daylight,Dry
7320,196623,4,Flinsberger Platz,2019,7,16,4,3,6,4,0,0,1,1,0,0,0,0,Charlottenburg - Wilmersdorf,Accident with minor injuries,Collision between vehicle and pedestrian,Pedestrian crossing accident,Daylight,Dry
7321,196624,10,Alt-Biesdorf,2019,7,7,4,2,5,3,0,1,1,0,0,0,0,0,Marzahn-Hellersdorf,Accident with serious injuries,Collision with a turning/crossing vehicle,Turning/Crossing accident,Daylight,Dry
7322,196625,9,Johannisthal West,2019,7,6,3,3,5,2,0,0,1,0,0,0,0,0,Treptow-Köpenick,Accident with minor injuries,Collision with a turning/crossing vehicle,Turning accident,Daylight,Dry
7323,196626,1,Reinickendorfer Straße,2019,7,6,3,3,2,2,0,0,1,0,0,0,0,0,Mitte,Accident with minor injuries,Collision with the vehicle in front/waiting vehicle,Turning accident,Daylight,Dry
7324,196627,4,Hindemithplatz,2019,7,16,4,3,2,6,0,0,1,0,0,0,0,0,Charlottenburg - Wilmersdorf,Accident with minor injuries,Collision with the vehicle in front/waiting vehicle,Collision involving vehicles going in the same way,Daylight,Dry
7325,196628,12,Tegel Süd,2019,7,6,3,3,5,3,0,1,1,0,0,0,0,0,Reinickendorf,Accident with minor injuries,Collision with a turning/crossing vehicle,Turning/Crossing accident,Daylight,Dry
7326,196629,4,Ernst-Reuter-Platz,2019,7,18,4,3,5,3,0,0,1,0,0,0,0,0,Charlottenburg - Wilmersdorf,Accident with minor injuries,Collision with a turning/crossing vehicle,Turning/Crossing accident,Daylight,Dry
7327,196630,1,Westliche Müllerstraße,2019,7,4,3,2,5,3,1,0,1,0,0,0,0,0,Mitte,Accident with serious injuries,Collision with a turning/crossing vehicle,Turning/Crossing accident,Twilight,Dry
7328,196631,10,Weiße Taube,2019,7,1,3,3,5,2,2,0,1,0,0,0,1,0,Marzahn-Hellersdorf,Accident with minor injuries,Collision with a turning/crossing vehicle,Turning accident,Dark,Dry
7329,196632,6,Schloßstraße,2019,7,16,4,3,6,4,0,0,1,1,0,0,0,0,Steglitz-Zehlendorf,Accident with minor injuries,Collision between vehicle and pedestrian,Pedestrian crossing accident,Daylight,Dry
7330,196633,8,Handwerker-Siedlung,2019,7,0,3,2,6,4,2,0,1,1,0,0,0,0,Neukölln,Accident with serious injuries,Collision between vehicle and pedestrian,Pedestrian crossing accident,Dark,Dry
7331,196634,8,Schillerpromenade,2019,7,15,4,2,5,2,0,1,1,0,0,0,0,0,Neukölln,Accident with serious injuries,Collision with a turning/crossing vehicle,Turning accident,Daylight,Dry
7332,196635,7,Friedenau,2019,7,6,3,3,5,3,0,0,0,0,0,0,1,0,Tempelhof-Schöneberg,Accident with minor injuries,Collision with a turning/crossing vehicle,Turning/Crossing accident,Daylight,Dry
7333,196636,6,Teltower Damm,2019,7,8,4,3,0,1,0,0,0,0,1,0,0,0,Steglitz-Zehlendorf,Accident with minor injuries,Others,Driving accident,Daylight,Dry
7334,196637,4,Park Ruhwald,2019,7,9,4,3,2,6,0,0,1,0,0,0,0,0,Charlottenburg - Wilmersdorf,Accident with minor injuries,Collision with the vehicle in front/waiting vehicle,Collision involving vehicles going in the same way,Daylight,Dry
7335,196638,1,Leipziger Straße,2019,7,15,2,3,6,4,0,1,0,1,0,0,0,0,Mitte,Accident with minor injuries,Collision between vehicle and pedestrian,Pedestrian crossing accident,Daylight,Dry
7336,196639,7,Rathaus Tempelhof,2019,7,18,2,3,0,7,0,1,1,0,0,0,0,0,Tempelhof-Schöneberg,Accident with minor injuries,Others,Others,Daylight,Dry
7337,196640,12,Märkisches Zentrum,2019,7,0,4,2,0,1,2,0,1,0,0,0,0,0,Reinickendorf,Accident with serious injuries,Others,Driving accident,Dark,Dry
7338,196641,4,Breitscheidplatz,2019,7,11,2,3,5,3,0,0,0,0,1,1,0,0,Charlottenburg - Wilmersdorf,Accident with minor injuries,Collision with a turning/crossing vehicle,Turning/Crossing accident,Daylight,Dry
7339,196642,1,Reinickendorfer Straße,2019,7,0,4,3,5,2,2,0,0,0,0,0,1,0,Mitte,Accident with minor injuries,Collision with a turning/crossing vehicle,Turning accident,Dark,Dry
7340,196643,8,Buckow Mitte,2019,7,15,2,3,6,4,0,0,1,1,0,0,0,0,Neukölln,Accident with minor injuries,Collision between vehicle and pedestrian,Pedestrian crossing accident,Daylight,Dry
7341,196644,1,Humboldthain Nordwest,2019,7,19,4,3,6,4,0,1,0,1,0,0,0,0,Mitte,Accident with minor injuries,Collision between vehicle and pedestrian,Pedestrian crossing accident,Daylight,Dry
7342,196645,7,Grazer Platz,2019,7,21,2,3,0,1,0,0,0,0,1,0,0,0,Tempelhof-Schöneberg,Accident with minor injuries,Others,Driving accident,Daylight,Dry
7343,196646,1,Elberfelder Straße,2019,7,8,4,3,6,7,0,0,1,1,0,0,0,0,Mitte,Accident with minor injuries,Collision between vehicle and pedestrian,Others,Daylight,Dry
7344,196647,2,Wriezener Bahnhof/Entwicklungsgebiet,2019,7,19,2,2,5,2,0,1,1,0,0,0,0,0,Friedrichshain - Kreuzberg,Accident with serious injuries,Collision with a turning/crossing vehicle,Turning accident,Daylight,Dry
7345,196648,4,Kaiserin-Augusta-Allee,2019,7,19,2,2,5,2,0,0,1,0,0,0,0,0,Charlottenburg - Wilmersdorf,Accident with serious injuries,Collision with a turning/crossing vehicle,Turning accident,Daylight,Dry
7346,196649,4,Karl-August-Platz,2019,7,17,4,1,2,2,0,1,1,0,0,0,0,0,Charlottenburg - Wilmersdorf,Accident with fatalities,Collision with the vehicle in front/waiting vehicle,Turning accident,Daylight,Dry
7347,196650,11,Landsberger Allee,2019,7,22,3,3,0,1,2,1,0,0,0,0,0,0,Lichtenberg,Accident with minor injuries,Others,Driving accident,Dark,Dry
7348,196651,3,Pankow Süd,2019,7,19,2,3,4,2,0,1,1,0,0,0,0,0,Pankow,Accident with minor injuries,Collision with oncoming vehicle,Turning accident,Daylight,Dry
7349,196652,9,Johannisthal Ost,2019,7,14,3,3,0,1,0,1,0,0,0,0,0,0,Treptow-Köpenick,Accident with minor injuries,Others,Driving accident,Daylight,Dry
7350,196653,6,Südende,2019,7,18,2,2,2,7,0,0,1,0,1,0,1,0,Steglitz-Zehlendorf,Accident with serious injuries,Collision with the vehicle in front/waiting vehicle,Others,Daylight,Dry
7351,196654,8,Parchimer Allee,2019,7,18,3,3,5,2,0,1,1,0,0,0,0,0,Neukölln,Accident with minor injuries,Collision with a turning/crossing vehicle,Turning accident,Daylight,Dry
7352,196655,1,Großer Tiergarten,2019,7,17,2,3,0,1,0,0,0,0,1,0,0,0,Mitte,Accident with minor injuries,Others,Driving accident,Daylight,Dry
7353,196656,11,Große-Leege-Straße,2019,7,17,3,3,5,2,0,0,1,0,0,0,0,0,Lichtenberg,Accident with minor injuries,Collision with a turning/crossing vehicle,Turning accident,Daylight,Dry
7354,196657,7,Marienfelde Nordost,2019,7,16,2,2,0,1,0,0,0,0,0,0,1,0,Tempelhof-Schöneberg,Accident with serious injuries,Others,Driving accident,Daylight,Dry
7355,196658,1,Reinickendorfer Straße,2019,7,16,2,3,2,6,0,0,1,0,0,0,0,0,Mitte,Accident with minor injuries,Collision with the vehicle in front/waiting vehicle,Collision involving vehicles going in the same way,Daylight,Dry
7356,196659,4,Breitscheidplatz,2019,7,17,3,2,5,7,0,0,1,0,1,0,0,0,Charlottenburg - Wilmersdorf,Accident with serious injuries,Collision with a turning/crossing vehicle,Others,Daylight,Dry
7357,196660,1,Gesundbrunnen,2019,7,12,2,3,5,7,0,0,1,0,0,1,0,0,Mitte,Accident with minor injuries,Collision with a turning/crossing vehicle,Others,Daylight,Dry
7358,196661,2,Oranienplatz,2019,7,17,3,3,1,5,0,1,1,0,0,0,0,0,Friedrichshain - Kreuzberg,Accident with minor injuries,Collision with a moving/standing/parked vehicle,Accident involving parked vehicles,Daylight,Dry
7359,196662,6,Fichtenberg,2019,7,11,2,3,5,3,0,1,1,0,0,0,0,0,Steglitz-Zehlendorf,Accident with minor injuries,Collision with a turning/crossing vehicle,Turning/Crossing accident,Daylight,Dry
7360,196663,5,Adamstraße,2019,7,17,3,3,1,5,0,1,1,0,0,0,0,0,Spandau,Accident with minor injuries,Collision with a moving/standing/parked vehicle,Accident involving parked vehicles,Daylight,Dry
7361,196664,2,Moritzplatz,2019,7,12,2,3,5,7,0,0,1,0,1,0,0,0,Friedrichshain - Kreuzberg,Accident with minor injuries,Collision with a turning/crossing vehicle,Others,Daylight,Dry
7362,196665,4,Tegeler Weg,2019,7,15,3,2,1,1,0,0,1,1,0,0,0,0,Charlottenburg - Wilmersdorf,Accident with serious injuries,Collision with a moving/standing/parked vehicle,Driving accident,Daylight,Dry
7363,196666,5,Zitadellenweg,2019,7,10,2,3,5,2,0,0,1,0,0,0,0,0,Spandau,Accident with minor injuries,Collision with a turning/crossing vehicle,Turning accident,Daylight,Dry
7364,196667,11,Sewanstraße,2019,7,10,2,2,5,2,0,1,0,0,0,0,1,0,Lichtenberg,Accident with serious injuries,Collision with a turning/crossing vehicle,Turning accident,Daylight,Dry
7365,196668,6,Nikolassee,2019,7,14,3,3,5,3,0,1,0,0,0,1,0,0,Steglitz-Zehlendorf,Accident with minor injuries,Collision with a turning/crossing vehicle,Turning/Crossing accident,Daylight,Dry
7366,196669,5,Kurstraße,2019,7,14,3,3,0,3,0,0,1,0,1,0,0,0,Spandau,Accident with minor injuries,Others,Turning/Crossing accident,Daylight,Dry
7367,196670,12,Scharnweberstraße,2019,7,11,2,3,0,1,0,0,0,0,1,0,0,0,Reinickendorf,Accident with minor injuries,Others,Driving accident,Daylight,Dry
7368,196671,8,Reuterkiez,2019,7,16,2,3,1,5,0,1,1,0,0,0,0,0,Neukölln,Accident with minor injuries,Collision with a moving/standing/parked vehicle,Accident involving parked vehicles,Daylight,Dry
7369,196672,4,Branitzer Platz,2019,7,11,3,3,5,3,0,1,1,0,0,0,0,0,Charlottenburg - Wilmersdorf,Accident with minor injuries,Collision with a turning/crossing vehicle,Turning/Crossing accident,Daylight,Dry
7370,196673,1,Karl-Marx-Allee,2019,7,9,2,2,5,3,0,1,1,0,0,0,0,0,Mitte,Accident with serious injuries,Collision with a turning/crossing vehicle,Turning/Crossing accident,Daylight,Dry
7371,196674,12,Borsigwalde,2019,7,15,2,2,5,2,0,0,1,0,1,0,0,0,Reinickendorf,Accident with serious injuries,Collision with a turning/crossing vehicle,Turning accident,Daylight,Dry
7372,196675,12,Dannenwalder Weg,2019,7,11,3,3,2,6,0,0,1,0,0,0,0,0,Reinickendorf,Accident with minor injuries,Collision with the vehicle in front/waiting vehicle,Collision involving vehicles going in the same way,Daylight,Dry
7373,196676,1,Heine-Viertel Ost,2019,7,11,3,2,5,2,0,0,1,0,1,0,0,0,Mitte,Accident with serious injuries,Collision with a turning/crossing vehicle,Turning accident,Daylight,Dry
7374,196677,4,Binger Straße,2019,7,8,2,3,1,5,0,1,0,0,0,0,1,0,Charlottenburg - Wilmersdorf,Accident with minor injuries,Collision with a moving/standing/parked vehicle,Accident involving parked vehicles,Daylight,Dry
7375,196678,6,Königsberger Straße,2019,7,11,3,3,2,6,0,0,1,0,0,0,0,0,Steglitz-Zehlendorf,Accident with minor injuries,Collision with the vehicle in front/waiting vehicle,Collision involving vehicles going in the same way,Daylight,Dry
7376,196679,4,Jungfernheide,2019,7,7,2,3,5,3,0,0,1,0,0,0,0,0,Charlottenburg - Wilmersdorf,Accident with minor injuries,Collision with a turning/crossing vehicle,Turning/Crossing accident,Daylight,Dry
7377,196680,1,Arkonaplatz,2019,7,10,3,3,2,6,0,0,1,0,0,0,0,0,Mitte,Accident with minor injuries,Collision with the vehicle in front/waiting vehicle,Collision involving vehicles going in the same way,Daylight,Dry
7378,196681,9,Schnellerstraße,2019,7,6,2,3,5,2,0,0,1,0,0,0,0,0,Treptow-Köpenick,Accident with minor injuries,Collision with a turning/crossing vehicle,Turning accident,Daylight,Dry
7379,196682,1,Charitéviertel,2019,7,8,3,3,0,2,0,1,0,0,1,0,0,0,Mitte,Accident with minor injuries,Others,Turning accident,Daylight,Dry