,object id,district,street,year,month,hour of day,weekday,category,accident type,accident type 2,light situation,bike involved,car involved,pedestrian involved,motor bike involved,big track involved,other vehicle involved,road condition,district name,category name,accident detail,accident type detail,light condition,road condition detail
7380,196683,1,Alexanderplatzviertel,2019,7,6,2,3,5,2,0,0,1,0,0,0,0,0,Mitte,Accident with minor injuries,Collision with a turning/crossing vehicle,Turning accident,Daylight,Dry
7381,196684,5,Zitadellenweg,2019,7,6,2,3,3,6,0,0,0,0,1,1,0,0,Spandau,Accident with minor injuries,Collision with a vehicle traveling laterally in the same direction,Collision involving vehicles going in the same way,Daylight,Dry
7382,196685,7,Nahariyastraße,2019,7,8,3,2,5,3,0,1,1,0,0,0,0,0,Tempelhof-Schöneberg,Accident with serious injuries,Collision with a turning/crossing vehicle,Turning/Crossing accident,Daylight,Dry
7383,196686,9,Oberschöneweide West,2019,7,5,2,3,0,1,1,0,0,0,1,0,0,0,Treptow-Köpenick,Accident with minor injuries,Others,Driving accident,Twilight,Dry
7384,196687,4,Plötzensee,2019,7,6,3,3,5,2,1,0,1,0,0,0,0,0,Charlottenburg - Wilmersdorf,Accident with minor injuries,Collision with a turning/crossing vehicle,Turning accident,Twilight,Dry
7385,196688,8,Flughafenstraße,2019,7,2,2,3,5,3,2,0,1,0,0,0,0,0,Neukölln,Accident with minor injuries,Collision with a turning/crossing vehicle,Turning/Crossing accident,Dark,Dry
7386,196689,11,Rummelsburg,2019,7,22,3,3,2,6,2,0,1,0,0,0,0,0,Lichtenberg,Accident with minor injuries,Collision with the vehicle in front/waiting vehicle,Collision involving vehicles going in the same way,Dark,Dry
7387,196690,4,Rüdesheimer Platz,2019,7,7,2,3,0,3,0,1,1,0,0,0,0,0,Charlottenburg - Wilmersdorf,Accident with minor injuries,Others,Turning/Crossing accident,Daylight,Dry
7388,196691,3,Weißer See,2019,7,22,3,3,5,2,2,0,1,0,0,0,0,0,Pankow,Accident with minor injuries,Collision with a turning/crossing vehicle,Turning accident,Dark,Dry
7389,196692,4,Breitscheidplatz,2019,7,1,2,2,1,5,2,1,1,0,0,0,0,0,Charlottenburg - Wilmersdorf,Accident with serious injuries,Collision with a moving/standing/parked vehicle,Accident involving parked vehicles,Dark,Dry
7390,196693,10,Alt-Marzahn,2019,7,14,2,2,1,1,0,0,1,0,0,1,0,0,Marzahn-Hellersdorf,Accident with serious injuries,Collision with a moving/standing/parked vehicle,Driving accident,Daylight,Dry
7391,196694,4,Hindemithplatz,2019,7,20,3,3,2,7,1,0,1,0,0,0,0,0,Charlottenburg - Wilmersdorf,Accident with minor injuries,Collision with the vehicle in front/waiting vehicle,Others,Twilight,Dry
7392,196695,1,Rehberge,2019,7,19,3,3,2,6,0,0,1,0,1,0,0,0,Mitte,Accident with minor injuries,Collision with the vehicle in front/waiting vehicle,Collision involving vehicles going in the same way,Daylight,Dry
7393,196696,9,Köllnische Vorstadt,2019,7,14,2,3,6,2,0,0,1,1,0,0,0,0,Treptow-Köpenick,Accident with minor injuries,Collision between vehicle and pedestrian,Turning accident,Daylight,Dry
7394,196697,1,Großer Tiergarten,2019,7,14,2,3,2,2,0,0,1,0,0,0,0,0,Mitte,Accident with minor injuries,Collision with the vehicle in front/waiting vehicle,Turning accident,Daylight,Dry
7395,196698,12,Alt-Tegel,2019,7,19,3,3,6,2,0,0,1,1,0,0,0,0,Reinickendorf,Accident with minor injuries,Collision between vehicle and pedestrian,Turning accident,Daylight,Dry
7396,196699,8,Gewerbegebiet Köllnische Heide,2019,7,14,2,2,5,2,0,0,1,0,1,0,0,0,Neukölln,Accident with serious injuries,Collision with a turning/crossing vehicle,Turning accident,Daylight,Dry
7397,196700,7,Nollendorfplatz,2019,7,19,3,2,5,2,0,1,1,0,0,0,0,0,Tempelhof-Schöneberg,Accident with serious injuries,Collision with a turning/crossing vehicle,Turning accident,Daylight,Dry
7398,196701,4,Schloßstraße,2019,7,13,2,3,5,2,0,1,1,0,0,0,0,0,Charlottenburg - Wilmersdorf,Accident with minor injuries,Collision with a turning/crossing vehicle,Turning accident,Daylight,Dry
7399,196702,7,Marienfelde Nordost,2019,7,13,2,3,2,6,0,0,1,0,0,0,0,0,Tempelhof-Schöneberg,Accident with minor injuries,Collision with the vehicle in front/waiting vehicle,Collision involving vehicles going in the same way,Daylight,Dry
7400,196703,3,Erich-Weinert-Straße,2019,7,12,2,3,5,3,0,0,1,0,0,0,0,0,Pankow,Accident with minor injuries,Collision with a turning/crossing vehicle,Turning/Crossing accident,Daylight,Dry
7401,196704,9,Späthsfelde,2019,7,19,3,3,2,6,0,0,1,0,0,0,0,0,Treptow-Köpenick,Accident with minor injuries,Collision with the vehicle in front/waiting vehicle,Collision involving vehicles going in the same way,Daylight,Dry
7402,196705,4,Plötzensee,2019,7,13,2,2,5,7,0,0,1,0,1,0,0,0,Charlottenburg - Wilmersdorf,Accident with serious injuries,Collision with a turning/crossing vehicle,Others,Daylight,Dry
7403,196706,4,Breite Straße,2019,7,12,2,3,2,6,0,0,1,0,0,0,0,0,Charlottenburg - Wilmersdorf,Accident with minor injuries,Collision with the vehicle in front/waiting vehicle,Collision involving vehicles going in the same way,Daylight,Dry
7404,196707,10,Kaulsdorf Süd,2019,6,16,1,3,5,3,0,0,1,0,1,0,0,0,Marzahn-Hellersdorf,Accident with minor injuries,Collision with a turning/crossing vehicle,Turning/Crossing accident,Daylight,Dry
7405,196708,4,Ernst-Reuter-Platz,2019,6,3,1,2,0,7,2,1,0,0,0,0,0,0,Charlottenburg - Wilmersdorf,Accident with serious injuries,Others,Others,Dark,Dry
7406,196709,1,Huttenkiez,2019,7,12,2,3,6,4,0,0,1,1,0,0,0,0,Mitte,Accident with minor injuries,Collision between vehicle and pedestrian,Pedestrian crossing accident,Daylight,Dry
7407,196710,7,Volkspark (Rudolf-Wilde-Park),2019,6,1,1,3,1,1,2,0,1,0,0,0,1,0,Tempelhof-Schöneberg,Accident with minor injuries,Collision with a moving/standing/parked vehicle,Driving accident,Dark,Dry
7408,196711,2,Graefekiez,2019,6,22,1,2,0,7,2,1,0,0,0,0,0,0,Friedrichshain - Kreuzberg,Accident with serious injuries,Others,Others,Dark,Dry
7409,196712,9,Dammvorstadt,2019,7,11,2,3,0,1,0,0,0,0,1,0,0,1,Treptow-Köpenick,Accident with minor injuries,Others,Driving accident,Daylight,Wet/moist/slippery
7410,196713,5,Jägerallee,2019,6,20,1,3,1,5,0,0,1,0,1,0,0,0,Spandau,Accident with minor injuries,Collision with a moving/standing/parked vehicle,Accident involving parked vehicles,Daylight,Dry
7411,196714,2,Oranienplatz,2019,7,10,2,3,3,6,0,1,0,0,0,0,0,0,Friedrichshain - Kreuzberg,Accident with minor injuries,Collision with a vehicle traveling laterally in the same direction,Collision involving vehicles going in the same way,Daylight,Dry
7412,196715,10,Gut Hellersdorf,2019,6,19,1,3,5,2,0,1,1,0,0,0,0,0,Marzahn-Hellersdorf,Accident with minor injuries,Collision with a turning/crossing vehicle,Turning accident,Daylight,Dry
7413,196716,9,Bölschestraße,2019,6,19,1,2,2,6,0,0,1,0,0,0,0,0,Treptow-Köpenick,Accident with serious injuries,Collision with the vehicle in front/waiting vehicle,Collision involving vehicles going in the same way,Daylight,Dry
7414,196717,9,Kietzer Feld/Nachtheide,2019,7,9,2,3,5,3,0,1,1,0,0,0,0,0,Treptow-Köpenick,Accident with minor injuries,Collision with a turning/crossing vehicle,Turning/Crossing accident,Daylight,Dry
7415,196718,8,Gropiusstadt Süd,2019,7,8,2,3,2,6,0,0,1,0,0,0,0,0,Neukölln,Accident with minor injuries,Collision with the vehicle in front/waiting vehicle,Collision involving vehicles going in the same way,Daylight,Dry
7416,196719,2,Moritzplatz,2019,6,19,1,3,5,2,0,1,1,0,0,0,0,0,Friedrichshain - Kreuzberg,Accident with minor injuries,Collision with a turning/crossing vehicle,Turning accident,Daylight,Dry
7417,196720,3,Buchholz,2019,6,16,1,3,5,3,0,1,1,0,0,0,0,0,Pankow,Accident with minor injuries,Collision with a turning/crossing vehicle,Turning/Crossing accident,Daylight,Dry
7418,196721,1,Heine-Viertel West,2019,7,8,2,3,1,5,0,1,1,0,0,0,0,0,Mitte,Accident with minor injuries,Collision with a moving/standing/parked vehicle,Accident involving parked vehicles,Daylight,Dry
7419,196722,8,Rixdorf,2019,6,15,1,2,5,3,0,1,1,0,0,0,0,0,Neukölln,Accident with serious injuries,Collision with a turning/crossing vehicle,Turning/Crossing accident,Daylight,Dry
7420,196723,1,Heine-Viertel West,2019,7,7,2,3,5,3,0,0,1,0,0,1,0,0,Mitte,Accident with minor injuries,Collision with a turning/crossing vehicle,Turning/Crossing accident,Daylight,Dry
7421,196724,7,Hundsteinweg,2019,6,14,1,2,6,7,0,0,1,1,0,0,0,0,Tempelhof-Schöneberg,Accident with serious injuries,Collision between vehicle and pedestrian,Others,Daylight,Dry
7422,196725,8,Körnerpark,2019,7,6,2,3,5,3,0,1,1,0,0,0,0,0,Neukölln,Accident with minor injuries,Collision with a turning/crossing vehicle,Turning/Crossing accident,Daylight,Dry
7423,196726,2,Oranienplatz,2019,6,14,1,3,5,2,0,0,1,0,1,0,0,0,Friedrichshain - Kreuzberg,Accident with minor injuries,Collision with a turning/crossing vehicle,Turning accident,Daylight,Dry
7424,196727,12,Wittenau Süd,2019,7,3,2,3,9,1,2,0,1,0,0,0,0,0,Reinickendorf,Accident with minor injuries,Departure from the roadway to the left,Driving accident,Dark,Dry
7425,196728,4,Karl-August-Platz,2019,6,9,1,3,1,5,0,1,1,0,0,0,0,0,Charlottenburg - Wilmersdorf,Accident with minor injuries,Collision with a moving/standing/parked vehicle,Accident involving parked vehicles,Daylight,Dry
7426,196729,5,Borkumer Straße,2019,6,13,1,3,1,5,0,0,1,0,0,0,0,0,Spandau,Accident with minor injuries,Collision with a moving/standing/parked vehicle,Accident involving parked vehicles,Daylight,Dry
7427,196730,2,Mehringplatz,2019,7,18,2,3,6,4,0,1,0,1,0,0,0,0,Friedrichshain - Kreuzberg,Accident with minor injuries,Collision between vehicle and pedestrian,Pedestrian crossing accident,Daylight,Dry
7428,196731,7,Dennewitzplatz,2019,7,16,2,3,5,2,0,1,1,0,0,0,0,1,Tempelhof-Schöneberg,Accident with minor injuries,Collision with a turning/crossing vehicle,Turning accident,Daylight,Wet/moist/slippery
7429,196732,3,Hansastraße,2019,6,12,1,3,5,2,0,0,1,0,0,0,0,0,Pankow,Accident with minor injuries,Collision with a turning/crossing vehicle,Turning accident,Daylight,Dry
7430,196733,12,Alt-Tegel,2019,7,15,2,3,2,2,0,0,1,0,0,0,0,0,Reinickendorf,Accident with minor injuries,Collision with the vehicle in front/waiting vehicle,Turning accident,Daylight,Dry
7431,196734,8,Gropiusstadt Ost,2019,6,12,1,3,5,7,0,1,1,0,0,0,0,0,Neukölln,Accident with minor injuries,Collision with a turning/crossing vehicle,Others,Daylight,Dry
7432,196735,3,Schönholz,2019,7,15,2,3,5,2,0,1,1,0,0,0,0,0,Pankow,Accident with minor injuries,Collision with a turning/crossing vehicle,Turning accident,Daylight,Dry
7433,196736,2,Oranienplatz,2019,6,11,1,3,2,2,0,1,1,0,0,0,0,0,Friedrichshain - Kreuzberg,Accident with minor injuries,Collision with the vehicle in front/waiting vehicle,Turning accident,Daylight,Dry
7434,196737,7,Grazer Platz,2019,7,14,2,2,3,6,0,0,1,0,0,0,1,1,Tempelhof-Schöneberg,Accident with serious injuries,Collision with a vehicle traveling laterally in the same direction,Collision involving vehicles going in the same way,Daylight,Wet/moist/slippery
7435,196738,3,Weißenseer Spitze,2019,6,11,1,3,3,6,0,1,1,0,0,0,0,0,Pankow,Accident with minor injuries,Collision with a vehicle traveling laterally in the same direction,Collision involving vehicles going in the same way,Daylight,Dry
7436,196739,8,Flughafenstraße,2019,7,14,2,3,2,6,0,0,1,0,0,0,0,1,Neukölln,Accident with minor injuries,Collision with the vehicle in front/waiting vehicle,Collision involving vehicles going in the same way,Daylight,Wet/moist/slippery
7437,196740,11,Große-Leege-Straße,2019,6,10,1,3,5,3,0,0,1,0,0,1,0,0,Lichtenberg,Accident with minor injuries,Collision with a turning/crossing vehicle,Turning/Crossing accident,Daylight,Dry
7438,196741,10,Oberfeldstraße,2019,6,10,1,3,5,3,0,1,1,0,0,0,0,0,Marzahn-Hellersdorf,Accident with minor injuries,Collision with a turning/crossing vehicle,Turning/Crossing accident,Daylight,Dry
7439,196742,10,Kaulsdorf Süd,2019,7,14,2,3,5,2,0,1,1,0,0,0,0,0,Marzahn-Hellersdorf,Accident with minor injuries,Collision with a turning/crossing vehicle,Turning accident,Daylight,Dry
7440,196743,4,Eisenzahnstraße,2019,6,9,1,3,1,5,0,1,1,0,0,0,0,0,Charlottenburg - Wilmersdorf,Accident with minor injuries,Collision with a moving/standing/parked vehicle,Accident involving parked vehicles,Daylight,Dry
7441,196744,6,Schloßstraße,2019,7,14,2,3,2,5,0,0,0,0,1,0,1,1,Steglitz-Zehlendorf,Accident with minor injuries,Collision with the vehicle in front/waiting vehicle,Accident involving parked vehicles,Daylight,Wet/moist/slippery
7442,196745,6,Teltower Damm,2019,6,8,1,2,0,1,0,1,0,0,0,0,0,0,Steglitz-Zehlendorf,Accident with serious injuries,Others,Driving accident,Daylight,Dry
7443,196746,1,Rehberge,2019,6,11,7,3,5,5,0,1,1,0,0,0,0,0,Mitte,Accident with minor injuries,Collision with a turning/crossing vehicle,Accident involving parked vehicles,Daylight,Dry
7444,196747,7,Manteuffelstraße,2019,7,14,2,3,2,6,0,0,1,0,1,0,0,1,Tempelhof-Schöneberg,Accident with minor injuries,Collision with the vehicle in front/waiting vehicle,Collision involving vehicles going in the same way,Daylight,Wet/moist/slippery
7445,196748,10,Springpfuhl,2019,6,2,7,3,5,3,2,0,1,0,0,0,0,0,Marzahn-Hellersdorf,Accident with minor injuries,Collision with a turning/crossing vehicle,Turning/Crossing accident,Dark,Dry
7446,196749,9,Dammvorstadt,2019,7,13,2,3,0,4,0,0,0,1,0,0,1,0,Treptow-Köpenick,Accident with minor injuries,Others,Pedestrian crossing accident,Daylight,Dry
7447,196750,6,Zehlendorf Eiche,2019,6,16,7,2,2,7,0,0,1,0,1,0,0,0,Steglitz-Zehlendorf,Accident with serious injuries,Collision with the vehicle in front/waiting vehicle,Others,Daylight,Dry
7448,196751,12,Waldidyll/Flughafensee,2019,7,13,2,3,3,6,0,0,1,0,0,0,0,0,Reinickendorf,Accident with minor injuries,Collision with a vehicle traveling laterally in the same direction,Collision involving vehicles going in the same way,Daylight,Dry
7449,196752,2,Lausitzer Platz,2019,6,23,7,3,0,7,2,0,0,1,1,0,0,0,Friedrichshain - Kreuzberg,Accident with minor injuries,Others,Others,Dark,Dry
7450,196753,1,Sparrplatz,2019,7,20,2,3,3,6,1,1,1,0,0,0,0,0,Mitte,Accident with minor injuries,Collision with a vehicle traveling laterally in the same direction,Collision involving vehicles going in the same way,Twilight,Dry
7451,196754,1,Gesundbrunnen,2019,6,22,7,3,5,2,2,0,1,0,0,0,0,0,Mitte,Accident with minor injuries,Collision with a turning/crossing vehicle,Turning accident,Dark,Dry
7452,196755,8,Schillerpromenade,2019,6,21,7,3,0,7,1,1,0,0,0,0,0,0,Neukölln,Accident with minor injuries,Others,Others,Twilight,Dry
7453,196756,4,Karl-August-Platz,2019,7,19,2,3,5,2,0,0,1,0,0,0,0,0,Charlottenburg - Wilmersdorf,Accident with minor injuries,Collision with a turning/crossing vehicle,Turning accident,Daylight,Dry
7454,196757,8,Weiße Siedlung,2019,7,19,2,3,2,6,0,0,1,0,0,0,0,0,Neukölln,Accident with minor injuries,Collision with the vehicle in front/waiting vehicle,Collision involving vehicles going in the same way,Daylight,Dry
7455,196758,3,Arnimplatz,2019,6,21,7,3,5,2,1,1,0,0,0,0,1,0,Pankow,Accident with minor injuries,Collision with a turning/crossing vehicle,Turning accident,Twilight,Dry
7456,196759,8,Silbersteinstraße,2019,7,17,2,3,3,6,0,0,1,0,1,0,0,1,Neukölln,Accident with minor injuries,Collision with a vehicle traveling laterally in the same direction,Collision involving vehicles going in the same way,Daylight,Wet/moist/slippery
7457,196760,9,Dammvorstadt,2019,6,19,7,3,3,6,0,0,1,0,1,0,0,0,Treptow-Köpenick,Accident with minor injuries,Collision with a vehicle traveling laterally in the same direction,Collision involving vehicles going in the same way,Daylight,Dry
7458,196761,2,Andreasviertel,2019,7,17,2,3,5,2,0,1,1,0,0,0,0,0,Friedrichshain - Kreuzberg,Accident with minor injuries,Collision with a turning/crossing vehicle,Turning accident,Daylight,Dry
7459,196762,4,Rüdesheimer Platz,2019,6,19,7,2,5,2,0,1,1,0,0,0,0,0,Charlottenburg - Wilmersdorf,Accident with serious injuries,Collision with a turning/crossing vehicle,Turning accident,Daylight,Dry
7460,196763,1,Reinickendorfer Straße,2019,7,17,2,3,2,6,0,0,1,0,0,1,0,1,Mitte,Accident with minor injuries,Collision with the vehicle in front/waiting vehicle,Collision involving vehicles going in the same way,Daylight,Wet/moist/slippery
7461,196764,4,Hindemithplatz,2019,6,18,7,3,1,5,0,1,1,0,0,0,0,0,Charlottenburg - Wilmersdorf,Accident with minor injuries,Collision with a moving/standing/parked vehicle,Accident involving parked vehicles,Daylight,Dry
7462,196765,4,Halensee,2019,6,18,7,3,5,2,0,1,1,0,0,0,0,0,Charlottenburg - Wilmersdorf,Accident with minor injuries,Collision with a turning/crossing vehicle,Turning accident,Daylight,Dry
7463,196766,12,Waldidyll/Flughafensee,2019,7,17,2,2,2,6,0,0,1,0,1,0,0,1,Reinickendorf,Accident with serious injuries,Collision with the vehicle in front/waiting vehicle,Collision involving vehicles going in the same way,Daylight,Wet/moist/slippery
7464,196767,8,Blumenviertel,2019,6,18,7,3,0,2,0,1,1,0,0,0,0,0,Neukölln,Accident with minor injuries,Others,Turning accident,Daylight,Dry
7465,196768,3,Conrad-Blenkle-Straße,2019,7,17,2,3,5,3,0,1,1,0,0,0,0,1,Pankow,Accident with minor injuries,Collision with a turning/crossing vehicle,Turning/Crossing accident,Daylight,Wet/moist/slippery
7466,196769,10,Adele-Sandrock-Straße,2019,6,18,7,3,5,2,0,0,1,0,0,0,0,0,Marzahn-Hellersdorf,Accident with minor injuries,Collision with a turning/crossing vehicle,Turning accident,Daylight,Dry
7467,196770,9,Dammvorstadt,2019,7,16,2,3,2,6,0,1,1,0,0,0,0,1,Treptow-Köpenick,Accident with minor injuries,Collision with the vehicle in front/waiting vehicle,Collision involving vehicles going in the same way,Daylight,Wet/moist/slippery
7468,196771,1,Großer Tiergarten,2019,6,17,7,3,0,1,0,0,0,0,0,0,1,0,Mitte,Accident with minor injuries,Others,Driving accident,Daylight,Dry
7469,196772,3,Pankow Zentrum,2019,7,11,2,3,0,5,0,1,1,0,0,0,0,0,Pankow,Accident with minor injuries,Others,Accident involving parked vehicles,Daylight,Dry
7470,196773,2,Viktoriapark,2019,6,15,7,2,6,2,0,0,1,1,0,0,0,0,Friedrichshain - Kreuzberg,Accident with serious injuries,Collision between vehicle and pedestrian,Turning accident,Daylight,Dry
7471,196774,8,Weiße Siedlung,2019,6,15,7,3,2,6,0,0,1,0,0,0,0,0,Neukölln,Accident with minor injuries,Collision with the vehicle in front/waiting vehicle,Collision involving vehicles going in the same way,Daylight,Dry
7472,196775,10,Kaulsdorf Nord II,2019,7,15,2,3,6,4,0,0,1,1,0,0,0,0,Marzahn-Hellersdorf,Accident with minor injuries,Collision between vehicle and pedestrian,Pedestrian crossing accident,Daylight,Dry
7473,196776,10,Alt-Kaulsdorf,2019,6,13,7,3,5,3,0,0,1,0,0,0,0,0,Marzahn-Hellersdorf,Accident with minor injuries,Collision with a turning/crossing vehicle,Turning/Crossing accident,Daylight,Dry
7474,196777,8,Tempelhofer Weg,2019,7,16,2,3,2,6,0,0,1,0,0,0,0,1,Neukölln,Accident with minor injuries,Collision with the vehicle in front/waiting vehicle,Collision involving vehicles going in the same way,Daylight,Wet/moist/slippery
7475,196778,11,Landsberger Allee,2019,6,12,7,2,5,7,0,0,1,0,1,0,0,0,Lichtenberg,Accident with serious injuries,Collision with a turning/crossing vehicle,Others,Daylight,Dry
7476,196779,4,Breitscheidplatz,2019,7,18,2,3,1,7,0,1,1,0,0,0,0,0,Charlottenburg - Wilmersdorf,Accident with minor injuries,Collision with a moving/standing/parked vehicle,Others,Daylight,Dry
7477,196780,8,Buschkrugallee Nord,2019,6,11,7,3,0,1,0,1,0,0,0,0,0,0,Neukölln,Accident with minor injuries,Others,Driving accident,Daylight,Dry
7478,196781,1,Lüneburger Straße,2019,7,22,1,3,6,4,1,0,1,1,0,0,0,0,Mitte,Accident with minor injuries,Collision between vehicle and pedestrian,Pedestrian crossing accident,Twilight,Dry
7479,196782,3,Heinersdorf,2019,6,11,7,3,5,3,0,0,1,0,0,0,0,0,Pankow,Accident with minor injuries,Collision with a turning/crossing vehicle,Turning/Crossing accident,Daylight,Dry
7480,196783,3,Blankenburg,2019,6,11,7,2,5,2,0,1,1,0,0,0,0,0,Pankow,Accident with serious injuries,Collision with a turning/crossing vehicle,Turning accident,Daylight,Dry
7481,196784,1,Alexanderplatzviertel,2019,7,21,1,3,3,2,1,1,0,0,0,0,0,0,Mitte,Accident with minor injuries,Collision with a vehicle traveling laterally in the same direction,Turning accident,Twilight,Dry
7482,196785,1,Emdener Straße,2019,7,21,1,3,0,3,1,0,1,0,1,0,0,0,Mitte,Accident with minor injuries,Others,Turning/Crossing accident,Twilight,Dry
7483,196786,4,Rathaus Wilmersdorf,2019,6,8,7,3,0,7,0,0,1,0,1,0,0,0,Charlottenburg - Wilmersdorf,Accident with minor injuries,Others,Others,Daylight,Dry
7484,196787,1,Heine-Viertel Ost,2019,6,7,7,3,5,2,0,1,1,0,0,0,0,0,Mitte,Accident with minor injuries,Collision with a turning/crossing vehicle,Turning accident,Daylight,Dry
7485,196788,1,Lüneburger Straße,2019,7,20,1,3,5,3,0,0,1,0,0,0,0,0,Mitte,Accident with minor injuries,Collision with a turning/crossing vehicle,Turning/Crossing accident,Daylight,Dry
7486,196789,12,Frohnau,2019,6,7,7,3,4,6,0,0,1,0,0,0,0,0,Reinickendorf,Accident with minor injuries,Collision with oncoming vehicle,Collision involving vehicles going in the same way,Daylight,Dry
7487,196790,4,Park Ruhwald,2019,7,19,1,3,0,1,0,1,0,0,0,0,0,0,Charlottenburg - Wilmersdorf,Accident with minor injuries,Others,Driving accident,Daylight,Dry
7488,196791,2,Reichenberger Straße,2019,6,1,7,3,5,3,2,0,1,0,0,0,0,0,Friedrichshain - Kreuzberg,Accident with minor injuries,Collision with a turning/crossing vehicle,Turning/Crossing accident,Dark,Dry
7489,196792,2,Oranienplatz,2019,6,1,7,3,1,5,2,1,0,0,0,0,1,0,Friedrichshain - Kreuzberg,Accident with minor injuries,Collision with a moving/standing/parked vehicle,Accident involving parked vehicles,Dark,Dry
7490,196793,8,Gropiusstadt Süd,2019,7,17,1,3,5,2,0,0,1,0,0,0,0,0,Neukölln,Accident with minor injuries,Collision with a turning/crossing vehicle,Turning accident,Daylight,Dry
7491,196794,7,Eisenacher Straße,2019,6,19,6,3,5,2,0,0,1,0,0,0,1,0,Tempelhof-Schöneberg,Accident with minor injuries,Collision with a turning/crossing vehicle,Turning accident,Daylight,Dry
7492,196795,9,Adlershof West,2019,6,19,6,3,5,2,0,0,1,0,0,0,0,0,Treptow-Köpenick,Accident with minor injuries,Collision with a turning/crossing vehicle,Turning accident,Daylight,Dry
7493,196796,5,Jägerallee,2019,7,17,1,3,9,1,0,0,1,0,0,0,0,0,Spandau,Accident with minor injuries,Departure from the roadway to the left,Driving accident,Daylight,Dry
7494,196797,11,Karlshorst West,2019,6,14,6,3,6,4,0,0,1,1,0,0,0,0,Lichtenberg,Accident with minor injuries,Collision between vehicle and pedestrian,Pedestrian crossing accident,Daylight,Dry
7495,196798,12,Lübars,2019,7,16,1,3,5,3,0,1,1,0,0,0,0,0,Reinickendorf,Accident with minor injuries,Collision with a turning/crossing vehicle,Turning/Crossing accident,Daylight,Dry
7496,196799,7,Barbarossaplatz,2019,7,13,1,3,6,4,0,1,0,1,0,0,0,0,Tempelhof-Schöneberg,Accident with minor injuries,Collision between vehicle and pedestrian,Pedestrian crossing accident,Daylight,Dry
7497,196800,3,Bötzowstraße,2019,6,6,6,3,5,7,0,0,1,0,0,0,1,0,Pankow,Accident with minor injuries,Collision with a turning/crossing vehicle,Others,Daylight,Dry
7498,196801,1,Heidestraße,2019,7,12,1,3,5,2,0,0,1,0,0,0,0,0,Mitte,Accident with minor injuries,Collision with a turning/crossing vehicle,Turning accident,Daylight,Dry
7499,196802,1,Oranienburger Straße,2019,6,15,6,3,5,2,0,1,1,0,0,0,0,0,Mitte,Accident with minor injuries,Collision with a turning/crossing vehicle,Turning accident,Daylight,Dry
7500,196803,4,Eichkamp,2019,7,8,1,2,5,3,0,1,1,0,0,0,0,0,Charlottenburg - Wilmersdorf,Accident with serious injuries,Collision with a turning/crossing vehicle,Turning/Crossing accident,Daylight,Dry
7501,196804,12,Tegeler Forst,2019,6,20,6,3,9,1,0,0,1,0,0,0,0,0,Reinickendorf,Accident with minor injuries,Departure from the roadway to the left,Driving accident,Daylight,Dry
7502,196805,3,Teutoburger Platz,2019,6,19,6,3,1,5,0,1,0,0,0,0,1,0,Pankow,Accident with minor injuries,Collision with a moving/standing/parked vehicle,Accident involving parked vehicles,Daylight,Dry
7503,196806,7,John-Locke-Straße,2019,7,5,1,3,5,3,0,0,1,0,0,0,1,0,Tempelhof-Schöneberg,Accident with minor injuries,Collision with a turning/crossing vehicle,Turning/Crossing accident,Daylight,Dry
7504,196807,8,Rixdorf,2019,7,16,7,3,5,2,0,1,1,0,0,0,0,0,Neukölln,Accident with minor injuries,Collision with a turning/crossing vehicle,Turning accident,Daylight,Dry
7505,196808,1,Sparrplatz,2019,6,18,6,3,5,2,0,1,1,0,0,0,0,0,Mitte,Accident with minor injuries,Collision with a turning/crossing vehicle,Turning accident,Daylight,Dry
7506,196809,4,Königin-Elisabeth-Straße,2019,6,17,6,3,5,2,0,1,0,0,0,0,0,0,Charlottenburg - Wilmersdorf,Accident with minor injuries,Collision with a turning/crossing vehicle,Turning accident,Daylight,Dry
7507,196810,5,Borkumer Straße,2019,7,23,7,3,6,4,2,0,1,1,0,0,0,1,Spandau,Accident with minor injuries,Collision between vehicle and pedestrian,Pedestrian crossing accident,Dark,Wet/moist/slippery
7508,196811,5,Kurstraße,2019,6,17,6,3,5,3,0,1,1,0,0,0,0,0,Spandau,Accident with minor injuries,Collision with a turning/crossing vehicle,Turning/Crossing accident,Daylight,Dry
7509,196812,1,Stülerstraße,2019,7,23,7,3,5,2,2,0,1,0,0,0,0,0,Mitte,Accident with minor injuries,Collision with a turning/crossing vehicle,Turning accident,Dark,Dry
7510,196813,3,Weißenseer Spitze,2019,6,17,6,3,2,2,0,0,1,0,0,0,0,0,Pankow,Accident with minor injuries,Collision with the vehicle in front/waiting vehicle,Turning accident,Daylight,Dry
7511,196814,1,Arkonaplatz,2019,6,16,6,3,5,2,0,0,0,0,1,0,1,0,Mitte,Accident with minor injuries,Collision with a turning/crossing vehicle,Turning accident,Daylight,Dry
7512,196815,8,Waltersdorfer Chaussee Ost,2019,7,23,7,2,0,1,2,0,0,0,1,0,0,1,Neukölln,Accident with serious injuries,Others,Driving accident,Dark,Wet/moist/slippery
7513,196816,1,Nördlicher Landwehrkanal,2019,6,15,6,3,5,2,0,1,1,0,0,0,0,0,Mitte,Accident with minor injuries,Collision with a turning/crossing vehicle,Turning accident,Daylight,Dry
7514,196817,6,Alt-Lankwitz,2019,6,16,6,3,5,2,0,0,1,0,1,0,0,0,Steglitz-Zehlendorf,Accident with minor injuries,Collision with a turning/crossing vehicle,Turning accident,Daylight,Dry
7515,196818,1,Charitéviertel,2019,7,22,7,2,0,1,2,1,0,0,0,0,0,1,Mitte,Accident with serious injuries,Others,Driving accident,Dark,Wet/moist/slippery