,object id,district,street,year,month,hour of day,weekday,category,accident type,accident type 2,light situation,bike involved,car involved,pedestrian involved,motor bike involved,big track involved,other vehicle involved,road condition,district name,category name,accident detail,accident type detail,light condition,road condition detail
7516,196819,7,Friedenau,2019,6,14,6,3,1,5,0,1,1,0,0,0,0,0,Tempelhof-Schöneberg,Accident with minor injuries,Collision with a moving/standing/parked vehicle,Accident involving parked vehicles,Daylight,Dry
7517,196820,1,Invalidenstraße,2019,7,22,7,3,2,6,2,0,1,0,0,0,0,1,Mitte,Accident with minor injuries,Collision with the vehicle in front/waiting vehicle,Collision involving vehicles going in the same way,Dark,Wet/moist/slippery
7518,196821,2,Friedenstraße,2019,6,13,6,3,5,2,0,1,1,0,0,0,0,0,Friedrichshain - Kreuzberg,Accident with minor injuries,Collision with a turning/crossing vehicle,Turning accident,Daylight,Dry
7519,196822,12,Alt-Tegel,2019,6,13,6,3,5,2,0,1,1,0,0,0,0,0,Reinickendorf,Accident with minor injuries,Collision with a turning/crossing vehicle,Turning accident,Daylight,Dry
7520,196823,8,Rixdorf,2019,7,20,7,3,0,1,2,0,1,0,0,0,0,1,Neukölln,Accident with minor injuries,Others,Driving accident,Dark,Wet/moist/slippery
7521,196824,7,Fritz-Werner-Straße,2019,7,21,7,3,6,2,2,0,1,1,0,0,0,1,Tempelhof-Schöneberg,Accident with minor injuries,Collision between vehicle and pedestrian,Turning accident,Dark,Wet/moist/slippery
7522,196825,1,Brunnenstraße,2019,6,12,6,3,5,2,0,1,1,0,0,0,0,0,Mitte,Accident with minor injuries,Collision with a turning/crossing vehicle,Turning accident,Daylight,Dry
7523,196826,2,Andreasviertel,2019,6,12,6,3,5,7,0,0,0,0,1,0,1,0,Friedrichshain - Kreuzberg,Accident with minor injuries,Collision with a turning/crossing vehicle,Others,Daylight,Dry
7524,196827,1,Alexanderplatzviertel,2019,7,20,7,3,5,3,1,1,1,0,0,0,0,1,Mitte,Accident with minor injuries,Collision with a turning/crossing vehicle,Turning/Crossing accident,Twilight,Wet/moist/slippery
7525,196828,1,Gesundbrunnen,2019,6,12,6,3,5,3,0,1,1,0,0,0,0,0,Mitte,Accident with minor injuries,Collision with a turning/crossing vehicle,Turning/Crossing accident,Daylight,Dry
7526,196829,1,Wilhelmstraße,2019,7,20,7,3,0,2,0,1,1,0,0,0,0,1,Mitte,Accident with minor injuries,Others,Turning accident,Daylight,Wet/moist/slippery
7527,196830,2,Mehringplatz,2019,6,11,6,3,5,2,0,1,1,0,0,0,0,0,Friedrichshain - Kreuzberg,Accident with minor injuries,Collision with a turning/crossing vehicle,Turning accident,Daylight,Dry
7528,196831,3,Buchholz,2019,6,11,6,3,6,3,0,0,1,1,0,0,0,0,Pankow,Accident with minor injuries,Collision between vehicle and pedestrian,Turning/Crossing accident,Daylight,Dry
7529,196832,1,Alexanderplatzviertel,2019,6,11,6,3,5,5,0,1,1,0,0,0,0,0,Mitte,Accident with minor injuries,Collision with a turning/crossing vehicle,Accident involving parked vehicles,Daylight,Dry
7530,196833,1,Reinickendorfer Straße,2019,7,19,7,3,2,6,0,0,1,0,0,0,0,1,Mitte,Accident with minor injuries,Collision with the vehicle in front/waiting vehicle,Collision involving vehicles going in the same way,Daylight,Wet/moist/slippery
7531,196834,11,Falkenberg West,2019,6,10,6,3,2,6,0,0,1,0,0,1,0,0,Lichtenberg,Accident with minor injuries,Collision with the vehicle in front/waiting vehicle,Collision involving vehicles going in the same way,Daylight,Dry
7532,196835,1,Oranienburger Straße,2019,7,19,7,3,5,3,0,1,1,0,0,0,0,1,Mitte,Accident with minor injuries,Collision with a turning/crossing vehicle,Turning/Crossing accident,Daylight,Wet/moist/slippery
7533,196836,1,Oranienburger Straße,2019,6,10,6,3,0,3,0,1,1,0,0,0,0,0,Mitte,Accident with minor injuries,Others,Turning/Crossing accident,Daylight,Dry
7534,196837,4,Hindemithplatz,2019,7,19,7,3,0,3,0,1,0,0,1,0,0,1,Charlottenburg - Wilmersdorf,Accident with minor injuries,Others,Turning/Crossing accident,Daylight,Wet/moist/slippery
7535,196838,2,Mehringplatz,2019,6,9,6,3,5,3,0,1,1,0,0,0,0,0,Friedrichshain - Kreuzberg,Accident with minor injuries,Collision with a turning/crossing vehicle,Turning/Crossing accident,Daylight,Dry
7536,196839,2,Hausburgviertel,2019,7,19,7,3,5,3,0,0,1,0,0,0,1,1,Friedrichshain - Kreuzberg,Accident with minor injuries,Collision with a turning/crossing vehicle,Turning/Crossing accident,Daylight,Wet/moist/slippery
7537,196840,12,Waldidyll/Flughafensee,2019,6,18,6,3,2,6,0,0,1,0,0,0,0,0,Reinickendorf,Accident with minor injuries,Collision with the vehicle in front/waiting vehicle,Collision involving vehicles going in the same way,Daylight,Dry
7538,196841,6,Mittelstraße,2019,7,18,7,3,5,2,0,1,1,0,0,0,0,0,Steglitz-Zehlendorf,Accident with minor injuries,Collision with a turning/crossing vehicle,Turning accident,Daylight,Dry
7539,196842,8,Donaustraße,2019,6,22,6,3,0,1,2,1,0,0,0,0,0,0,Neukölln,Accident with minor injuries,Others,Driving accident,Dark,Dry
7540,196843,6,Markelstraße,2019,7,18,7,3,0,1,0,0,0,0,1,0,0,0,Steglitz-Zehlendorf,Accident with minor injuries,Others,Driving accident,Daylight,Dry
7541,196844,9,Adlershof Ost,2019,6,17,6,2,0,1,0,1,0,0,0,0,0,0,Treptow-Köpenick,Accident with serious injuries,Others,Driving accident,Daylight,Dry
7542,196845,7,Friedenau,2019,6,17,6,2,6,4,0,0,1,1,0,0,0,0,Tempelhof-Schöneberg,Accident with serious injuries,Collision between vehicle and pedestrian,Pedestrian crossing accident,Daylight,Dry
7543,196846,10,Oberfeldstraße,2019,7,17,7,3,0,1,0,0,0,0,1,0,0,0,Marzahn-Hellersdorf,Accident with minor injuries,Others,Driving accident,Daylight,Dry
7544,196847,1,Stephankiez,2019,6,13,6,3,1,5,0,0,1,0,0,0,0,0,Mitte,Accident with minor injuries,Collision with a moving/standing/parked vehicle,Accident involving parked vehicles,Daylight,Dry
7545,196848,4,Rathaus Wilmersdorf,2019,7,17,7,3,5,2,0,0,1,0,0,0,0,0,Charlottenburg - Wilmersdorf,Accident with minor injuries,Collision with a turning/crossing vehicle,Turning accident,Daylight,Dry
7546,196849,11,Rummelsburg,2019,6,12,6,2,5,3,0,1,1,0,0,0,0,0,Lichtenberg,Accident with serious injuries,Collision with a turning/crossing vehicle,Turning/Crossing accident,Daylight,Dry
7547,196850,9,Adlershof West,2019,6,11,6,3,2,6,0,0,1,0,0,0,0,0,Treptow-Köpenick,Accident with minor injuries,Collision with the vehicle in front/waiting vehicle,Collision involving vehicles going in the same way,Daylight,Dry
7548,196851,1,Reinickendorfer Straße,2019,7,16,7,3,5,3,0,1,1,0,0,0,0,0,Mitte,Accident with minor injuries,Collision with a turning/crossing vehicle,Turning/Crossing accident,Daylight,Dry
7549,196852,4,Schloßgarten,2019,6,9,6,3,5,2,0,1,1,0,0,0,0,0,Charlottenburg - Wilmersdorf,Accident with minor injuries,Collision with a turning/crossing vehicle,Turning accident,Daylight,Dry
7550,196853,1,Lüneburger Straße,2019,7,15,7,3,5,3,0,0,1,0,0,0,0,0,Mitte,Accident with minor injuries,Collision with a turning/crossing vehicle,Turning/Crossing accident,Daylight,Dry
7551,196854,4,Breitscheidplatz,2019,6,9,6,3,1,5,0,1,1,0,0,0,0,0,Charlottenburg - Wilmersdorf,Accident with minor injuries,Collision with a moving/standing/parked vehicle,Accident involving parked vehicles,Daylight,Dry
7552,196855,4,Wilhelmsaue,2019,7,15,7,3,6,6,0,1,0,1,0,0,0,0,Charlottenburg - Wilmersdorf,Accident with minor injuries,Collision between vehicle and pedestrian,Collision involving vehicles going in the same way,Daylight,Dry
7553,196856,1,Alexanderplatzviertel,2019,6,9,6,3,5,2,0,1,0,0,1,0,0,0,Mitte,Accident with minor injuries,Collision with a turning/crossing vehicle,Turning accident,Daylight,Dry
7554,196857,5,Am Heideberg,2019,7,13,7,3,0,6,0,0,1,0,1,0,0,0,Spandau,Accident with minor injuries,Others,Collision involving vehicles going in the same way,Daylight,Dry
7555,196858,9,Adlershof Ost,2019,6,9,6,3,6,7,0,1,1,1,0,0,0,0,Treptow-Köpenick,Accident with minor injuries,Collision between vehicle and pedestrian,Others,Daylight,Dry
7556,196859,8,Donaustraße,2019,6,8,6,3,6,2,0,0,1,1,0,0,0,0,Neukölln,Accident with minor injuries,Collision between vehicle and pedestrian,Turning accident,Daylight,Dry
7557,196860,1,Elberfelder Straße,2019,7,12,7,3,5,2,0,0,1,0,1,0,0,0,Mitte,Accident with minor injuries,Collision with a turning/crossing vehicle,Turning accident,Daylight,Dry
7558,196861,3,Bucher Forst,2019,7,12,7,3,7,7,0,1,0,0,0,0,0,0,Pankow,Accident with minor injuries,Collision with a road obstacle,Others,Daylight,Dry
7559,196862,4,Messegelände,2019,6,8,6,3,5,2,0,1,1,0,0,0,0,0,Charlottenburg - Wilmersdorf,Accident with minor injuries,Collision with a turning/crossing vehicle,Turning accident,Daylight,Dry
7560,196863,9,Dorf Altglienicke,2019,7,12,7,3,1,5,0,0,1,0,1,0,0,0,Treptow-Köpenick,Accident with minor injuries,Collision with a moving/standing/parked vehicle,Accident involving parked vehicles,Daylight,Dry
7561,196864,2,Boxhagener Platz,2019,6,7,6,2,2,2,0,1,1,0,0,0,0,0,Friedrichshain - Kreuzberg,Accident with serious injuries,Collision with the vehicle in front/waiting vehicle,Turning accident,Daylight,Dry
7562,196865,7,Manteuffelstraße,2019,7,12,7,3,5,3,0,0,1,0,0,0,0,0,Tempelhof-Schöneberg,Accident with minor injuries,Collision with a turning/crossing vehicle,Turning/Crossing accident,Daylight,Dry
7563,196866,6,Lankwitz Kirche,2019,6,7,6,3,5,2,0,0,1,0,0,0,0,0,Steglitz-Zehlendorf,Accident with minor injuries,Collision with a turning/crossing vehicle,Turning accident,Daylight,Dry
7564,196867,4,Hagenplatz,2019,6,1,6,3,1,5,2,0,1,0,0,0,0,0,Charlottenburg - Wilmersdorf,Accident with minor injuries,Collision with a moving/standing/parked vehicle,Accident involving parked vehicles,Dark,Dry
7565,196868,1,Reinickendorfer Straße,2019,7,11,7,3,3,6,0,0,1,0,1,0,0,0,Mitte,Accident with minor injuries,Collision with a vehicle traveling laterally in the same direction,Collision involving vehicles going in the same way,Daylight,Dry
7566,196869,4,Ludwigkirchplatz,2019,7,11,7,3,2,6,0,1,0,0,0,0,0,0,Charlottenburg - Wilmersdorf,Accident with minor injuries,Collision with the vehicle in front/waiting vehicle,Collision involving vehicles going in the same way,Daylight,Dry
7567,196870,8,Reuterkiez,2019,6,10,6,3,3,6,0,1,1,0,0,0,0,0,Neukölln,Accident with minor injuries,Collision with a vehicle traveling laterally in the same direction,Collision involving vehicles going in the same way,Daylight,Dry
7568,196871,8,Silbersteinstraße,2019,6,9,6,3,3,6,0,1,1,0,0,0,0,0,Neukölln,Accident with minor injuries,Collision with a vehicle traveling laterally in the same direction,Collision involving vehicles going in the same way,Daylight,Dry
7569,196872,6,Bismarckstraße,2019,7,0,7,3,1,7,2,0,1,0,0,0,0,0,Steglitz-Zehlendorf,Accident with minor injuries,Collision with a moving/standing/parked vehicle,Others,Dark,Dry
7570,196873,11,Frankfurter Allee Süd,2019,6,7,5,2,5,3,0,1,1,0,0,0,0,0,Lichtenberg,Accident with serious injuries,Collision with a turning/crossing vehicle,Turning/Crossing accident,Daylight,Dry
7571,196874,8,Silbersteinstraße,2019,7,6,7,3,4,6,0,0,1,0,0,0,0,0,Neukölln,Accident with minor injuries,Collision with oncoming vehicle,Collision involving vehicles going in the same way,Daylight,Dry
7572,196875,3,Behaimstraße,2019,6,13,5,3,6,7,0,0,0,0,0,0,1,0,Pankow,Accident with minor injuries,Collision between vehicle and pedestrian,Others,Daylight,Dry
7573,196876,6,Markelstraße,2019,6,13,5,3,3,6,0,0,1,0,0,0,0,0,Steglitz-Zehlendorf,Accident with minor injuries,Collision with a vehicle traveling laterally in the same direction,Collision involving vehicles going in the same way,Daylight,Dry
7574,196877,1,Wilhelmstraße,2019,7,12,6,3,5,2,0,1,1,0,0,0,0,0,Mitte,Accident with minor injuries,Collision with a turning/crossing vehicle,Turning accident,Daylight,Dry
7575,196878,1,Humboldthain Nordwest,2019,6,13,5,3,0,1,0,1,1,0,0,0,0,0,Mitte,Accident with minor injuries,Others,Driving accident,Daylight,Dry
7576,196879,10,Alt-Marzahn,2019,7,22,6,3,5,3,2,0,1,0,0,0,0,0,Marzahn-Hellersdorf,Accident with minor injuries,Collision with a turning/crossing vehicle,Turning/Crossing accident,Dark,Dry
7577,196880,1,Unter den Linden Nord,2019,6,13,5,3,5,3,0,0,1,0,0,0,0,0,Mitte,Accident with minor injuries,Collision with a turning/crossing vehicle,Turning/Crossing accident,Daylight,Dry
7578,196881,8,Silbersteinstraße,2019,7,22,6,3,3,6,2,0,1,0,0,0,0,0,Neukölln,Accident with minor injuries,Collision with a vehicle traveling laterally in the same direction,Collision involving vehicles going in the same way,Dark,Dry
7579,196882,4,Breitscheidplatz,2019,6,13,5,3,5,3,0,1,1,0,0,0,0,0,Charlottenburg - Wilmersdorf,Accident with minor injuries,Collision with a turning/crossing vehicle,Turning/Crossing accident,Daylight,Dry
7580,196883,7,Nollendorfplatz,2019,7,21,6,3,5,2,2,1,1,0,0,0,0,0,Tempelhof-Schöneberg,Accident with minor injuries,Collision with a turning/crossing vehicle,Turning accident,Dark,Dry
7581,196884,9,Oberschöneweide West,2019,6,12,5,3,3,6,0,0,1,0,1,0,0,0,Treptow-Köpenick,Accident with minor injuries,Collision with a vehicle traveling laterally in the same direction,Collision involving vehicles going in the same way,Daylight,Dry
7582,196885,4,Savignyplatz,2019,6,12,5,3,1,5,0,0,1,0,1,0,0,0,Charlottenburg - Wilmersdorf,Accident with minor injuries,Collision with a moving/standing/parked vehicle,Accident involving parked vehicles,Daylight,Dry
7583,196886,6,Schloßstraße,2019,7,21,6,2,5,2,0,0,1,0,1,0,0,0,Steglitz-Zehlendorf,Accident with serious injuries,Collision with a turning/crossing vehicle,Turning accident,Daylight,Dry
7584,196887,1,Reinickendorfer Straße,2019,7,20,6,2,5,3,1,1,1,0,0,0,0,0,Mitte,Accident with serious injuries,Collision with a turning/crossing vehicle,Turning/Crossing accident,Twilight,Dry
7585,196888,1,Charitéviertel,2019,6,11,5,2,5,3,0,0,0,0,0,1,1,0,Mitte,Accident with serious injuries,Collision with a turning/crossing vehicle,Turning/Crossing accident,Daylight,Dry
7586,196889,1,Alexanderplatzviertel,2019,6,11,5,3,1,5,0,0,1,0,0,0,0,0,Mitte,Accident with minor injuries,Collision with a moving/standing/parked vehicle,Accident involving parked vehicles,Daylight,Dry
7587,196890,1,Charitéviertel,2019,7,20,6,3,5,3,0,1,0,0,0,0,0,0,Mitte,Accident with minor injuries,Collision with a turning/crossing vehicle,Turning/Crossing accident,Daylight,Dry
7588,196891,10,Marzahner Chaussee,2019,6,20,5,3,5,2,0,0,1,0,0,0,0,0,Marzahn-Hellersdorf,Accident with minor injuries,Collision with a turning/crossing vehicle,Turning accident,Daylight,Dry
7589,196892,1,Charitéviertel,2019,7,19,6,3,0,2,0,0,1,0,0,0,1,0,Mitte,Accident with minor injuries,Others,Turning accident,Daylight,Dry
7590,196893,4,Karl-August-Platz,2019,6,19,5,3,5,2,0,1,1,0,0,0,0,0,Charlottenburg - Wilmersdorf,Accident with minor injuries,Collision with a turning/crossing vehicle,Turning accident,Daylight,Dry
7591,196894,9,Bölschestraße,2019,7,18,6,3,3,6,0,0,1,0,0,0,1,0,Treptow-Köpenick,Accident with minor injuries,Collision with a vehicle traveling laterally in the same direction,Collision involving vehicles going in the same way,Daylight,Dry
7592,196895,2,Oranienplatz,2019,6,18,5,3,1,5,0,1,1,0,0,0,1,0,Friedrichshain - Kreuzberg,Accident with minor injuries,Collision with a moving/standing/parked vehicle,Accident involving parked vehicles,Daylight,Dry
7593,196896,7,Rathaus Tempelhof,2019,7,17,6,3,6,7,0,0,1,1,0,0,0,0,Tempelhof-Schöneberg,Accident with minor injuries,Collision between vehicle and pedestrian,Others,Daylight,Dry
7594,196897,1,Humboldthain Nordwest,2019,6,11,5,3,4,6,0,1,1,0,0,0,0,0,Mitte,Accident with minor injuries,Collision with oncoming vehicle,Collision involving vehicles going in the same way,Daylight,Dry
7595,196898,7,Nahariyastraße,2019,7,17,6,2,5,3,0,0,1,0,1,0,0,0,Tempelhof-Schöneberg,Accident with serious injuries,Collision with a turning/crossing vehicle,Turning/Crossing accident,Daylight,Dry
7596,196899,11,Sewanstraße,2019,6,11,5,2,5,3,0,1,1,0,0,0,0,0,Lichtenberg,Accident with serious injuries,Collision with a turning/crossing vehicle,Turning/Crossing accident,Daylight,Dry
7597,196900,6,Krumme Lanke,2019,7,17,6,3,5,2,0,1,0,0,0,0,1,0,Steglitz-Zehlendorf,Accident with minor injuries,Collision with a turning/crossing vehicle,Turning accident,Daylight,Dry
7598,196901,3,Erich-Weinert-Straße,2019,6,11,5,3,5,2,0,1,0,0,0,0,1,0,Pankow,Accident with minor injuries,Collision with a turning/crossing vehicle,Turning accident,Daylight,Dry
7599,196902,7,Friedenau,2019,6,10,5,3,0,2,0,1,0,0,1,0,0,0,Tempelhof-Schöneberg,Accident with minor injuries,Others,Turning accident,Daylight,Dry
7600,196903,3,Pankow Zentrum,2019,7,16,6,3,5,3,0,1,1,0,0,0,0,0,Pankow,Accident with minor injuries,Collision with a turning/crossing vehicle,Turning/Crossing accident,Daylight,Dry
7601,196904,2,Mehringplatz,2019,6,18,5,3,6,2,0,0,1,1,0,0,0,0,Friedrichshain - Kreuzberg,Accident with minor injuries,Collision between vehicle and pedestrian,Turning accident,Daylight,Dry
7602,196905,12,Reinickes Hof,2019,7,16,6,3,2,6,0,0,1,0,0,0,0,0,Reinickendorf,Accident with minor injuries,Collision with the vehicle in front/waiting vehicle,Collision involving vehicles going in the same way,Daylight,Dry
7603,196906,9,Oberschöneweide West,2019,6,11,5,3,5,2,0,1,1,0,0,0,0,0,Treptow-Köpenick,Accident with minor injuries,Collision with a turning/crossing vehicle,Turning accident,Daylight,Dry
7604,196907,2,Samariterviertel,2019,7,15,6,3,2,2,0,1,1,0,0,0,0,0,Friedrichshain - Kreuzberg,Accident with minor injuries,Collision with the vehicle in front/waiting vehicle,Turning accident,Daylight,Dry
7605,196908,11,Orankesee,2019,6,10,5,3,5,2,0,0,1,0,0,0,0,0,Lichtenberg,Accident with minor injuries,Collision with a turning/crossing vehicle,Turning accident,Daylight,Dry
7606,196909,3,Arnimplatz,2019,7,13,6,3,5,3,0,1,1,0,0,0,0,0,Pankow,Accident with minor injuries,Collision with a turning/crossing vehicle,Turning/Crossing accident,Daylight,Dry
7607,196910,8,Gropiusstadt Ost,2019,6,18,5,2,0,2,0,1,1,0,0,0,0,0,Neukölln,Accident with serious injuries,Others,Turning accident,Daylight,Dry
7608,196911,3,Pankow Süd,2019,6,9,5,3,1,5,0,1,0,0,0,0,1,0,Pankow,Accident with minor injuries,Collision with a moving/standing/parked vehicle,Accident involving parked vehicles,Daylight,Dry
7609,196912,2,Wriezener Bahnhof/Entwicklungsgebiet,2019,7,13,6,3,2,6,0,0,1,0,0,0,0,0,Friedrichshain - Kreuzberg,Accident with minor injuries,Collision with the vehicle in front/waiting vehicle,Collision involving vehicles going in the same way,Daylight,Dry
7610,196913,8,Rollberg,2019,7,13,6,3,2,6,0,0,1,0,0,0,0,0,Neukölln,Accident with minor injuries,Collision with the vehicle in front/waiting vehicle,Collision involving vehicles going in the same way,Daylight,Dry
7611,196914,2,Askanischer Platz,2019,6,18,5,3,6,2,0,0,1,1,0,0,0,0,Friedrichshain - Kreuzberg,Accident with minor injuries,Collision between vehicle and pedestrian,Turning accident,Daylight,Dry
7612,196915,1,Oranienburger Straße,2019,6,18,5,3,1,5,0,0,1,0,1,0,0,0,Mitte,Accident with minor injuries,Collision with a moving/standing/parked vehicle,Accident involving parked vehicles,Daylight,Dry
7613,196916,9,Adlershof West,2019,7,13,6,3,5,2,0,1,1,0,0,0,0,0,Treptow-Köpenick,Accident with minor injuries,Collision with a turning/crossing vehicle,Turning accident,Daylight,Dry
7614,196917,9,Köpenicker Landstraße,2019,6,18,5,3,0,2,0,0,1,0,0,0,1,0,Treptow-Köpenick,Accident with minor injuries,Others,Turning accident,Daylight,Dry
7615,196918,6,Südende,2019,7,13,6,3,1,5,0,0,1,0,0,0,0,0,Steglitz-Zehlendorf,Accident with minor injuries,Collision with a moving/standing/parked vehicle,Accident involving parked vehicles,Daylight,Dry
7616,196919,11,Karlshorst Nord,2019,6,18,5,3,5,2,0,1,1,0,0,0,0,0,Lichtenberg,Accident with minor injuries,Collision with a turning/crossing vehicle,Turning accident,Daylight,Dry
7617,196920,6,Bismarckstraße,2019,6,18,5,3,1,5,0,1,1,0,0,0,0,0,Steglitz-Zehlendorf,Accident with minor injuries,Collision with a moving/standing/parked vehicle,Accident involving parked vehicles,Daylight,Dry
7618,196921,1,Humboldthain Süd,2019,7,12,6,3,5,3,0,1,1,0,0,0,0,0,Mitte,Accident with minor injuries,Collision with a turning/crossing vehicle,Turning/Crossing accident,Daylight,Dry
7619,196922,1,Thomasiusstraße,2019,6,18,5,3,2,6,0,0,1,0,0,0,0,0,Mitte,Accident with minor injuries,Collision with the vehicle in front/waiting vehicle,Collision involving vehicles going in the same way,Daylight,Dry
7620,196923,2,Andreasviertel,2019,6,18,5,2,1,1,0,0,1,0,0,0,1,0,Friedrichshain - Kreuzberg,Accident with serious injuries,Collision with a moving/standing/parked vehicle,Driving accident,Daylight,Dry
7621,196924,7,Bayerischer Platz,2019,7,10,6,3,2,2,0,0,1,0,0,0,0,0,Tempelhof-Schöneberg,Accident with minor injuries,Collision with the vehicle in front/waiting vehicle,Turning accident,Daylight,Dry
7622,196925,10,Mahlsdorf Süd,2019,6,18,5,3,0,1,0,1,0,0,0,0,0,0,Marzahn-Hellersdorf,Accident with minor injuries,Others,Driving accident,Daylight,Dry
7623,196926,10,Kaulsdorf Nord I,2019,6,17,5,3,1,5,0,1,1,0,0,0,1,0,Marzahn-Hellersdorf,Accident with minor injuries,Collision with a moving/standing/parked vehicle,Accident involving parked vehicles,Daylight,Dry
7624,196927,5,Zitadellenweg,2019,7,8,6,2,2,6,0,0,1,0,1,0,0,0,Spandau,Accident with serious injuries,Collision with the vehicle in front/waiting vehicle,Collision involving vehicles going in the same way,Daylight,Dry
7625,196928,11,Weitlingstraße,2019,6,22,5,3,2,6,2,1,1,0,0,0,0,0,Lichtenberg,Accident with minor injuries,Collision with the vehicle in front/waiting vehicle,Collision involving vehicles going in the same way,Dark,Dry
7626,196929,8,Glasower Straße,2019,7,8,6,3,5,3,0,0,1,0,0,0,0,0,Neukölln,Accident with minor injuries,Collision with a turning/crossing vehicle,Turning/Crossing accident,Daylight,Dry
7627,196930,2,Richard-Sorge-Viertel,2019,6,17,5,3,5,2,0,1,0,0,0,0,0,0,Friedrichshain - Kreuzberg,Accident with minor injuries,Collision with a turning/crossing vehicle,Turning accident,Daylight,Dry
7628,196931,1,Sparrplatz,2019,7,8,6,3,5,2,0,1,1,0,0,0,0,0,Mitte,Accident with minor injuries,Collision with a turning/crossing vehicle,Turning accident,Daylight,Dry
7629,196932,3,Erich-Weinert-Straße,2019,6,14,5,3,5,3,0,0,1,0,1,0,0,0,Pankow,Accident with minor injuries,Collision with a turning/crossing vehicle,Turning/Crossing accident,Daylight,Dry
7630,196933,3,Karow Nord,2019,7,5,6,3,0,1,0,1,0,0,0,0,0,1,Pankow,Accident with minor injuries,Others,Driving accident,Daylight,Wet/moist/slippery
7631,196934,2,Traveplatz,2019,6,14,5,2,0,6,0,1,1,0,0,0,0,0,Friedrichshain - Kreuzberg,Accident with serious injuries,Others,Collision involving vehicles going in the same way,Daylight,Dry
7632,196935,1,Gesundbrunnen,2019,6,20,5,3,0,1,0,1,0,0,0,0,0,0,Mitte,Accident with minor injuries,Others,Driving accident,Daylight,Dry
7633,196936,11,Sewanstraße,2019,7,4,6,3,0,1,0,1,0,0,0,0,0,0,Lichtenberg,Accident with minor injuries,Others,Driving accident,Daylight,Dry
7634,196937,2,Samariterviertel,2019,7,1,6,3,0,7,2,1,0,0,0,0,1,0,Friedrichshain - Kreuzberg,Accident with minor injuries,Others,Others,Dark,Dry
7635,196938,4,Breitscheidplatz,2019,6,14,5,3,0,1,0,0,0,0,1,0,0,0,Charlottenburg - Wilmersdorf,Accident with minor injuries,Others,Driving accident,Daylight,Dry
7636,196939,7,Kaiser-Wilhelm-Platz,2019,6,13,5,3,5,2,0,1,1,0,0,0,0,0,Tempelhof-Schöneberg,Accident with minor injuries,Collision with a turning/crossing vehicle,Turning accident,Daylight,Dry
7637,196940,5,Borkumer Straße,2019,7,15,6,2,0,6,0,0,1,0,0,0,1,0,Spandau,Accident with serious injuries,Others,Collision involving vehicles going in the same way,Daylight,Dry
7638,196941,1,Invalidenstraße,2019,6,9,5,2,0,1,0,1,0,0,0,0,0,0,Mitte,Accident with serious injuries,Others,Driving accident,Daylight,Dry
7639,196942,1,Heine-Viertel West,2019,7,11,5,3,1,5,0,1,1,0,0,0,0,0,Mitte,Accident with minor injuries,Collision with a moving/standing/parked vehicle,Accident involving parked vehicles,Daylight,Dry
7640,196943,4,Rathaus Wilmersdorf,2019,6,9,5,3,5,3,0,1,1,0,0,0,0,0,Charlottenburg - Wilmersdorf,Accident with minor injuries,Collision with a turning/crossing vehicle,Turning/Crossing accident,Daylight,Dry
7641,196944,1,Sparrplatz,2019,7,21,5,3,3,6,2,0,1,0,0,0,0,0,Mitte,Accident with minor injuries,Collision with a vehicle traveling laterally in the same direction,Collision involving vehicles going in the same way,Dark,Dry
7642,196945,6,Dahlem,2019,6,8,5,2,5,2,0,0,1,0,0,0,0,0,Steglitz-Zehlendorf,Accident with serious injuries,Collision with a turning/crossing vehicle,Turning accident,Daylight,Dry
7643,196946,2,Rathaus Yorckstraße,2019,7,20,5,3,5,2,1,0,1,0,0,0,0,0,Friedrichshain - Kreuzberg,Accident with minor injuries,Collision with a turning/crossing vehicle,Turning accident,Twilight,Dry
7644,196947,1,Charitéviertel,2019,6,8,5,3,5,2,0,1,1,0,0,0,0,0,Mitte,Accident with minor injuries,Collision with a turning/crossing vehicle,Turning accident,Daylight,Dry
7645,196948,3,Humannplatz,2019,6,8,5,2,5,2,0,1,0,0,0,1,0,0,Pankow,Accident with serious injuries,Collision with a turning/crossing vehicle,Turning accident,Daylight,Dry
7646,196949,9,Bölschestraße,2019,7,17,4,3,5,3,0,0,1,0,1,0,0,0,Treptow-Köpenick,Accident with minor injuries,Collision with a turning/crossing vehicle,Turning/Crossing accident,Daylight,Dry
7647,196950,2,Urbanstraße,2019,7,16,4,3,2,6,0,1,0,0,0,0,0,0,Friedrichshain - Kreuzberg,Accident with minor injuries,Collision with the vehicle in front/waiting vehicle,Collision involving vehicles going in the same way,Daylight,Dry
7648,196951,1,Alexanderplatzviertel,2019,7,9,4,3,5,2,0,0,1,0,1,0,0,0,Mitte,Accident with minor injuries,Collision with a turning/crossing vehicle,Turning accident,Daylight,Dry
7649,196952,6,Wannsee,2019,7,17,4,3,7,7,0,0,0,0,1,0,0,0,Steglitz-Zehlendorf,Accident with minor injuries,Collision with a road obstacle,Others,Daylight,Dry
7650,196953,1,Stephankiez,2019,7,14,6,3,1,5,0,0,1,0,1,0,0,0,Mitte,Accident with minor injuries,Collision with a moving/standing/parked vehicle,Accident involving parked vehicles,Daylight,Dry
7651,196954,4,Schloßstraße,2019,7,17,4,3,5,3,0,1,1,0,0,0,0,0,Charlottenburg - Wilmersdorf,Accident with minor injuries,Collision with a turning/crossing vehicle,Turning/Crossing accident,Daylight,Dry