,object id,district,street,year,month,hour of day,weekday,category,accident type,accident type 2,light situation,bike involved,car involved,pedestrian involved,motor bike involved,big track involved,other vehicle involved,road condition,district name,category name,accident detail,accident type detail,light condition,road condition detail
7652,196955,4,Wilhelmsaue,2019,7,16,4,3,3,6,0,0,1,0,1,0,0,0,Charlottenburg - Wilmersdorf,Accident with minor injuries,Collision with a vehicle traveling laterally in the same direction,Collision involving vehicles going in the same way,Daylight,Dry
7653,196956,8,Reuterkiez,2019,7,8,4,3,1,5,0,1,1,0,0,0,0,0,Neukölln,Accident with minor injuries,Collision with a moving/standing/parked vehicle,Accident involving parked vehicles,Daylight,Dry
7654,196957,1,Karl-Marx-Allee,2019,7,1,5,3,5,2,2,1,1,0,0,0,0,0,Mitte,Accident with minor injuries,Collision with a turning/crossing vehicle,Turning accident,Dark,Dry
7655,196958,2,Stralauer Kiez,2019,7,20,5,3,2,2,0,0,1,0,0,0,0,0,Friedrichshain - Kreuzberg,Accident with minor injuries,Collision with the vehicle in front/waiting vehicle,Turning accident,Daylight,Dry
7656,196959,11,Orankesee,2019,7,20,5,3,5,2,0,1,1,0,0,0,0,0,Lichtenberg,Accident with minor injuries,Collision with a turning/crossing vehicle,Turning accident,Daylight,Dry
7657,196960,1,Brunnenstraße,2019,7,19,5,3,5,2,0,0,1,0,1,0,0,0,Mitte,Accident with minor injuries,Collision with a turning/crossing vehicle,Turning accident,Daylight,Dry
7658,196961,4,Breitscheidplatz,2019,7,19,5,3,5,2,0,1,1,0,0,0,0,0,Charlottenburg - Wilmersdorf,Accident with minor injuries,Collision with a turning/crossing vehicle,Turning accident,Daylight,Dry
7659,196962,4,Klausenerplatz,2019,7,19,5,3,1,5,0,1,1,0,0,0,0,0,Charlottenburg - Wilmersdorf,Accident with minor injuries,Collision with a moving/standing/parked vehicle,Accident involving parked vehicles,Daylight,Dry
7660,196963,2,Wassertorplatz,2019,7,19,5,3,1,5,0,1,1,0,0,0,0,0,Friedrichshain - Kreuzberg,Accident with minor injuries,Collision with a moving/standing/parked vehicle,Accident involving parked vehicles,Daylight,Dry
7661,196964,3,Arnimplatz,2019,7,18,5,3,2,6,0,0,1,0,1,0,0,0,Pankow,Accident with minor injuries,Collision with the vehicle in front/waiting vehicle,Collision involving vehicles going in the same way,Daylight,Dry
7662,196965,9,Dammvorstadt,2019,7,18,5,3,2,6,0,0,0,0,0,0,1,0,Treptow-Köpenick,Accident with minor injuries,Collision with the vehicle in front/waiting vehicle,Collision involving vehicles going in the same way,Daylight,Dry
7663,196966,7,Marienhöhe,2019,7,15,5,3,5,2,0,1,1,0,0,0,0,0,Tempelhof-Schöneberg,Accident with minor injuries,Collision with a turning/crossing vehicle,Turning accident,Daylight,Dry
7664,196967,5,Kafkastraße,2019,7,15,5,3,1,5,0,1,1,0,0,0,0,0,Spandau,Accident with minor injuries,Collision with a moving/standing/parked vehicle,Accident involving parked vehicles,Daylight,Dry
7665,196968,5,Hakenfelde Nord,2019,7,17,5,2,5,3,0,0,1,0,1,0,0,0,Spandau,Accident with serious injuries,Collision with a turning/crossing vehicle,Turning/Crossing accident,Daylight,Dry
7666,196969,9,Adlershof West,2019,7,15,5,2,5,3,0,1,1,0,0,0,0,0,Treptow-Köpenick,Accident with serious injuries,Collision with a turning/crossing vehicle,Turning/Crossing accident,Daylight,Dry
7667,196970,4,Schloßgarten,2019,7,9,5,3,0,7,0,1,0,0,0,0,0,0,Charlottenburg - Wilmersdorf,Accident with minor injuries,Others,Others,Daylight,Dry
7668,196971,1,Oranienburger Straße,2019,7,15,5,2,3,6,0,1,1,0,0,0,0,0,Mitte,Accident with serious injuries,Collision with a vehicle traveling laterally in the same direction,Collision involving vehicles going in the same way,Daylight,Dry
7669,196972,9,Grünau,2019,7,14,5,3,5,7,0,0,1,0,0,0,0,0,Treptow-Köpenick,Accident with minor injuries,Collision with a turning/crossing vehicle,Others,Daylight,Dry
7670,196973,9,Dorf Altglienicke,2019,7,10,5,3,5,2,0,0,1,0,0,0,0,0,Treptow-Köpenick,Accident with minor injuries,Collision with a turning/crossing vehicle,Turning accident,Daylight,Dry
7671,196974,8,Gropiusstadt Nord,2019,7,18,5,3,5,3,0,0,1,0,0,0,0,0,Neukölln,Accident with minor injuries,Collision with a turning/crossing vehicle,Turning/Crossing accident,Daylight,Dry
7672,196975,1,Leipziger Straße,2019,7,22,5,2,0,1,2,0,0,0,0,0,1,0,Mitte,Accident with serious injuries,Others,Driving accident,Dark,Dry
7673,196976,6,Lankwitz Süd,2019,7,23,5,3,5,3,2,0,1,0,1,0,0,0,Steglitz-Zehlendorf,Accident with minor injuries,Collision with a turning/crossing vehicle,Turning/Crossing accident,Dark,Dry
7674,196977,7,Volkspark (Rudolf-Wilde-Park),2019,7,13,5,3,5,2,0,1,1,0,0,0,0,0,Tempelhof-Schöneberg,Accident with minor injuries,Collision with a turning/crossing vehicle,Turning accident,Daylight,Dry
7675,196978,5,Magistratsweg,2019,7,8,5,3,6,4,0,0,0,1,0,1,0,0,Spandau,Accident with minor injuries,Collision between vehicle and pedestrian,Pedestrian crossing accident,Daylight,Dry
7676,196979,7,Wittenbergplatz/Viktoria-Luise-Platz,2019,7,8,5,3,5,2,0,1,0,0,0,1,0,0,Tempelhof-Schöneberg,Accident with minor injuries,Collision with a turning/crossing vehicle,Turning accident,Daylight,Dry
7677,196980,4,Forst Grunewald,2019,7,12,5,3,1,5,0,1,0,0,0,0,1,0,Charlottenburg - Wilmersdorf,Accident with minor injuries,Collision with a moving/standing/parked vehicle,Accident involving parked vehicles,Daylight,Dry
7678,196981,1,Stülerstraße,2019,7,12,5,3,3,6,0,0,1,0,1,0,0,0,Mitte,Accident with minor injuries,Collision with a vehicle traveling laterally in the same direction,Collision involving vehicles going in the same way,Daylight,Dry
7679,196982,1,Soldiner Straße,2019,7,12,5,2,5,3,0,0,1,0,1,0,0,0,Mitte,Accident with serious injuries,Collision with a turning/crossing vehicle,Turning/Crossing accident,Daylight,Dry
7680,196983,11,Mühlengrund,2019,7,12,5,3,5,2,0,1,1,0,0,0,0,0,Lichtenberg,Accident with minor injuries,Collision with a turning/crossing vehicle,Turning accident,Daylight,Dry
7681,196984,9,Adlershof Ost,2019,7,8,5,2,5,2,0,1,1,0,0,0,0,0,Treptow-Köpenick,Accident with serious injuries,Collision with a turning/crossing vehicle,Turning accident,Daylight,Dry
7682,196985,2,Urbanstraße,2019,7,10,5,2,5,2,0,0,1,0,0,0,1,0,Friedrichshain - Kreuzberg,Accident with serious injuries,Collision with a turning/crossing vehicle,Turning accident,Daylight,Dry
7683,196986,2,Moritzplatz,2019,7,10,5,2,0,6,0,0,1,0,0,0,1,0,Friedrichshain - Kreuzberg,Accident with serious injuries,Others,Collision involving vehicles going in the same way,Daylight,Dry
7684,196987,7,Marienhöhe,2019,7,7,5,3,2,6,0,0,0,0,1,1,0,0,Tempelhof-Schöneberg,Accident with minor injuries,Collision with the vehicle in front/waiting vehicle,Collision involving vehicles going in the same way,Daylight,Dry
7685,196988,3,Humannplatz,2019,7,7,5,3,5,3,0,1,0,0,0,0,1,0,Pankow,Accident with minor injuries,Collision with a turning/crossing vehicle,Turning/Crossing accident,Daylight,Dry
7686,196989,9,Elsenstraße,2019,7,7,5,3,5,2,0,1,1,0,0,0,0,0,Treptow-Köpenick,Accident with minor injuries,Collision with a turning/crossing vehicle,Turning accident,Daylight,Dry
7687,196990,12,Letteplatz,2019,7,6,5,3,0,7,0,0,1,0,1,0,0,1,Reinickendorf,Accident with minor injuries,Others,Others,Daylight,Wet/moist/slippery
7688,196991,1,Stülerstraße,2019,7,10,5,3,5,3,0,0,1,0,0,0,0,0,Mitte,Accident with minor injuries,Collision with a turning/crossing vehicle,Turning/Crossing accident,Daylight,Dry
7689,196992,2,Graefekiez,2019,7,9,5,3,1,5,0,0,1,0,0,0,0,0,Friedrichshain - Kreuzberg,Accident with minor injuries,Collision with a moving/standing/parked vehicle,Accident involving parked vehicles,Daylight,Dry
7690,196993,6,Wannsee,2019,7,9,5,3,0,3,0,1,0,0,0,0,0,0,Steglitz-Zehlendorf,Accident with minor injuries,Others,Turning/Crossing accident,Daylight,Dry
7691,196994,4,Amtsgerichtsplatz,2019,7,9,5,2,5,3,0,1,1,0,0,0,0,0,Charlottenburg - Wilmersdorf,Accident with serious injuries,Collision with a turning/crossing vehicle,Turning/Crossing accident,Daylight,Dry
7692,196995,2,Mehringplatz,2019,7,8,5,2,0,1,0,0,1,0,0,0,0,0,Friedrichshain - Kreuzberg,Accident with serious injuries,Others,Driving accident,Daylight,Dry
7693,196996,1,Lützowstraße,2019,7,17,5,3,0,6,0,0,1,0,0,0,1,0,Mitte,Accident with minor injuries,Others,Collision involving vehicles going in the same way,Daylight,Dry
7694,196997,5,Hakenfelde Nord,2019,7,9,5,1,3,6,0,1,0,0,0,1,0,0,Spandau,Accident with fatalities,Collision with a vehicle traveling laterally in the same direction,Collision involving vehicles going in the same way,Daylight,Dry
7695,196998,4,Breitscheidplatz,2019,7,17,4,3,5,2,0,1,1,0,0,0,0,0,Charlottenburg - Wilmersdorf,Accident with minor injuries,Collision with a turning/crossing vehicle,Turning accident,Daylight,Dry
7696,196999,1,Humboldthain Nordwest,2019,7,17,4,3,2,6,0,1,1,0,0,0,0,0,Mitte,Accident with minor injuries,Collision with the vehicle in front/waiting vehicle,Collision involving vehicles going in the same way,Daylight,Dry
7697,197000,10,Kaulsdorf Nord,2019,7,16,4,3,5,3,0,1,1,0,0,0,0,0,Marzahn-Hellersdorf,Accident with minor injuries,Collision with a turning/crossing vehicle,Turning/Crossing accident,Daylight,Dry
7698,197001,7,Dennewitzplatz,2019,7,15,4,3,2,6,0,0,1,0,0,0,0,0,Tempelhof-Schöneberg,Accident with minor injuries,Collision with the vehicle in front/waiting vehicle,Collision involving vehicles going in the same way,Daylight,Dry
7699,197002,8,Parchimer Allee,2019,7,15,4,3,5,7,0,0,1,0,0,0,0,0,Neukölln,Accident with minor injuries,Collision with a turning/crossing vehicle,Others,Daylight,Dry
7700,197003,6,Lichterfelde West,2019,7,15,4,2,5,2,0,0,1,0,0,0,0,0,Steglitz-Zehlendorf,Accident with serious injuries,Collision with a turning/crossing vehicle,Turning accident,Daylight,Dry
7701,197004,7,Schöneberger Insel,2019,7,17,4,3,1,5,0,1,1,0,0,0,0,0,Tempelhof-Schöneberg,Accident with minor injuries,Collision with a moving/standing/parked vehicle,Accident involving parked vehicles,Daylight,Dry
7702,197005,8,Buckow Ost,2019,7,15,4,3,0,6,0,0,1,0,0,0,1,0,Neukölln,Accident with minor injuries,Others,Collision involving vehicles going in the same way,Daylight,Dry
7703,197006,2,Richard-Sorge-Viertel,2019,7,14,4,3,2,6,0,0,1,0,1,0,1,0,Friedrichshain - Kreuzberg,Accident with minor injuries,Collision with the vehicle in front/waiting vehicle,Collision involving vehicles going in the same way,Daylight,Dry
7704,197007,8,Waßmannsdorfer Chaussee,2019,7,13,4,3,2,7,0,1,0,0,0,0,1,0,Neukölln,Accident with minor injuries,Collision with the vehicle in front/waiting vehicle,Others,Daylight,Dry
7705,197008,9,Köllnische Vorstadt,2019,7,12,4,2,0,4,0,0,0,1,0,0,1,0,Treptow-Köpenick,Accident with serious injuries,Others,Pedestrian crossing accident,Daylight,Dry
7706,197009,2,Urbanstraße,2019,7,11,4,3,5,2,0,1,1,0,0,0,0,0,Friedrichshain - Kreuzberg,Accident with minor injuries,Collision with a turning/crossing vehicle,Turning accident,Daylight,Dry
7707,197010,6,Stadtpark,2019,7,11,4,3,0,1,0,1,0,0,0,0,0,0,Steglitz-Zehlendorf,Accident with minor injuries,Others,Driving accident,Daylight,Dry
7708,197011,7,Manteuffelstraße,2019,7,10,4,3,5,2,0,0,1,0,1,0,0,0,Tempelhof-Schöneberg,Accident with minor injuries,Collision with a turning/crossing vehicle,Turning accident,Daylight,Dry
7709,197012,7,Kaiser-Wilhelm-Platz,2019,7,9,4,2,5,2,0,1,0,0,1,0,0,0,Tempelhof-Schöneberg,Accident with serious injuries,Collision with a turning/crossing vehicle,Turning accident,Daylight,Dry
7710,197013,9,Rahnsdorf/Hessenwinkel,2019,7,9,4,3,2,3,0,1,1,0,0,0,0,0,Treptow-Köpenick,Accident with minor injuries,Collision with the vehicle in front/waiting vehicle,Turning/Crossing accident,Daylight,Dry
7711,197014,2,Moritzplatz,2019,7,8,4,3,5,3,0,1,1,0,0,0,0,0,Friedrichshain - Kreuzberg,Accident with minor injuries,Collision with a turning/crossing vehicle,Turning/Crossing accident,Daylight,Dry
7712,197015,12,Waldidyll/Flughafensee,2019,7,23,4,2,2,6,2,0,1,0,0,0,1,0,Reinickendorf,Accident with serious injuries,Collision with the vehicle in front/waiting vehicle,Collision involving vehicles going in the same way,Dark,Dry
7713,197016,4,Plötzensee,2019,7,20,4,2,1,1,0,0,1,0,0,0,0,0,Charlottenburg - Wilmersdorf,Accident with serious injuries,Collision with a moving/standing/parked vehicle,Driving accident,Daylight,Dry
7714,197017,8,Zittauer Straße,2019,7,19,4,3,5,3,0,0,1,0,0,0,0,0,Neukölln,Accident with minor injuries,Collision with a turning/crossing vehicle,Turning/Crossing accident,Daylight,Dry
7715,197018,1,Humboldthain Nordwest,2019,7,19,4,2,0,6,0,1,1,0,0,0,0,0,Mitte,Accident with serious injuries,Others,Collision involving vehicles going in the same way,Daylight,Dry
7716,197019,3,Heinersdorf,2019,7,6,4,3,0,3,0,0,1,0,1,0,0,0,Pankow,Accident with minor injuries,Others,Turning/Crossing accident,Daylight,Dry
7717,197020,3,Erich-Weinert-Straße,2019,7,6,4,3,5,3,0,1,1,0,0,0,0,0,Pankow,Accident with minor injuries,Collision with a turning/crossing vehicle,Turning/Crossing accident,Daylight,Dry
7718,197021,11,Rosenfelder Ring,2019,7,5,4,3,5,3,0,1,1,0,0,0,0,0,Lichtenberg,Accident with minor injuries,Collision with a turning/crossing vehicle,Turning/Crossing accident,Daylight,Dry
7719,197022,2,Boxhagener Platz,2019,7,1,4,2,0,1,2,0,0,0,0,0,1,0,Friedrichshain - Kreuzberg,Accident with serious injuries,Others,Driving accident,Dark,Dry
7720,197023,6,Augustaplatz,2019,7,15,4,3,5,2,0,0,1,0,0,0,1,0,Steglitz-Zehlendorf,Accident with minor injuries,Collision with a turning/crossing vehicle,Turning accident,Daylight,Dry
7721,197024,2,Wrangelkiez,2019,7,9,3,2,0,2,0,1,1,0,0,0,0,0,Friedrichshain - Kreuzberg,Accident with serious injuries,Others,Turning accident,Daylight,Dry
7722,197025,2,Friedenstraße,2019,7,16,3,3,5,2,0,1,0,0,0,0,0,0,Friedrichshain - Kreuzberg,Accident with minor injuries,Collision with a turning/crossing vehicle,Turning accident,Daylight,Dry
7723,197026,2,Moritzplatz,2019,7,18,3,3,5,2,0,1,1,0,0,0,0,0,Friedrichshain - Kreuzberg,Accident with minor injuries,Collision with a turning/crossing vehicle,Turning accident,Daylight,Dry
7724,197027,3,Komponistenviertel Weißensee,2019,7,17,3,3,5,7,0,1,1,0,0,0,0,0,Pankow,Accident with minor injuries,Collision with a turning/crossing vehicle,Others,Daylight,Dry
7725,197028,9,Oberschöneweide West,2019,7,17,3,2,5,3,0,0,1,0,1,0,0,0,Treptow-Köpenick,Accident with serious injuries,Collision with a turning/crossing vehicle,Turning/Crossing accident,Daylight,Dry
7726,197029,8,Reuterkiez,2019,7,17,3,3,1,5,0,1,1,0,0,0,1,0,Neukölln,Accident with minor injuries,Collision with a moving/standing/parked vehicle,Accident involving parked vehicles,Daylight,Dry
7727,197030,9,Hirschgarten,2019,7,16,3,3,2,7,0,0,1,0,0,0,0,0,Treptow-Köpenick,Accident with minor injuries,Collision with the vehicle in front/waiting vehicle,Others,Daylight,Dry
7728,197031,2,Urbanstraße,2019,7,2,3,3,1,1,2,0,1,0,0,0,0,0,Friedrichshain - Kreuzberg,Accident with minor injuries,Collision with a moving/standing/parked vehicle,Driving accident,Dark,Dry
7729,197032,10,Herzbergstraße,2019,7,14,3,3,2,6,0,0,1,0,0,0,1,0,Marzahn-Hellersdorf,Accident with minor injuries,Collision with the vehicle in front/waiting vehicle,Collision involving vehicles going in the same way,Daylight,Dry
7730,197033,5,Weinmeisterhornweg,2019,7,14,3,3,5,2,0,0,1,0,0,0,0,0,Spandau,Accident with minor injuries,Collision with a turning/crossing vehicle,Turning accident,Daylight,Dry
7731,197034,12,Heiligensee,2019,7,13,3,3,1,5,0,0,1,0,1,0,0,0,Reinickendorf,Accident with minor injuries,Collision with a moving/standing/parked vehicle,Accident involving parked vehicles,Daylight,Dry
7732,197035,4,Schaperstraße,2019,7,13,3,3,1,5,0,1,1,0,0,0,0,0,Charlottenburg - Wilmersdorf,Accident with minor injuries,Collision with a moving/standing/parked vehicle,Accident involving parked vehicles,Daylight,Dry
7733,197036,8,Alt-Rudow,2019,7,13,3,3,5,3,0,1,1,0,0,0,0,0,Neukölln,Accident with minor injuries,Collision with a turning/crossing vehicle,Turning/Crossing accident,Daylight,Dry
7734,197037,7,Rathaus Tempelhof,2019,7,12,3,3,5,3,0,0,1,0,0,0,0,0,Tempelhof-Schöneberg,Accident with minor injuries,Collision with a turning/crossing vehicle,Turning/Crossing accident,Daylight,Dry
7735,197038,4,Jungfernheide,2019,7,12,3,3,2,6,0,0,1,0,0,0,0,0,Charlottenburg - Wilmersdorf,Accident with minor injuries,Collision with the vehicle in front/waiting vehicle,Collision involving vehicles going in the same way,Daylight,Dry
7736,197039,2,Boxhagener Platz,2019,7,12,3,3,5,2,0,1,0,0,0,1,0,0,Friedrichshain - Kreuzberg,Accident with minor injuries,Collision with a turning/crossing vehicle,Turning accident,Daylight,Dry
7737,197040,4,Preußenpark,2019,7,10,3,3,6,4,0,0,1,1,0,0,0,0,Charlottenburg - Wilmersdorf,Accident with minor injuries,Collision between vehicle and pedestrian,Pedestrian crossing accident,Daylight,Dry
7738,197041,4,Stadion Wilmersdorf,2019,7,10,3,3,5,2,0,1,1,0,0,0,0,0,Charlottenburg - Wilmersdorf,Accident with minor injuries,Collision with a turning/crossing vehicle,Turning accident,Daylight,Dry
7739,197042,1,Leipziger Straße,2019,7,18,3,3,4,6,0,1,0,0,0,0,1,0,Mitte,Accident with minor injuries,Collision with oncoming vehicle,Collision involving vehicles going in the same way,Daylight,Dry
7740,197043,2,Urbanstraße,2019,7,9,3,3,6,7,0,0,1,1,0,0,0,0,Friedrichshain - Kreuzberg,Accident with minor injuries,Collision between vehicle and pedestrian,Others,Daylight,Dry
7741,197044,8,Reuterkiez,2019,7,19,3,3,0,3,0,1,0,0,0,0,0,0,Neukölln,Accident with minor injuries,Others,Turning/Crossing accident,Daylight,Dry
7742,197045,3,Volkspark Prenzlauer Berg,2019,7,19,3,3,5,2,0,1,1,0,0,0,0,0,Pankow,Accident with minor injuries,Collision with a turning/crossing vehicle,Turning accident,Daylight,Dry
7743,197046,9,Köllnische Vorstadt,2019,7,6,3,2,3,6,0,0,1,0,0,0,0,0,Treptow-Köpenick,Accident with serious injuries,Collision with a vehicle traveling laterally in the same direction,Collision involving vehicles going in the same way,Daylight,Dry
7744,197047,9,Adlershof West,2019,7,18,3,3,2,6,0,0,1,0,0,0,1,0,Treptow-Köpenick,Accident with minor injuries,Collision with the vehicle in front/waiting vehicle,Collision involving vehicles going in the same way,Daylight,Dry
7745,197048,9,Johannisthal Ost,2019,7,18,3,2,0,1,0,0,0,0,1,0,0,0,Treptow-Köpenick,Accident with serious injuries,Others,Driving accident,Daylight,Dry
7746,197049,9,Grünau,2019,7,18,3,3,5,3,0,1,0,0,0,0,1,0,Treptow-Köpenick,Accident with minor injuries,Collision with a turning/crossing vehicle,Turning/Crossing accident,Daylight,Dry
7747,197050,3,Blankenfelde,2019,7,16,3,3,5,3,0,1,1,0,0,0,0,0,Pankow,Accident with minor injuries,Collision with a turning/crossing vehicle,Turning/Crossing accident,Daylight,Dry
7748,197051,4,Schloßgarten,2019,7,16,3,3,2,2,0,0,1,0,1,0,0,0,Charlottenburg - Wilmersdorf,Accident with minor injuries,Collision with the vehicle in front/waiting vehicle,Turning accident,Daylight,Dry
7749,197052,2,Graefekiez,2019,7,16,3,3,0,1,0,1,0,0,0,0,0,0,Friedrichshain - Kreuzberg,Accident with minor injuries,Others,Driving accident,Daylight,Dry
7750,197053,4,Schaperstraße,2019,7,15,3,3,2,6,0,1,1,0,0,0,0,0,Charlottenburg - Wilmersdorf,Accident with minor injuries,Collision with the vehicle in front/waiting vehicle,Collision involving vehicles going in the same way,Daylight,Dry
7751,197054,5,Hakenfelde Nord,2019,7,15,3,3,3,6,0,1,0,0,0,0,1,0,Spandau,Accident with minor injuries,Collision with a vehicle traveling laterally in the same direction,Collision involving vehicles going in the same way,Daylight,Dry
7752,197055,1,Rehberge,2019,7,15,3,3,0,6,0,0,0,0,0,0,1,0,Mitte,Accident with minor injuries,Others,Collision involving vehicles going in the same way,Daylight,Dry
7753,197056,2,Andreasviertel,2019,7,17,3,3,2,6,0,0,1,0,1,0,0,0,Friedrichshain - Kreuzberg,Accident with minor injuries,Collision with the vehicle in front/waiting vehicle,Collision involving vehicles going in the same way,Daylight,Dry
7754,197057,8,Reuterkiez,2019,7,21,3,3,3,6,0,1,1,0,0,0,0,0,Neukölln,Accident with minor injuries,Collision with a vehicle traveling laterally in the same direction,Collision involving vehicles going in the same way,Daylight,Dry
7755,197058,11,Orankesee,2019,7,13,3,3,2,6,0,0,1,0,0,0,0,0,Lichtenberg,Accident with minor injuries,Collision with the vehicle in front/waiting vehicle,Collision involving vehicles going in the same way,Daylight,Dry
7756,197059,9,Oberschöneweide Ost,2019,7,8,3,3,1,1,0,0,1,0,1,0,0,0,Treptow-Köpenick,Accident with minor injuries,Collision with a moving/standing/parked vehicle,Driving accident,Daylight,Dry
7757,197060,11,Hauptstraße,2019,7,16,2,3,2,6,0,0,1,0,0,0,0,0,Lichtenberg,Accident with minor injuries,Collision with the vehicle in front/waiting vehicle,Collision involving vehicles going in the same way,Daylight,Dry
7758,197061,5,Börnicker Straße,2019,7,17,2,3,5,2,0,0,1,0,1,0,0,0,Spandau,Accident with minor injuries,Collision with a turning/crossing vehicle,Turning accident,Daylight,Dry
7759,197062,1,Unter den Linden Nord,2019,7,16,2,3,2,2,0,0,0,0,1,0,1,0,Mitte,Accident with minor injuries,Collision with the vehicle in front/waiting vehicle,Turning accident,Daylight,Dry
7760,197063,6,Fischerhüttenstraße,2019,7,15,2,3,1,5,0,0,1,0,0,1,0,0,Steglitz-Zehlendorf,Accident with minor injuries,Collision with a moving/standing/parked vehicle,Accident involving parked vehicles,Daylight,Dry
7761,197064,2,Andreasviertel,2019,7,21,2,2,5,2,2,1,1,0,0,0,0,0,Friedrichshain - Kreuzberg,Accident with serious injuries,Collision with a turning/crossing vehicle,Turning accident,Dark,Dry
7762,197065,8,Buckow Mitte,2019,7,17,2,3,2,6,0,0,1,0,1,0,0,0,Neukölln,Accident with minor injuries,Collision with the vehicle in front/waiting vehicle,Collision involving vehicles going in the same way,Daylight,Dry
7763,197066,6,Schloßstraße,2019,7,19,2,3,0,1,0,0,0,0,1,0,0,0,Steglitz-Zehlendorf,Accident with minor injuries,Others,Driving accident,Daylight,Dry
7764,197067,8,Gewerbegebiet Köllnische Heide,2019,7,15,2,3,2,6,0,0,1,0,0,0,0,0,Neukölln,Accident with minor injuries,Collision with the vehicle in front/waiting vehicle,Collision involving vehicles going in the same way,Daylight,Dry
7765,197068,12,Waldidyll/Flughafensee,2019,7,15,2,2,6,4,0,0,1,1,0,0,1,0,Reinickendorf,Accident with serious injuries,Collision between vehicle and pedestrian,Pedestrian crossing accident,Daylight,Dry
7766,197069,1,Unter den Linden Nord,2019,7,13,2,3,5,3,0,0,1,0,0,0,0,0,Mitte,Accident with minor injuries,Collision with a turning/crossing vehicle,Turning/Crossing accident,Daylight,Dry
7767,197070,6,Berlepschstraße,2019,7,12,2,3,5,3,0,0,1,0,0,0,0,0,Steglitz-Zehlendorf,Accident with minor injuries,Collision with a turning/crossing vehicle,Turning/Crossing accident,Daylight,Dry
7768,197071,2,Graefekiez,2019,7,21,2,3,1,5,2,0,1,0,0,0,0,0,Friedrichshain - Kreuzberg,Accident with minor injuries,Collision with a moving/standing/parked vehicle,Accident involving parked vehicles,Dark,Dry
7769,197072,1,Charitéviertel,2019,7,12,2,3,3,6,0,1,0,0,0,1,0,0,Mitte,Accident with minor injuries,Collision with a vehicle traveling laterally in the same direction,Collision involving vehicles going in the same way,Daylight,Dry
7770,197073,1,Elberfelder Straße,2019,7,10,2,3,3,6,0,1,0,0,0,1,0,0,Mitte,Accident with minor injuries,Collision with a vehicle traveling laterally in the same direction,Collision involving vehicles going in the same way,Daylight,Dry
7771,197074,4,Reichsstraße,2019,7,10,2,3,5,3,0,0,1,0,0,0,0,0,Charlottenburg - Wilmersdorf,Accident with minor injuries,Collision with a turning/crossing vehicle,Turning/Crossing accident,Daylight,Dry
7772,197075,1,Oranienburger Straße,2019,7,10,2,3,2,6,0,0,1,0,0,0,0,0,Mitte,Accident with minor injuries,Collision with the vehicle in front/waiting vehicle,Collision involving vehicles going in the same way,Daylight,Dry
7773,197076,9,Adlershof West,2019,7,10,2,3,3,6,0,0,1,0,0,1,0,0,Treptow-Köpenick,Accident with minor injuries,Collision with a vehicle traveling laterally in the same direction,Collision involving vehicles going in the same way,Daylight,Dry
7774,197077,9,Schnellerstraße,2019,7,9,2,3,5,3,0,1,1,0,0,0,0,0,Treptow-Köpenick,Accident with minor injuries,Collision with a turning/crossing vehicle,Turning/Crossing accident,Daylight,Dry
7775,197078,6,Nikolassee,2019,7,8,2,3,5,3,0,1,1,0,0,0,0,1,Steglitz-Zehlendorf,Accident with minor injuries,Collision with a turning/crossing vehicle,Turning/Crossing accident,Daylight,Wet/moist/slippery
7776,197079,7,Rathaus Tempelhof,2019,7,8,2,3,2,6,0,0,1,0,0,0,0,0,Tempelhof-Schöneberg,Accident with minor injuries,Collision with the vehicle in front/waiting vehicle,Collision involving vehicles going in the same way,Daylight,Dry
7777,197080,5,An der Tränke,2019,7,6,2,3,0,6,0,0,1,0,1,0,0,0,Spandau,Accident with minor injuries,Others,Collision involving vehicles going in the same way,Daylight,Dry
7778,197081,1,Thomasiusstraße,2019,7,9,2,3,5,7,0,1,1,0,0,0,0,0,Mitte,Accident with minor injuries,Collision with a turning/crossing vehicle,Others,Daylight,Dry
7779,197082,1,Reinickendorfer Straße,2019,7,12,1,3,2,6,0,0,1,0,0,0,0,0,Mitte,Accident with minor injuries,Collision with the vehicle in front/waiting vehicle,Collision involving vehicles going in the same way,Daylight,Dry
7780,197083,1,Lüneburger Straße,2019,7,18,1,3,0,1,0,1,0,0,0,0,0,0,Mitte,Accident with minor injuries,Others,Driving accident,Daylight,Dry
7781,197084,3,Erich-Weinert-Straße,2019,7,14,1,3,3,6,0,0,1,0,0,0,1,0,Pankow,Accident with minor injuries,Collision with a vehicle traveling laterally in the same direction,Collision involving vehicles going in the same way,Daylight,Dry
7782,197085,2,Lausitzer Platz,2019,7,1,1,3,9,1,2,0,1,0,0,0,0,1,Friedrichshain - Kreuzberg,Accident with minor injuries,Departure from the roadway to the left,Driving accident,Dark,Wet/moist/slippery
7783,197086,1,Arkonaplatz,2019,7,1,1,3,0,1,2,1,0,0,0,0,0,1,Mitte,Accident with minor injuries,Others,Driving accident,Dark,Wet/moist/slippery
7784,197087,2,Oranienplatz,2019,7,21,1,2,0,3,1,0,1,0,1,0,0,0,Friedrichshain - Kreuzberg,Accident with serious injuries,Others,Turning/Crossing accident,Twilight,Dry
7785,197088,2,Weberwiese,2019,7,19,1,3,0,7,0,0,0,0,0,0,1,0,Friedrichshain - Kreuzberg,Accident with minor injuries,Others,Others,Daylight,Dry