,object id,district,street,year,month,hour of day,weekday,category,accident type,accident type 2,light situation,bike involved,car involved,pedestrian involved,motor bike involved,big track involved,other vehicle involved,road condition,district name,category name,accident detail,accident type detail,light condition,road condition detail
7786,197089,5,Döberitzer Weg,2019,7,18,1,3,2,6,0,0,1,0,0,0,0,0,Spandau,Accident with minor injuries,Collision with the vehicle in front/waiting vehicle,Collision involving vehicles going in the same way,Daylight,Dry
7787,197090,8,Silbersteinstraße,2019,7,17,1,3,6,4,0,0,0,1,1,0,0,0,Neukölln,Accident with minor injuries,Collision between vehicle and pedestrian,Pedestrian crossing accident,Daylight,Dry
7788,197091,10,Mahlsdorf Süd,2019,7,10,1,3,8,1,0,0,1,0,0,0,0,0,Marzahn-Hellersdorf,Accident with minor injuries,Departure from the roadway to the right,Driving accident,Daylight,Dry
7789,197092,1,Leopoldplatz,2019,7,20,1,3,6,4,1,1,0,1,0,0,0,0,Mitte,Accident with minor injuries,Collision between vehicle and pedestrian,Pedestrian crossing accident,Twilight,Dry
7790,197093,12,Scharnweberstraße,2019,7,13,7,3,0,3,0,0,1,0,1,0,0,0,Reinickendorf,Accident with minor injuries,Others,Turning/Crossing accident,Daylight,Dry
7791,197094,2,Wriezener Bahnhof/Entwicklungsgebiet,2019,7,15,7,3,0,1,0,0,1,0,0,0,0,1,Friedrichshain - Kreuzberg,Accident with minor injuries,Others,Driving accident,Daylight,Wet/moist/slippery
7792,197095,9,Späthsfelde,2019,7,3,7,2,9,1,1,0,0,0,1,0,0,0,Treptow-Köpenick,Accident with serious injuries,Departure from the roadway to the left,Driving accident,Twilight,Dry
7793,197096,4,Breitscheidplatz,2019,7,0,7,3,3,6,2,0,1,0,0,0,0,0,Charlottenburg - Wilmersdorf,Accident with minor injuries,Collision with a vehicle traveling laterally in the same direction,Collision involving vehicles going in the same way,Dark,Dry
7794,197097,6,Dahlem,2019,7,18,7,3,3,6,0,1,1,0,0,0,0,1,Steglitz-Zehlendorf,Accident with minor injuries,Collision with a vehicle traveling laterally in the same direction,Collision involving vehicles going in the same way,Daylight,Wet/moist/slippery
7795,197098,7,Dennewitzplatz,2019,7,23,7,3,6,4,2,0,1,1,0,0,0,1,Tempelhof-Schöneberg,Accident with minor injuries,Collision between vehicle and pedestrian,Pedestrian crossing accident,Dark,Wet/moist/slippery
7796,197099,7,Nahariyastraße,2019,7,22,7,2,0,2,2,0,1,0,1,0,0,1,Tempelhof-Schöneberg,Accident with serious injuries,Others,Turning accident,Dark,Wet/moist/slippery
7797,197100,10,Oberfeldstraße,2019,7,21,7,3,5,2,2,1,1,0,0,0,0,1,Marzahn-Hellersdorf,Accident with minor injuries,Collision with a turning/crossing vehicle,Turning accident,Dark,Wet/moist/slippery
7798,197101,8,Körnerpark,2019,7,21,7,3,6,2,1,0,1,1,0,0,0,1,Neukölln,Accident with minor injuries,Collision between vehicle and pedestrian,Turning accident,Twilight,Wet/moist/slippery
7799,197102,2,Oranienplatz,2019,7,19,7,3,5,7,0,0,1,0,1,0,0,0,Friedrichshain - Kreuzberg,Accident with minor injuries,Collision with a turning/crossing vehicle,Others,Daylight,Dry
7800,197103,9,Köllnische Vorstadt,2019,7,18,7,2,5,7,0,0,1,0,0,0,0,0,Treptow-Köpenick,Accident with serious injuries,Collision with a turning/crossing vehicle,Others,Daylight,Dry
7801,197104,1,Charitéviertel,2019,7,17,7,3,6,2,0,0,1,1,0,0,0,0,Mitte,Accident with minor injuries,Collision between vehicle and pedestrian,Turning accident,Daylight,Dry
7802,197105,6,Stadtpark,2019,7,16,7,3,2,6,0,1,1,0,0,0,0,1,Steglitz-Zehlendorf,Accident with minor injuries,Collision with the vehicle in front/waiting vehicle,Collision involving vehicles going in the same way,Daylight,Wet/moist/slippery
7803,197106,1,Gesundbrunnen,2019,7,16,7,3,1,5,0,0,1,0,0,0,0,1,Mitte,Accident with minor injuries,Collision with a moving/standing/parked vehicle,Accident involving parked vehicles,Daylight,Wet/moist/slippery
7804,197107,7,Dennewitzplatz,2019,7,15,7,3,0,1,0,0,1,0,1,0,0,1,Tempelhof-Schöneberg,Accident with minor injuries,Others,Driving accident,Daylight,Wet/moist/slippery
7805,197108,1,Rehberge,2019,7,14,7,3,5,3,0,1,1,0,0,0,0,1,Mitte,Accident with minor injuries,Collision with a turning/crossing vehicle,Turning/Crossing accident,Daylight,Wet/moist/slippery
7806,197109,12,Heiligensee,2019,7,14,7,3,2,6,0,0,1,0,0,0,0,0,Reinickendorf,Accident with minor injuries,Collision with the vehicle in front/waiting vehicle,Collision involving vehicles going in the same way,Daylight,Dry
7807,197110,6,Wannsee,2019,7,14,7,3,6,4,0,0,1,1,0,0,0,0,Steglitz-Zehlendorf,Accident with minor injuries,Collision between vehicle and pedestrian,Pedestrian crossing accident,Daylight,Dry
7808,197111,5,Darbystraße,2019,7,13,7,3,5,2,0,0,1,0,1,0,0,0,Spandau,Accident with minor injuries,Collision with a turning/crossing vehicle,Turning accident,Daylight,Dry
7809,197112,5,Amorbacher Weg,2019,7,13,7,3,5,3,0,0,1,0,0,0,0,0,Spandau,Accident with minor injuries,Collision with a turning/crossing vehicle,Turning/Crossing accident,Daylight,Dry
7810,197113,11,Rüdigerstraße,2019,7,13,7,3,0,1,0,1,0,0,0,0,0,0,Lichtenberg,Accident with minor injuries,Others,Driving accident,Daylight,Dry
7811,197114,7,Dennewitzplatz,2019,7,12,7,3,5,2,0,1,1,0,0,0,0,0,Tempelhof-Schöneberg,Accident with minor injuries,Collision with a turning/crossing vehicle,Turning accident,Daylight,Dry
7812,197115,8,Rixdorf,2019,7,12,7,3,5,2,0,0,1,0,0,0,0,0,Neukölln,Accident with minor injuries,Collision with a turning/crossing vehicle,Turning accident,Daylight,Dry
7813,197116,4,Wilhelmsaue,2019,7,11,7,3,2,3,0,0,1,0,0,0,0,0,Charlottenburg - Wilmersdorf,Accident with minor injuries,Collision with the vehicle in front/waiting vehicle,Turning/Crossing accident,Daylight,Dry
7814,197117,6,Dahlem,2019,7,8,7,3,0,2,0,1,1,0,0,0,0,0,Steglitz-Zehlendorf,Accident with minor injuries,Others,Turning accident,Daylight,Dry
7815,197118,1,Elberfelder Straße,2019,7,7,7,3,6,2,0,0,1,1,0,0,0,0,Mitte,Accident with minor injuries,Collision between vehicle and pedestrian,Turning accident,Daylight,Dry
7816,197119,4,George-Grosz-Platz,2019,7,10,7,3,3,6,0,1,1,0,0,0,0,0,Charlottenburg - Wilmersdorf,Accident with minor injuries,Collision with a vehicle traveling laterally in the same direction,Collision involving vehicles going in the same way,Daylight,Dry
7817,197120,9,Johannisthal West,2019,7,12,7,3,2,6,0,0,1,0,0,0,1,0,Treptow-Köpenick,Accident with minor injuries,Collision with the vehicle in front/waiting vehicle,Collision involving vehicles going in the same way,Daylight,Dry
7818,197121,10,Mahlsdorf Süd,2019,7,8,6,2,5,3,0,1,1,0,0,0,0,1,Marzahn-Hellersdorf,Accident with serious injuries,Collision with a turning/crossing vehicle,Turning/Crossing accident,Daylight,Wet/moist/slippery
7819,197122,4,Breitscheidplatz,2019,7,14,6,3,1,5,0,0,1,0,0,0,0,0,Charlottenburg - Wilmersdorf,Accident with minor injuries,Collision with a moving/standing/parked vehicle,Accident involving parked vehicles,Daylight,Dry
7820,197123,10,Biesdorf Süd,2019,7,10,6,3,5,3,0,0,1,0,0,0,0,1,Marzahn-Hellersdorf,Accident with minor injuries,Collision with a turning/crossing vehicle,Turning/Crossing accident,Daylight,Wet/moist/slippery
7821,197124,7,Volkspark (Rudolf-Wilde-Park),2019,7,11,6,3,6,7,0,0,1,1,0,0,0,0,Tempelhof-Schöneberg,Accident with minor injuries,Collision between vehicle and pedestrian,Others,Daylight,Dry
7822,197125,8,Flughafenstraße,2019,7,21,6,3,0,5,2,0,1,0,0,0,0,0,Neukölln,Accident with minor injuries,Others,Accident involving parked vehicles,Dark,Dry
7823,197126,3,Arnimplatz,2019,7,17,6,3,5,2,0,1,1,0,0,0,0,0,Pankow,Accident with minor injuries,Collision with a turning/crossing vehicle,Turning accident,Daylight,Dry
7824,197127,1,Lüneburger Straße,2019,7,17,6,3,3,6,0,1,0,0,0,0,1,1,Mitte,Accident with minor injuries,Collision with a vehicle traveling laterally in the same direction,Collision involving vehicles going in the same way,Daylight,Wet/moist/slippery
7825,197128,6,Zehlendorf Mitte,2019,7,17,6,3,5,2,0,1,1,0,0,0,0,0,Steglitz-Zehlendorf,Accident with minor injuries,Collision with a turning/crossing vehicle,Turning accident,Daylight,Dry
7826,197129,10,Alt-Marzahn,2019,7,17,4,3,2,2,0,0,1,0,0,0,0,0,Marzahn-Hellersdorf,Accident with minor injuries,Collision with the vehicle in front/waiting vehicle,Turning accident,Daylight,Dry
7827,197130,4,Babelsberger Straße,2019,7,8,4,3,5,3,0,1,0,0,0,0,1,0,Charlottenburg - Wilmersdorf,Accident with minor injuries,Collision with a turning/crossing vehicle,Turning/Crossing accident,Daylight,Dry
7828,197131,5,Griesingerstraße,2019,7,15,6,3,5,2,0,1,1,0,0,0,0,1,Spandau,Accident with minor injuries,Collision with a turning/crossing vehicle,Turning accident,Daylight,Wet/moist/slippery
7829,197132,6,Augustaplatz,2019,7,14,6,3,2,6,0,0,1,0,0,0,0,0,Steglitz-Zehlendorf,Accident with minor injuries,Collision with the vehicle in front/waiting vehicle,Collision involving vehicles going in the same way,Daylight,Dry
7830,197133,3,Buch,2019,7,14,6,2,5,3,0,0,1,0,1,0,0,1,Pankow,Accident with serious injuries,Collision with a turning/crossing vehicle,Turning/Crossing accident,Daylight,Wet/moist/slippery
7831,197134,1,Gesundbrunnen,2019,7,14,6,3,2,6,0,0,1,0,0,0,0,1,Mitte,Accident with minor injuries,Collision with the vehicle in front/waiting vehicle,Collision involving vehicles going in the same way,Daylight,Wet/moist/slippery
7832,197135,12,Waldidyll/Flughafensee,2019,7,14,6,3,2,2,0,0,1,0,0,0,1,1,Reinickendorf,Accident with minor injuries,Collision with the vehicle in front/waiting vehicle,Turning accident,Daylight,Wet/moist/slippery
7833,197136,12,Schorfheidestraße,2019,7,13,6,3,2,6,0,0,1,0,0,0,0,1,Reinickendorf,Accident with minor injuries,Collision with the vehicle in front/waiting vehicle,Collision involving vehicles going in the same way,Daylight,Wet/moist/slippery
7834,197137,1,Elberfelder Straße,2019,7,12,6,3,2,6,0,0,1,0,0,0,0,1,Mitte,Accident with minor injuries,Collision with the vehicle in front/waiting vehicle,Collision involving vehicles going in the same way,Daylight,Wet/moist/slippery
7835,197138,2,Wriezener Bahnhof/Entwicklungsgebiet,2019,7,12,6,3,6,7,0,1,0,0,0,0,1,1,Friedrichshain - Kreuzberg,Accident with minor injuries,Collision between vehicle and pedestrian,Others,Daylight,Wet/moist/slippery
7836,197139,10,Landsberger Tor,2019,7,16,6,3,2,6,0,0,1,0,0,0,0,0,Marzahn-Hellersdorf,Accident with minor injuries,Collision with the vehicle in front/waiting vehicle,Collision involving vehicles going in the same way,Daylight,Dry
7837,197140,10,Marzahner Chaussee,2019,7,12,6,3,5,3,0,0,1,0,0,0,1,1,Marzahn-Hellersdorf,Accident with minor injuries,Collision with a turning/crossing vehicle,Turning/Crossing accident,Daylight,Wet/moist/slippery
7838,197141,10,Alte Hellersdorfer Straße,2019,7,12,6,3,5,3,0,1,1,0,0,0,0,1,Marzahn-Hellersdorf,Accident with minor injuries,Collision with a turning/crossing vehicle,Turning/Crossing accident,Daylight,Wet/moist/slippery
7839,197142,7,Marienfelde Süd,2019,7,11,6,3,5,2,0,0,1,0,0,0,0,0,Tempelhof-Schöneberg,Accident with minor injuries,Collision with a turning/crossing vehicle,Turning accident,Daylight,Dry
7840,197143,12,Wittenau Süd,2019,7,10,6,2,5,3,0,0,1,0,0,0,0,1,Reinickendorf,Accident with serious injuries,Collision with a turning/crossing vehicle,Turning/Crossing accident,Daylight,Wet/moist/slippery
7841,197144,7,Dennewitzplatz,2019,7,10,6,3,0,1,0,1,0,0,0,0,0,1,Tempelhof-Schöneberg,Accident with minor injuries,Others,Driving accident,Daylight,Wet/moist/slippery
7842,197145,11,Weitlingstraße,2019,7,12,6,3,1,5,0,1,1,0,0,0,0,1,Lichtenberg,Accident with minor injuries,Collision with a moving/standing/parked vehicle,Accident involving parked vehicles,Daylight,Wet/moist/slippery
7843,197146,12,Ziekowstraße/Freie Scholle,2019,7,10,6,3,8,1,0,0,1,0,0,0,0,1,Reinickendorf,Accident with minor injuries,Departure from the roadway to the right,Driving accident,Daylight,Wet/moist/slippery
7844,197147,3,Pankow Zentrum,2019,7,16,6,3,2,6,0,0,1,0,0,0,0,1,Pankow,Accident with minor injuries,Collision with the vehicle in front/waiting vehicle,Collision involving vehicles going in the same way,Daylight,Wet/moist/slippery
7845,197148,4,Ernst-Reuter-Platz,2019,7,15,6,3,5,7,0,0,1,0,0,0,0,1,Charlottenburg - Wilmersdorf,Accident with minor injuries,Collision with a turning/crossing vehicle,Others,Daylight,Wet/moist/slippery
7846,197149,1,Stülerstraße,2019,7,10,6,3,0,1,0,0,0,0,1,0,0,1,Mitte,Accident with minor injuries,Others,Driving accident,Daylight,Wet/moist/slippery
7847,197150,3,Buch,2019,7,10,6,3,0,3,0,0,1,0,1,0,0,1,Pankow,Accident with minor injuries,Others,Turning/Crossing accident,Daylight,Wet/moist/slippery
7848,197151,7,Friedenau,2019,7,9,6,3,1,5,0,1,1,0,0,0,0,1,Tempelhof-Schöneberg,Accident with minor injuries,Collision with a moving/standing/parked vehicle,Accident involving parked vehicles,Daylight,Wet/moist/slippery
7849,197152,4,Rathaus Wilmersdorf,2019,7,9,6,3,2,6,0,0,1,0,0,0,1,1,Charlottenburg - Wilmersdorf,Accident with minor injuries,Collision with the vehicle in front/waiting vehicle,Collision involving vehicles going in the same way,Daylight,Wet/moist/slippery
7850,197153,5,Amorbacher Weg,2019,7,8,6,3,2,6,0,0,1,0,0,0,0,1,Spandau,Accident with minor injuries,Collision with the vehicle in front/waiting vehicle,Collision involving vehicles going in the same way,Daylight,Wet/moist/slippery
7851,197154,1,Leipziger Straße,2019,7,9,6,3,0,7,0,1,1,0,0,0,0,0,Mitte,Accident with minor injuries,Others,Others,Daylight,Dry
7852,197155,7,Imbrosweg,2019,7,8,6,2,9,1,0,0,1,0,0,0,0,1,Tempelhof-Schöneberg,Accident with serious injuries,Departure from the roadway to the left,Driving accident,Daylight,Wet/moist/slippery
7853,197156,4,Halensee,2019,7,8,6,3,0,1,0,0,0,0,1,0,0,1,Charlottenburg - Wilmersdorf,Accident with minor injuries,Others,Driving accident,Daylight,Wet/moist/slippery
7854,197157,7,Marienhöhe,2019,7,8,6,3,5,2,0,0,1,0,0,0,1,1,Tempelhof-Schöneberg,Accident with minor injuries,Collision with a turning/crossing vehicle,Turning accident,Daylight,Wet/moist/slippery
7855,197158,1,Nördlicher Landwehrkanal,2019,7,7,6,3,2,6,0,0,1,0,0,1,0,1,Mitte,Accident with minor injuries,Collision with the vehicle in front/waiting vehicle,Collision involving vehicles going in the same way,Daylight,Wet/moist/slippery
7856,197159,10,Gut Hellersdorf,2019,7,7,6,3,5,3,0,0,1,0,0,0,0,1,Marzahn-Hellersdorf,Accident with minor injuries,Collision with a turning/crossing vehicle,Turning/Crossing accident,Daylight,Wet/moist/slippery
7857,197160,12,Ziekowstraße/Freie Scholle,2019,7,7,6,3,2,6,0,0,1,0,0,0,0,1,Reinickendorf,Accident with minor injuries,Collision with the vehicle in front/waiting vehicle,Collision involving vehicles going in the same way,Daylight,Wet/moist/slippery
7858,197161,1,Invalidenstraße,2019,7,6,6,2,5,2,0,0,1,0,1,0,0,1,Mitte,Accident with serious injuries,Collision with a turning/crossing vehicle,Turning accident,Daylight,Wet/moist/slippery
7859,197162,5,Adamstraße,2019,7,6,6,3,5,3,0,0,1,0,0,0,0,1,Spandau,Accident with minor injuries,Collision with a turning/crossing vehicle,Turning/Crossing accident,Daylight,Wet/moist/slippery
7860,197163,2,Urbanstraße,2019,7,1,6,3,0,3,2,1,1,0,0,0,0,0,Friedrichshain - Kreuzberg,Accident with minor injuries,Others,Turning/Crossing accident,Dark,Dry
7861,197164,4,Karl-August-Platz,2019,7,16,6,3,2,7,0,1,1,0,0,0,0,0,Charlottenburg - Wilmersdorf,Accident with minor injuries,Collision with the vehicle in front/waiting vehicle,Others,Daylight,Dry
7862,197165,2,Rathaus Yorckstraße,2019,7,9,5,3,5,2,0,1,0,0,0,0,0,0,Friedrichshain - Kreuzberg,Accident with minor injuries,Collision with a turning/crossing vehicle,Turning accident,Daylight,Dry
7863,197166,2,Weberwiese,2019,7,14,5,3,6,7,0,0,0,1,0,0,1,0,Friedrichshain - Kreuzberg,Accident with minor injuries,Collision between vehicle and pedestrian,Others,Daylight,Dry
7864,197167,2,Andreasviertel,2019,7,14,5,3,6,4,0,1,0,1,0,0,0,0,Friedrichshain - Kreuzberg,Accident with minor injuries,Collision between vehicle and pedestrian,Pedestrian crossing accident,Daylight,Dry
7865,197168,5,Borkumer Straße,2019,7,14,5,3,5,3,0,0,1,0,1,0,0,0,Spandau,Accident with minor injuries,Collision with a turning/crossing vehicle,Turning/Crossing accident,Daylight,Dry
7866,197169,3,Pankow Zentrum,2019,7,14,5,3,2,6,0,0,1,0,0,0,0,0,Pankow,Accident with minor injuries,Collision with the vehicle in front/waiting vehicle,Collision involving vehicles going in the same way,Daylight,Dry
7867,197170,7,Manteuffelstraße,2019,7,22,5,3,5,2,2,1,1,0,0,0,0,1,Tempelhof-Schöneberg,Accident with minor injuries,Collision with a turning/crossing vehicle,Turning accident,Dark,Wet/moist/slippery
7868,197171,1,Humboldthain Nordwest,2019,7,13,5,3,6,4,0,1,0,1,0,0,0,0,Mitte,Accident with minor injuries,Collision between vehicle and pedestrian,Pedestrian crossing accident,Daylight,Dry
7869,197172,4,Schloßgarten,2019,7,19,5,2,0,7,0,1,0,0,0,0,0,0,Charlottenburg - Wilmersdorf,Accident with serious injuries,Others,Others,Daylight,Dry
7870,197173,1,Wilhelmstraße,2019,7,13,5,3,6,6,0,1,0,1,0,0,0,0,Mitte,Accident with minor injuries,Collision between vehicle and pedestrian,Collision involving vehicles going in the same way,Daylight,Dry
7871,197174,2,Stralauer Kiez,2019,7,20,5,3,2,6,0,0,1,0,1,0,0,0,Friedrichshain - Kreuzberg,Accident with minor injuries,Collision with the vehicle in front/waiting vehicle,Collision involving vehicles going in the same way,Daylight,Dry
7872,197175,1,Gesundbrunnen,2019,7,19,5,3,6,4,0,0,1,1,0,0,0,0,Mitte,Accident with minor injuries,Collision between vehicle and pedestrian,Pedestrian crossing accident,Daylight,Dry
7873,197176,2,Hausburgviertel,2019,7,13,5,3,2,7,0,0,1,0,1,0,0,0,Friedrichshain - Kreuzberg,Accident with minor injuries,Collision with the vehicle in front/waiting vehicle,Others,Daylight,Dry
7874,197177,2,Lausitzer Platz,2019,7,20,5,3,5,3,0,1,0,0,0,0,0,0,Friedrichshain - Kreuzberg,Accident with minor injuries,Collision with a turning/crossing vehicle,Turning/Crossing accident,Daylight,Dry
7875,197178,10,Alt-Marzahn,2019,7,12,5,3,0,3,0,0,1,0,1,0,0,0,Marzahn-Hellersdorf,Accident with minor injuries,Others,Turning/Crossing accident,Daylight,Dry
7876,197179,4,Friedenau,2019,7,12,5,2,5,3,0,0,1,0,0,0,0,0,Charlottenburg - Wilmersdorf,Accident with serious injuries,Collision with a turning/crossing vehicle,Turning/Crossing accident,Daylight,Dry
7877,197180,5,Borkumer Straße,2019,7,11,5,3,5,2,0,0,1,0,1,0,0,0,Spandau,Accident with minor injuries,Collision with a turning/crossing vehicle,Turning accident,Daylight,Dry
7878,197181,2,Samariterviertel,2019,7,10,5,3,5,2,0,1,1,0,0,0,0,0,Friedrichshain - Kreuzberg,Accident with minor injuries,Collision with a turning/crossing vehicle,Turning accident,Daylight,Dry
7879,197182,9,Köpenicker Landstraße,2019,7,9,5,2,2,6,0,0,1,0,0,0,0,0,Treptow-Köpenick,Accident with serious injuries,Collision with the vehicle in front/waiting vehicle,Collision involving vehicles going in the same way,Daylight,Dry
7880,197183,1,Heidestraße,2019,7,9,5,3,5,2,0,0,1,0,0,0,0,0,Mitte,Accident with minor injuries,Collision with a turning/crossing vehicle,Turning accident,Daylight,Dry
7881,197184,8,Reuterkiez,2019,7,17,5,2,1,5,0,1,1,0,0,0,0,0,Neukölln,Accident with serious injuries,Collision with a moving/standing/parked vehicle,Accident involving parked vehicles,Daylight,Dry
7882,197185,7,Bayerischer Platz,2019,7,8,5,3,5,2,0,1,1,0,0,0,0,0,Tempelhof-Schöneberg,Accident with minor injuries,Collision with a turning/crossing vehicle,Turning accident,Daylight,Dry
7883,197186,2,Askanischer Platz,2019,7,8,5,3,6,2,0,0,1,1,0,0,0,0,Friedrichshain - Kreuzberg,Accident with minor injuries,Collision between vehicle and pedestrian,Turning accident,Daylight,Dry
7884,197187,9,Köpenicker Landstraße,2019,7,9,5,3,5,2,0,1,1,0,0,0,0,0,Treptow-Köpenick,Accident with minor injuries,Collision with a turning/crossing vehicle,Turning accident,Daylight,Dry
7885,197188,8,Rollberg,2019,7,23,5,3,9,1,2,0,1,0,0,0,0,1,Neukölln,Accident with minor injuries,Departure from the roadway to the left,Driving accident,Dark,Wet/moist/slippery
7886,197189,12,Ziekowstraße/Freie Scholle,2019,7,23,5,3,0,1,2,1,0,0,0,0,0,0,Reinickendorf,Accident with minor injuries,Others,Driving accident,Dark,Dry
7887,197190,8,Schillerpromenade,2019,7,22,5,3,1,5,2,1,1,0,0,0,0,1,Neukölln,Accident with minor injuries,Collision with a moving/standing/parked vehicle,Accident involving parked vehicles,Dark,Wet/moist/slippery
7888,197191,7,Eisenacher Straße,2019,7,17,5,3,6,7,0,0,1,1,0,0,0,0,Tempelhof-Schöneberg,Accident with minor injuries,Collision between vehicle and pedestrian,Others,Daylight,Dry
7889,197192,11,Weitlingstraße,2019,7,14,5,3,0,1,0,0,0,0,1,0,0,0,Lichtenberg,Accident with minor injuries,Others,Driving accident,Daylight,Dry
7890,197193,5,Freiheit,2019,7,21,4,3,1,5,1,0,1,0,0,1,0,0,Spandau,Accident with minor injuries,Collision with a moving/standing/parked vehicle,Accident involving parked vehicles,Twilight,Dry
7891,197194,7,Germaniagarten,2019,7,21,4,2,5,3,1,1,0,0,0,0,1,0,Tempelhof-Schöneberg,Accident with serious injuries,Collision with a turning/crossing vehicle,Turning/Crossing accident,Twilight,Dry
7892,197195,2,Urbanstraße,2019,7,21,4,3,5,3,1,1,1,0,0,0,0,1,Friedrichshain - Kreuzberg,Accident with minor injuries,Collision with a turning/crossing vehicle,Turning/Crossing accident,Twilight,Wet/moist/slippery
7893,197196,1,Invalidenstraße,2019,7,21,4,3,0,1,2,0,0,0,1,0,0,1,Mitte,Accident with minor injuries,Others,Driving accident,Dark,Wet/moist/slippery
7894,197197,1,Wilhelmstraße,2019,7,21,4,3,5,3,2,1,1,0,0,0,0,1,Mitte,Accident with minor injuries,Collision with a turning/crossing vehicle,Turning/Crossing accident,Dark,Wet/moist/slippery
7895,197198,4,George-Grosz-Platz,2019,7,20,4,3,3,6,0,1,1,0,0,0,0,0,Charlottenburg - Wilmersdorf,Accident with minor injuries,Collision with a vehicle traveling laterally in the same direction,Collision involving vehicles going in the same way,Daylight,Dry
7896,197199,5,Werkstraße,2019,7,20,4,2,9,1,0,0,0,0,1,0,0,0,Spandau,Accident with serious injuries,Departure from the roadway to the left,Driving accident,Daylight,Dry
7897,197200,1,Unter den Linden Nord,2019,7,20,4,3,5,2,0,1,1,0,0,0,0,0,Mitte,Accident with minor injuries,Collision with a turning/crossing vehicle,Turning accident,Daylight,Dry
7898,197201,11,Fennpfuhl Ost,2019,7,19,4,3,5,3,0,0,1,0,0,0,0,0,Lichtenberg,Accident with minor injuries,Collision with a turning/crossing vehicle,Turning/Crossing accident,Daylight,Dry
7899,197202,2,Urbanstraße,2019,7,19,4,3,0,2,0,0,1,0,1,0,0,0,Friedrichshain - Kreuzberg,Accident with minor injuries,Others,Turning accident,Daylight,Dry
7900,197203,10,Marzahner Chaussee,2019,7,18,4,3,5,7,0,0,1,0,0,0,0,0,Marzahn-Hellersdorf,Accident with minor injuries,Collision with a turning/crossing vehicle,Others,Daylight,Dry
7901,197204,6,Markelstraße,2019,7,18,4,3,0,6,0,1,0,0,0,0,1,0,Steglitz-Zehlendorf,Accident with minor injuries,Others,Collision involving vehicles going in the same way,Daylight,Dry
7902,197205,8,Rixdorf,2019,7,17,4,3,5,2,0,1,1,0,0,0,0,0,Neukölln,Accident with minor injuries,Collision with a turning/crossing vehicle,Turning accident,Daylight,Dry
7903,197206,1,Wilhelmstraße,2019,7,17,4,3,5,2,0,1,1,0,0,0,0,0,Mitte,Accident with minor injuries,Collision with a turning/crossing vehicle,Turning accident,Daylight,Dry
7904,197207,10,Oberfeldstraße,2019,7,15,4,3,5,2,0,0,1,0,0,0,0,0,Marzahn-Hellersdorf,Accident with minor injuries,Collision with a turning/crossing vehicle,Turning accident,Daylight,Dry
7905,197208,3,Volkspark Prenzlauer Berg,2019,7,14,4,3,5,3,0,1,0,0,0,0,1,0,Pankow,Accident with minor injuries,Collision with a turning/crossing vehicle,Turning/Crossing accident,Daylight,Dry
7906,197209,1,Humboldthain Nordwest,2019,7,14,4,3,2,7,0,1,1,0,0,0,0,0,Mitte,Accident with minor injuries,Collision with the vehicle in front/waiting vehicle,Others,Daylight,Dry
7907,197210,12,Waldidyll/Flughafensee,2019,7,13,4,3,3,6,0,0,1,0,0,0,0,0,Reinickendorf,Accident with minor injuries,Collision with a vehicle traveling laterally in the same direction,Collision involving vehicles going in the same way,Daylight,Dry
7908,197211,12,Heiligensee,2019,7,13,4,3,1,5,0,0,1,0,0,0,0,0,Reinickendorf,Accident with minor injuries,Collision with a moving/standing/parked vehicle,Accident involving parked vehicles,Daylight,Dry
7909,197212,8,Schillerpromenade,2019,7,11,4,3,2,6,0,0,1,0,0,1,0,0,Neukölln,Accident with minor injuries,Collision with the vehicle in front/waiting vehicle,Collision involving vehicles going in the same way,Daylight,Dry
7910,197213,9,Oberspree,2019,7,10,4,2,6,4,0,0,1,1,0,0,0,0,Treptow-Köpenick,Accident with serious injuries,Collision between vehicle and pedestrian,Pedestrian crossing accident,Daylight,Dry
7911,197214,3,Pankow Süd,2019,7,7,4,3,1,5,0,0,1,0,0,0,1,0,Pankow,Accident with minor injuries,Collision with a moving/standing/parked vehicle,Accident involving parked vehicles,Daylight,Dry
7912,197215,3,Heinersdorf,2019,7,10,4,3,2,6,0,0,1,0,0,0,0,0,Pankow,Accident with minor injuries,Collision with the vehicle in front/waiting vehicle,Collision involving vehicles going in the same way,Daylight,Dry
7913,197216,3,Arnimplatz,2019,7,9,4,3,3,6,0,0,1,0,1,0,0,0,Pankow,Accident with minor injuries,Collision with a vehicle traveling laterally in the same direction,Collision involving vehicles going in the same way,Daylight,Dry
7914,197217,1,Charitéviertel,2019,7,10,4,3,5,3,0,0,1,0,1,0,0,0,Mitte,Accident with minor injuries,Collision with a turning/crossing vehicle,Turning/Crossing accident,Daylight,Dry
7915,197218,8,Reuterkiez,2019,7,3,7,3,2,6,2,1,1,0,0,0,0,0,Neukölln,Accident with minor injuries,Collision with the vehicle in front/waiting vehicle,Collision involving vehicles going in the same way,Dark,Dry
7916,197219,2,Urbanstraße,2019,7,3,7,2,0,1,2,0,0,0,1,0,0,0,Friedrichshain - Kreuzberg,Accident with serious injuries,Others,Driving accident,Dark,Dry
7917,197220,5,Motardstraße,2019,7,2,7,2,0,1,2,0,1,0,0,0,0,0,Spandau,Accident with serious injuries,Others,Driving accident,Dark,Dry
7918,197221,1,Stülerstraße,2019,7,22,6,2,5,3,2,1,0,0,0,0,0,0,Mitte,Accident with serious injuries,Collision with a turning/crossing vehicle,Turning/Crossing accident,Dark,Dry