,object id,district,street,year,month,hour of day,weekday,category,accident type,accident type 2,light situation,bike involved,car involved,pedestrian involved,motor bike involved,big track involved,other vehicle involved,road condition,district name,category name,accident detail,accident type detail,light condition,road condition detail
7919,197222,4,Spreestadt,2019,7,14,7,3,5,2,0,1,1,0,0,0,0,0,Charlottenburg - Wilmersdorf,Accident with minor injuries,Collision with a turning/crossing vehicle,Turning accident,Daylight,Dry
7920,197223,4,Karl-August-Platz,2019,7,14,7,2,3,6,0,1,1,0,0,0,0,0,Charlottenburg - Wilmersdorf,Accident with serious injuries,Collision with a vehicle traveling laterally in the same direction,Collision involving vehicles going in the same way,Daylight,Dry
7921,197224,1,Stephankiez,2019,7,13,7,3,0,2,0,0,1,0,1,0,0,0,Mitte,Accident with minor injuries,Others,Turning accident,Daylight,Dry
7922,197225,9,Elsenstraße,2019,7,22,7,3,6,4,2,1,0,1,0,0,0,0,Treptow-Köpenick,Accident with minor injuries,Collision between vehicle and pedestrian,Pedestrian crossing accident,Dark,Dry
7923,197226,1,Unter den Linden Süd,2019,7,13,7,2,0,7,0,0,1,1,0,0,1,0,Mitte,Accident with serious injuries,Others,Others,Daylight,Dry
7924,197227,1,Emdener Straße,2019,7,12,7,2,2,2,0,1,1,0,0,0,0,0,Mitte,Accident with serious injuries,Collision with the vehicle in front/waiting vehicle,Turning accident,Daylight,Dry
7925,197228,2,Andreasviertel,2019,7,21,7,3,5,2,1,1,1,0,0,0,0,0,Friedrichshain - Kreuzberg,Accident with minor injuries,Collision with a turning/crossing vehicle,Turning accident,Twilight,Dry
7926,197229,5,Adamstraße,2019,7,12,7,2,5,2,0,0,1,0,0,0,0,0,Spandau,Accident with serious injuries,Collision with a turning/crossing vehicle,Turning accident,Daylight,Dry
7927,197230,12,Hermsdorf,2019,7,12,7,3,5,2,0,1,1,0,0,0,0,0,Reinickendorf,Accident with minor injuries,Collision with a turning/crossing vehicle,Turning accident,Daylight,Dry
7928,197231,6,Nikolassee,2019,7,12,7,3,5,2,0,1,1,0,0,0,0,0,Steglitz-Zehlendorf,Accident with minor injuries,Collision with a turning/crossing vehicle,Turning accident,Daylight,Dry
7929,197232,12,Humboldtstraße,2019,7,12,7,3,4,5,0,0,1,0,0,0,1,0,Reinickendorf,Accident with minor injuries,Collision with oncoming vehicle,Accident involving parked vehicles,Daylight,Dry
7930,197233,10,Oberfeldstraße,2019,7,19,7,3,3,6,0,0,1,0,1,0,0,0,Marzahn-Hellersdorf,Accident with minor injuries,Collision with a vehicle traveling laterally in the same direction,Collision involving vehicles going in the same way,Daylight,Dry
7931,197234,8,Gropiusstadt Ost,2019,7,11,7,3,0,1,0,0,0,0,1,0,0,0,Neukölln,Accident with minor injuries,Others,Driving accident,Daylight,Dry
7932,197235,1,Invalidenstraße,2019,7,11,7,3,1,5,0,1,0,0,0,0,1,0,Mitte,Accident with minor injuries,Collision with a moving/standing/parked vehicle,Accident involving parked vehicles,Daylight,Dry
7933,197236,3,Weißenseer Spitze,2019,7,11,7,3,5,2,0,0,1,0,0,0,0,0,Pankow,Accident with minor injuries,Collision with a turning/crossing vehicle,Turning accident,Daylight,Dry
7934,197237,9,Köpenicker Landstraße,2019,7,11,7,3,5,3,0,0,1,0,0,0,0,0,Treptow-Köpenick,Accident with minor injuries,Collision with a turning/crossing vehicle,Turning/Crossing accident,Daylight,Dry
7935,197238,1,Stülerstraße,2019,7,11,7,2,5,3,0,1,1,0,0,0,0,0,Mitte,Accident with serious injuries,Collision with a turning/crossing vehicle,Turning/Crossing accident,Daylight,Dry
7936,197239,11,Karlshorst Süd,2019,7,10,7,3,5,3,0,1,0,0,0,0,1,0,Lichtenberg,Accident with minor injuries,Collision with a turning/crossing vehicle,Turning/Crossing accident,Daylight,Dry
7937,197240,9,Adlershof West,2019,7,8,7,3,0,6,0,0,0,0,1,0,1,0,Treptow-Köpenick,Accident with minor injuries,Others,Collision involving vehicles going in the same way,Daylight,Dry
7938,197241,2,Andreasviertel,2019,7,4,7,3,5,3,1,0,1,0,0,0,0,0,Friedrichshain - Kreuzberg,Accident with minor injuries,Collision with a turning/crossing vehicle,Turning/Crossing accident,Twilight,Dry
7939,197242,4,Park Ruhwald,2019,7,7,6,3,3,6,0,1,0,0,0,0,1,0,Charlottenburg - Wilmersdorf,Accident with minor injuries,Collision with a vehicle traveling laterally in the same direction,Collision involving vehicles going in the same way,Daylight,Dry
7940,197243,9,Johannisthal West,2019,7,6,6,3,3,6,0,1,0,0,0,0,1,0,Treptow-Köpenick,Accident with minor injuries,Collision with a vehicle traveling laterally in the same direction,Collision involving vehicles going in the same way,Daylight,Dry
7941,197244,11,Mühlengrund,2019,7,16,6,3,5,2,0,1,1,0,0,0,0,0,Lichtenberg,Accident with minor injuries,Collision with a turning/crossing vehicle,Turning accident,Daylight,Dry
7942,197245,3,Niederschönhausen,2019,7,16,6,3,5,3,0,1,1,0,0,0,0,0,Pankow,Accident with minor injuries,Collision with a turning/crossing vehicle,Turning/Crossing accident,Daylight,Dry
7943,197246,6,Stadtpark,2019,7,15,6,3,2,6,0,0,1,0,1,0,0,0,Steglitz-Zehlendorf,Accident with minor injuries,Collision with the vehicle in front/waiting vehicle,Collision involving vehicles going in the same way,Daylight,Dry
7944,197247,11,Karlshorst Nord,2019,7,15,6,2,0,1,0,0,0,0,0,0,1,0,Lichtenberg,Accident with serious injuries,Others,Driving accident,Daylight,Dry
7945,197248,6,Zehlendorf Mitte,2019,7,15,6,2,5,7,0,0,0,0,1,0,1,0,Steglitz-Zehlendorf,Accident with serious injuries,Collision with a turning/crossing vehicle,Others,Daylight,Dry
7946,197249,2,Reichenberger Straße,2019,7,15,6,2,5,3,0,1,0,0,0,0,1,0,Friedrichshain - Kreuzberg,Accident with serious injuries,Collision with a turning/crossing vehicle,Turning/Crossing accident,Daylight,Dry
7947,197250,7,Nollendorfplatz,2019,7,13,6,3,2,6,0,0,1,0,0,0,1,0,Tempelhof-Schöneberg,Accident with minor injuries,Collision with the vehicle in front/waiting vehicle,Collision involving vehicles going in the same way,Daylight,Dry
7948,197251,3,Rennbahnstraße,2019,7,13,6,3,5,3,0,0,1,0,0,0,0,0,Pankow,Accident with minor injuries,Collision with a turning/crossing vehicle,Turning/Crossing accident,Daylight,Dry
7949,197252,4,Plötzensee,2019,7,13,6,3,2,6,0,0,1,0,1,0,0,0,Charlottenburg - Wilmersdorf,Accident with minor injuries,Collision with the vehicle in front/waiting vehicle,Collision involving vehicles going in the same way,Daylight,Dry
7950,197253,9,Johannisthal West,2019,7,13,6,3,5,2,0,1,1,0,0,0,0,0,Treptow-Köpenick,Accident with minor injuries,Collision with a turning/crossing vehicle,Turning accident,Daylight,Dry
7951,197254,8,Handwerker-Siedlung,2019,7,12,6,2,2,6,0,0,1,0,0,0,0,0,Neukölln,Accident with serious injuries,Collision with the vehicle in front/waiting vehicle,Collision involving vehicles going in the same way,Daylight,Dry
7952,197255,2,Chamissokiez,2019,7,12,6,3,0,7,0,1,0,0,0,0,0,0,Friedrichshain - Kreuzberg,Accident with minor injuries,Others,Others,Daylight,Dry
7953,197256,4,Lietzensee,2019,7,11,6,3,6,7,0,0,1,1,0,0,0,0,Charlottenburg - Wilmersdorf,Accident with minor injuries,Collision between vehicle and pedestrian,Others,Daylight,Dry
7954,197257,7,Kettinger Straße/Schillerstraße,2019,7,11,6,3,3,6,0,0,1,0,1,0,0,0,Tempelhof-Schöneberg,Accident with minor injuries,Collision with a vehicle traveling laterally in the same direction,Collision involving vehicles going in the same way,Daylight,Dry
7955,197258,2,Lausitzer Platz,2019,7,10,6,3,5,2,0,1,0,0,0,1,0,0,Friedrichshain - Kreuzberg,Accident with minor injuries,Collision with a turning/crossing vehicle,Turning accident,Daylight,Dry
7956,197259,3,Volkspark Prenzlauer Berg,2019,7,22,6,3,5,3,2,1,1,0,0,0,0,0,Pankow,Accident with minor injuries,Collision with a turning/crossing vehicle,Turning/Crossing accident,Dark,Dry
7957,197260,7,Manteuffelstraße,2019,7,21,6,3,5,2,2,0,1,0,0,0,0,0,Tempelhof-Schöneberg,Accident with minor injuries,Collision with a turning/crossing vehicle,Turning accident,Dark,Dry
7958,197261,9,Elsenstraße,2019,7,21,6,2,5,3,1,1,1,0,0,0,0,0,Treptow-Köpenick,Accident with serious injuries,Collision with a turning/crossing vehicle,Turning/Crossing accident,Twilight,Dry
7959,197262,2,Andreasviertel,2019,7,20,6,3,5,3,0,1,1,0,0,0,0,0,Friedrichshain - Kreuzberg,Accident with minor injuries,Collision with a turning/crossing vehicle,Turning/Crossing accident,Daylight,Dry
7960,197263,7,Neu-Tempelhof,2019,7,19,6,3,5,2,0,0,1,0,0,0,0,0,Tempelhof-Schöneberg,Accident with minor injuries,Collision with a turning/crossing vehicle,Turning accident,Daylight,Dry
7961,197264,4,Hindemithplatz,2019,7,1,6,3,5,3,2,0,1,0,0,0,0,0,Charlottenburg - Wilmersdorf,Accident with minor injuries,Collision with a turning/crossing vehicle,Turning/Crossing accident,Dark,Dry
7962,197265,8,Gropiusstadt Nord,2019,7,19,6,3,5,7,0,1,1,0,0,0,0,0,Neukölln,Accident with minor injuries,Collision with a turning/crossing vehicle,Others,Daylight,Dry
7963,197266,11,Karlshorst Nord,2019,7,10,6,3,6,4,0,0,1,1,0,0,0,0,Lichtenberg,Accident with minor injuries,Collision between vehicle and pedestrian,Pedestrian crossing accident,Daylight,Dry
7964,197267,5,Borkumer Straße,2019,7,9,6,3,0,6,0,0,0,0,0,0,1,0,Spandau,Accident with minor injuries,Others,Collision involving vehicles going in the same way,Daylight,Dry
7965,197268,11,Fennpfuhl Ost,2019,7,9,6,3,5,2,0,1,1,0,0,0,0,0,Lichtenberg,Accident with minor injuries,Collision with a turning/crossing vehicle,Turning accident,Daylight,Dry
7966,197269,1,Charitéviertel,2019,7,9,6,3,5,3,0,0,1,0,0,0,1,0,Mitte,Accident with minor injuries,Collision with a turning/crossing vehicle,Turning/Crossing accident,Daylight,Dry
7967,197270,1,Sparrplatz,2019,7,8,6,2,5,3,0,1,1,0,0,0,0,0,Mitte,Accident with serious injuries,Collision with a turning/crossing vehicle,Turning/Crossing accident,Daylight,Dry
7968,197271,7,Friedenau,2019,7,8,6,3,4,6,0,1,1,0,0,0,0,0,Tempelhof-Schöneberg,Accident with minor injuries,Collision with oncoming vehicle,Collision involving vehicles going in the same way,Daylight,Dry
7969,197272,11,Weitlingstraße,2019,7,7,6,3,5,3,0,1,1,0,0,0,0,0,Lichtenberg,Accident with minor injuries,Collision with a turning/crossing vehicle,Turning/Crossing accident,Daylight,Dry
7970,197273,9,Köpenick Nord,2019,7,6,6,3,1,1,0,0,1,0,0,0,0,0,Treptow-Köpenick,Accident with minor injuries,Collision with a moving/standing/parked vehicle,Driving accident,Daylight,Dry
7971,197274,2,Stralauer Kiez,2019,7,6,6,3,5,2,0,1,1,0,0,0,0,0,Friedrichshain - Kreuzberg,Accident with minor injuries,Collision with a turning/crossing vehicle,Turning accident,Daylight,Dry
7972,197275,1,Unter den Linden Nord,2019,7,15,6,3,3,6,0,0,1,0,0,0,1,0,Mitte,Accident with minor injuries,Collision with a vehicle traveling laterally in the same direction,Collision involving vehicles going in the same way,Daylight,Dry
7973,197276,8,Buckow Mitte,2019,7,11,5,3,0,3,0,1,1,0,0,0,0,0,Neukölln,Accident with minor injuries,Others,Turning/Crossing accident,Daylight,Dry
7974,197277,8,Weiße Siedlung,2019,7,21,5,2,9,1,2,0,0,0,1,0,0,0,Neukölln,Accident with serious injuries,Departure from the roadway to the left,Driving accident,Dark,Dry
7975,197278,1,Alexanderplatzviertel,2019,7,21,5,3,6,4,0,1,0,1,0,0,0,0,Mitte,Accident with minor injuries,Collision between vehicle and pedestrian,Pedestrian crossing accident,Daylight,Dry
7976,197279,1,Leopoldplatz,2019,7,20,5,3,5,2,0,0,1,0,0,0,1,0,Mitte,Accident with minor injuries,Collision with a turning/crossing vehicle,Turning accident,Daylight,Dry
7977,197280,4,Breitscheidplatz,2019,7,19,5,3,5,3,0,1,1,0,0,0,0,0,Charlottenburg - Wilmersdorf,Accident with minor injuries,Collision with a turning/crossing vehicle,Turning/Crossing accident,Daylight,Dry
7978,197281,6,Krumme Lanke,2019,7,18,5,3,5,3,0,0,1,0,1,0,0,0,Steglitz-Zehlendorf,Accident with minor injuries,Collision with a turning/crossing vehicle,Turning/Crossing accident,Daylight,Dry
7979,197282,8,Buckow Mitte,2019,7,18,5,3,5,2,0,0,1,0,0,0,0,0,Neukölln,Accident with minor injuries,Collision with a turning/crossing vehicle,Turning accident,Daylight,Dry
7980,197283,11,Orankesee,2019,7,16,5,3,0,7,0,0,1,0,0,0,1,0,Lichtenberg,Accident with minor injuries,Others,Others,Daylight,Dry
7981,197284,2,Graefekiez,2019,7,15,5,3,5,2,0,1,0,0,0,0,1,0,Friedrichshain - Kreuzberg,Accident with minor injuries,Collision with a turning/crossing vehicle,Turning accident,Daylight,Dry
7982,197285,1,Wilhelmstraße,2019,7,18,5,3,5,3,0,1,1,0,0,0,0,0,Mitte,Accident with minor injuries,Collision with a turning/crossing vehicle,Turning/Crossing accident,Daylight,Dry
7983,197286,2,Andreasviertel,2019,7,15,5,3,2,6,0,0,1,0,0,0,0,0,Friedrichshain - Kreuzberg,Accident with minor injuries,Collision with the vehicle in front/waiting vehicle,Collision involving vehicles going in the same way,Daylight,Dry
7984,197287,1,Elberfelder Straße,2019,7,17,5,3,5,7,0,1,0,0,0,0,1,0,Mitte,Accident with minor injuries,Collision with a turning/crossing vehicle,Others,Daylight,Dry
7985,197288,1,Reinickendorfer Straße,2019,7,15,5,3,5,2,0,0,1,0,1,0,0,0,Mitte,Accident with minor injuries,Collision with a turning/crossing vehicle,Turning accident,Daylight,Dry
7986,197289,1,Unter den Linden Süd,2019,7,17,5,3,5,7,0,1,1,0,0,0,0,0,Mitte,Accident with minor injuries,Collision with a turning/crossing vehicle,Others,Daylight,Dry
7987,197290,1,Reinickendorfer Straße,2019,7,15,5,3,6,7,0,0,1,1,0,0,0,0,Mitte,Accident with minor injuries,Collision between vehicle and pedestrian,Others,Daylight,Dry
7988,197291,4,Prager Platz,2019,7,15,5,3,6,3,0,0,1,1,0,0,0,0,Charlottenburg - Wilmersdorf,Accident with minor injuries,Collision between vehicle and pedestrian,Turning/Crossing accident,Daylight,Dry
7989,197292,8,Reuterkiez,2019,7,17,5,3,5,3,0,1,0,0,0,0,0,0,Neukölln,Accident with minor injuries,Collision with a turning/crossing vehicle,Turning/Crossing accident,Daylight,Dry
7990,197293,8,Parchimer Allee,2019,7,14,5,3,1,5,0,0,1,0,0,0,1,0,Neukölln,Accident with minor injuries,Collision with a moving/standing/parked vehicle,Accident involving parked vehicles,Daylight,Dry
7991,197294,7,Grazer Platz,2019,7,16,5,2,5,3,0,1,1,0,0,0,0,0,Tempelhof-Schöneberg,Accident with serious injuries,Collision with a turning/crossing vehicle,Turning/Crossing accident,Daylight,Dry
7992,197295,12,Rollbergesiedlung,2019,7,14,5,3,0,5,0,0,1,0,0,0,1,0,Reinickendorf,Accident with minor injuries,Others,Accident involving parked vehicles,Daylight,Dry
7993,197296,9,Bölschestraße,2019,7,13,5,3,1,1,0,1,1,0,0,0,0,0,Treptow-Köpenick,Accident with minor injuries,Collision with a moving/standing/parked vehicle,Driving accident,Daylight,Dry
7994,197297,1,Großer Tiergarten,2019,7,11,5,3,3,2,0,0,1,0,0,0,0,0,Mitte,Accident with minor injuries,Collision with a vehicle traveling laterally in the same direction,Turning accident,Daylight,Dry
7995,197298,7,Kettinger Straße/Schillerstraße,2019,7,11,5,3,5,2,0,0,1,0,0,1,0,0,Tempelhof-Schöneberg,Accident with minor injuries,Collision with a turning/crossing vehicle,Turning accident,Daylight,Dry
7996,197299,1,Beusselkiez,2019,7,11,5,3,6,2,0,0,0,1,0,0,1,0,Mitte,Accident with minor injuries,Collision between vehicle and pedestrian,Turning accident,Daylight,Dry
7997,197300,9,Adlershof Ost,2019,7,11,5,3,2,6,0,0,1,0,0,0,1,0,Treptow-Köpenick,Accident with minor injuries,Collision with the vehicle in front/waiting vehicle,Collision involving vehicles going in the same way,Daylight,Dry
7998,197301,7,Neu-Tempelhof,2019,7,11,5,3,2,6,0,0,1,0,0,0,1,0,Tempelhof-Schöneberg,Accident with minor injuries,Collision with the vehicle in front/waiting vehicle,Collision involving vehicles going in the same way,Daylight,Dry
7999,197302,1,Charitéviertel,2019,7,10,5,3,5,3,0,0,1,0,0,0,1,0,Mitte,Accident with minor injuries,Collision with a turning/crossing vehicle,Turning/Crossing accident,Daylight,Dry
8000,197303,1,Nördlicher Landwehrkanal,2019,7,10,5,3,1,5,0,1,1,0,0,0,0,0,Mitte,Accident with minor injuries,Collision with a moving/standing/parked vehicle,Accident involving parked vehicles,Daylight,Dry
8001,197304,11,Weitlingstraße,2019,7,10,5,3,1,1,0,0,1,0,0,0,0,0,Lichtenberg,Accident with minor injuries,Collision with a moving/standing/parked vehicle,Driving accident,Daylight,Dry
8002,197305,11,Malchower Weg,2019,7,9,5,2,5,2,0,0,0,0,1,0,1,0,Lichtenberg,Accident with serious injuries,Collision with a turning/crossing vehicle,Turning accident,Daylight,Dry
8003,197306,3,Heinersdorf,2019,7,9,5,3,2,6,0,0,1,0,0,0,0,0,Pankow,Accident with minor injuries,Collision with the vehicle in front/waiting vehicle,Collision involving vehicles going in the same way,Daylight,Dry
8004,197307,1,Heine-Viertel Ost,2019,7,9,5,3,5,3,0,1,1,0,0,0,0,0,Mitte,Accident with minor injuries,Collision with a turning/crossing vehicle,Turning/Crossing accident,Daylight,Dry
8005,197308,4,Breite Straße,2019,7,7,5,3,5,3,0,1,1,0,0,0,0,0,Charlottenburg - Wilmersdorf,Accident with minor injuries,Collision with a turning/crossing vehicle,Turning/Crossing accident,Daylight,Dry
8006,197309,7,Neu-Tempelhof,2019,7,5,5,3,0,1,1,0,0,0,0,0,1,0,Tempelhof-Schöneberg,Accident with minor injuries,Others,Driving accident,Twilight,Dry
8007,197310,5,An der Kappe,2019,7,3,5,2,1,1,2,0,1,0,0,0,0,0,Spandau,Accident with serious injuries,Collision with a moving/standing/parked vehicle,Driving accident,Dark,Dry
8008,197311,3,Komponistenviertel Weißensee,2019,7,17,5,3,6,2,0,0,1,1,0,0,0,0,Pankow,Accident with minor injuries,Collision between vehicle and pedestrian,Turning accident,Daylight,Dry
8009,197312,2,Wrangelkiez,2019,7,14,5,3,5,7,0,0,0,0,1,0,1,0,Friedrichshain - Kreuzberg,Accident with minor injuries,Collision with a turning/crossing vehicle,Others,Daylight,Dry
8010,197313,7,Dennewitzplatz,2019,7,10,5,3,0,7,0,0,0,0,1,0,0,1,Tempelhof-Schöneberg,Accident with minor injuries,Others,Others,Daylight,Wet/moist/slippery
8011,197314,4,Breitscheidplatz,2019,7,10,4,3,1,5,0,1,0,0,0,0,1,0,Charlottenburg - Wilmersdorf,Accident with minor injuries,Collision with a moving/standing/parked vehicle,Accident involving parked vehicles,Daylight,Dry
8012,197315,7,Ceciliengärten,2019,7,15,4,3,6,4,0,1,0,1,0,0,0,0,Tempelhof-Schöneberg,Accident with minor injuries,Collision between vehicle and pedestrian,Pedestrian crossing accident,Daylight,Dry
8013,197316,5,Gütersloher Weg,2019,7,17,4,2,5,2,0,1,1,0,0,0,0,0,Spandau,Accident with serious injuries,Collision with a turning/crossing vehicle,Turning accident,Daylight,Dry
8014,197317,11,Große-Leege-Straße,2019,7,17,4,3,5,2,0,1,1,0,0,0,0,0,Lichtenberg,Accident with minor injuries,Collision with a turning/crossing vehicle,Turning accident,Daylight,Dry
8015,197318,2,Andreasviertel,2019,7,17,4,3,0,2,0,0,1,0,1,0,0,0,Friedrichshain - Kreuzberg,Accident with minor injuries,Others,Turning accident,Daylight,Dry
8016,197319,9,Baumschulenstraße,2019,7,16,4,3,6,2,0,0,0,1,0,1,0,0,Treptow-Köpenick,Accident with minor injuries,Collision between vehicle and pedestrian,Turning accident,Daylight,Dry
8017,197320,1,Brunnenstraße,2019,7,16,4,3,6,7,0,1,0,1,0,0,0,0,Mitte,Accident with minor injuries,Collision between vehicle and pedestrian,Others,Daylight,Dry
8018,197321,6,Komponistenviertel Lankwitz,2019,7,16,4,3,5,3,0,1,1,0,0,0,0,0,Steglitz-Zehlendorf,Accident with minor injuries,Collision with a turning/crossing vehicle,Turning/Crossing accident,Daylight,Dry
8019,197322,7,Rathaus Tempelhof,2019,7,16,4,3,2,7,0,0,0,0,1,0,1,0,Tempelhof-Schöneberg,Accident with minor injuries,Collision with the vehicle in front/waiting vehicle,Others,Daylight,Dry
8020,197323,4,Paul-Hertz-Siedlung,2019,7,5,4,3,0,6,0,0,0,0,1,0,0,0,Charlottenburg - Wilmersdorf,Accident with minor injuries,Others,Collision involving vehicles going in the same way,Daylight,Dry
8021,197324,5,Alt-Gatow,2019,7,23,4,3,0,1,2,1,0,0,0,0,0,0,Spandau,Accident with minor injuries,Others,Driving accident,Dark,Dry
8022,197325,1,Brunnenstraße,2019,7,20,4,3,0,3,0,1,0,0,0,0,1,0,Mitte,Accident with minor injuries,Others,Turning/Crossing accident,Daylight,Dry
8023,197326,1,Arkonaplatz,2019,7,19,4,3,1,5,0,1,1,0,0,0,0,0,Mitte,Accident with minor injuries,Collision with a moving/standing/parked vehicle,Accident involving parked vehicles,Daylight,Dry
8024,197327,12,Rehberge,2019,7,19,4,3,2,4,0,0,1,1,0,0,0,0,Reinickendorf,Accident with minor injuries,Collision with the vehicle in front/waiting vehicle,Pedestrian crossing accident,Daylight,Dry
8025,197328,11,Rummelsburg,2019,7,18,4,3,2,3,0,0,1,0,0,0,0,0,Lichtenberg,Accident with minor injuries,Collision with the vehicle in front/waiting vehicle,Turning/Crossing accident,Daylight,Dry
8026,197329,2,Boxhagener Platz,2019,7,18,4,3,0,6,0,1,0,0,0,0,0,0,Friedrichshain - Kreuzberg,Accident with minor injuries,Others,Collision involving vehicles going in the same way,Daylight,Dry
8027,197330,1,Oranienburger Straße,2019,7,18,4,3,5,3,0,1,1,0,0,0,0,0,Mitte,Accident with minor injuries,Collision with a turning/crossing vehicle,Turning/Crossing accident,Daylight,Dry
8028,197331,5,Zitadellenweg,2019,7,18,4,2,2,6,0,0,1,0,1,0,0,0,Spandau,Accident with serious injuries,Collision with the vehicle in front/waiting vehicle,Collision involving vehicles going in the same way,Daylight,Dry
8029,197332,2,Urbanstraße,2019,7,18,4,3,5,2,0,0,1,0,1,0,0,0,Friedrichshain - Kreuzberg,Accident with minor injuries,Collision with a turning/crossing vehicle,Turning accident,Daylight,Dry
8030,197333,7,Neu-Tempelhof,2019,7,18,4,3,6,2,0,1,0,1,0,0,0,0,Tempelhof-Schöneberg,Accident with minor injuries,Collision between vehicle and pedestrian,Turning accident,Daylight,Dry
8031,197334,1,Arkonaplatz,2019,7,18,4,3,0,1,0,1,0,0,0,0,0,0,Mitte,Accident with minor injuries,Others,Driving accident,Daylight,Dry
8032,197335,10,Helle Mitte,2019,7,17,4,3,6,7,0,0,1,1,0,0,0,0,Marzahn-Hellersdorf,Accident with minor injuries,Collision between vehicle and pedestrian,Others,Daylight,Dry
8033,197336,1,Schillerpark,2019,7,12,4,3,2,2,0,0,1,0,0,0,1,0,Mitte,Accident with minor injuries,Collision with the vehicle in front/waiting vehicle,Turning accident,Daylight,Dry
8034,197337,9,Oberschöneweide Ost,2019,7,12,4,3,0,6,0,0,1,0,1,0,0,0,Treptow-Köpenick,Accident with minor injuries,Others,Collision involving vehicles going in the same way,Daylight,Dry
8035,197338,7,Dennewitzplatz,2019,7,12,4,3,5,2,0,1,1,0,0,0,0,0,Tempelhof-Schöneberg,Accident with minor injuries,Collision with a turning/crossing vehicle,Turning accident,Daylight,Dry
8036,197339,9,Köpenicker Landstraße,2019,7,11,4,2,6,7,0,0,1,1,0,0,0,0,Treptow-Köpenick,Accident with serious injuries,Collision between vehicle and pedestrian,Others,Daylight,Dry
8037,197340,3,Bötzowstraße,2019,7,10,4,2,6,4,0,0,1,1,0,0,0,0,Pankow,Accident with serious injuries,Collision between vehicle and pedestrian,Pedestrian crossing accident,Daylight,Dry
8038,197341,7,Wittenbergplatz/Viktoria-Luise-Platz,2019,7,9,4,3,5,2,0,0,1,0,0,0,0,0,Tempelhof-Schöneberg,Accident with minor injuries,Collision with a turning/crossing vehicle,Turning accident,Daylight,Dry
8039,197342,7,Nollendorfplatz,2019,7,8,4,3,5,3,0,1,1,0,0,0,0,0,Tempelhof-Schöneberg,Accident with minor injuries,Collision with a turning/crossing vehicle,Turning/Crossing accident,Daylight,Dry
8040,197343,1,Leipziger Straße,2019,7,8,4,3,1,5,0,1,1,0,0,0,0,0,Mitte,Accident with minor injuries,Collision with a moving/standing/parked vehicle,Accident involving parked vehicles,Daylight,Dry
8041,197344,11,Fennpfuhl Ost,2019,7,8,4,3,5,2,0,1,1,0,0,0,0,0,Lichtenberg,Accident with minor injuries,Collision with a turning/crossing vehicle,Turning accident,Daylight,Dry
8042,197345,11,Rüdigerstraße,2019,7,7,4,3,5,3,0,0,1,0,1,0,0,0,Lichtenberg,Accident with minor injuries,Collision with a turning/crossing vehicle,Turning/Crossing accident,Daylight,Dry
8043,197346,5,Freiheit,2019,7,7,4,3,6,4,0,0,1,1,0,0,0,0,Spandau,Accident with minor injuries,Collision between vehicle and pedestrian,Pedestrian crossing accident,Daylight,Dry
8044,197347,3,Buch,2019,7,16,4,3,2,6,0,0,1,0,0,0,0,0,Pankow,Accident with minor injuries,Collision with the vehicle in front/waiting vehicle,Collision involving vehicles going in the same way,Daylight,Dry
8045,197348,11,Karlshorst Nord,2019,7,16,4,3,0,7,0,1,1,0,0,0,0,0,Lichtenberg,Accident with minor injuries,Others,Others,Daylight,Dry
8046,197349,4,Droysenstraße,2019,7,15,4,2,5,2,0,0,1,0,1,0,0,0,Charlottenburg - Wilmersdorf,Accident with serious injuries,Collision with a turning/crossing vehicle,Turning accident,Daylight,Dry
8047,197350,12,Waldidyll/Flughafensee,2019,7,15,4,3,3,5,0,1,1,0,0,0,0,0,Reinickendorf,Accident with minor injuries,Collision with a vehicle traveling laterally in the same direction,Accident involving parked vehicles,Daylight,Dry
8048,197351,4,Prager Platz,2019,7,14,4,2,6,4,0,1,0,1,0,0,0,0,Charlottenburg - Wilmersdorf,Accident with serious injuries,Collision between vehicle and pedestrian,Pedestrian crossing accident,Daylight,Dry
8049,197352,3,Gesundbrunnen,2019,7,14,4,3,2,6,0,0,1,0,0,0,0,0,Pankow,Accident with minor injuries,Collision with the vehicle in front/waiting vehicle,Collision involving vehicles going in the same way,Daylight,Dry
8050,197353,3,Behaimstraße,2019,7,13,4,3,6,2,0,0,1,1,0,0,0,0,Pankow,Accident with minor injuries,Collision between vehicle and pedestrian,Turning accident,Daylight,Dry
8051,197354,1,Hansaviertel,2019,7,13,4,3,0,3,0,0,1,0,0,0,0,0,Mitte,Accident with minor injuries,Others,Turning/Crossing accident,Daylight,Dry
8052,197355,1,Heidestraße,2019,7,13,4,3,5,2,0,1,1,0,0,0,0,0,Mitte,Accident with minor injuries,Collision with a turning/crossing vehicle,Turning accident,Daylight,Dry
8053,197356,11,Hauptstraße,2019,7,12,4,3,3,6,0,0,1,0,0,1,0,0,Lichtenberg,Accident with minor injuries,Collision with a vehicle traveling laterally in the same direction,Collision involving vehicles going in the same way,Daylight,Dry
8054,197357,2,Hausburgviertel,2019,7,13,4,2,3,6,0,0,1,0,1,0,0,0,Friedrichshain - Kreuzberg,Accident with serious injuries,Collision with a vehicle traveling laterally in the same direction,Collision involving vehicles going in the same way,Daylight,Dry
8055,197358,10,Alt-Marzahn,2019,7,5,4,3,6,4,0,0,0,1,0,0,1,0,Marzahn-Hellersdorf,Accident with minor injuries,Collision between vehicle and pedestrian,Pedestrian crossing accident,Daylight,Dry