,object id,district,street,year,month,hour of day,weekday,category,accident type,accident type 2,light situation,bike involved,car involved,pedestrian involved,motor bike involved,big track involved,other vehicle involved,road condition,district name,category name,accident detail,accident type detail,light condition,road condition detail
8056,197359,2,Andreasviertel,2019,7,20,4,3,5,2,0,0,1,0,1,0,0,0,Friedrichshain - Kreuzberg,Accident with minor injuries,Collision with a turning/crossing vehicle,Turning accident,Daylight,Dry
8057,197360,9,Grünau,2019,7,19,3,3,6,4,0,1,0,1,0,0,0,0,Treptow-Köpenick,Accident with minor injuries,Collision between vehicle and pedestrian,Pedestrian crossing accident,Daylight,Dry
8058,197361,1,Humboldthain Süd,2019,7,21,3,3,5,3,2,0,1,0,1,0,0,0,Mitte,Accident with minor injuries,Collision with a turning/crossing vehicle,Turning/Crossing accident,Dark,Dry
8059,197362,1,Humboldthain Nordwest,2019,7,20,3,3,0,7,0,0,1,0,0,0,0,0,Mitte,Accident with minor injuries,Others,Others,Daylight,Dry
8060,197363,7,Kaiser-Wilhelm-Platz,2019,7,19,3,3,2,7,0,1,0,0,0,0,1,0,Tempelhof-Schöneberg,Accident with minor injuries,Collision with the vehicle in front/waiting vehicle,Others,Daylight,Dry
8061,197364,9,Oberschöneweide Ost,2019,7,19,3,3,5,2,0,1,1,0,0,0,0,0,Treptow-Köpenick,Accident with minor injuries,Collision with a turning/crossing vehicle,Turning accident,Daylight,Dry
8062,197365,2,Graefekiez,2019,7,19,3,2,5,7,1,0,1,0,1,0,0,0,Friedrichshain - Kreuzberg,Accident with serious injuries,Collision with a turning/crossing vehicle,Others,Twilight,Dry
8063,197366,1,Oranienburger Straße,2019,7,19,3,2,1,5,0,1,1,0,0,0,0,0,Mitte,Accident with serious injuries,Collision with a moving/standing/parked vehicle,Accident involving parked vehicles,Daylight,Dry
8064,197367,1,Oranienburger Straße,2019,7,18,3,3,2,6,0,0,1,0,1,0,0,0,Mitte,Accident with minor injuries,Collision with the vehicle in front/waiting vehicle,Collision involving vehicles going in the same way,Daylight,Dry
8065,197368,5,Maulbeerallee,2019,7,18,3,3,5,3,0,0,1,0,0,0,0,0,Spandau,Accident with minor injuries,Collision with a turning/crossing vehicle,Turning/Crossing accident,Daylight,Dry
8066,197369,8,Alt-Rudow,2019,7,18,3,3,0,3,0,0,1,0,1,0,0,0,Neukölln,Accident with minor injuries,Others,Turning/Crossing accident,Daylight,Dry
8067,197370,2,Wriezener Bahnhof/Entwicklungsgebiet,2019,7,17,3,3,6,4,0,0,1,1,0,0,0,0,Friedrichshain - Kreuzberg,Accident with minor injuries,Collision between vehicle and pedestrian,Pedestrian crossing accident,Daylight,Dry
8068,197371,2,Lausitzer Platz,2019,7,17,3,3,2,6,0,1,0,0,0,0,0,0,Friedrichshain - Kreuzberg,Accident with minor injuries,Collision with the vehicle in front/waiting vehicle,Collision involving vehicles going in the same way,Daylight,Dry
8069,197372,2,Stralauer Kiez,2019,7,16,3,3,5,3,0,1,1,0,0,0,0,0,Friedrichshain - Kreuzberg,Accident with minor injuries,Collision with a turning/crossing vehicle,Turning/Crossing accident,Daylight,Dry
8070,197373,9,Oberschöneweide West,2019,7,16,3,3,5,7,0,0,1,0,0,0,1,0,Treptow-Köpenick,Accident with minor injuries,Collision with a turning/crossing vehicle,Others,Daylight,Dry
8071,197374,3,Buch,2019,7,11,3,3,0,1,0,1,0,0,0,0,0,0,Pankow,Accident with minor injuries,Others,Driving accident,Daylight,Dry
8072,197375,1,Arkonaplatz,2019,7,16,3,2,0,1,0,1,0,0,0,0,0,0,Mitte,Accident with serious injuries,Others,Driving accident,Daylight,Dry
8073,197376,1,Invalidenstraße,2019,7,16,3,3,0,1,0,1,0,0,0,0,0,0,Mitte,Accident with minor injuries,Others,Driving accident,Daylight,Dry
8074,197377,1,Unter den Linden Süd,2019,7,15,3,3,5,2,0,0,1,0,1,0,0,0,Mitte,Accident with minor injuries,Collision with a turning/crossing vehicle,Turning accident,Daylight,Dry
8075,197378,8,Donaustraße,2019,7,15,3,2,0,1,0,1,0,0,0,0,0,0,Neukölln,Accident with serious injuries,Others,Driving accident,Daylight,Dry
8076,197379,2,Andreasviertel,2019,7,14,3,3,0,7,0,1,1,0,0,0,0,0,Friedrichshain - Kreuzberg,Accident with minor injuries,Others,Others,Daylight,Dry
8077,197380,1,Westliche Müllerstraße,2019,7,13,3,3,2,6,0,0,0,0,1,0,1,0,Mitte,Accident with minor injuries,Collision with the vehicle in front/waiting vehicle,Collision involving vehicles going in the same way,Daylight,Dry
8078,197381,6,Komponistenviertel Lankwitz,2019,7,13,3,3,5,7,0,0,1,0,1,0,0,0,Steglitz-Zehlendorf,Accident with minor injuries,Collision with a turning/crossing vehicle,Others,Daylight,Dry
8079,197382,9,Kietzer Feld/Nachtheide,2019,7,13,3,2,5,3,0,1,1,0,0,0,0,0,Treptow-Köpenick,Accident with serious injuries,Collision with a turning/crossing vehicle,Turning/Crossing accident,Daylight,Dry
8080,197383,8,Schillerpromenade,2019,7,12,3,3,5,7,0,0,1,0,1,0,0,0,Neukölln,Accident with minor injuries,Collision with a turning/crossing vehicle,Others,Daylight,Dry
8081,197384,4,Hindemithplatz,2019,7,12,3,3,3,2,0,0,1,0,0,0,0,0,Charlottenburg - Wilmersdorf,Accident with minor injuries,Collision with a vehicle traveling laterally in the same direction,Turning accident,Daylight,Dry
8082,197385,1,Charitéviertel,2019,7,12,3,3,1,5,0,1,1,0,0,0,0,0,Mitte,Accident with minor injuries,Collision with a moving/standing/parked vehicle,Accident involving parked vehicles,Daylight,Dry
8083,197386,4,Eisenzahnstraße,2019,7,11,3,3,2,2,0,0,1,0,1,0,0,0,Charlottenburg - Wilmersdorf,Accident with minor injuries,Collision with the vehicle in front/waiting vehicle,Turning accident,Daylight,Dry
8084,197387,2,Oranienplatz,2019,7,11,3,3,6,4,0,0,1,1,0,0,0,0,Friedrichshain - Kreuzberg,Accident with minor injuries,Collision between vehicle and pedestrian,Pedestrian crossing accident,Daylight,Dry
8085,197388,4,Hindemithplatz,2019,7,11,3,3,2,6,0,0,1,0,1,0,0,0,Charlottenburg - Wilmersdorf,Accident with minor injuries,Collision with the vehicle in front/waiting vehicle,Collision involving vehicles going in the same way,Daylight,Dry
8086,197389,3,Pankow Zentrum,2019,7,11,3,3,5,3,0,0,1,0,1,0,0,0,Pankow,Accident with minor injuries,Collision with a turning/crossing vehicle,Turning/Crossing accident,Daylight,Dry
8087,197390,5,Carl-Schurz-Straße,2019,7,17,3,3,2,6,0,0,1,0,0,0,0,0,Spandau,Accident with minor injuries,Collision with the vehicle in front/waiting vehicle,Collision involving vehicles going in the same way,Daylight,Dry
8088,197391,5,Döberitzer Weg,2019,7,10,3,3,2,6,0,0,1,0,0,0,0,0,Spandau,Accident with minor injuries,Collision with the vehicle in front/waiting vehicle,Collision involving vehicles going in the same way,Daylight,Dry
8089,197392,7,Neu-Tempelhof,2019,7,10,3,3,2,2,0,0,1,0,1,0,0,0,Tempelhof-Schöneberg,Accident with minor injuries,Collision with the vehicle in front/waiting vehicle,Turning accident,Daylight,Dry
8090,197393,2,Wrangelkiez,2019,7,10,3,3,0,1,0,1,0,0,0,0,0,0,Friedrichshain - Kreuzberg,Accident with minor injuries,Others,Driving accident,Daylight,Dry
8091,197394,1,Leopoldplatz,2019,7,9,3,3,2,6,0,0,1,0,0,0,0,0,Mitte,Accident with minor injuries,Collision with the vehicle in front/waiting vehicle,Collision involving vehicles going in the same way,Daylight,Dry
8092,197395,11,Rummelsburg,2019,7,9,3,3,5,2,0,1,1,0,0,0,0,0,Lichtenberg,Accident with minor injuries,Collision with a turning/crossing vehicle,Turning accident,Daylight,Dry
8093,197396,4,Tegeler Weg,2019,7,9,3,3,2,2,0,0,1,0,1,0,0,0,Charlottenburg - Wilmersdorf,Accident with minor injuries,Collision with the vehicle in front/waiting vehicle,Turning accident,Daylight,Dry
8094,197397,3,Greifswalder Straße,2019,7,9,3,3,1,5,0,1,1,0,0,0,0,0,Pankow,Accident with minor injuries,Collision with a moving/standing/parked vehicle,Accident involving parked vehicles,Daylight,Dry
8095,197398,9,Bölschestraße,2019,7,7,3,3,5,7,0,1,0,0,0,0,1,0,Treptow-Köpenick,Accident with minor injuries,Collision with a turning/crossing vehicle,Others,Daylight,Dry
8096,197399,3,Wilhelmsruh,2019,7,6,3,3,5,3,0,0,1,0,0,0,1,0,Pankow,Accident with minor injuries,Collision with a turning/crossing vehicle,Turning/Crossing accident,Daylight,Dry
8097,197400,11,Falkenberg West,2019,7,6,3,3,5,3,0,0,1,0,1,0,0,0,Lichtenberg,Accident with minor injuries,Collision with a turning/crossing vehicle,Turning/Crossing accident,Daylight,Dry
8098,197401,1,Charitéviertel,2019,7,6,3,3,5,2,0,0,1,0,1,0,0,0,Mitte,Accident with minor injuries,Collision with a turning/crossing vehicle,Turning accident,Daylight,Dry
8099,197402,4,Preußenpark,2019,7,3,3,3,5,3,2,1,1,0,0,0,0,0,Charlottenburg - Wilmersdorf,Accident with minor injuries,Collision with a turning/crossing vehicle,Turning/Crossing accident,Dark,Dry
8100,197403,1,Alexanderplatzviertel,2019,7,18,3,3,0,1,0,0,0,0,0,0,1,0,Mitte,Accident with minor injuries,Others,Driving accident,Daylight,Dry
8101,197404,5,Staakener Straße,2019,7,13,3,3,1,5,0,1,1,0,0,0,0,0,Spandau,Accident with minor injuries,Collision with a moving/standing/parked vehicle,Accident involving parked vehicles,Daylight,Dry
8102,197405,1,Charitéviertel,2019,7,19,3,3,1,5,0,1,1,0,0,0,0,0,Mitte,Accident with minor injuries,Collision with a moving/standing/parked vehicle,Accident involving parked vehicles,Daylight,Dry
8103,197406,3,Humannplatz,2019,7,7,2,3,5,3,0,0,1,0,0,0,0,0,Pankow,Accident with minor injuries,Collision with a turning/crossing vehicle,Turning/Crossing accident,Daylight,Dry
8104,197407,4,Plötzensee,2019,7,6,2,3,2,2,0,0,1,0,0,1,0,0,Charlottenburg - Wilmersdorf,Accident with minor injuries,Collision with the vehicle in front/waiting vehicle,Turning accident,Daylight,Dry
8105,197408,7,Kettinger Straße/Schillerstraße,2019,7,1,2,3,0,1,2,0,1,0,0,0,0,0,Tempelhof-Schöneberg,Accident with minor injuries,Others,Driving accident,Dark,Dry
8106,197409,1,Alexanderplatzviertel,2019,7,15,2,3,5,3,0,1,1,0,0,0,0,0,Mitte,Accident with minor injuries,Collision with a turning/crossing vehicle,Turning/Crossing accident,Daylight,Dry
8107,197410,3,Pankow Zentrum,2019,7,15,2,3,2,7,0,0,0,0,1,1,0,0,Pankow,Accident with minor injuries,Collision with the vehicle in front/waiting vehicle,Others,Daylight,Dry
8108,197411,4,Schaperstraße,2019,7,17,2,3,5,2,0,1,1,0,0,0,0,1,Charlottenburg - Wilmersdorf,Accident with minor injuries,Collision with a turning/crossing vehicle,Turning accident,Daylight,Wet/moist/slippery
8109,197412,4,Halensee,2019,7,17,2,3,0,7,0,1,1,0,0,0,0,1,Charlottenburg - Wilmersdorf,Accident with minor injuries,Others,Others,Daylight,Wet/moist/slippery
8110,197413,1,Humboldthain Süd,2019,7,13,2,3,5,2,0,1,1,0,0,0,0,0,Mitte,Accident with minor injuries,Collision with a turning/crossing vehicle,Turning accident,Daylight,Dry
8111,197414,1,Humboldthain Süd,2019,7,13,2,3,3,6,0,1,0,0,0,0,1,0,Mitte,Accident with minor injuries,Collision with a vehicle traveling laterally in the same direction,Collision involving vehicles going in the same way,Daylight,Dry
8112,197415,1,Reinickendorfer Straße,2019,7,16,2,3,2,7,0,0,1,0,0,0,0,0,Mitte,Accident with minor injuries,Collision with the vehicle in front/waiting vehicle,Others,Daylight,Dry
8113,197416,1,Wilhelmstraße,2019,7,15,2,2,5,2,0,1,1,0,0,0,0,0,Mitte,Accident with serious injuries,Collision with a turning/crossing vehicle,Turning accident,Daylight,Dry
8114,197417,1,Brunnenstraße,2019,7,15,2,3,1,1,0,0,1,0,0,0,0,0,Mitte,Accident with minor injuries,Collision with a moving/standing/parked vehicle,Driving accident,Daylight,Dry
8115,197418,5,Adamstraße,2019,7,16,2,3,2,6,0,0,1,0,0,0,1,0,Spandau,Accident with minor injuries,Collision with the vehicle in front/waiting vehicle,Collision involving vehicles going in the same way,Daylight,Dry
8116,197419,4,Königin-Elisabeth-Straße,2019,7,14,2,2,3,6,0,0,1,0,0,0,0,0,Charlottenburg - Wilmersdorf,Accident with serious injuries,Collision with a vehicle traveling laterally in the same direction,Collision involving vehicles going in the same way,Daylight,Dry
8117,197420,4,Schloßgarten,2019,7,17,2,2,0,1,0,0,0,0,1,0,0,1,Charlottenburg - Wilmersdorf,Accident with serious injuries,Others,Driving accident,Daylight,Wet/moist/slippery
8118,197421,5,Amorbacher Weg,2019,7,21,2,3,9,1,1,0,1,0,0,0,0,1,Spandau,Accident with minor injuries,Departure from the roadway to the left,Driving accident,Twilight,Wet/moist/slippery
8119,197422,8,Flughafenstraße,2019,7,20,2,3,2,7,1,0,1,0,1,0,0,0,Neukölln,Accident with minor injuries,Collision with the vehicle in front/waiting vehicle,Others,Twilight,Dry
8120,197423,12,Scharnweberstraße,2019,7,19,2,3,2,6,0,0,1,0,0,0,0,0,Reinickendorf,Accident with minor injuries,Collision with the vehicle in front/waiting vehicle,Collision involving vehicles going in the same way,Daylight,Dry
8121,197424,1,Leopoldplatz,2019,7,19,2,3,1,5,0,1,1,0,0,0,1,0,Mitte,Accident with minor injuries,Collision with a moving/standing/parked vehicle,Accident involving parked vehicles,Daylight,Dry
8122,197425,2,Moritzplatz,2019,7,13,2,3,5,3,0,0,1,0,0,0,0,0,Friedrichshain - Kreuzberg,Accident with minor injuries,Collision with a turning/crossing vehicle,Turning/Crossing accident,Daylight,Dry
8123,197426,4,Droysenstraße,2019,7,13,2,3,5,2,0,0,1,0,1,0,0,0,Charlottenburg - Wilmersdorf,Accident with minor injuries,Collision with a turning/crossing vehicle,Turning accident,Daylight,Dry
8124,197427,1,Elberfelder Straße,2019,7,12,2,3,5,3,0,1,0,0,0,0,0,0,Mitte,Accident with minor injuries,Collision with a turning/crossing vehicle,Turning/Crossing accident,Daylight,Dry
8125,197428,9,Dammvorstadt,2019,7,12,2,3,5,3,0,0,1,0,0,0,0,0,Treptow-Köpenick,Accident with minor injuries,Collision with a turning/crossing vehicle,Turning/Crossing accident,Daylight,Dry
8126,197429,11,Rosenfelder Ring,2019,7,11,2,3,0,7,0,0,0,0,0,1,0,0,Lichtenberg,Accident with minor injuries,Others,Others,Daylight,Dry
8127,197430,6,Lankwitz Süd,2019,7,11,2,3,5,3,0,0,1,0,0,0,1,0,Steglitz-Zehlendorf,Accident with minor injuries,Collision with a turning/crossing vehicle,Turning/Crossing accident,Daylight,Dry
8128,197431,9,Oberschöneweide West,2019,7,11,2,3,5,3,0,1,1,0,0,0,0,0,Treptow-Köpenick,Accident with minor injuries,Collision with a turning/crossing vehicle,Turning/Crossing accident,Daylight,Dry
8129,197432,2,Mehringplatz,2019,7,9,2,3,2,6,0,1,0,0,0,0,0,0,Friedrichshain - Kreuzberg,Accident with minor injuries,Collision with the vehicle in front/waiting vehicle,Collision involving vehicles going in the same way,Daylight,Dry
8130,197433,11,Karlshorst Süd,2019,7,9,2,3,2,6,0,0,1,0,0,0,0,0,Lichtenberg,Accident with minor injuries,Collision with the vehicle in front/waiting vehicle,Collision involving vehicles going in the same way,Daylight,Dry
8131,197434,3,Pankow Zentrum,2019,7,8,2,3,5,3,0,1,1,0,0,0,0,0,Pankow,Accident with minor injuries,Collision with a turning/crossing vehicle,Turning/Crossing accident,Daylight,Dry
8132,197435,1,Charitéviertel,2019,7,6,2,3,6,4,0,1,0,1,0,0,0,0,Mitte,Accident with minor injuries,Collision between vehicle and pedestrian,Pedestrian crossing accident,Daylight,Dry
8133,197436,5,Hakenfelde Nord,2019,7,10,2,3,5,2,0,1,1,0,0,0,0,0,Spandau,Accident with minor injuries,Collision with a turning/crossing vehicle,Turning accident,Daylight,Dry
8134,197437,4,Reichsstraße,2019,7,10,2,2,6,4,0,0,1,1,0,0,0,0,Charlottenburg - Wilmersdorf,Accident with serious injuries,Collision between vehicle and pedestrian,Pedestrian crossing accident,Daylight,Dry
8135,197438,3,Herthaplatz,2019,7,20,2,3,1,5,1,1,1,0,0,0,0,0,Pankow,Accident with minor injuries,Collision with a moving/standing/parked vehicle,Accident involving parked vehicles,Twilight,Dry
8136,197439,5,Amorbacher Weg,2019,7,11,2,3,6,2,0,0,1,1,0,0,0,0,Spandau,Accident with minor injuries,Collision between vehicle and pedestrian,Turning accident,Daylight,Dry
8137,197440,9,Dorf Altglienicke,2019,7,14,1,3,6,4,0,0,1,1,0,0,0,0,Treptow-Köpenick,Accident with minor injuries,Collision between vehicle and pedestrian,Pedestrian crossing accident,Daylight,Dry
8138,197441,1,Westliche Müllerstraße,2019,7,19,1,3,2,6,0,0,1,0,0,0,0,0,Mitte,Accident with minor injuries,Collision with the vehicle in front/waiting vehicle,Collision involving vehicles going in the same way,Daylight,Dry
8139,197442,3,Pankow Süd,2019,7,22,1,3,1,7,2,0,0,0,1,0,1,0,Pankow,Accident with minor injuries,Collision with a moving/standing/parked vehicle,Others,Dark,Dry
8140,197443,4,Eisenzahnstraße,2019,7,19,1,3,1,5,0,0,1,0,1,0,0,0,Charlottenburg - Wilmersdorf,Accident with minor injuries,Collision with a moving/standing/parked vehicle,Accident involving parked vehicles,Daylight,Dry
8141,197444,3,Falkplatz,2019,7,19,1,3,5,3,0,1,1,0,0,0,0,0,Pankow,Accident with minor injuries,Collision with a turning/crossing vehicle,Turning/Crossing accident,Daylight,Dry
8142,197445,6,Zehlendorf Mitte,2019,7,19,1,3,1,5,0,0,1,0,0,0,0,0,Steglitz-Zehlendorf,Accident with minor injuries,Collision with a moving/standing/parked vehicle,Accident involving parked vehicles,Daylight,Dry
8143,197446,8,Reuterkiez,2019,7,18,1,3,0,2,0,0,1,0,0,0,1,0,Neukölln,Accident with minor injuries,Others,Turning accident,Daylight,Dry
8144,197447,9,Köpenicker Landstraße,2019,7,18,1,3,5,2,0,0,1,0,0,0,1,0,Treptow-Köpenick,Accident with minor injuries,Collision with a turning/crossing vehicle,Turning accident,Daylight,Dry
8145,197448,9,Schmöckwitz/Rauchfangswerder,2019,7,17,1,2,5,3,0,0,1,0,1,0,0,0,Treptow-Köpenick,Accident with serious injuries,Collision with a turning/crossing vehicle,Turning/Crossing accident,Daylight,Dry
8146,197449,11,Herzbergstraße,2019,7,16,1,3,3,6,0,0,1,0,1,0,0,0,Lichtenberg,Accident with minor injuries,Collision with a vehicle traveling laterally in the same direction,Collision involving vehicles going in the same way,Daylight,Dry
8147,197450,11,Zingster Straße West,2019,7,16,1,2,6,4,0,0,1,1,0,0,0,0,Lichtenberg,Accident with serious injuries,Collision between vehicle and pedestrian,Pedestrian crossing accident,Daylight,Dry
8148,197451,11,Dorf Wartenberg,2019,7,16,1,3,4,6,0,0,1,0,1,0,0,0,Lichtenberg,Accident with minor injuries,Collision with oncoming vehicle,Collision involving vehicles going in the same way,Daylight,Dry
8149,197452,2,Andreasviertel,2019,7,15,1,3,5,3,0,0,1,0,1,0,0,0,Friedrichshain - Kreuzberg,Accident with minor injuries,Collision with a turning/crossing vehicle,Turning/Crossing accident,Daylight,Dry
8150,197453,5,Darbystraße,2019,7,15,1,3,5,2,0,0,1,0,0,0,0,1,Spandau,Accident with minor injuries,Collision with a turning/crossing vehicle,Turning accident,Daylight,Wet/moist/slippery
8151,197454,4,Forst Grunewald,2019,7,14,1,3,2,6,0,1,1,0,0,0,0,0,Charlottenburg - Wilmersdorf,Accident with minor injuries,Collision with the vehicle in front/waiting vehicle,Collision involving vehicles going in the same way,Daylight,Dry
8152,197455,9,Spindlersfeld,2019,7,14,1,3,1,5,0,1,1,0,0,0,0,0,Treptow-Köpenick,Accident with minor injuries,Collision with a moving/standing/parked vehicle,Accident involving parked vehicles,Daylight,Dry
8153,197456,4,George-Grosz-Platz,2019,7,14,1,3,1,5,0,1,1,0,0,0,0,0,Charlottenburg - Wilmersdorf,Accident with minor injuries,Collision with a moving/standing/parked vehicle,Accident involving parked vehicles,Daylight,Dry
8154,197457,1,Emdener Straße,2019,7,15,1,3,8,1,0,0,1,0,0,0,1,0,Mitte,Accident with minor injuries,Departure from the roadway to the right,Driving accident,Daylight,Dry
8155,197458,12,Lübars,2019,7,10,1,3,5,3,0,0,1,0,0,0,0,1,Reinickendorf,Accident with minor injuries,Collision with a turning/crossing vehicle,Turning/Crossing accident,Daylight,Wet/moist/slippery
8156,197459,8,Reuterkiez,2019,7,2,1,2,1,5,2,1,1,0,0,0,0,1,Neukölln,Accident with serious injuries,Collision with a moving/standing/parked vehicle,Accident involving parked vehicles,Dark,Wet/moist/slippery
8157,197460,1,Gesundbrunnen,2019,7,22,1,2,0,7,2,0,0,0,0,0,1,0,Mitte,Accident with serious injuries,Others,Others,Dark,Dry
8158,197461,3,Erich-Weinert-Straße,2019,7,20,7,3,5,2,1,1,1,0,0,0,0,0,Pankow,Accident with minor injuries,Collision with a turning/crossing vehicle,Turning accident,Twilight,Dry
8159,197462,1,Humboldthain Nordwest,2019,7,18,7,3,6,4,0,0,1,1,0,0,0,0,Mitte,Accident with minor injuries,Collision between vehicle and pedestrian,Pedestrian crossing accident,Daylight,Dry
8160,197463,12,Heiligensee,2019,7,22,7,3,6,7,2,1,0,1,0,0,0,1,Reinickendorf,Accident with minor injuries,Collision between vehicle and pedestrian,Others,Dark,Wet/moist/slippery
8161,197464,7,Dennewitzplatz,2019,7,20,7,3,5,2,0,0,1,0,0,0,1,0,Tempelhof-Schöneberg,Accident with minor injuries,Collision with a turning/crossing vehicle,Turning accident,Daylight,Dry
8162,197465,12,Scharnweberstraße,2019,7,20,7,3,2,2,0,0,1,0,0,0,0,0,Reinickendorf,Accident with minor injuries,Collision with the vehicle in front/waiting vehicle,Turning accident,Daylight,Dry
8163,197466,8,Reuterkiez,2019,7,18,7,2,5,2,0,0,1,0,1,0,0,0,Neukölln,Accident with serious injuries,Collision with a turning/crossing vehicle,Turning accident,Daylight,Dry
8164,197467,11,Dorf Wartenberg,2019,7,17,7,3,9,1,0,0,1,0,0,0,0,0,Lichtenberg,Accident with minor injuries,Departure from the roadway to the left,Driving accident,Daylight,Dry
8165,197468,1,Stephankiez,2019,7,17,7,3,5,7,0,0,1,0,1,0,0,0,Mitte,Accident with minor injuries,Collision with a turning/crossing vehicle,Others,Daylight,Dry
8166,197469,7,Nollendorfplatz,2019,7,16,7,2,1,5,0,1,1,0,0,0,0,0,Tempelhof-Schöneberg,Accident with serious injuries,Collision with a moving/standing/parked vehicle,Accident involving parked vehicles,Daylight,Dry
8167,197470,4,Jungfernheide,2019,7,16,7,3,5,3,0,1,1,0,0,0,0,0,Charlottenburg - Wilmersdorf,Accident with minor injuries,Collision with a turning/crossing vehicle,Turning/Crossing accident,Daylight,Dry
8168,197471,3,Weißenseer Spitze,2019,7,16,7,3,8,1,0,0,0,0,0,0,1,0,Pankow,Accident with minor injuries,Departure from the roadway to the right,Driving accident,Daylight,Dry
8169,197472,4,Eisenzahnstraße,2019,7,15,7,3,5,2,0,1,1,0,0,0,0,0,Charlottenburg - Wilmersdorf,Accident with minor injuries,Collision with a turning/crossing vehicle,Turning accident,Daylight,Dry
8170,197473,4,Messegelände,2019,7,14,7,3,2,6,0,0,1,0,1,0,0,0,Charlottenburg - Wilmersdorf,Accident with minor injuries,Collision with the vehicle in front/waiting vehicle,Collision involving vehicles going in the same way,Daylight,Dry
8171,197474,4,Wilhelmsaue,2019,7,13,7,2,5,2,0,0,1,0,0,0,0,0,Charlottenburg - Wilmersdorf,Accident with serious injuries,Collision with a turning/crossing vehicle,Turning accident,Daylight,Dry
8172,197475,11,Herzbergstraße,2019,7,12,7,2,2,6,0,0,1,0,0,0,0,0,Lichtenberg,Accident with serious injuries,Collision with the vehicle in front/waiting vehicle,Collision involving vehicles going in the same way,Daylight,Dry
8173,197476,6,Königsberger Straße,2019,7,12,7,3,3,6,0,0,1,0,1,0,0,0,Steglitz-Zehlendorf,Accident with minor injuries,Collision with a vehicle traveling laterally in the same direction,Collision involving vehicles going in the same way,Daylight,Dry
8174,197477,7,Fritz-Werner-Straße,2019,7,11,7,3,5,2,0,0,1,0,0,0,0,0,Tempelhof-Schöneberg,Accident with minor injuries,Collision with a turning/crossing vehicle,Turning accident,Daylight,Dry
8175,197478,7,Marienfelde Süd,2019,7,11,7,3,5,3,0,1,1,0,0,0,0,0,Tempelhof-Schöneberg,Accident with minor injuries,Collision with a turning/crossing vehicle,Turning/Crossing accident,Daylight,Dry
8176,197479,10,Alte Hellersdorfer Straße,2019,7,10,7,3,5,3,0,1,1,0,0,0,0,0,Marzahn-Hellersdorf,Accident with minor injuries,Collision with a turning/crossing vehicle,Turning/Crossing accident,Daylight,Dry
8177,197480,3,Buchholz,2019,7,10,7,2,6,3,0,0,1,1,0,0,0,0,Pankow,Accident with serious injuries,Collision between vehicle and pedestrian,Turning/Crossing accident,Daylight,Dry
8178,197481,5,Zitadellenweg,2019,7,9,7,3,0,6,0,0,0,0,0,0,1,0,Spandau,Accident with minor injuries,Others,Collision involving vehicles going in the same way,Daylight,Dry
8179,197482,9,Am Treptower Park Süd,2019,7,9,7,2,6,2,0,0,1,1,0,0,0,0,Treptow-Köpenick,Accident with serious injuries,Collision between vehicle and pedestrian,Turning accident,Daylight,Dry
8180,197483,12,Reinickes Hof,2019,7,8,7,3,5,3,0,0,1,0,1,0,0,0,Reinickendorf,Accident with minor injuries,Collision with a turning/crossing vehicle,Turning/Crossing accident,Daylight,Dry
8181,197484,8,Buschkrugallee Nord,2019,7,18,7,3,5,3,0,0,1,0,0,0,0,0,Neukölln,Accident with minor injuries,Collision with a turning/crossing vehicle,Turning/Crossing accident,Daylight,Dry
8182,197485,3,Weißenseer Spitze,2019,7,22,7,3,5,2,2,1,0,0,0,0,1,1,Pankow,Accident with minor injuries,Collision with a turning/crossing vehicle,Turning accident,Dark,Wet/moist/slippery
8183,197486,5,Eckschanze,2019,7,14,6,3,2,6,0,0,1,0,0,0,0,0,Spandau,Accident with minor injuries,Collision with the vehicle in front/waiting vehicle,Collision involving vehicles going in the same way,Daylight,Dry
8184,197487,6,Feuerbachstraße,2019,7,16,6,3,5,3,0,0,1,0,0,0,0,0,Steglitz-Zehlendorf,Accident with minor injuries,Collision with a turning/crossing vehicle,Turning/Crossing accident,Daylight,Dry
8185,197488,5,Döberitzer Weg,2019,7,19,6,2,5,3,0,0,1,0,0,0,0,0,Spandau,Accident with serious injuries,Collision with a turning/crossing vehicle,Turning/Crossing accident,Daylight,Dry
8186,197489,1,Wilhelmstraße,2019,7,18,6,3,5,3,0,0,1,0,1,0,0,0,Mitte,Accident with minor injuries,Collision with a turning/crossing vehicle,Turning/Crossing accident,Daylight,Dry
8187,197490,3,Humannplatz,2019,7,16,6,2,5,3,0,0,1,0,1,0,0,1,Pankow,Accident with serious injuries,Collision with a turning/crossing vehicle,Turning/Crossing accident,Daylight,Wet/moist/slippery
8188,197491,12,Ziekowstraße/Freie Scholle,2019,7,15,6,3,2,6,0,0,1,0,0,0,0,0,Reinickendorf,Accident with minor injuries,Collision with the vehicle in front/waiting vehicle,Collision involving vehicles going in the same way,Daylight,Dry
8189,197492,11,Weiße Taube,2019,7,14,6,3,4,6,0,0,1,0,0,1,0,0,Lichtenberg,Accident with minor injuries,Collision with oncoming vehicle,Collision involving vehicles going in the same way,Daylight,Dry
8190,197493,2,Weberwiese,2019,7,13,6,3,2,7,0,0,0,0,1,1,0,0,Friedrichshain - Kreuzberg,Accident with minor injuries,Collision with the vehicle in front/waiting vehicle,Others,Daylight,Dry
8191,197494,5,Magistratsweg,2019,7,12,6,3,5,2,0,0,1,0,0,0,0,0,Spandau,Accident with minor injuries,Collision with a turning/crossing vehicle,Turning accident,Daylight,Dry