,object id,district,street,year,month,hour of day,weekday,category,accident type,accident type 2,light situation,bike involved,car involved,pedestrian involved,motor bike involved,big track involved,other vehicle involved,road condition,district name,category name,accident detail,accident type detail,light condition,road condition detail
8192,197495,12,Wittenau Süd,2019,7,11,6,3,0,5,0,1,1,0,0,0,1,0,Reinickendorf,Accident with minor injuries,Others,Accident involving parked vehicles,Daylight,Dry
8193,197496,1,Alexanderplatzviertel,2019,7,10,6,3,2,6,0,0,0,0,1,0,1,0,Mitte,Accident with minor injuries,Collision with the vehicle in front/waiting vehicle,Collision involving vehicles going in the same way,Daylight,Dry
8194,197497,6,Lankwitz Kirche,2019,7,10,6,3,5,2,0,1,1,0,0,0,0,0,Steglitz-Zehlendorf,Accident with minor injuries,Collision with a turning/crossing vehicle,Turning accident,Daylight,Dry
8195,197498,1,Unter den Linden Süd,2019,7,8,6,3,5,3,0,1,1,0,0,0,0,0,Mitte,Accident with minor injuries,Collision with a turning/crossing vehicle,Turning/Crossing accident,Daylight,Dry
8196,197499,5,Gütersloher Weg,2019,7,22,6,3,2,2,2,0,1,0,1,0,0,0,Spandau,Accident with minor injuries,Collision with the vehicle in front/waiting vehicle,Turning accident,Dark,Dry
8197,197500,8,Tempelhofer Weg,2019,7,20,6,3,5,3,2,0,1,0,0,0,0,0,Neukölln,Accident with minor injuries,Collision with a turning/crossing vehicle,Turning/Crossing accident,Dark,Dry
8198,197501,2,Stralauer Halbinsel,2019,7,16,6,3,0,1,0,0,0,0,1,0,0,1,Friedrichshain - Kreuzberg,Accident with minor injuries,Others,Driving accident,Daylight,Wet/moist/slippery
8199,197502,1,Körnerstraße,2019,7,12,6,2,6,2,0,0,0,1,0,0,1,0,Mitte,Accident with serious injuries,Collision between vehicle and pedestrian,Turning accident,Daylight,Dry
8200,197503,4,Königin-Elisabeth-Straße,2019,7,10,6,2,5,3,0,0,1,0,0,0,0,0,Charlottenburg - Wilmersdorf,Accident with serious injuries,Collision with a turning/crossing vehicle,Turning/Crossing accident,Daylight,Dry
8201,197504,11,Fennpfuhl Ost,2019,7,16,6,3,0,1,0,0,0,0,1,0,0,1,Lichtenberg,Accident with minor injuries,Others,Driving accident,Daylight,Wet/moist/slippery
8202,197505,1,Oranienburger Straße,2019,7,17,6,3,0,1,0,1,0,0,0,0,0,1,Mitte,Accident with minor injuries,Others,Driving accident,Daylight,Wet/moist/slippery
8203,197506,10,Oberfeldstraße,2019,8,15,3,3,0,2,0,1,1,0,0,0,0,1,Marzahn-Hellersdorf,Accident with minor injuries,Others,Turning accident,Daylight,Wet/moist/slippery
8204,197507,3,Pankow Süd,2019,8,17,3,1,5,5,0,0,0,0,0,0,1,0,Pankow,Accident with fatalities,Collision with a turning/crossing vehicle,Accident involving parked vehicles,Daylight,Dry
8205,197508,8,Mohriner Allee Nord,2019,8,13,2,3,3,6,0,1,1,0,0,0,0,0,Neukölln,Accident with minor injuries,Collision with a vehicle traveling laterally in the same direction,Collision involving vehicles going in the same way,Daylight,Dry
8206,197509,1,Nördlicher Landwehrkanal,2019,8,22,2,3,1,5,2,1,1,0,0,0,0,0,Mitte,Accident with minor injuries,Collision with a moving/standing/parked vehicle,Accident involving parked vehicles,Dark,Dry
8207,197510,4,Reichsstraße,2019,8,17,2,3,0,1,0,0,0,0,1,0,0,0,Charlottenburg - Wilmersdorf,Accident with minor injuries,Others,Driving accident,Daylight,Dry
8208,197511,4,Spreestadt,2019,8,16,2,3,2,2,0,0,1,0,0,0,1,0,Charlottenburg - Wilmersdorf,Accident with minor injuries,Collision with the vehicle in front/waiting vehicle,Turning accident,Daylight,Dry
8209,197512,1,Oranienburger Straße,2019,8,16,2,3,3,6,0,1,1,0,0,0,0,0,Mitte,Accident with minor injuries,Collision with a vehicle traveling laterally in the same direction,Collision involving vehicles going in the same way,Daylight,Dry
8210,197513,4,Schloßstraße,2019,8,16,2,3,5,3,0,1,1,0,0,0,0,0,Charlottenburg - Wilmersdorf,Accident with minor injuries,Collision with a turning/crossing vehicle,Turning/Crossing accident,Daylight,Dry
8211,197514,9,Schnellerstraße,2019,8,9,2,3,5,2,0,1,0,0,0,0,1,0,Treptow-Köpenick,Accident with minor injuries,Collision with a turning/crossing vehicle,Turning accident,Daylight,Dry
8212,197515,4,Babelsberger Straße,2019,8,17,2,3,3,6,0,1,1,0,0,0,0,0,Charlottenburg - Wilmersdorf,Accident with minor injuries,Collision with a vehicle traveling laterally in the same direction,Collision involving vehicles going in the same way,Daylight,Dry
8213,197516,9,Köpenick Nord,2019,8,16,2,3,0,2,0,1,0,0,0,0,1,0,Treptow-Köpenick,Accident with minor injuries,Others,Turning accident,Daylight,Dry
8214,197517,3,Volkspark Prenzlauer Berg,2019,8,16,2,3,6,2,0,0,0,1,0,1,0,0,Pankow,Accident with minor injuries,Collision between vehicle and pedestrian,Turning accident,Daylight,Dry
8215,197518,9,Adlershof Ost,2019,8,16,2,3,0,3,0,1,1,0,0,0,0,0,Treptow-Köpenick,Accident with minor injuries,Others,Turning/Crossing accident,Daylight,Dry
8216,197519,8,Reuterkiez,2019,8,15,2,3,2,6,0,0,1,0,0,0,0,0,Neukölln,Accident with minor injuries,Collision with the vehicle in front/waiting vehicle,Collision involving vehicles going in the same way,Daylight,Dry
8217,197520,7,Schöneberger Insel,2019,8,15,2,2,1,5,0,1,1,0,0,0,0,0,Tempelhof-Schöneberg,Accident with serious injuries,Collision with a moving/standing/parked vehicle,Accident involving parked vehicles,Daylight,Dry
8218,197521,1,Huttenkiez,2019,8,15,2,3,0,2,0,1,1,0,0,0,0,0,Mitte,Accident with minor injuries,Others,Turning accident,Daylight,Dry
8219,197522,7,Grazer Platz,2019,8,13,2,3,0,1,0,0,0,0,1,0,0,1,Tempelhof-Schöneberg,Accident with minor injuries,Others,Driving accident,Daylight,Wet/moist/slippery
8220,197523,1,Leipziger Straße,2019,8,11,2,3,5,3,0,1,0,0,0,0,1,0,Mitte,Accident with minor injuries,Collision with a turning/crossing vehicle,Turning/Crossing accident,Daylight,Dry
8221,197524,2,Viktoriapark,2019,8,11,2,3,1,5,0,1,1,0,0,0,0,0,Friedrichshain - Kreuzberg,Accident with minor injuries,Collision with a moving/standing/parked vehicle,Accident involving parked vehicles,Daylight,Dry
8222,197525,4,Spreestadt,2019,8,11,2,3,6,7,0,1,0,1,0,0,0,0,Charlottenburg - Wilmersdorf,Accident with minor injuries,Collision between vehicle and pedestrian,Others,Daylight,Dry
8223,197526,8,Blumenviertel,2019,8,11,2,3,5,7,0,0,1,0,1,0,0,0,Neukölln,Accident with minor injuries,Collision with a turning/crossing vehicle,Others,Daylight,Dry
8224,197527,6,Stadtpark,2019,8,11,2,3,5,3,0,0,1,0,0,0,0,0,Steglitz-Zehlendorf,Accident with minor injuries,Collision with a turning/crossing vehicle,Turning/Crossing accident,Daylight,Dry
8225,197528,1,Unter den Linden Nord,2019,8,8,2,2,5,3,0,1,1,0,0,0,0,0,Mitte,Accident with serious injuries,Collision with a turning/crossing vehicle,Turning/Crossing accident,Daylight,Dry
8226,197529,7,John-Locke-Straße,2019,8,8,2,3,5,2,0,1,1,0,0,0,0,0,Tempelhof-Schöneberg,Accident with minor injuries,Collision with a turning/crossing vehicle,Turning accident,Daylight,Dry
8227,197530,1,Andreasviertel,2019,8,8,2,3,2,6,0,0,1,0,0,0,1,0,Mitte,Accident with minor injuries,Collision with the vehicle in front/waiting vehicle,Collision involving vehicles going in the same way,Daylight,Dry
8228,197531,8,Schillerpromenade,2019,8,8,2,3,5,2,0,1,1,0,0,0,0,0,Neukölln,Accident with minor injuries,Collision with a turning/crossing vehicle,Turning accident,Daylight,Dry
8229,197532,4,Reichsstraße,2019,8,7,2,3,2,6,0,0,1,0,0,0,0,0,Charlottenburg - Wilmersdorf,Accident with minor injuries,Collision with the vehicle in front/waiting vehicle,Collision involving vehicles going in the same way,Daylight,Dry
8230,197533,3,Pankow Zentrum,2019,8,7,2,3,2,7,0,0,1,0,0,0,0,0,Pankow,Accident with minor injuries,Collision with the vehicle in front/waiting vehicle,Others,Daylight,Dry
8231,197534,3,Pankow Zentrum,2019,8,10,2,3,0,3,0,1,0,0,0,0,1,0,Pankow,Accident with minor injuries,Others,Turning/Crossing accident,Daylight,Dry
8232,197535,3,Komponistenviertel Weißensee,2019,8,7,2,3,5,2,0,0,1,0,1,0,0,0,Pankow,Accident with minor injuries,Collision with a turning/crossing vehicle,Turning accident,Daylight,Dry
8233,197536,9,Johannisthal Ost,2019,8,6,2,3,5,3,0,1,1,0,0,0,0,0,Treptow-Köpenick,Accident with minor injuries,Collision with a turning/crossing vehicle,Turning/Crossing accident,Daylight,Dry
8234,197537,2,Reichenberger Straße,2019,8,2,2,3,5,3,2,0,1,0,0,0,1,0,Friedrichshain - Kreuzberg,Accident with minor injuries,Collision with a turning/crossing vehicle,Turning/Crossing accident,Dark,Dry
8235,197538,1,Humboldthain Nordwest,2019,8,6,2,3,1,5,0,1,1,0,0,0,0,0,Mitte,Accident with minor injuries,Collision with a moving/standing/parked vehicle,Accident involving parked vehicles,Daylight,Dry
8236,197539,3,Rennbahnstraße,2019,8,10,2,3,2,6,0,0,1,0,0,0,0,0,Pankow,Accident with minor injuries,Collision with the vehicle in front/waiting vehicle,Collision involving vehicles going in the same way,Daylight,Dry
8237,197540,6,Bergstraße,2019,8,9,2,3,5,2,0,0,1,0,1,0,0,0,Steglitz-Zehlendorf,Accident with minor injuries,Collision with a turning/crossing vehicle,Turning accident,Daylight,Dry
8238,197541,10,Buckower Ring,2019,8,9,2,3,2,6,0,0,1,0,0,0,0,0,Marzahn-Hellersdorf,Accident with minor injuries,Collision with the vehicle in front/waiting vehicle,Collision involving vehicles going in the same way,Daylight,Dry
8239,197542,5,Ackerstraße,2019,8,9,2,3,5,2,0,1,1,0,0,0,0,0,Spandau,Accident with minor injuries,Collision with a turning/crossing vehicle,Turning accident,Daylight,Dry
8240,197543,7,Neu-Tempelhof,2019,8,4,1,3,2,6,2,0,1,0,0,0,0,0,Tempelhof-Schöneberg,Accident with minor injuries,Collision with the vehicle in front/waiting vehicle,Collision involving vehicles going in the same way,Dark,Dry
8241,197544,3,Rennbahnstraße,2019,8,17,1,2,0,1,0,1,0,0,0,0,0,0,Pankow,Accident with serious injuries,Others,Driving accident,Daylight,Dry
8242,197545,1,Wilhelmstraße,2019,8,13,1,3,0,1,0,0,0,0,1,0,0,0,Mitte,Accident with minor injuries,Others,Driving accident,Daylight,Dry
8243,197546,1,Alexanderplatzviertel,2019,8,0,1,3,0,1,2,0,0,0,0,0,1,0,Mitte,Accident with minor injuries,Others,Driving accident,Dark,Dry
8244,197547,5,Carl-Schurz-Straße,2019,8,12,1,3,2,6,0,0,1,0,1,0,1,0,Spandau,Accident with minor injuries,Collision with the vehicle in front/waiting vehicle,Collision involving vehicles going in the same way,Daylight,Dry
8245,197548,3,Alt-Karow,2019,8,17,1,3,5,3,0,0,1,0,1,0,0,0,Pankow,Accident with minor injuries,Collision with a turning/crossing vehicle,Turning/Crossing accident,Daylight,Dry
8246,197549,6,Lankwitz Kirche,2019,8,16,1,3,5,3,0,0,1,0,1,0,0,0,Steglitz-Zehlendorf,Accident with minor injuries,Collision with a turning/crossing vehicle,Turning/Crossing accident,Daylight,Dry
8247,197550,5,Pillnitzer Weg,2019,8,13,1,3,2,6,0,0,1,0,0,0,0,0,Spandau,Accident with minor injuries,Collision with the vehicle in front/waiting vehicle,Collision involving vehicles going in the same way,Daylight,Dry
8248,197551,5,Zitadellenweg,2019,8,12,1,3,3,6,0,0,1,0,1,0,0,0,Spandau,Accident with minor injuries,Collision with a vehicle traveling laterally in the same direction,Collision involving vehicles going in the same way,Daylight,Dry
8249,197552,4,Ludwigkirchplatz,2019,8,4,1,3,1,5,2,0,1,0,0,0,1,0,Charlottenburg - Wilmersdorf,Accident with minor injuries,Collision with a moving/standing/parked vehicle,Accident involving parked vehicles,Dark,Dry
8250,197553,3,Pankow Zentrum,2019,8,4,1,3,5,3,2,0,1,0,0,0,0,0,Pankow,Accident with minor injuries,Collision with a turning/crossing vehicle,Turning/Crossing accident,Dark,Dry
8251,197554,11,Dorf Malchow,2019,8,18,1,3,0,7,0,1,0,0,0,0,0,0,Lichtenberg,Accident with minor injuries,Others,Others,Daylight,Dry
8252,197555,2,Wrangelkiez,2019,8,0,1,3,0,5,2,1,1,0,0,0,1,0,Friedrichshain - Kreuzberg,Accident with minor injuries,Others,Accident involving parked vehicles,Dark,Dry
8253,197556,1,Stülerstraße,2019,8,21,1,3,1,5,2,1,1,0,0,0,0,0,Mitte,Accident with minor injuries,Collision with a moving/standing/parked vehicle,Accident involving parked vehicles,Dark,Dry
8254,197557,8,Tempelhofer Weg,2019,8,20,1,2,5,3,1,0,1,0,0,0,0,0,Neukölln,Accident with serious injuries,Collision with a turning/crossing vehicle,Turning/Crossing accident,Twilight,Dry
8255,197558,2,Urbanstraße,2019,8,19,1,3,0,1,0,1,0,0,0,0,0,0,Friedrichshain - Kreuzberg,Accident with minor injuries,Others,Driving accident,Daylight,Dry
8256,197559,11,Karlshorst Süd,2019,8,19,1,3,0,1,0,1,0,0,0,0,0,0,Lichtenberg,Accident with minor injuries,Others,Driving accident,Daylight,Dry
8257,197560,12,Scharnweberstraße,2019,8,21,7,3,2,6,0,0,1,0,0,0,0,0,Reinickendorf,Accident with minor injuries,Collision with the vehicle in front/waiting vehicle,Collision involving vehicles going in the same way,Daylight,Dry
8258,197561,2,Lausitzer Platz,2019,8,14,7,3,4,6,0,1,0,0,0,0,1,0,Friedrichshain - Kreuzberg,Accident with minor injuries,Collision with oncoming vehicle,Collision involving vehicles going in the same way,Daylight,Dry
8259,197562,12,Alt-Tegel,2019,8,14,7,3,2,6,0,0,1,0,0,0,0,0,Reinickendorf,Accident with minor injuries,Collision with the vehicle in front/waiting vehicle,Collision involving vehicles going in the same way,Daylight,Dry
8260,197563,12,Klixstraße,2019,8,19,7,3,5,3,0,0,1,0,0,0,0,0,Reinickendorf,Accident with minor injuries,Collision with a turning/crossing vehicle,Turning/Crossing accident,Daylight,Dry
8261,197564,4,Hagenplatz,2019,8,13,7,3,6,4,0,0,1,1,0,0,0,0,Charlottenburg - Wilmersdorf,Accident with minor injuries,Collision between vehicle and pedestrian,Pedestrian crossing accident,Daylight,Dry
8262,197565,8,Blumenviertel,2019,8,13,7,3,5,3,0,1,1,0,0,0,0,0,Neukölln,Accident with minor injuries,Collision with a turning/crossing vehicle,Turning/Crossing accident,Daylight,Dry
8263,197566,2,Oranienplatz,2019,8,15,7,3,2,6,0,1,1,0,0,0,0,0,Friedrichshain - Kreuzberg,Accident with minor injuries,Collision with the vehicle in front/waiting vehicle,Collision involving vehicles going in the same way,Daylight,Dry
8264,197567,8,Buckow Mitte,2019,8,15,7,3,1,5,0,1,1,0,0,0,0,0,Neukölln,Accident with minor injuries,Collision with a moving/standing/parked vehicle,Accident involving parked vehicles,Daylight,Dry
8265,197568,8,Gropiusstadt Ost,2019,8,17,7,3,5,2,0,1,1,0,0,0,0,0,Neukölln,Accident with minor injuries,Collision with a turning/crossing vehicle,Turning accident,Daylight,Dry
8266,197569,12,Scharnweberstraße,2019,8,15,7,3,5,2,0,0,1,0,0,0,0,0,Reinickendorf,Accident with minor injuries,Collision with a turning/crossing vehicle,Turning accident,Daylight,Dry
8267,197570,1,Soldiner Straße,2019,8,15,7,3,6,4,0,0,1,1,0,0,0,0,Mitte,Accident with minor injuries,Collision between vehicle and pedestrian,Pedestrian crossing accident,Daylight,Dry
8268,197571,3,Niederschönhausen,2019,8,17,7,2,5,3,0,0,1,0,1,0,0,0,Pankow,Accident with serious injuries,Collision with a turning/crossing vehicle,Turning/Crossing accident,Daylight,Dry
8269,197572,5,Borkumer Straße,2019,8,16,7,3,0,2,0,1,1,0,0,0,0,0,Spandau,Accident with minor injuries,Others,Turning accident,Daylight,Dry
8270,197573,9,Adlershof West,2019,8,17,7,2,2,6,0,0,1,0,1,0,0,0,Treptow-Köpenick,Accident with serious injuries,Collision with the vehicle in front/waiting vehicle,Collision involving vehicles going in the same way,Daylight,Dry
8271,197574,10,Kaulsdorf Nord,2019,8,18,7,3,5,3,0,0,1,0,0,0,0,0,Marzahn-Hellersdorf,Accident with minor injuries,Collision with a turning/crossing vehicle,Turning/Crossing accident,Daylight,Dry
8272,197575,2,Samariterviertel,2019,8,19,7,3,0,1,0,1,0,0,0,0,0,0,Friedrichshain - Kreuzberg,Accident with minor injuries,Others,Driving accident,Daylight,Dry
8273,197576,1,Invalidenstraße,2019,8,19,7,2,1,5,0,1,0,0,0,0,1,0,Mitte,Accident with serious injuries,Collision with a moving/standing/parked vehicle,Accident involving parked vehicles,Daylight,Dry
8274,197577,12,Scharnweberstraße,2019,8,23,7,3,5,2,2,0,1,0,1,0,0,0,Reinickendorf,Accident with minor injuries,Collision with a turning/crossing vehicle,Turning accident,Dark,Dry
8275,197578,9,Baumschulenstraße,2019,8,22,7,3,0,3,2,0,1,0,1,0,0,0,Treptow-Köpenick,Accident with minor injuries,Others,Turning/Crossing accident,Dark,Dry
8276,197579,6,Oberhofer Platz,2019,8,23,7,3,5,3,2,1,0,0,0,0,0,0,Steglitz-Zehlendorf,Accident with minor injuries,Collision with a turning/crossing vehicle,Turning/Crossing accident,Dark,Dry
8277,197580,12,Letteplatz,2019,8,13,7,2,2,7,0,1,1,0,0,0,0,0,Reinickendorf,Accident with serious injuries,Collision with the vehicle in front/waiting vehicle,Others,Daylight,Dry
8278,197581,4,Reichsstraße,2019,8,11,7,3,5,5,0,0,1,0,1,0,0,0,Charlottenburg - Wilmersdorf,Accident with minor injuries,Collision with a turning/crossing vehicle,Accident involving parked vehicles,Daylight,Dry
8279,197582,4,Breitscheidplatz,2019,8,11,7,3,2,6,0,1,1,0,0,0,0,0,Charlottenburg - Wilmersdorf,Accident with minor injuries,Collision with the vehicle in front/waiting vehicle,Collision involving vehicles going in the same way,Daylight,Dry
8280,197583,4,Amtsgerichtsplatz,2019,8,11,7,3,2,6,0,1,1,0,0,0,0,0,Charlottenburg - Wilmersdorf,Accident with minor injuries,Collision with the vehicle in front/waiting vehicle,Collision involving vehicles going in the same way,Daylight,Dry
8281,197584,1,Reinickendorfer Straße,2019,8,10,7,3,0,2,0,0,0,0,0,1,1,0,Mitte,Accident with minor injuries,Others,Turning accident,Daylight,Dry
8282,197585,11,Rummelsburg,2019,8,1,7,2,6,4,2,0,1,1,0,0,0,0,Lichtenberg,Accident with serious injuries,Collision between vehicle and pedestrian,Pedestrian crossing accident,Dark,Dry
8283,197586,8,Buckow Mitte,2019,8,14,6,2,6,4,0,0,1,1,0,0,0,0,Neukölln,Accident with serious injuries,Collision between vehicle and pedestrian,Pedestrian crossing accident,Daylight,Dry
8284,197587,5,Ackerstraße,2019,8,0,6,3,6,2,2,0,0,1,0,0,1,0,Spandau,Accident with minor injuries,Collision between vehicle and pedestrian,Turning accident,Dark,Dry
8285,197588,1,Reinickendorfer Straße,2019,8,16,6,3,5,3,0,1,1,0,0,0,0,0,Mitte,Accident with minor injuries,Collision with a turning/crossing vehicle,Turning/Crossing accident,Daylight,Dry
8286,197589,12,Teichstraße,2019,8,18,6,3,0,2,0,1,1,0,0,0,0,0,Reinickendorf,Accident with minor injuries,Others,Turning accident,Daylight,Dry
8287,197590,1,Charitéviertel,2019,8,9,6,3,6,7,0,0,0,1,0,0,1,0,Mitte,Accident with minor injuries,Collision between vehicle and pedestrian,Others,Daylight,Dry
8288,197591,1,Stephankiez,2019,8,14,6,2,5,3,0,0,1,0,1,0,0,0,Mitte,Accident with serious injuries,Collision with a turning/crossing vehicle,Turning/Crossing accident,Daylight,Dry
8289,197592,2,Askanischer Platz,2019,8,18,6,3,0,2,0,1,1,0,0,0,0,1,Friedrichshain - Kreuzberg,Accident with minor injuries,Others,Turning accident,Daylight,Wet/moist/slippery
8290,197593,1,Reinickendorfer Straße,2019,8,11,6,3,5,5,0,0,1,0,0,0,0,0,Mitte,Accident with minor injuries,Collision with a turning/crossing vehicle,Accident involving parked vehicles,Daylight,Dry
8291,197594,3,Alt-Karow,2019,8,11,6,3,0,5,0,1,0,0,0,0,0,0,Pankow,Accident with minor injuries,Others,Accident involving parked vehicles,Daylight,Dry
8292,197595,2,Andreasviertel,2019,8,15,6,3,5,2,0,1,1,0,0,0,0,0,Friedrichshain - Kreuzberg,Accident with minor injuries,Collision with a turning/crossing vehicle,Turning accident,Daylight,Dry
8293,197596,8,Rixdorf,2019,8,14,6,3,6,4,0,0,1,1,0,0,0,0,Neukölln,Accident with minor injuries,Collision between vehicle and pedestrian,Pedestrian crossing accident,Daylight,Dry
8294,197597,4,Eisenzahnstraße,2019,8,14,6,3,5,3,0,0,0,0,1,0,1,0,Charlottenburg - Wilmersdorf,Accident with minor injuries,Collision with a turning/crossing vehicle,Turning/Crossing accident,Daylight,Dry
8295,197598,6,Schloßstraße,2019,8,13,6,3,1,5,0,1,0,0,0,0,1,0,Steglitz-Zehlendorf,Accident with minor injuries,Collision with a moving/standing/parked vehicle,Accident involving parked vehicles,Daylight,Dry
8296,197599,7,Kaiser-Wilhelm-Platz,2019,8,13,6,3,2,6,0,0,1,0,1,0,0,0,Tempelhof-Schöneberg,Accident with minor injuries,Collision with the vehicle in front/waiting vehicle,Collision involving vehicles going in the same way,Daylight,Dry
8297,197600,4,Plötzensee,2019,8,12,6,3,5,7,0,0,1,0,1,0,0,0,Charlottenburg - Wilmersdorf,Accident with minor injuries,Collision with a turning/crossing vehicle,Others,Daylight,Dry
8298,197601,5,Tiefwerder,2019,8,11,6,3,2,6,0,0,1,0,0,0,0,0,Spandau,Accident with minor injuries,Collision with the vehicle in front/waiting vehicle,Collision involving vehicles going in the same way,Daylight,Dry
8299,197602,12,Mellerbogen,2019,8,11,6,2,5,3,0,0,1,0,1,0,0,0,Reinickendorf,Accident with serious injuries,Collision with a turning/crossing vehicle,Turning/Crossing accident,Daylight,Dry
8300,197603,5,Germersheimer Platz,2019,8,10,6,3,1,5,0,0,1,0,0,0,1,0,Spandau,Accident with minor injuries,Collision with a moving/standing/parked vehicle,Accident involving parked vehicles,Daylight,Dry
8301,197604,6,Schweizer Viertel,2019,8,8,6,2,0,1,0,0,1,0,1,0,0,0,Steglitz-Zehlendorf,Accident with serious injuries,Others,Driving accident,Daylight,Dry
8302,197605,2,Urbanstraße,2019,8,8,6,3,5,3,0,1,0,0,0,0,0,0,Friedrichshain - Kreuzberg,Accident with minor injuries,Collision with a turning/crossing vehicle,Turning/Crossing accident,Daylight,Dry
8303,197606,10,Oberfeldstraße,2019,8,8,6,3,2,7,0,0,1,0,0,0,0,0,Marzahn-Hellersdorf,Accident with minor injuries,Collision with the vehicle in front/waiting vehicle,Others,Daylight,Dry
8304,197607,12,Reinickes Hof,2019,8,8,6,3,2,6,0,0,1,0,0,0,0,0,Reinickendorf,Accident with minor injuries,Collision with the vehicle in front/waiting vehicle,Collision involving vehicles going in the same way,Daylight,Dry
8305,197608,6,Zehlendorf Süd,2019,8,8,6,3,5,2,0,1,1,0,0,0,0,0,Steglitz-Zehlendorf,Accident with minor injuries,Collision with a turning/crossing vehicle,Turning accident,Daylight,Dry
8306,197609,11,Weitlingstraße,2019,8,19,6,3,0,2,1,0,1,0,1,0,0,1,Lichtenberg,Accident with minor injuries,Others,Turning accident,Twilight,Wet/moist/slippery
8307,197610,3,Pankow Süd,2019,8,19,6,3,1,5,0,1,1,0,0,0,0,1,Pankow,Accident with minor injuries,Collision with a moving/standing/parked vehicle,Accident involving parked vehicles,Daylight,Wet/moist/slippery
8308,197611,9,Dammvorstadt,2019,8,18,6,3,2,2,0,0,1,0,0,0,0,1,Treptow-Köpenick,Accident with minor injuries,Collision with the vehicle in front/waiting vehicle,Turning accident,Daylight,Wet/moist/slippery
8309,197612,4,Kaiserin-Augusta-Allee,2019,8,18,6,2,5,3,0,0,1,0,1,0,0,1,Charlottenburg - Wilmersdorf,Accident with serious injuries,Collision with a turning/crossing vehicle,Turning/Crossing accident,Daylight,Wet/moist/slippery
8310,197613,11,Karlshorst West,2019,8,18,6,3,1,5,1,1,1,0,0,0,0,1,Lichtenberg,Accident with minor injuries,Collision with a moving/standing/parked vehicle,Accident involving parked vehicles,Twilight,Wet/moist/slippery
8311,197614,3,Volkspark Prenzlauer Berg,2019,8,17,6,2,0,1,0,1,0,0,0,0,0,1,Pankow,Accident with serious injuries,Others,Driving accident,Daylight,Wet/moist/slippery
8312,197615,3,Fennpfuhl West,2019,8,17,6,3,2,6,0,0,1,0,0,0,0,1,Pankow,Accident with minor injuries,Collision with the vehicle in front/waiting vehicle,Collision involving vehicles going in the same way,Daylight,Wet/moist/slippery
8313,197616,4,Savignyplatz,2019,8,17,6,3,6,4,0,0,1,1,0,0,0,1,Charlottenburg - Wilmersdorf,Accident with minor injuries,Collision between vehicle and pedestrian,Pedestrian crossing accident,Daylight,Wet/moist/slippery
8314,197617,3,Conrad-Blenkle-Straße,2019,8,17,6,3,5,3,0,0,1,0,0,0,0,1,Pankow,Accident with minor injuries,Collision with a turning/crossing vehicle,Turning/Crossing accident,Daylight,Wet/moist/slippery
8315,197618,4,Reichsstraße,2019,8,16,6,3,5,3,0,0,1,0,0,0,0,1,Charlottenburg - Wilmersdorf,Accident with minor injuries,Collision with a turning/crossing vehicle,Turning/Crossing accident,Daylight,Wet/moist/slippery
8316,197619,1,Humboldthain Nordwest,2019,8,16,6,3,2,6,0,0,1,0,0,0,0,1,Mitte,Accident with minor injuries,Collision with the vehicle in front/waiting vehicle,Collision involving vehicles going in the same way,Daylight,Wet/moist/slippery
8317,197620,5,Borkumer Straße,2019,8,22,6,3,6,4,2,0,1,1,0,0,0,0,Spandau,Accident with minor injuries,Collision between vehicle and pedestrian,Pedestrian crossing accident,Dark,Dry
8318,197621,1,Reinickendorfer Straße,2019,8,20,6,3,0,1,0,1,0,0,0,0,0,0,Mitte,Accident with minor injuries,Others,Driving accident,Daylight,Dry
8319,197622,3,Humannplatz,2019,8,18,6,3,0,2,1,1,1,0,0,0,0,1,Pankow,Accident with minor injuries,Others,Turning accident,Twilight,Wet/moist/slippery
8320,197623,1,Soldiner Straße,2019,8,15,5,3,2,6,0,0,1,0,1,0,0,0,Mitte,Accident with minor injuries,Collision with the vehicle in front/waiting vehicle,Collision involving vehicles going in the same way,Daylight,Dry
8321,197624,4,Breitscheidplatz,2019,8,22,5,3,1,5,2,1,1,0,0,0,0,0,Charlottenburg - Wilmersdorf,Accident with minor injuries,Collision with a moving/standing/parked vehicle,Accident involving parked vehicles,Dark,Dry
8322,197625,6,Fichtenberg,2019,8,21,5,2,5,2,2,0,1,0,0,0,0,0,Steglitz-Zehlendorf,Accident with serious injuries,Collision with a turning/crossing vehicle,Turning accident,Dark,Dry
8323,197626,3,Weißenseer Spitze,2019,8,21,5,2,5,3,1,1,0,0,0,0,1,0,Pankow,Accident with serious injuries,Collision with a turning/crossing vehicle,Turning/Crossing accident,Twilight,Dry
8324,197627,2,Traveplatz,2019,8,20,5,3,1,5,1,1,1,0,0,0,0,0,Friedrichshain - Kreuzberg,Accident with minor injuries,Collision with a moving/standing/parked vehicle,Accident involving parked vehicles,Twilight,Dry
8325,197628,2,Askanischer Platz,2019,8,20,5,3,6,4,1,1,0,1,0,0,0,0,Friedrichshain - Kreuzberg,Accident with minor injuries,Collision between vehicle and pedestrian,Pedestrian crossing accident,Twilight,Dry
8326,197629,3,Teutoburger Platz,2019,8,19,5,3,6,4,0,0,1,1,0,0,0,0,Pankow,Accident with minor injuries,Collision between vehicle and pedestrian,Pedestrian crossing accident,Daylight,Dry
8327,197630,10,Alt-Biesdorf,2019,8,19,5,3,5,3,0,1,1,0,0,0,0,0,Marzahn-Hellersdorf,Accident with minor injuries,Collision with a turning/crossing vehicle,Turning/Crossing accident,Daylight,Dry
8328,197631,5,Hakenfelde Nord,2019,8,16,5,3,2,6,0,0,1,0,1,0,0,1,Spandau,Accident with minor injuries,Collision with the vehicle in front/waiting vehicle,Collision involving vehicles going in the same way,Daylight,Wet/moist/slippery