,object id,district,street,year,month,hour of day,weekday,category,accident type,accident type 2,light situation,bike involved,car involved,pedestrian involved,motor bike involved,big track involved,other vehicle involved,road condition,district name,category name,accident detail,accident type detail,light condition,road condition detail
8329,197632,8,Schillerpromenade,2019,8,18,5,3,1,5,0,1,1,0,0,0,0,0,Neukölln,Accident with minor injuries,Collision with a moving/standing/parked vehicle,Accident involving parked vehicles,Daylight,Dry
8330,197633,2,Lausitzer Platz,2019,8,18,5,3,0,3,0,0,1,0,1,0,0,0,Friedrichshain - Kreuzberg,Accident with minor injuries,Others,Turning/Crossing accident,Daylight,Dry
8331,197634,5,An der Kappe,2019,8,17,5,3,5,2,0,0,1,0,0,0,0,0,Spandau,Accident with minor injuries,Collision with a turning/crossing vehicle,Turning accident,Daylight,Dry
8332,197635,4,Alt-Lietzow,2019,8,16,5,3,2,6,0,0,1,0,0,0,1,0,Charlottenburg - Wilmersdorf,Accident with minor injuries,Collision with the vehicle in front/waiting vehicle,Collision involving vehicles going in the same way,Daylight,Dry
8333,197636,7,Marienhöhe,2019,8,16,5,3,0,1,0,1,0,0,0,0,0,0,Tempelhof-Schöneberg,Accident with minor injuries,Others,Driving accident,Daylight,Dry
8334,197637,4,Leon-Jessel-Platz,2019,8,16,5,3,5,3,0,1,1,0,0,0,0,0,Charlottenburg - Wilmersdorf,Accident with minor injuries,Collision with a turning/crossing vehicle,Turning/Crossing accident,Daylight,Dry
8335,197638,7,Neu-Tempelhof,2019,8,14,5,3,5,3,0,0,1,0,0,0,0,0,Tempelhof-Schöneberg,Accident with minor injuries,Collision with a turning/crossing vehicle,Turning/Crossing accident,Daylight,Dry
8336,197639,5,Eiswerder,2019,8,14,5,3,2,6,0,0,1,0,0,0,0,0,Spandau,Accident with minor injuries,Collision with the vehicle in front/waiting vehicle,Collision involving vehicles going in the same way,Daylight,Dry
8337,197640,12,Rollbergesiedlung,2019,8,14,5,3,0,6,0,1,0,0,0,1,0,0,Reinickendorf,Accident with minor injuries,Others,Collision involving vehicles going in the same way,Daylight,Dry
8338,197641,3,Heinersdorf,2019,8,14,5,2,6,4,0,0,1,1,0,0,0,0,Pankow,Accident with serious injuries,Collision between vehicle and pedestrian,Pedestrian crossing accident,Daylight,Dry
8339,197642,4,Olympiagelände,2019,8,13,5,3,5,2,0,0,1,0,1,0,0,0,Charlottenburg - Wilmersdorf,Accident with minor injuries,Collision with a turning/crossing vehicle,Turning accident,Daylight,Dry
8340,197643,1,Humboldthain Nordwest,2019,8,15,5,3,5,3,0,0,1,0,0,0,0,0,Mitte,Accident with minor injuries,Collision with a turning/crossing vehicle,Turning/Crossing accident,Daylight,Dry
8341,197644,3,Humannplatz,2019,8,13,5,3,6,4,0,0,0,1,1,0,0,0,Pankow,Accident with minor injuries,Collision between vehicle and pedestrian,Pedestrian crossing accident,Daylight,Dry
8342,197645,1,Heine-Viertel West,2019,8,13,5,2,6,4,0,0,1,1,0,0,0,0,Mitte,Accident with serious injuries,Collision between vehicle and pedestrian,Pedestrian crossing accident,Daylight,Dry
8343,197646,11,Weitlingstraße,2019,8,13,5,3,5,2,0,1,1,0,0,0,0,0,Lichtenberg,Accident with minor injuries,Collision with a turning/crossing vehicle,Turning accident,Daylight,Dry
8344,197647,10,Alt-Kaulsdorf,2019,8,12,5,3,0,6,0,1,1,0,0,0,0,0,Marzahn-Hellersdorf,Accident with minor injuries,Others,Collision involving vehicles going in the same way,Daylight,Dry
8345,197648,2,Urbanstraße,2019,8,12,5,3,1,5,0,1,0,0,0,1,0,0,Friedrichshain - Kreuzberg,Accident with minor injuries,Collision with a moving/standing/parked vehicle,Accident involving parked vehicles,Daylight,Dry
8346,197649,3,Pankow Zentrum,2019,8,12,5,2,5,3,0,0,1,0,0,1,0,0,Pankow,Accident with serious injuries,Collision with a turning/crossing vehicle,Turning/Crossing accident,Daylight,Dry
8347,197650,4,Park Ruhwald,2019,8,12,5,3,2,6,0,0,1,0,0,0,0,0,Charlottenburg - Wilmersdorf,Accident with minor injuries,Collision with the vehicle in front/waiting vehicle,Collision involving vehicles going in the same way,Daylight,Dry
8348,197651,8,Mohriner Allee Nord,2019,8,12,5,3,5,7,0,0,1,0,0,0,0,0,Neukölln,Accident with minor injuries,Collision with a turning/crossing vehicle,Others,Daylight,Dry
8349,197652,4,Reichsstraße,2019,8,10,5,3,5,3,0,0,1,0,0,0,0,0,Charlottenburg - Wilmersdorf,Accident with minor injuries,Collision with a turning/crossing vehicle,Turning/Crossing accident,Daylight,Dry
8350,197653,2,Urbanstraße,2019,8,12,5,3,2,2,0,0,1,0,1,0,0,1,Friedrichshain - Kreuzberg,Accident with minor injuries,Collision with the vehicle in front/waiting vehicle,Turning accident,Daylight,Wet/moist/slippery
8351,197654,3,Teutoburger Platz,2019,8,9,5,3,5,2,0,1,1,0,0,0,0,0,Pankow,Accident with minor injuries,Collision with a turning/crossing vehicle,Turning accident,Daylight,Dry
8352,197655,11,Fennpfuhl West,2019,8,8,5,3,5,3,0,0,0,0,0,1,1,0,Lichtenberg,Accident with minor injuries,Collision with a turning/crossing vehicle,Turning/Crossing accident,Daylight,Dry
8353,197656,3,Humannplatz,2019,8,11,5,3,5,7,0,0,1,0,0,0,0,0,Pankow,Accident with minor injuries,Collision with a turning/crossing vehicle,Others,Daylight,Dry
8354,197657,11,Fennpfuhl West,2019,8,8,5,3,5,5,0,0,1,0,1,0,0,1,Lichtenberg,Accident with minor injuries,Collision with a turning/crossing vehicle,Accident involving parked vehicles,Daylight,Wet/moist/slippery
8355,197658,7,Barbarossaplatz,2019,8,10,5,3,0,6,0,1,1,0,0,0,0,0,Tempelhof-Schöneberg,Accident with minor injuries,Others,Collision involving vehicles going in the same way,Daylight,Dry
8356,197659,3,Herthaplatz,2019,8,10,5,3,1,5,0,0,1,0,0,0,0,0,Pankow,Accident with minor injuries,Collision with a moving/standing/parked vehicle,Accident involving parked vehicles,Daylight,Dry
8357,197660,4,Rüdesheimer Platz,2019,8,8,5,3,0,3,0,0,1,0,1,0,0,0,Charlottenburg - Wilmersdorf,Accident with minor injuries,Others,Turning/Crossing accident,Daylight,Dry
8358,197661,12,Teichstraße,2019,8,8,5,3,5,2,0,1,1,0,0,0,0,0,Reinickendorf,Accident with minor injuries,Collision with a turning/crossing vehicle,Turning accident,Daylight,Dry
8359,197662,1,Nördlicher Landwehrkanal,2019,8,7,5,3,8,1,0,0,1,0,0,0,0,0,Mitte,Accident with minor injuries,Departure from the roadway to the right,Driving accident,Daylight,Dry
8360,197663,2,Wrangelkiez,2019,8,6,5,3,0,4,0,1,0,1,0,0,0,1,Friedrichshain - Kreuzberg,Accident with minor injuries,Others,Pedestrian crossing accident,Daylight,Wet/moist/slippery
8361,197664,11,Victoriastadt,2019,8,6,5,3,2,6,0,0,1,0,1,0,0,0,Lichtenberg,Accident with minor injuries,Collision with the vehicle in front/waiting vehicle,Collision involving vehicles going in the same way,Daylight,Dry
8362,197665,1,Brunnenstraße,2019,8,5,5,3,5,3,1,0,1,0,0,0,0,1,Mitte,Accident with minor injuries,Collision with a turning/crossing vehicle,Turning/Crossing accident,Twilight,Wet/moist/slippery
8363,197666,4,Babelsberger Straße,2019,8,2,5,3,5,2,2,0,1,0,0,0,0,0,Charlottenburg - Wilmersdorf,Accident with minor injuries,Collision with a turning/crossing vehicle,Turning accident,Dark,Dry
8364,197667,2,Lausitzer Platz,2019,8,0,5,3,0,2,2,1,1,0,0,0,0,1,Friedrichshain - Kreuzberg,Accident with minor injuries,Others,Turning accident,Dark,Wet/moist/slippery
8365,197668,12,Reinickes Hof,2019,7,2,4,3,0,7,2,1,0,0,0,0,0,0,Reinickendorf,Accident with minor injuries,Others,Others,Dark,Dry
8366,197669,4,Hagenplatz,2019,7,20,4,3,5,2,1,0,1,0,0,0,0,1,Charlottenburg - Wilmersdorf,Accident with minor injuries,Collision with a turning/crossing vehicle,Turning accident,Twilight,Wet/moist/slippery
8367,197670,12,Teichstraße,2019,7,20,4,3,1,5,2,0,1,0,0,0,0,1,Reinickendorf,Accident with minor injuries,Collision with a moving/standing/parked vehicle,Accident involving parked vehicles,Dark,Wet/moist/slippery
8368,197671,12,Letteplatz,2019,7,20,4,3,0,1,1,0,0,0,1,0,0,1,Reinickendorf,Accident with minor injuries,Others,Driving accident,Twilight,Wet/moist/slippery
8369,197672,2,Viktoriapark,2019,7,19,4,3,5,5,1,0,1,0,1,0,0,0,Friedrichshain - Kreuzberg,Accident with minor injuries,Collision with a turning/crossing vehicle,Accident involving parked vehicles,Twilight,Dry
8370,197673,2,Andreasviertel,2019,7,23,4,3,5,7,2,0,1,0,1,0,0,1,Friedrichshain - Kreuzberg,Accident with minor injuries,Collision with a turning/crossing vehicle,Others,Dark,Wet/moist/slippery
8371,197674,4,Ludwigkirchplatz,2019,7,22,4,3,0,1,2,0,0,0,1,0,0,1,Charlottenburg - Wilmersdorf,Accident with minor injuries,Others,Driving accident,Dark,Wet/moist/slippery
8372,197675,4,Karl-August-Platz,2019,7,18,4,3,5,2,0,0,1,0,0,0,0,0,Charlottenburg - Wilmersdorf,Accident with minor injuries,Collision with a turning/crossing vehicle,Turning accident,Daylight,Dry
8373,197676,8,Zittauer Straße,2019,7,18,4,3,5,3,0,0,1,0,0,0,0,0,Neukölln,Accident with minor injuries,Collision with a turning/crossing vehicle,Turning/Crossing accident,Daylight,Dry
8374,197677,1,Alexanderplatzviertel,2019,7,17,4,3,2,6,0,0,1,0,0,0,0,1,Mitte,Accident with minor injuries,Collision with the vehicle in front/waiting vehicle,Collision involving vehicles going in the same way,Daylight,Wet/moist/slippery
8375,197678,4,Hindemithplatz,2019,7,17,4,3,0,6,0,0,1,0,1,0,0,1,Charlottenburg - Wilmersdorf,Accident with minor injuries,Others,Collision involving vehicles going in the same way,Daylight,Wet/moist/slippery
8376,197679,4,Amtsgerichtsplatz,2019,7,17,4,2,0,1,0,1,0,0,0,0,0,1,Charlottenburg - Wilmersdorf,Accident with serious injuries,Others,Driving accident,Daylight,Wet/moist/slippery
8377,197680,10,Biesdorf Süd,2019,7,17,4,3,6,4,0,0,1,1,0,0,0,1,Marzahn-Hellersdorf,Accident with minor injuries,Collision between vehicle and pedestrian,Pedestrian crossing accident,Daylight,Wet/moist/slippery
8378,197681,1,Alexanderplatzviertel,2019,7,17,4,2,5,2,0,1,1,0,0,0,0,1,Mitte,Accident with serious injuries,Collision with a turning/crossing vehicle,Turning accident,Daylight,Wet/moist/slippery
8379,197682,1,Elberfelder Straße,2019,7,16,4,3,0,5,0,0,1,0,1,0,0,1,Mitte,Accident with minor injuries,Others,Accident involving parked vehicles,Daylight,Wet/moist/slippery
8380,197683,7,Hundsteinweg,2019,7,16,4,3,2,6,0,0,1,0,0,0,0,1,Tempelhof-Schöneberg,Accident with minor injuries,Collision with the vehicle in front/waiting vehicle,Collision involving vehicles going in the same way,Daylight,Wet/moist/slippery
8381,197684,1,Charitéviertel,2019,7,16,4,3,5,3,0,0,1,0,0,0,0,1,Mitte,Accident with minor injuries,Collision with a turning/crossing vehicle,Turning/Crossing accident,Daylight,Wet/moist/slippery
8382,197685,12,Hermsdorf,2019,7,15,4,3,5,2,0,1,1,0,0,0,0,1,Reinickendorf,Accident with minor injuries,Collision with a turning/crossing vehicle,Turning accident,Daylight,Wet/moist/slippery
8383,197686,1,Stülerstraße,2019,7,15,4,3,2,6,0,0,1,0,0,0,0,1,Mitte,Accident with minor injuries,Collision with the vehicle in front/waiting vehicle,Collision involving vehicles going in the same way,Daylight,Wet/moist/slippery
8384,197687,4,Plötzensee,2019,7,10,4,3,5,2,0,0,1,0,0,0,0,0,Charlottenburg - Wilmersdorf,Accident with minor injuries,Collision with a turning/crossing vehicle,Turning accident,Daylight,Dry
8385,197688,1,Thomasiusstraße,2019,7,9,4,3,5,7,0,1,1,0,0,0,0,0,Mitte,Accident with minor injuries,Collision with a turning/crossing vehicle,Others,Daylight,Dry
8386,197689,12,Klixstraße,2019,7,9,4,2,4,6,0,1,0,0,0,0,0,0,Reinickendorf,Accident with serious injuries,Collision with oncoming vehicle,Collision involving vehicles going in the same way,Daylight,Dry
8387,197690,2,Viktoriapark,2019,7,9,4,3,2,6,0,0,1,0,1,0,0,0,Friedrichshain - Kreuzberg,Accident with minor injuries,Collision with the vehicle in front/waiting vehicle,Collision involving vehicles going in the same way,Daylight,Dry
8388,197691,2,Oranienplatz,2019,7,7,4,3,5,2,0,1,1,0,0,0,0,0,Friedrichshain - Kreuzberg,Accident with minor injuries,Collision with a turning/crossing vehicle,Turning accident,Daylight,Dry
8389,197692,1,Oranienburger Straße,2019,7,15,4,2,5,7,0,0,1,0,0,0,0,0,Mitte,Accident with serious injuries,Collision with a turning/crossing vehicle,Others,Daylight,Dry
8390,197693,1,Arkonaplatz,2019,7,7,4,3,5,3,0,1,0,0,0,0,1,0,Mitte,Accident with minor injuries,Collision with a turning/crossing vehicle,Turning/Crossing accident,Daylight,Dry
8391,197694,5,Gartenfelder Straße,2019,7,7,4,3,5,2,0,0,0,0,1,0,1,0,Spandau,Accident with minor injuries,Collision with a turning/crossing vehicle,Turning accident,Daylight,Dry
8392,197695,12,Klixstraße,2019,7,4,4,3,5,3,1,1,1,0,0,0,0,0,Reinickendorf,Accident with minor injuries,Collision with a turning/crossing vehicle,Turning/Crossing accident,Twilight,Dry
8393,197696,11,Falkenberg Ost,2019,7,2,4,3,0,1,2,1,0,0,0,0,0,0,Lichtenberg,Accident with minor injuries,Others,Driving accident,Dark,Dry
8394,197697,5,Kurstraße,2019,7,14,4,3,6,4,0,0,1,1,0,0,0,0,Spandau,Accident with minor injuries,Collision between vehicle and pedestrian,Pedestrian crossing accident,Daylight,Dry
8395,197698,1,Rehberge,2019,7,14,4,3,5,3,0,0,1,0,0,0,0,0,Mitte,Accident with minor injuries,Collision with a turning/crossing vehicle,Turning/Crossing accident,Daylight,Dry
8396,197699,6,Dahlem,2019,7,12,4,3,5,3,0,0,0,0,1,0,1,0,Steglitz-Zehlendorf,Accident with minor injuries,Collision with a turning/crossing vehicle,Turning/Crossing accident,Daylight,Dry
8397,197700,4,Hindemithplatz,2019,7,12,4,3,5,3,0,0,1,0,0,0,1,0,Charlottenburg - Wilmersdorf,Accident with minor injuries,Collision with a turning/crossing vehicle,Turning/Crossing accident,Daylight,Dry
8398,197701,12,Alt-Tegel,2019,7,11,4,2,5,7,0,0,1,0,1,0,0,0,Reinickendorf,Accident with serious injuries,Collision with a turning/crossing vehicle,Others,Daylight,Dry
8399,197702,7,Kaiser-Wilhelm-Platz,2019,7,10,4,3,1,5,0,1,1,0,0,0,0,0,Tempelhof-Schöneberg,Accident with minor injuries,Collision with a moving/standing/parked vehicle,Accident involving parked vehicles,Daylight,Dry
8400,197703,4,Forst Grunewald,2019,7,10,4,3,5,3,0,1,0,0,0,0,0,0,Charlottenburg - Wilmersdorf,Accident with minor injuries,Collision with a turning/crossing vehicle,Turning/Crossing accident,Daylight,Dry
8401,197704,8,Silbersteinstraße,2019,7,10,4,3,6,4,0,0,1,1,0,0,0,0,Neukölln,Accident with minor injuries,Collision between vehicle and pedestrian,Pedestrian crossing accident,Daylight,Dry
8402,197705,12,Teichstraße,2019,7,9,3,3,0,6,0,1,1,0,0,0,0,0,Reinickendorf,Accident with minor injuries,Others,Collision involving vehicles going in the same way,Daylight,Dry
8403,197706,3,Pankow Süd,2019,7,7,3,3,6,7,0,0,1,1,0,0,0,0,Pankow,Accident with minor injuries,Collision between vehicle and pedestrian,Others,Daylight,Dry
8404,197707,10,Mahlsdorf Süd,2019,7,9,3,3,5,3,0,0,1,0,0,0,0,0,Marzahn-Hellersdorf,Accident with minor injuries,Collision with a turning/crossing vehicle,Turning/Crossing accident,Daylight,Dry
8405,197708,3,Rennbahnstraße,2019,7,8,3,3,2,2,0,0,1,0,0,0,0,1,Pankow,Accident with minor injuries,Collision with the vehicle in front/waiting vehicle,Turning accident,Daylight,Wet/moist/slippery
8406,197709,1,Invalidenstraße,2019,7,8,3,3,3,6,0,1,0,0,0,0,0,0,Mitte,Accident with minor injuries,Collision with a vehicle traveling laterally in the same direction,Collision involving vehicles going in the same way,Daylight,Dry
8407,197710,1,Leipziger Straße,2019,7,0,3,2,5,2,2,0,1,0,1,0,0,0,Mitte,Accident with serious injuries,Collision with a turning/crossing vehicle,Turning accident,Dark,Dry
8408,197711,9,Johannisthal West,2019,7,6,3,2,1,5,0,1,1,0,0,0,0,0,Treptow-Köpenick,Accident with serious injuries,Collision with a moving/standing/parked vehicle,Accident involving parked vehicles,Daylight,Dry
8409,197712,11,Karlshorst Nord,2019,7,17,3,3,5,3,0,0,1,0,0,0,0,0,Lichtenberg,Accident with minor injuries,Collision with a turning/crossing vehicle,Turning/Crossing accident,Daylight,Dry
8410,197713,4,Breite Straße,2019,7,16,3,2,1,5,0,1,1,0,0,0,0,0,Charlottenburg - Wilmersdorf,Accident with serious injuries,Collision with a moving/standing/parked vehicle,Accident involving parked vehicles,Daylight,Dry
8411,197714,5,Borkumer Straße,2019,7,16,3,2,5,7,0,0,1,0,1,0,0,0,Spandau,Accident with serious injuries,Collision with a turning/crossing vehicle,Others,Daylight,Dry
8412,197715,1,Schillerpark,2019,7,15,3,3,5,2,0,1,1,0,0,0,0,0,Mitte,Accident with minor injuries,Collision with a turning/crossing vehicle,Turning accident,Daylight,Dry
8413,197716,4,Savignyplatz,2019,7,15,3,3,5,7,0,0,1,0,1,0,0,0,Charlottenburg - Wilmersdorf,Accident with minor injuries,Collision with a turning/crossing vehicle,Others,Daylight,Dry
8414,197717,1,Stülerstraße,2019,7,15,3,3,0,3,0,0,1,0,1,0,0,0,Mitte,Accident with minor injuries,Others,Turning/Crossing accident,Daylight,Dry
8415,197718,2,Viktoriapark,2019,7,23,3,3,0,1,2,1,0,0,0,0,0,0,Friedrichshain - Kreuzberg,Accident with minor injuries,Others,Driving accident,Dark,Dry
8416,197719,1,Gesundbrunnen,2019,7,15,3,3,6,4,0,0,0,1,1,0,0,0,Mitte,Accident with minor injuries,Collision between vehicle and pedestrian,Pedestrian crossing accident,Daylight,Dry
8417,197720,3,Erich-Weinert-Straße,2019,7,20,3,3,1,5,1,1,1,0,0,0,0,0,Pankow,Accident with minor injuries,Collision with a moving/standing/parked vehicle,Accident involving parked vehicles,Twilight,Dry
8418,197721,4,Branitzer Platz,2019,7,13,3,3,0,7,0,0,1,0,1,0,0,0,Charlottenburg - Wilmersdorf,Accident with minor injuries,Others,Others,Daylight,Dry
8419,197722,1,Stülerstraße,2019,7,20,3,2,0,1,0,1,0,0,0,0,0,0,Mitte,Accident with serious injuries,Others,Driving accident,Daylight,Dry
8420,197723,8,Schillerpromenade,2019,7,14,3,3,5,3,0,0,1,0,1,0,0,0,Neukölln,Accident with minor injuries,Collision with a turning/crossing vehicle,Turning/Crossing accident,Daylight,Dry
8421,197724,1,Stülerstraße,2019,7,20,3,3,5,3,0,0,1,0,0,0,0,0,Mitte,Accident with minor injuries,Collision with a turning/crossing vehicle,Turning/Crossing accident,Daylight,Dry
8422,197725,5,Staakener Straße,2019,7,20,3,3,5,3,0,1,1,0,0,0,0,0,Spandau,Accident with minor injuries,Collision with a turning/crossing vehicle,Turning/Crossing accident,Daylight,Dry
8423,197726,7,Wittenbergplatz/Viktoria-Luise-Platz,2019,7,19,3,3,5,7,0,0,1,0,1,0,0,0,Tempelhof-Schöneberg,Accident with minor injuries,Collision with a turning/crossing vehicle,Others,Daylight,Dry
8424,197727,9,Köpenicker Landstraße,2019,7,13,3,3,3,1,0,1,0,0,0,0,1,0,Treptow-Köpenick,Accident with minor injuries,Collision with a vehicle traveling laterally in the same direction,Driving accident,Daylight,Dry
8425,197728,5,Jägerallee,2019,7,12,3,3,2,2,0,1,1,0,0,0,0,0,Spandau,Accident with minor injuries,Collision with the vehicle in front/waiting vehicle,Turning accident,Daylight,Dry
8426,197729,8,Rixdorf,2019,7,18,3,3,2,6,0,0,1,0,0,0,0,0,Neukölln,Accident with minor injuries,Collision with the vehicle in front/waiting vehicle,Collision involving vehicles going in the same way,Daylight,Dry
8427,197730,6,Krumme Lanke,2019,7,18,3,3,5,2,0,1,1,0,0,0,0,0,Steglitz-Zehlendorf,Accident with minor injuries,Collision with a turning/crossing vehicle,Turning accident,Daylight,Dry
8428,197731,4,Amtsgerichtsplatz,2019,7,18,3,3,3,6,0,0,1,0,0,0,0,0,Charlottenburg - Wilmersdorf,Accident with minor injuries,Collision with a vehicle traveling laterally in the same direction,Collision involving vehicles going in the same way,Daylight,Dry
8429,197732,9,Johannisthal Ost,2019,7,17,3,3,2,7,0,0,1,0,1,0,0,0,Treptow-Köpenick,Accident with minor injuries,Collision with the vehicle in front/waiting vehicle,Others,Daylight,Dry
8430,197733,8,Buckow Ost,2019,7,17,3,3,5,3,0,1,0,0,0,0,1,0,Neukölln,Accident with minor injuries,Collision with a turning/crossing vehicle,Turning/Crossing accident,Daylight,Dry
8431,197734,9,Bölschestraße,2019,7,10,3,2,1,5,0,0,1,0,1,0,0,0,Treptow-Köpenick,Accident with serious injuries,Collision with a moving/standing/parked vehicle,Accident involving parked vehicles,Daylight,Dry
8432,197735,1,Soldiner Straße,2019,7,9,3,3,1,5,0,1,0,0,0,1,0,0,Mitte,Accident with minor injuries,Collision with a moving/standing/parked vehicle,Accident involving parked vehicles,Daylight,Dry
8433,197736,8,Alt-Rudow,2019,7,12,3,3,5,2,0,0,1,0,0,0,1,0,Neukölln,Accident with minor injuries,Collision with a turning/crossing vehicle,Turning accident,Daylight,Dry
8434,197737,7,Nollendorfplatz,2019,7,14,3,1,6,2,0,0,0,1,0,1,0,0,Tempelhof-Schöneberg,Accident with fatalities,Collision between vehicle and pedestrian,Turning accident,Daylight,Dry
8435,197738,2,Friedenstraße,2019,7,13,2,3,5,2,0,1,0,0,0,0,1,0,Friedrichshain - Kreuzberg,Accident with minor injuries,Collision with a turning/crossing vehicle,Turning accident,Daylight,Dry
8436,197739,7,Kettinger Straße/Schillerstraße,2019,7,15,2,3,0,7,0,1,0,0,0,0,0,0,Tempelhof-Schöneberg,Accident with minor injuries,Others,Others,Daylight,Dry
8437,197740,10,Mahlsdorf Süd,2019,7,12,2,3,0,1,0,1,0,0,0,0,0,0,Marzahn-Hellersdorf,Accident with minor injuries,Others,Driving accident,Daylight,Dry
8438,197741,1,Gesundbrunnen,2019,7,22,2,3,2,6,2,0,1,0,1,0,0,1,Mitte,Accident with minor injuries,Collision with the vehicle in front/waiting vehicle,Collision involving vehicles going in the same way,Dark,Wet/moist/slippery
8439,197742,3,Pankow Zentrum,2019,7,21,2,3,0,2,2,0,1,0,1,0,0,1,Pankow,Accident with minor injuries,Others,Turning accident,Dark,Wet/moist/slippery
8440,197743,2,Boxhagener Platz,2019,7,20,2,3,1,1,0,0,1,0,1,0,0,1,Friedrichshain - Kreuzberg,Accident with minor injuries,Collision with a moving/standing/parked vehicle,Driving accident,Daylight,Wet/moist/slippery
8441,197744,1,Humboldthain Süd,2019,7,18,2,3,5,2,0,1,0,0,0,0,1,1,Mitte,Accident with minor injuries,Collision with a turning/crossing vehicle,Turning accident,Daylight,Wet/moist/slippery
8442,197745,4,George-Grosz-Platz,2019,7,18,2,3,0,6,0,0,1,0,1,0,0,1,Charlottenburg - Wilmersdorf,Accident with minor injuries,Others,Collision involving vehicles going in the same way,Daylight,Wet/moist/slippery
8443,197746,6,Lichterfelde West,2019,7,18,2,3,0,5,0,1,1,0,0,0,0,1,Steglitz-Zehlendorf,Accident with minor injuries,Others,Accident involving parked vehicles,Daylight,Wet/moist/slippery
8444,197747,1,Humboldthain Nordwest,2019,7,18,2,3,2,6,0,0,1,0,0,0,0,1,Mitte,Accident with minor injuries,Collision with the vehicle in front/waiting vehicle,Collision involving vehicles going in the same way,Daylight,Wet/moist/slippery
8445,197748,1,Oranienburger Straße,2019,7,16,2,3,2,6,0,0,1,0,0,0,0,0,Mitte,Accident with minor injuries,Collision with the vehicle in front/waiting vehicle,Collision involving vehicles going in the same way,Daylight,Dry
8446,197749,5,Eiswerder,2019,7,16,2,3,5,7,0,1,1,0,0,0,0,0,Spandau,Accident with minor injuries,Collision with a turning/crossing vehicle,Others,Daylight,Dry
8447,197750,6,Bismarckstraße,2019,7,19,2,3,2,6,0,0,1,0,0,0,0,1,Steglitz-Zehlendorf,Accident with minor injuries,Collision with the vehicle in front/waiting vehicle,Collision involving vehicles going in the same way,Daylight,Wet/moist/slippery
8448,197751,1,Unter den Linden Süd,2019,7,17,2,3,1,5,0,1,1,0,0,0,0,1,Mitte,Accident with minor injuries,Collision with a moving/standing/parked vehicle,Accident involving parked vehicles,Daylight,Wet/moist/slippery
8449,197752,4,Babelsberger Straße,2019,7,16,2,3,5,2,0,0,1,0,1,0,0,0,Charlottenburg - Wilmersdorf,Accident with minor injuries,Collision with a turning/crossing vehicle,Turning accident,Daylight,Dry
8450,197753,1,Gesundbrunnen,2019,7,16,2,3,5,2,0,1,1,0,0,0,0,0,Mitte,Accident with minor injuries,Collision with a turning/crossing vehicle,Turning accident,Daylight,Dry
8451,197754,3,Heinersdorf,2019,7,19,2,3,0,7,0,0,1,0,0,0,0,1,Pankow,Accident with minor injuries,Others,Others,Daylight,Wet/moist/slippery
8452,197755,4,Babelsberger Straße,2019,7,15,2,2,5,3,0,1,1,0,0,0,0,0,Charlottenburg - Wilmersdorf,Accident with serious injuries,Collision with a turning/crossing vehicle,Turning/Crossing accident,Daylight,Dry
8453,197756,11,Weiße Taube,2019,7,15,2,3,5,2,0,1,0,0,0,0,1,0,Lichtenberg,Accident with minor injuries,Collision with a turning/crossing vehicle,Turning accident,Daylight,Dry
8454,197757,1,Charitéviertel,2019,7,15,2,3,2,7,0,1,1,0,0,0,0,0,Mitte,Accident with minor injuries,Collision with the vehicle in front/waiting vehicle,Others,Daylight,Dry
8455,197758,4,Schlangenbader Straße,2019,7,14,2,2,2,6,0,0,1,0,1,0,0,0,Charlottenburg - Wilmersdorf,Accident with serious injuries,Collision with the vehicle in front/waiting vehicle,Collision involving vehicles going in the same way,Daylight,Dry
8456,197759,9,Oberschöneweide Ost,2019,7,15,2,3,2,2,0,0,1,0,0,0,0,0,Treptow-Köpenick,Accident with minor injuries,Collision with the vehicle in front/waiting vehicle,Turning accident,Daylight,Dry
8457,197760,5,Gütersloher Weg,2019,7,14,2,3,0,1,0,0,0,0,1,0,0,0,Spandau,Accident with minor injuries,Others,Driving accident,Daylight,Dry
8458,197761,4,Preußenpark,2019,7,14,2,3,5,2,0,0,0,0,0,1,1,0,Charlottenburg - Wilmersdorf,Accident with minor injuries,Collision with a turning/crossing vehicle,Turning accident,Daylight,Dry
8459,197762,2,Boxhagener Platz,2019,7,14,2,3,5,3,0,0,1,0,0,0,0,0,Friedrichshain - Kreuzberg,Accident with minor injuries,Collision with a turning/crossing vehicle,Turning/Crossing accident,Daylight,Dry
8460,197763,9,Adlershof West,2019,7,13,2,3,3,2,0,0,1,0,1,0,0,0,Treptow-Köpenick,Accident with minor injuries,Collision with a vehicle traveling laterally in the same direction,Turning accident,Daylight,Dry
8461,197764,7,Schöneberger Insel,2019,7,12,2,2,6,7,0,0,0,1,0,0,1,0,Tempelhof-Schöneberg,Accident with serious injuries,Collision between vehicle and pedestrian,Others,Daylight,Dry
8462,197765,4,Park Ruhwald,2019,7,12,2,3,2,6,0,0,1,0,0,0,0,0,Charlottenburg - Wilmersdorf,Accident with minor injuries,Collision with the vehicle in front/waiting vehicle,Collision involving vehicles going in the same way,Daylight,Dry
8463,197766,3,Arnimplatz,2019,7,12,2,3,5,2,0,1,1,0,0,0,0,0,Pankow,Accident with minor injuries,Collision with a turning/crossing vehicle,Turning accident,Daylight,Dry
8464,197767,2,Viktoriapark,2019,7,11,2,3,5,3,0,1,1,0,0,0,0,0,Friedrichshain - Kreuzberg,Accident with minor injuries,Collision with a turning/crossing vehicle,Turning/Crossing accident,Daylight,Dry