,object id,district,street,year,month,hour of day,weekday,category,accident type,accident type 2,light situation,bike involved,car involved,pedestrian involved,motor bike involved,big track involved,other vehicle involved,road condition,district name,category name,accident detail,accident type detail,light condition,road condition detail
8465,197768,10,Kaulsdorf Nord I,2019,7,11,2,2,5,2,0,0,1,0,0,0,0,0,Marzahn-Hellersdorf,Accident with serious injuries,Collision with a turning/crossing vehicle,Turning accident,Daylight,Dry
8466,197769,9,Dorf Altglienicke,2019,7,9,2,3,6,4,0,0,1,1,0,0,0,0,Treptow-Köpenick,Accident with minor injuries,Collision between vehicle and pedestrian,Pedestrian crossing accident,Daylight,Dry
8467,197770,2,Friedenstraße,2019,7,9,2,3,5,2,0,1,1,0,0,0,0,0,Friedrichshain - Kreuzberg,Accident with minor injuries,Collision with a turning/crossing vehicle,Turning accident,Daylight,Dry
8468,197771,4,Brabanter Platz,2019,7,9,2,3,2,6,0,0,1,0,0,0,0,0,Charlottenburg - Wilmersdorf,Accident with minor injuries,Collision with the vehicle in front/waiting vehicle,Collision involving vehicles going in the same way,Daylight,Dry
8469,197772,5,Tiefwerder,2019,7,11,2,2,8,1,0,0,1,0,0,0,0,0,Spandau,Accident with serious injuries,Departure from the roadway to the right,Driving accident,Daylight,Dry
8470,197773,2,Lausitzer Platz,2019,7,18,2,3,0,1,0,1,0,0,0,0,0,1,Friedrichshain - Kreuzberg,Accident with minor injuries,Others,Driving accident,Daylight,Wet/moist/slippery
8471,197774,2,Mehringplatz,2019,7,19,2,3,0,1,0,1,0,0,0,0,0,1,Friedrichshain - Kreuzberg,Accident with minor injuries,Others,Driving accident,Daylight,Wet/moist/slippery
8472,197775,4,Plötzensee,2019,7,8,2,3,3,6,0,0,1,0,0,0,1,0,Charlottenburg - Wilmersdorf,Accident with minor injuries,Collision with a vehicle traveling laterally in the same direction,Collision involving vehicles going in the same way,Daylight,Dry
8473,197776,8,Silbersteinstraße,2019,7,7,2,3,2,2,0,1,1,0,0,0,0,0,Neukölln,Accident with minor injuries,Collision with the vehicle in front/waiting vehicle,Turning accident,Daylight,Dry
8474,197777,2,Boxhagener Platz,2019,7,6,2,3,2,6,0,0,1,0,1,0,0,0,Friedrichshain - Kreuzberg,Accident with minor injuries,Collision with the vehicle in front/waiting vehicle,Collision involving vehicles going in the same way,Daylight,Dry
8475,197778,6,Lichterfelde Süd,2019,7,20,1,3,0,1,0,1,0,0,0,0,0,0,Steglitz-Zehlendorf,Accident with minor injuries,Others,Driving accident,Daylight,Dry
8476,197779,7,Wittenbergplatz/Viktoria-Luise-Platz,2019,7,14,1,3,2,6,0,0,1,0,1,0,0,0,Tempelhof-Schöneberg,Accident with minor injuries,Collision with the vehicle in front/waiting vehicle,Collision involving vehicles going in the same way,Daylight,Dry
8477,197780,5,Gartenfelder Straße,2019,7,13,1,3,2,6,0,0,1,0,0,0,0,0,Spandau,Accident with minor injuries,Collision with the vehicle in front/waiting vehicle,Collision involving vehicles going in the same way,Daylight,Dry
8478,197781,1,Unter den Linden Nord,2019,7,17,1,3,0,7,0,0,0,0,0,0,1,0,Mitte,Accident with minor injuries,Others,Others,Daylight,Dry
8479,197782,1,Alexanderplatzviertel,2019,7,22,1,3,0,4,2,0,0,1,1,0,0,0,Mitte,Accident with minor injuries,Others,Pedestrian crossing accident,Dark,Dry
8480,197783,8,Gewerbegebiet Köllnische Heide,2019,7,18,1,3,0,1,0,1,0,0,0,0,0,0,Neukölln,Accident with minor injuries,Others,Driving accident,Daylight,Dry
8481,197784,8,Vogelviertel Süd,2019,7,16,1,3,5,7,0,0,1,0,0,0,0,0,Neukölln,Accident with minor injuries,Collision with a turning/crossing vehicle,Others,Daylight,Dry
8482,197785,1,Großer Tiergarten,2019,7,16,1,3,1,5,0,0,1,0,0,0,1,0,Mitte,Accident with minor injuries,Collision with a moving/standing/parked vehicle,Accident involving parked vehicles,Daylight,Dry
8483,197786,7,Grazer Platz,2019,7,15,1,2,2,6,0,0,1,0,1,0,0,0,Tempelhof-Schöneberg,Accident with serious injuries,Collision with the vehicle in front/waiting vehicle,Collision involving vehicles going in the same way,Daylight,Dry
8484,197787,1,Karl-Marx-Allee,2019,7,15,1,3,0,1,0,0,0,0,0,0,1,0,Mitte,Accident with minor injuries,Others,Driving accident,Daylight,Dry
8485,197788,2,Stralauer Halbinsel,2019,7,9,1,3,5,2,0,1,0,0,0,0,1,0,Friedrichshain - Kreuzberg,Accident with minor injuries,Collision with a turning/crossing vehicle,Turning accident,Daylight,Dry
8486,197789,2,Moritzplatz,2019,7,10,7,3,0,1,0,1,0,0,0,0,0,0,Friedrichshain - Kreuzberg,Accident with minor injuries,Others,Driving accident,Daylight,Dry
8487,197790,2,Friedenstraße,2019,7,17,7,3,0,3,0,1,1,0,0,0,0,0,Friedrichshain - Kreuzberg,Accident with minor injuries,Others,Turning/Crossing accident,Daylight,Dry
8488,197791,8,Rixdorf,2019,7,23,7,3,0,7,2,1,0,0,0,0,1,0,Neukölln,Accident with minor injuries,Others,Others,Dark,Dry
8489,197792,6,Zehlendorf Mitte,2019,7,18,7,3,5,3,0,1,1,0,0,0,0,0,Steglitz-Zehlendorf,Accident with minor injuries,Collision with a turning/crossing vehicle,Turning/Crossing accident,Daylight,Dry
8490,197793,8,Reuterkiez,2019,7,18,7,3,0,6,0,0,1,0,1,0,0,0,Neukölln,Accident with minor injuries,Others,Collision involving vehicles going in the same way,Daylight,Dry
8491,197794,1,Westhafen,2019,7,17,7,3,2,6,0,0,1,0,0,0,0,0,Mitte,Accident with minor injuries,Collision with the vehicle in front/waiting vehicle,Collision involving vehicles going in the same way,Daylight,Dry
8492,197795,4,Schaperstraße,2019,7,16,7,3,2,6,0,0,1,0,0,0,0,0,Charlottenburg - Wilmersdorf,Accident with minor injuries,Collision with the vehicle in front/waiting vehicle,Collision involving vehicles going in the same way,Daylight,Dry
8493,197796,4,Amtsgerichtsplatz,2019,7,16,7,3,5,2,0,0,1,0,0,0,0,0,Charlottenburg - Wilmersdorf,Accident with minor injuries,Collision with a turning/crossing vehicle,Turning accident,Daylight,Dry
8494,197797,1,Soldiner Straße,2019,7,16,7,3,5,2,0,1,1,0,0,0,0,0,Mitte,Accident with minor injuries,Collision with a turning/crossing vehicle,Turning accident,Daylight,Dry
8495,197798,6,Fischtal,2019,7,15,7,2,6,4,0,0,1,1,0,0,0,0,Steglitz-Zehlendorf,Accident with serious injuries,Collision between vehicle and pedestrian,Pedestrian crossing accident,Daylight,Dry
8496,197799,8,Reuterkiez,2019,7,23,7,3,0,6,2,0,0,0,1,0,0,0,Neukölln,Accident with minor injuries,Others,Collision involving vehicles going in the same way,Dark,Dry
8497,197800,1,Hansaviertel,2019,8,7,4,3,6,4,0,0,1,1,0,0,0,0,Mitte,Accident with minor injuries,Collision between vehicle and pedestrian,Pedestrian crossing accident,Daylight,Dry
8498,197801,5,Weinmeisterhornweg,2019,8,6,4,3,5,2,0,0,1,0,0,0,0,0,Spandau,Accident with minor injuries,Collision with a turning/crossing vehicle,Turning accident,Daylight,Dry
8499,197802,9,Bölschestraße,2019,8,7,4,2,6,7,0,0,0,1,0,0,1,0,Treptow-Köpenick,Accident with serious injuries,Collision between vehicle and pedestrian,Others,Daylight,Dry
8500,197803,5,Hakenfelde Nord,2019,8,7,4,3,0,1,0,1,0,0,0,0,0,0,Spandau,Accident with minor injuries,Others,Driving accident,Daylight,Dry
8501,197804,3,Arnimplatz,2019,8,18,3,3,0,5,0,1,1,0,0,0,0,0,Pankow,Accident with minor injuries,Others,Accident involving parked vehicles,Daylight,Dry
8502,197805,1,Lüneburger Straße,2019,8,17,3,2,6,7,0,0,0,1,0,0,1,0,Mitte,Accident with serious injuries,Collision between vehicle and pedestrian,Others,Daylight,Dry
8503,197806,1,Unter den Linden Nord,2019,8,13,3,3,6,4,0,1,0,1,0,0,0,0,Mitte,Accident with minor injuries,Collision between vehicle and pedestrian,Pedestrian crossing accident,Daylight,Dry
8504,197807,3,Teutoburger Platz,2019,8,18,3,3,1,5,0,1,1,0,0,0,1,0,Pankow,Accident with minor injuries,Collision with a moving/standing/parked vehicle,Accident involving parked vehicles,Daylight,Dry
8505,197808,9,Oberschöneweide Ost,2019,8,16,3,2,6,4,0,0,0,1,1,0,0,0,Treptow-Köpenick,Accident with serious injuries,Collision between vehicle and pedestrian,Pedestrian crossing accident,Daylight,Dry
8506,197809,3,Greifswalder Straße,2019,8,16,3,3,5,2,0,1,1,0,0,0,0,0,Pankow,Accident with minor injuries,Collision with a turning/crossing vehicle,Turning accident,Daylight,Dry
8507,197810,1,Huttenkiez,2019,8,15,3,3,2,6,0,0,1,0,0,0,0,0,Mitte,Accident with minor injuries,Collision with the vehicle in front/waiting vehicle,Collision involving vehicles going in the same way,Daylight,Dry
8508,197811,8,Treptower Straße Nord,2019,8,18,3,3,1,5,1,1,1,0,0,0,0,0,Neukölln,Accident with minor injuries,Collision with a moving/standing/parked vehicle,Accident involving parked vehicles,Twilight,Dry
8509,197812,7,Manteuffelstraße,2019,8,18,3,3,6,2,0,0,1,1,0,0,0,0,Tempelhof-Schöneberg,Accident with minor injuries,Collision between vehicle and pedestrian,Turning accident,Daylight,Dry
8510,197813,7,Nollendorfplatz,2019,8,18,3,3,6,4,0,0,1,1,0,0,0,0,Tempelhof-Schöneberg,Accident with minor injuries,Collision between vehicle and pedestrian,Pedestrian crossing accident,Daylight,Dry
8511,197814,10,Mahlsdorf Süd,2019,8,18,3,3,1,5,0,1,1,0,0,0,0,0,Marzahn-Hellersdorf,Accident with minor injuries,Collision with a moving/standing/parked vehicle,Accident involving parked vehicles,Daylight,Dry
8512,197815,3,Thälmannpark,2019,8,17,3,3,3,6,0,1,0,0,0,0,0,0,Pankow,Accident with minor injuries,Collision with a vehicle traveling laterally in the same direction,Collision involving vehicles going in the same way,Daylight,Dry
8513,197816,8,Glasower Straße,2019,8,17,3,3,5,2,0,1,1,0,0,0,0,0,Neukölln,Accident with minor injuries,Collision with a turning/crossing vehicle,Turning accident,Daylight,Dry
8514,197817,2,Traveplatz,2019,8,17,3,3,5,2,0,1,1,0,0,0,0,0,Friedrichshain - Kreuzberg,Accident with minor injuries,Collision with a turning/crossing vehicle,Turning accident,Daylight,Dry
8515,197818,7,Friedenau,2019,8,17,3,3,2,2,0,1,1,0,0,0,0,0,Tempelhof-Schöneberg,Accident with minor injuries,Collision with the vehicle in front/waiting vehicle,Turning accident,Daylight,Dry
8516,197819,7,Manteuffelstraße,2019,8,17,3,2,0,1,0,0,0,0,0,0,1,0,Tempelhof-Schöneberg,Accident with serious injuries,Others,Driving accident,Daylight,Dry
8517,197820,1,Alexanderplatzviertel,2019,8,8,3,3,0,6,0,1,0,0,0,0,0,0,Mitte,Accident with minor injuries,Others,Collision involving vehicles going in the same way,Daylight,Dry
8518,197821,2,Stralauer Kiez,2019,8,12,3,3,0,7,0,0,0,0,1,0,0,0,Friedrichshain - Kreuzberg,Accident with minor injuries,Others,Others,Daylight,Dry
8519,197822,1,Leipziger Straße,2019,8,16,3,3,5,3,0,1,1,0,1,0,0,0,Mitte,Accident with minor injuries,Collision with a turning/crossing vehicle,Turning/Crossing accident,Daylight,Dry
8520,197823,7,Manteuffelstraße,2019,8,15,3,3,5,2,0,0,1,0,1,0,0,0,Tempelhof-Schöneberg,Accident with minor injuries,Collision with a turning/crossing vehicle,Turning accident,Daylight,Dry
8521,197824,9,Köpenicker Landstraße,2019,8,15,3,3,2,1,0,0,1,0,0,0,0,0,Treptow-Köpenick,Accident with minor injuries,Collision with the vehicle in front/waiting vehicle,Driving accident,Daylight,Dry
8522,197825,4,Amtsgerichtsplatz,2019,8,14,3,3,5,3,0,0,1,0,1,0,0,0,Charlottenburg - Wilmersdorf,Accident with minor injuries,Collision with a turning/crossing vehicle,Turning/Crossing accident,Daylight,Dry
8523,197826,12,Waldidyll/Flughafensee,2019,8,14,3,3,2,6,0,0,1,0,0,0,0,0,Reinickendorf,Accident with minor injuries,Collision with the vehicle in front/waiting vehicle,Collision involving vehicles going in the same way,Daylight,Dry
8524,197827,5,Graetschelsteig,2019,8,13,3,3,2,6,0,0,1,0,0,0,0,0,Spandau,Accident with minor injuries,Collision with the vehicle in front/waiting vehicle,Collision involving vehicles going in the same way,Daylight,Dry
8525,197828,4,Prager Platz,2019,8,13,3,3,5,2,0,1,0,0,0,1,0,0,Charlottenburg - Wilmersdorf,Accident with minor injuries,Collision with a turning/crossing vehicle,Turning accident,Daylight,Dry
8526,197829,3,Komponistenviertel Weißensee,2019,8,16,3,3,3,6,0,1,1,0,0,0,0,0,Pankow,Accident with minor injuries,Collision with a vehicle traveling laterally in the same direction,Collision involving vehicles going in the same way,Daylight,Dry
8527,197830,4,Babelsberger Straße,2019,8,15,3,2,5,2,0,0,1,0,0,0,0,0,Charlottenburg - Wilmersdorf,Accident with serious injuries,Collision with a turning/crossing vehicle,Turning accident,Daylight,Dry
8528,197831,9,Köpenick Nord,2019,8,12,3,3,5,7,0,0,1,0,0,0,1,0,Treptow-Köpenick,Accident with minor injuries,Collision with a turning/crossing vehicle,Others,Daylight,Dry
8529,197832,8,Buckow Mitte,2019,8,15,3,3,1,5,0,0,1,0,0,0,0,0,Neukölln,Accident with minor injuries,Collision with a moving/standing/parked vehicle,Accident involving parked vehicles,Daylight,Dry
8530,197833,9,Bölschestraße,2019,8,12,3,3,1,5,0,1,0,0,0,0,1,0,Treptow-Köpenick,Accident with minor injuries,Collision with a moving/standing/parked vehicle,Accident involving parked vehicles,Daylight,Dry
8531,197834,1,Karl-Marx-Allee,2019,8,11,3,3,3,7,0,1,1,0,0,0,0,0,Mitte,Accident with minor injuries,Collision with a vehicle traveling laterally in the same direction,Others,Daylight,Dry
8532,197835,1,Lützowstraße,2019,8,8,3,3,2,6,0,1,1,0,0,0,0,0,Mitte,Accident with minor injuries,Collision with the vehicle in front/waiting vehicle,Collision involving vehicles going in the same way,Daylight,Dry
8533,197836,5,Adamstraße,2019,8,8,3,3,5,7,0,0,1,0,1,0,0,0,Spandau,Accident with minor injuries,Collision with a turning/crossing vehicle,Others,Daylight,Dry
8534,197837,10,Alt-Marzahn,2019,8,11,3,3,2,6,0,0,1,0,0,1,0,0,Marzahn-Hellersdorf,Accident with minor injuries,Collision with the vehicle in front/waiting vehicle,Collision involving vehicles going in the same way,Daylight,Dry
8535,197838,3,Arnimplatz,2019,8,6,3,2,0,7,0,1,0,0,0,0,0,0,Pankow,Accident with serious injuries,Others,Others,Daylight,Dry
8536,197839,5,Weinmeisterhornweg,2019,8,10,3,3,0,2,0,1,1,0,0,0,0,0,Spandau,Accident with minor injuries,Others,Turning accident,Daylight,Dry
8537,197840,1,Rehberge,2019,8,6,3,3,5,2,0,1,1,0,0,0,0,0,Mitte,Accident with minor injuries,Collision with a turning/crossing vehicle,Turning accident,Daylight,Dry
8538,197841,8,Rixdorf,2019,8,1,3,3,6,7,2,0,0,1,0,0,1,0,Neukölln,Accident with minor injuries,Collision between vehicle and pedestrian,Others,Dark,Dry
8539,197842,9,Späthsfelde,2019,8,9,3,3,5,3,0,1,1,0,0,0,0,0,Treptow-Köpenick,Accident with minor injuries,Collision with a turning/crossing vehicle,Turning/Crossing accident,Daylight,Dry
8540,197843,10,Gut Hellersdorf,2019,8,9,3,3,0,7,0,0,1,0,1,0,0,1,Marzahn-Hellersdorf,Accident with minor injuries,Others,Others,Daylight,Wet/moist/slippery
8541,197844,8,Rixdorf,2019,8,9,3,3,5,2,0,1,1,0,0,0,0,0,Neukölln,Accident with minor injuries,Collision with a turning/crossing vehicle,Turning accident,Daylight,Dry
8542,197845,2,Friedenstraße,2019,8,8,3,3,5,3,0,0,1,0,1,0,0,0,Friedrichshain - Kreuzberg,Accident with minor injuries,Collision with a turning/crossing vehicle,Turning/Crossing accident,Daylight,Dry
8543,197846,5,Maulbeerallee,2019,8,20,2,3,2,2,0,1,0,0,0,0,0,0,Spandau,Accident with minor injuries,Collision with the vehicle in front/waiting vehicle,Turning accident,Daylight,Dry
8544,197847,7,Friedenau,2019,8,12,2,3,2,7,0,1,1,0,0,0,0,0,Tempelhof-Schöneberg,Accident with minor injuries,Collision with the vehicle in front/waiting vehicle,Others,Daylight,Dry
8545,197848,4,Park Ruhwald,2019,8,15,2,3,2,6,2,0,1,0,0,0,0,0,Charlottenburg - Wilmersdorf,Accident with minor injuries,Collision with the vehicle in front/waiting vehicle,Collision involving vehicles going in the same way,Dark,Dry
8546,197849,8,Gropiusstadt Nord,2019,8,20,2,3,5,2,0,1,0,0,0,1,0,0,Neukölln,Accident with minor injuries,Collision with a turning/crossing vehicle,Turning accident,Daylight,Dry
8547,197850,11,Fennpfuhl West,2019,8,19,2,3,6,4,0,1,0,1,0,0,0,0,Lichtenberg,Accident with minor injuries,Collision between vehicle and pedestrian,Pedestrian crossing accident,Daylight,Dry
8548,197851,10,Böhlener Straße,2019,8,18,2,3,5,2,0,1,1,0,0,0,0,0,Marzahn-Hellersdorf,Accident with minor injuries,Collision with a turning/crossing vehicle,Turning accident,Daylight,Dry
8549,197852,7,Hundsteinweg,2019,8,18,2,2,5,5,0,0,1,0,0,0,0,0,Tempelhof-Schöneberg,Accident with serious injuries,Collision with a turning/crossing vehicle,Accident involving parked vehicles,Daylight,Dry
8550,197853,1,Invalidenstraße,2019,8,20,2,2,1,5,1,1,0,0,0,0,1,0,Mitte,Accident with serious injuries,Collision with a moving/standing/parked vehicle,Accident involving parked vehicles,Twilight,Dry
8551,197854,11,Große-Leege-Straße,2019,8,15,2,3,0,2,0,0,1,0,1,0,0,0,Lichtenberg,Accident with minor injuries,Others,Turning accident,Daylight,Dry
8552,197855,5,Tiefwerder,2019,8,18,2,3,5,2,0,1,1,0,0,0,0,0,Spandau,Accident with minor injuries,Collision with a turning/crossing vehicle,Turning accident,Daylight,Dry
8553,197856,1,Leipziger Straße,2019,8,17,2,3,5,2,0,0,1,0,1,0,0,0,Mitte,Accident with minor injuries,Collision with a turning/crossing vehicle,Turning accident,Daylight,Dry
8554,197857,7,Dennewitzplatz,2019,8,13,2,3,6,7,0,1,0,1,0,0,0,0,Tempelhof-Schöneberg,Accident with minor injuries,Collision between vehicle and pedestrian,Others,Daylight,Dry
8555,197858,2,Askanischer Platz,2019,8,13,2,3,2,6,0,1,0,0,0,0,0,0,Friedrichshain - Kreuzberg,Accident with minor injuries,Collision with the vehicle in front/waiting vehicle,Collision involving vehicles going in the same way,Daylight,Dry
8556,197859,4,Flinsberger Platz,2019,8,13,2,3,5,3,0,0,1,0,0,0,0,0,Charlottenburg - Wilmersdorf,Accident with minor injuries,Collision with a turning/crossing vehicle,Turning/Crossing accident,Daylight,Dry
8557,197860,2,Viktoriapark,2019,8,17,2,3,0,2,0,0,1,0,1,0,0,0,Friedrichshain - Kreuzberg,Accident with minor injuries,Others,Turning accident,Daylight,Dry
8558,197861,5,Döberitzer Weg,2019,8,16,2,3,0,2,0,1,1,0,0,0,0,0,Spandau,Accident with minor injuries,Others,Turning accident,Daylight,Dry
8559,197862,11,Rummelsburg,2019,8,16,2,2,0,7,0,1,0,0,0,0,0,0,Lichtenberg,Accident with serious injuries,Others,Others,Daylight,Dry
8560,197863,12,Waidmannslust,2019,8,16,2,3,5,3,0,1,1,0,0,0,0,0,Reinickendorf,Accident with minor injuries,Collision with a turning/crossing vehicle,Turning/Crossing accident,Daylight,Dry
8561,197864,5,Maulbeerallee,2019,8,16,2,3,0,4,0,0,0,1,0,0,1,0,Spandau,Accident with minor injuries,Others,Pedestrian crossing accident,Daylight,Dry
8562,197865,5,Carl-Schurz-Straße,2019,8,15,2,3,2,2,0,0,1,0,0,0,1,0,Spandau,Accident with minor injuries,Collision with the vehicle in front/waiting vehicle,Turning accident,Daylight,Dry
8563,197866,10,Havemannstraße,2019,8,15,2,2,5,3,0,0,1,0,1,0,0,0,Marzahn-Hellersdorf,Accident with serious injuries,Collision with a turning/crossing vehicle,Turning/Crossing accident,Daylight,Dry
8564,197867,12,Reinickes Hof,2019,8,15,2,3,6,2,0,0,1,1,0,0,0,0,Reinickendorf,Accident with minor injuries,Collision between vehicle and pedestrian,Turning accident,Daylight,Dry
8565,197868,11,Rüdigerstraße,2019,8,14,2,3,0,2,0,1,0,0,0,0,1,0,Lichtenberg,Accident with minor injuries,Others,Turning accident,Daylight,Dry
8566,197869,1,Charitéviertel,2019,8,14,2,3,3,5,0,1,1,0,0,0,0,0,Mitte,Accident with minor injuries,Collision with a vehicle traveling laterally in the same direction,Accident involving parked vehicles,Daylight,Dry
8567,197870,6,Augustaplatz,2019,8,15,2,3,5,3,0,0,1,0,0,0,0,0,Steglitz-Zehlendorf,Accident with minor injuries,Collision with a turning/crossing vehicle,Turning/Crossing accident,Daylight,Dry
8568,197871,4,Brabanter Platz,2019,8,10,2,3,5,3,0,1,1,0,0,0,0,0,Charlottenburg - Wilmersdorf,Accident with minor injuries,Collision with a turning/crossing vehicle,Turning/Crossing accident,Daylight,Dry
8569,197872,12,Scharnweberstraße,2019,8,10,2,3,5,2,0,1,1,0,0,0,0,0,Reinickendorf,Accident with minor injuries,Collision with a turning/crossing vehicle,Turning accident,Daylight,Dry
8570,197873,3,Buchholz,2019,8,9,2,3,6,3,0,0,1,1,0,0,0,0,Pankow,Accident with minor injuries,Collision between vehicle and pedestrian,Turning/Crossing accident,Daylight,Dry
8571,197874,11,Gensinger Straße,2019,8,12,2,2,5,3,0,1,1,0,0,0,0,0,Lichtenberg,Accident with serious injuries,Collision with a turning/crossing vehicle,Turning/Crossing accident,Daylight,Dry
8572,197875,2,Lausitzer Platz,2019,8,12,2,3,0,1,0,1,0,0,0,0,0,0,Friedrichshain - Kreuzberg,Accident with minor injuries,Others,Driving accident,Daylight,Dry
8573,197876,9,Müggelheim,2019,8,10,2,3,5,5,0,0,1,0,0,0,0,0,Treptow-Köpenick,Accident with minor injuries,Collision with a turning/crossing vehicle,Accident involving parked vehicles,Daylight,Dry
8574,197877,1,Kollwitzplatz,2019,8,8,2,3,2,6,0,0,1,0,1,0,0,0,Mitte,Accident with minor injuries,Collision with the vehicle in front/waiting vehicle,Collision involving vehicles going in the same way,Daylight,Dry
8575,197878,7,Nollendorfplatz,2019,8,8,2,3,5,3,0,1,1,0,0,0,0,0,Tempelhof-Schöneberg,Accident with minor injuries,Collision with a turning/crossing vehicle,Turning/Crossing accident,Daylight,Dry
8576,197879,7,Kaiser-Wilhelm-Platz,2019,8,8,2,3,3,6,0,1,1,0,0,0,0,0,Tempelhof-Schöneberg,Accident with minor injuries,Collision with a vehicle traveling laterally in the same direction,Collision involving vehicles going in the same way,Daylight,Dry
8577,197880,1,Humboldthain Süd,2019,8,7,2,3,5,3,0,0,1,0,0,0,0,0,Mitte,Accident with minor injuries,Collision with a turning/crossing vehicle,Turning/Crossing accident,Daylight,Dry
8578,197881,4,Preußenpark,2019,8,14,1,3,0,6,0,0,1,0,1,0,0,0,Charlottenburg - Wilmersdorf,Accident with minor injuries,Others,Collision involving vehicles going in the same way,Daylight,Dry
8579,197882,8,Ortolanweg,2019,8,10,1,3,0,6,0,1,1,0,0,0,0,0,Neukölln,Accident with minor injuries,Others,Collision involving vehicles going in the same way,Daylight,Dry
8580,197883,8,Schillerpromenade,2019,8,22,1,3,5,2,2,1,1,0,0,0,0,0,Neukölln,Accident with minor injuries,Collision with a turning/crossing vehicle,Turning accident,Dark,Dry
8581,197884,8,Donaustraße,2019,8,21,1,3,0,1,2,0,0,0,1,0,0,0,Neukölln,Accident with minor injuries,Others,Driving accident,Dark,Dry
8582,197885,2,Viktoriapark,2019,8,14,1,3,5,3,0,1,1,0,0,0,0,0,Friedrichshain - Kreuzberg,Accident with minor injuries,Collision with a turning/crossing vehicle,Turning/Crossing accident,Daylight,Dry
8583,197886,12,Mellerbogen,2019,8,14,1,3,1,5,0,0,1,0,0,0,0,0,Reinickendorf,Accident with minor injuries,Collision with a moving/standing/parked vehicle,Accident involving parked vehicles,Daylight,Dry
8584,197887,6,Hüttenweg,2019,8,13,1,3,0,1,0,1,0,0,0,0,0,0,Steglitz-Zehlendorf,Accident with minor injuries,Others,Driving accident,Daylight,Dry
8585,197888,4,Reichsstraße,2019,8,13,1,3,5,3,0,0,1,0,1,0,0,0,Charlottenburg - Wilmersdorf,Accident with minor injuries,Collision with a turning/crossing vehicle,Turning/Crossing accident,Daylight,Dry
8586,197889,6,Oberhofer Platz,2019,8,13,1,3,2,6,0,0,1,0,1,0,0,0,Steglitz-Zehlendorf,Accident with minor injuries,Collision with the vehicle in front/waiting vehicle,Collision involving vehicles going in the same way,Daylight,Dry
8587,197890,8,Schillerpromenade,2019,8,13,1,3,5,2,0,0,1,0,0,0,0,0,Neukölln,Accident with minor injuries,Collision with a turning/crossing vehicle,Turning accident,Daylight,Dry
8588,197891,3,Erich-Weinert-Straße,2019,8,12,1,3,0,1,0,1,0,0,0,0,0,0,Pankow,Accident with minor injuries,Others,Driving accident,Daylight,Dry
8589,197892,2,Lausitzer Platz,2019,8,12,1,3,5,3,0,0,1,0,0,0,0,0,Friedrichshain - Kreuzberg,Accident with minor injuries,Collision with a turning/crossing vehicle,Turning/Crossing accident,Daylight,Dry
8590,197893,4,Bismarckallee,2019,8,12,1,3,2,6,0,0,1,0,1,0,0,0,Charlottenburg - Wilmersdorf,Accident with minor injuries,Collision with the vehicle in front/waiting vehicle,Collision involving vehicles going in the same way,Daylight,Dry
8591,197894,1,Reinickendorfer Straße,2019,8,12,1,3,2,6,0,0,1,0,0,0,0,0,Mitte,Accident with minor injuries,Collision with the vehicle in front/waiting vehicle,Collision involving vehicles going in the same way,Daylight,Dry
8592,197895,9,Bölschestraße,2019,8,20,1,3,2,5,0,0,1,0,0,0,0,0,Treptow-Köpenick,Accident with minor injuries,Collision with the vehicle in front/waiting vehicle,Accident involving parked vehicles,Daylight,Dry
8593,197896,11,Weitlingstraße,2019,8,20,1,2,5,2,1,1,1,0,0,0,0,0,Lichtenberg,Accident with serious injuries,Collision with a turning/crossing vehicle,Turning accident,Twilight,Dry
8594,197897,1,Elberfelder Straße,2019,8,19,1,3,5,2,0,1,1,0,0,0,0,0,Mitte,Accident with minor injuries,Collision with a turning/crossing vehicle,Turning accident,Daylight,Dry
8595,197898,9,Köllnische Vorstadt,2019,8,18,1,3,5,2,0,1,1,0,0,0,0,0,Treptow-Köpenick,Accident with minor injuries,Collision with a turning/crossing vehicle,Turning accident,Daylight,Dry
8596,197899,8,Donaustraße,2019,8,18,1,3,5,3,0,0,1,0,1,0,0,0,Neukölln,Accident with minor injuries,Collision with a turning/crossing vehicle,Turning/Crossing accident,Daylight,Dry
8597,197900,10,Alt-Mahlsdorf,2019,8,17,1,3,5,3,0,0,1,0,0,0,0,0,Marzahn-Hellersdorf,Accident with minor injuries,Collision with a turning/crossing vehicle,Turning/Crossing accident,Daylight,Dry
8598,197901,12,Frohnau,2019,8,17,1,3,5,3,0,0,1,0,1,0,0,0,Reinickendorf,Accident with minor injuries,Collision with a turning/crossing vehicle,Turning/Crossing accident,Daylight,Dry
8599,197902,5,Darbystraße,2019,8,15,1,2,5,2,0,0,1,0,0,0,0,0,Spandau,Accident with serious injuries,Collision with a turning/crossing vehicle,Turning accident,Daylight,Dry
8600,197903,12,Dannenwalder Weg,2019,8,15,1,3,2,6,0,0,1,0,0,0,1,0,Reinickendorf,Accident with minor injuries,Collision with the vehicle in front/waiting vehicle,Collision involving vehicles going in the same way,Daylight,Dry
8601,197904,6,Zehlendorf Mitte,2019,8,15,1,3,0,7,0,1,0,0,0,0,0,0,Steglitz-Zehlendorf,Accident with minor injuries,Others,Others,Daylight,Dry
8602,197905,8,Buckow Mitte,2019,8,14,1,3,0,7,0,0,1,0,1,0,0,0,Neukölln,Accident with minor injuries,Others,Others,Daylight,Dry
8603,197906,1,Sparrplatz,2019,8,10,1,3,1,5,0,1,1,0,0,0,0,0,Mitte,Accident with minor injuries,Collision with a moving/standing/parked vehicle,Accident involving parked vehicles,Daylight,Dry
8604,197907,9,Adlershof Ost,2019,8,8,1,3,5,3,0,0,1,0,0,0,1,0,Treptow-Köpenick,Accident with minor injuries,Collision with a turning/crossing vehicle,Turning/Crossing accident,Daylight,Dry