,object id,district,street,year,month,hour of day,weekday,category,accident type,accident type 2,light situation,bike involved,car involved,pedestrian involved,motor bike involved,big track involved,other vehicle involved,road condition,district name,category name,accident detail,accident type detail,light condition,road condition detail
8605,197908,5,Gütersloher Weg,2019,8,7,4,3,5,2,0,0,1,0,1,0,0,0,Spandau,Accident with minor injuries,Collision with a turning/crossing vehicle,Turning accident,Daylight,Dry
8606,197909,5,Carl-Schurz-Straße,2019,8,8,1,3,6,2,0,0,1,1,0,0,0,0,Spandau,Accident with minor injuries,Collision between vehicle and pedestrian,Turning accident,Daylight,Dry
8607,197910,3,Niederschönhausen,2019,8,1,1,3,1,5,2,1,1,0,0,0,0,0,Pankow,Accident with minor injuries,Collision with a moving/standing/parked vehicle,Accident involving parked vehicles,Dark,Dry
8608,197911,3,Märchenland,2019,8,17,7,1,0,7,0,0,0,0,0,0,1,0,Pankow,Accident with fatalities,Others,Others,Daylight,Dry
8609,197912,3,Falkplatz,2019,8,12,7,3,0,4,0,1,0,1,0,0,0,0,Pankow,Accident with minor injuries,Others,Pedestrian crossing accident,Daylight,Dry
8610,197913,3,Pankow Zentrum,2019,8,13,7,3,5,2,0,1,1,0,0,0,0,0,Pankow,Accident with minor injuries,Collision with a turning/crossing vehicle,Turning accident,Daylight,Dry
8611,197914,4,Ernst-Reuter-Platz,2019,8,13,7,3,5,3,0,0,1,0,1,0,0,0,Charlottenburg - Wilmersdorf,Accident with minor injuries,Collision with a turning/crossing vehicle,Turning/Crossing accident,Daylight,Dry
8612,197915,11,Hauptstraße,2019,8,12,7,3,2,6,0,0,1,0,0,0,0,0,Lichtenberg,Accident with minor injuries,Collision with the vehicle in front/waiting vehicle,Collision involving vehicles going in the same way,Daylight,Dry
8613,197916,3,Alt-Karow,2019,8,12,7,3,5,3,0,0,1,0,0,0,0,0,Pankow,Accident with minor injuries,Collision with a turning/crossing vehicle,Turning/Crossing accident,Daylight,Dry
8614,197917,9,Oberschöneweide West,2019,8,12,7,3,5,3,0,0,1,0,0,0,0,0,Treptow-Köpenick,Accident with minor injuries,Collision with a turning/crossing vehicle,Turning/Crossing accident,Daylight,Dry
8615,197918,4,Breite Straße,2019,8,11,7,3,5,3,0,1,1,0,0,0,0,0,Charlottenburg - Wilmersdorf,Accident with minor injuries,Collision with a turning/crossing vehicle,Turning/Crossing accident,Daylight,Dry
8616,197919,5,Hakenfelde Nord,2019,8,11,7,2,5,2,0,1,1,0,0,0,0,0,Spandau,Accident with serious injuries,Collision with a turning/crossing vehicle,Turning accident,Daylight,Dry
8617,197920,6,Oberhofer Platz,2019,8,11,7,3,2,2,0,0,1,0,0,0,0,0,Steglitz-Zehlendorf,Accident with minor injuries,Collision with the vehicle in front/waiting vehicle,Turning accident,Daylight,Dry
8618,197921,9,Bohnsdorf,2019,8,11,7,2,5,3,0,0,1,0,0,0,0,0,Treptow-Köpenick,Accident with serious injuries,Collision with a turning/crossing vehicle,Turning/Crossing accident,Daylight,Dry
8619,197922,5,Magistratsweg,2019,8,11,7,3,5,3,0,1,1,0,0,0,0,0,Spandau,Accident with minor injuries,Collision with a turning/crossing vehicle,Turning/Crossing accident,Daylight,Dry
8620,197923,9,Späthsfelde,2019,8,9,7,3,2,2,0,0,1,0,0,0,0,0,Treptow-Köpenick,Accident with minor injuries,Collision with the vehicle in front/waiting vehicle,Turning accident,Daylight,Dry
8621,197924,1,Unter den Linden Süd,2019,8,9,7,3,5,3,0,0,1,0,0,0,0,0,Mitte,Accident with minor injuries,Collision with a turning/crossing vehicle,Turning/Crossing accident,Daylight,Dry
8622,197925,12,Rollbergesiedlung,2019,8,0,7,3,4,6,2,0,1,0,0,0,0,1,Reinickendorf,Accident with minor injuries,Collision with oncoming vehicle,Collision involving vehicles going in the same way,Dark,Wet/moist/slippery
8623,197926,5,Rohrdamm,2019,8,19,7,3,2,6,0,0,1,0,0,0,0,0,Spandau,Accident with minor injuries,Collision with the vehicle in front/waiting vehicle,Collision involving vehicles going in the same way,Daylight,Dry
8624,197927,4,Babelsberger Straße,2019,8,18,7,3,2,6,0,0,1,0,0,0,0,0,Charlottenburg - Wilmersdorf,Accident with minor injuries,Collision with the vehicle in front/waiting vehicle,Collision involving vehicles going in the same way,Daylight,Dry
8625,197928,3,Thälmannpark,2019,8,17,7,3,2,2,0,0,1,0,0,0,0,0,Pankow,Accident with minor injuries,Collision with the vehicle in front/waiting vehicle,Turning accident,Daylight,Dry
8626,197929,4,Eisenzahnstraße,2019,8,17,7,3,0,1,0,0,0,0,1,0,0,0,Charlottenburg - Wilmersdorf,Accident with minor injuries,Others,Driving accident,Daylight,Dry
8627,197930,1,Schillerpark,2019,8,16,7,3,4,6,0,0,1,0,0,0,0,0,Mitte,Accident with minor injuries,Collision with oncoming vehicle,Collision involving vehicles going in the same way,Daylight,Dry
8628,197931,9,Oberschöneweide Ost,2019,8,16,7,3,5,3,0,1,1,0,0,0,0,0,Treptow-Köpenick,Accident with minor injuries,Collision with a turning/crossing vehicle,Turning/Crossing accident,Daylight,Dry
8629,197932,4,Plötzensee,2019,8,15,7,3,5,2,0,0,1,0,0,0,0,0,Charlottenburg - Wilmersdorf,Accident with minor injuries,Collision with a turning/crossing vehicle,Turning accident,Daylight,Dry
8630,197933,2,Moritzplatz,2019,8,23,7,3,5,3,2,0,1,0,0,0,0,0,Friedrichshain - Kreuzberg,Accident with minor injuries,Collision with a turning/crossing vehicle,Turning/Crossing accident,Dark,Dry
8631,197934,7,Horstwalder Straße/Paplitzer Straße,2019,8,20,7,3,5,3,0,0,1,0,0,0,0,0,Tempelhof-Schöneberg,Accident with minor injuries,Collision with a turning/crossing vehicle,Turning/Crossing accident,Daylight,Dry
8632,197935,3,Falkplatz,2019,8,3,7,3,0,1,2,0,0,0,1,0,0,0,Pankow,Accident with minor injuries,Others,Driving accident,Dark,Dry
8633,197936,1,Charitéviertel,2019,8,17,6,3,5,2,0,1,1,0,0,0,0,0,Mitte,Accident with minor injuries,Collision with a turning/crossing vehicle,Turning accident,Daylight,Dry
8634,197937,2,Askanischer Platz,2019,8,16,6,3,0,4,0,1,0,1,0,0,0,0,Friedrichshain - Kreuzberg,Accident with minor injuries,Others,Pedestrian crossing accident,Daylight,Dry
8635,197938,2,Chamissokiez,2019,8,19,6,3,1,7,0,0,1,0,0,0,0,0,Friedrichshain - Kreuzberg,Accident with minor injuries,Collision with a moving/standing/parked vehicle,Others,Daylight,Dry
8636,197939,4,Breitscheidplatz,2019,8,21,6,3,3,6,2,1,1,0,0,0,0,0,Charlottenburg - Wilmersdorf,Accident with minor injuries,Collision with a vehicle traveling laterally in the same direction,Collision involving vehicles going in the same way,Dark,Dry
8637,197940,12,Scharnweberstraße,2019,8,17,6,3,2,6,0,1,1,0,0,0,0,0,Reinickendorf,Accident with minor injuries,Collision with the vehicle in front/waiting vehicle,Collision involving vehicles going in the same way,Daylight,Dry
8638,197941,8,Flughafenstraße,2019,8,22,6,3,1,5,2,1,1,0,0,0,0,0,Neukölln,Accident with minor injuries,Collision with a moving/standing/parked vehicle,Accident involving parked vehicles,Dark,Dry
8639,197942,2,Mehringplatz,2019,8,17,6,3,1,5,0,1,1,0,0,0,0,0,Friedrichshain - Kreuzberg,Accident with minor injuries,Collision with a moving/standing/parked vehicle,Accident involving parked vehicles,Daylight,Dry
8640,197943,2,Moritzplatz,2019,8,20,6,3,5,3,0,0,1,0,1,0,0,0,Friedrichshain - Kreuzberg,Accident with minor injuries,Collision with a turning/crossing vehicle,Turning/Crossing accident,Daylight,Dry
8641,197944,8,Flughafenstraße,2019,8,17,6,3,3,6,0,1,1,0,0,0,0,0,Neukölln,Accident with minor injuries,Collision with a vehicle traveling laterally in the same direction,Collision involving vehicles going in the same way,Daylight,Dry
8642,197945,9,Bohnsdorf,2019,8,19,6,3,5,3,0,1,0,0,0,0,1,0,Treptow-Köpenick,Accident with minor injuries,Collision with a turning/crossing vehicle,Turning/Crossing accident,Daylight,Dry
8643,197946,3,Humannplatz,2019,8,18,6,3,5,7,0,0,1,0,0,0,0,0,Pankow,Accident with minor injuries,Collision with a turning/crossing vehicle,Others,Daylight,Dry
8644,197947,6,Königsberger Straße,2019,8,21,6,3,1,7,2,0,1,0,0,0,0,0,Steglitz-Zehlendorf,Accident with minor injuries,Collision with a moving/standing/parked vehicle,Others,Dark,Dry
8645,197948,4,Kissinger Straße,2019,8,17,6,2,1,5,0,1,1,0,0,0,0,0,Charlottenburg - Wilmersdorf,Accident with serious injuries,Collision with a moving/standing/parked vehicle,Accident involving parked vehicles,Daylight,Dry
8646,197949,4,Droysenstraße,2019,8,19,6,2,0,1,0,0,0,0,1,0,0,0,Charlottenburg - Wilmersdorf,Accident with serious injuries,Others,Driving accident,Daylight,Dry
8647,197950,8,Flughafenstraße,2019,8,18,6,3,0,7,0,0,1,0,1,0,0,0,Neukölln,Accident with minor injuries,Others,Others,Daylight,Dry
8648,197951,7,Eisenacher Straße,2019,8,8,6,3,0,7,0,0,0,1,0,0,1,0,Tempelhof-Schöneberg,Accident with minor injuries,Others,Others,Daylight,Dry
8649,197952,9,Oberschöneweide Ost,2019,8,8,6,3,0,2,0,1,1,0,0,0,0,0,Treptow-Köpenick,Accident with minor injuries,Others,Turning accident,Daylight,Dry
8650,197953,12,Waldidyll/Flughafensee,2019,8,8,6,3,5,2,0,1,1,0,0,0,0,0,Reinickendorf,Accident with minor injuries,Collision with a turning/crossing vehicle,Turning accident,Daylight,Dry
8651,197954,7,Nollendorfplatz,2019,8,8,6,3,2,2,0,1,1,0,0,0,0,0,Tempelhof-Schöneberg,Accident with minor injuries,Collision with the vehicle in front/waiting vehicle,Turning accident,Daylight,Dry
8652,197955,12,Alt-Tegel,2019,8,8,6,3,3,6,0,0,1,0,0,1,0,0,Reinickendorf,Accident with minor injuries,Collision with a vehicle traveling laterally in the same direction,Collision involving vehicles going in the same way,Daylight,Dry
8653,197956,4,Plötzensee,2019,8,7,6,3,0,7,0,0,1,0,1,0,0,0,Charlottenburg - Wilmersdorf,Accident with minor injuries,Others,Others,Daylight,Dry
8654,197957,12,Frohnau,2019,8,7,6,3,4,6,0,1,0,0,0,0,0,0,Reinickendorf,Accident with minor injuries,Collision with oncoming vehicle,Collision involving vehicles going in the same way,Daylight,Dry
8655,197958,4,Forst Grunewald,2019,8,13,6,3,5,2,0,0,1,0,1,0,0,0,Charlottenburg - Wilmersdorf,Accident with minor injuries,Collision with a turning/crossing vehicle,Turning accident,Daylight,Dry
8656,197959,1,Invalidenstraße,2019,8,16,6,3,1,1,0,1,1,0,0,0,0,0,Mitte,Accident with minor injuries,Collision with a moving/standing/parked vehicle,Driving accident,Daylight,Dry
8657,197960,9,Köpenicker Landstraße,2019,8,13,6,3,6,4,0,1,0,1,0,0,0,0,Treptow-Köpenick,Accident with minor injuries,Collision between vehicle and pedestrian,Pedestrian crossing accident,Daylight,Dry
8658,197961,11,Hauptstraße,2019,8,16,6,2,5,3,0,1,1,0,0,0,0,0,Lichtenberg,Accident with serious injuries,Collision with a turning/crossing vehicle,Turning/Crossing accident,Daylight,Dry
8659,197962,1,Charitéviertel,2019,8,13,6,3,1,5,0,1,1,0,0,0,0,0,Mitte,Accident with minor injuries,Collision with a moving/standing/parked vehicle,Accident involving parked vehicles,Daylight,Dry
8660,197963,7,Schöneberger Insel,2019,8,13,6,3,2,6,0,0,1,0,0,0,0,0,Tempelhof-Schöneberg,Accident with minor injuries,Collision with the vehicle in front/waiting vehicle,Collision involving vehicles going in the same way,Daylight,Dry
8661,197964,3,Schönholz,2019,8,13,6,3,5,3,0,0,1,0,1,0,0,0,Pankow,Accident with minor injuries,Collision with a turning/crossing vehicle,Turning/Crossing accident,Daylight,Dry
8662,197965,9,Dammvorstadt,2019,8,11,6,3,0,1,0,1,0,0,0,0,0,0,Treptow-Köpenick,Accident with minor injuries,Others,Driving accident,Daylight,Dry
8663,197966,1,Unter den Linden Süd,2019,8,11,6,3,2,7,0,0,1,0,1,0,0,0,Mitte,Accident with minor injuries,Collision with the vehicle in front/waiting vehicle,Others,Daylight,Dry
8664,197967,12,Heiligensee,2019,8,10,6,2,6,4,0,0,1,1,0,0,0,0,Reinickendorf,Accident with serious injuries,Collision between vehicle and pedestrian,Pedestrian crossing accident,Daylight,Dry
8665,197968,5,Carl-Schurz-Straße,2019,8,10,6,3,0,2,0,0,1,0,1,0,0,0,Spandau,Accident with minor injuries,Others,Turning accident,Daylight,Dry
8666,197969,3,Weißer See,2019,8,9,6,3,5,2,0,1,0,0,0,0,0,0,Pankow,Accident with minor injuries,Collision with a turning/crossing vehicle,Turning accident,Daylight,Dry
8667,197970,1,Sparrplatz,2019,8,9,6,3,5,2,0,1,1,0,0,0,0,0,Mitte,Accident with minor injuries,Collision with a turning/crossing vehicle,Turning accident,Daylight,Dry
8668,197971,9,Elsenstraße,2019,8,9,6,3,5,2,0,1,1,0,0,0,0,0,Treptow-Köpenick,Accident with minor injuries,Collision with a turning/crossing vehicle,Turning accident,Daylight,Dry
8669,197972,5,Borkumer Straße,2019,8,15,6,2,6,4,0,0,1,1,0,0,0,0,Spandau,Accident with serious injuries,Collision between vehicle and pedestrian,Pedestrian crossing accident,Daylight,Dry
8670,197973,1,Westliche Müllerstraße,2019,8,15,6,3,5,2,0,1,1,0,1,0,0,0,Mitte,Accident with minor injuries,Collision with a turning/crossing vehicle,Turning accident,Daylight,Dry
8671,197974,2,Askanischer Platz,2019,8,14,6,3,3,6,0,1,0,0,0,0,1,0,Friedrichshain - Kreuzberg,Accident with minor injuries,Collision with a vehicle traveling laterally in the same direction,Collision involving vehicles going in the same way,Daylight,Dry
8672,197975,5,An der Kappe,2019,8,14,6,3,5,2,0,0,1,0,0,0,0,0,Spandau,Accident with minor injuries,Collision with a turning/crossing vehicle,Turning accident,Daylight,Dry
8673,197976,11,Fennpfuhl Ost,2019,8,13,6,3,2,6,0,0,1,0,0,0,1,0,Lichtenberg,Accident with minor injuries,Collision with the vehicle in front/waiting vehicle,Collision involving vehicles going in the same way,Daylight,Dry
8674,197977,4,Rathaus Wilmersdorf,2019,8,2,6,3,0,1,2,1,0,0,0,0,0,0,Charlottenburg - Wilmersdorf,Accident with minor injuries,Others,Driving accident,Dark,Dry
8675,197978,3,Teutoburger Platz,2019,8,23,6,3,9,1,2,0,0,0,0,0,1,0,Pankow,Accident with minor injuries,Departure from the roadway to the left,Driving accident,Dark,Dry
8676,197979,4,Breitscheidplatz,2019,8,14,5,2,5,2,0,0,1,0,1,0,0,0,Charlottenburg - Wilmersdorf,Accident with serious injuries,Collision with a turning/crossing vehicle,Turning accident,Daylight,Dry
8677,197980,5,Borkumer Straße,2019,8,16,5,2,5,2,0,0,1,0,0,0,0,0,Spandau,Accident with serious injuries,Collision with a turning/crossing vehicle,Turning accident,Daylight,Dry
8678,197981,11,Fennpfuhl West,2019,8,19,5,3,4,6,0,1,0,0,0,0,0,0,Lichtenberg,Accident with minor injuries,Collision with oncoming vehicle,Collision involving vehicles going in the same way,Daylight,Dry
8679,197982,4,Breitscheidplatz,2019,8,17,5,3,6,4,0,1,0,1,0,0,0,0,Charlottenburg - Wilmersdorf,Accident with minor injuries,Collision between vehicle and pedestrian,Pedestrian crossing accident,Daylight,Dry
8680,197983,9,Oberschöneweide West,2019,8,18,5,3,5,2,0,1,1,0,0,0,0,0,Treptow-Köpenick,Accident with minor injuries,Collision with a turning/crossing vehicle,Turning accident,Daylight,Dry
8681,197984,6,Alt-Lankwitz,2019,8,17,5,3,2,6,0,0,1,0,1,0,0,0,Steglitz-Zehlendorf,Accident with minor injuries,Collision with the vehicle in front/waiting vehicle,Collision involving vehicles going in the same way,Daylight,Dry
8682,197985,6,Teltower Damm,2019,8,16,5,3,5,3,0,1,1,0,0,0,0,0,Steglitz-Zehlendorf,Accident with minor injuries,Collision with a turning/crossing vehicle,Turning/Crossing accident,Daylight,Dry
8683,197986,1,Stülerstraße,2019,8,16,5,3,2,2,0,0,1,0,1,0,0,0,Mitte,Accident with minor injuries,Collision with the vehicle in front/waiting vehicle,Turning accident,Daylight,Dry
8684,197987,1,Heine-Viertel West,2019,8,18,5,3,3,2,0,1,1,0,0,0,0,0,Mitte,Accident with minor injuries,Collision with a vehicle traveling laterally in the same direction,Turning accident,Daylight,Dry
8685,197988,9,Oberschöneweide Ost,2019,8,16,5,2,5,2,0,1,1,0,0,0,0,0,Treptow-Köpenick,Accident with serious injuries,Collision with a turning/crossing vehicle,Turning accident,Daylight,Dry
8686,197989,8,Hertzbergplatz,2019,8,15,5,3,5,3,0,1,0,0,0,0,0,0,Neukölln,Accident with minor injuries,Collision with a turning/crossing vehicle,Turning/Crossing accident,Daylight,Dry
8687,197990,2,Mehringplatz,2019,8,15,5,3,1,5,0,1,1,0,0,0,0,0,Friedrichshain - Kreuzberg,Accident with minor injuries,Collision with a moving/standing/parked vehicle,Accident involving parked vehicles,Daylight,Dry
8688,197991,1,Leipziger Straße,2019,8,15,5,3,2,6,0,1,1,0,0,0,0,0,Mitte,Accident with minor injuries,Collision with the vehicle in front/waiting vehicle,Collision involving vehicles going in the same way,Daylight,Dry
8689,197992,8,Reuterkiez,2019,8,14,5,3,0,3,0,0,1,0,0,0,1,0,Neukölln,Accident with minor injuries,Others,Turning/Crossing accident,Daylight,Dry
8690,197993,1,Humboldthain Süd,2019,8,14,5,3,5,2,0,1,0,0,0,0,1,0,Mitte,Accident with minor injuries,Collision with a turning/crossing vehicle,Turning accident,Daylight,Dry
8691,197994,5,Carl-Schurz-Straße,2019,8,14,5,3,3,6,0,0,1,0,1,0,0,0,Spandau,Accident with minor injuries,Collision with a vehicle traveling laterally in the same direction,Collision involving vehicles going in the same way,Daylight,Dry
8692,197995,2,Andreasviertel,2019,8,14,5,3,2,6,0,0,1,0,0,0,1,0,Friedrichshain - Kreuzberg,Accident with minor injuries,Collision with the vehicle in front/waiting vehicle,Collision involving vehicles going in the same way,Daylight,Dry
8693,197996,8,Buschkrugallee Nord,2019,8,14,5,3,5,2,0,1,1,0,0,0,0,0,Neukölln,Accident with minor injuries,Collision with a turning/crossing vehicle,Turning accident,Daylight,Dry
8694,197997,11,Falkenberg Ost,2019,8,13,5,3,5,3,0,1,1,0,0,0,0,0,Lichtenberg,Accident with minor injuries,Collision with a turning/crossing vehicle,Turning/Crossing accident,Daylight,Dry
8695,197998,1,Elberfelder Straße,2019,8,10,5,3,5,2,0,1,1,0,0,0,0,0,Mitte,Accident with minor injuries,Collision with a turning/crossing vehicle,Turning accident,Daylight,Dry
8696,197999,7,Kaiser-Wilhelm-Platz,2019,8,21,5,3,6,7,2,1,0,1,0,0,0,0,Tempelhof-Schöneberg,Accident with minor injuries,Collision between vehicle and pedestrian,Others,Dark,Dry
8697,198000,4,Halensee,2019,8,19,5,2,5,2,0,0,1,0,1,0,0,0,Charlottenburg - Wilmersdorf,Accident with serious injuries,Collision with a turning/crossing vehicle,Turning accident,Daylight,Dry
8698,198001,6,Dahlem,2019,8,8,5,3,5,5,0,1,1,0,0,0,0,0,Steglitz-Zehlendorf,Accident with minor injuries,Collision with a turning/crossing vehicle,Accident involving parked vehicles,Daylight,Dry
8699,198002,12,Borsigwalde,2019,8,10,5,2,5,3,0,0,1,0,0,0,0,0,Reinickendorf,Accident with serious injuries,Collision with a turning/crossing vehicle,Turning/Crossing accident,Daylight,Dry
8700,198003,3,Rennbahnstraße,2019,8,8,5,3,5,3,0,1,0,0,0,0,0,0,Pankow,Accident with minor injuries,Collision with a turning/crossing vehicle,Turning/Crossing accident,Daylight,Dry
8701,198004,3,Volkspark Prenzlauer Berg,2019,8,8,5,3,5,7,0,0,1,0,1,0,0,0,Pankow,Accident with minor injuries,Collision with a turning/crossing vehicle,Others,Daylight,Dry
8702,198005,1,Wilhelmstraße,2019,8,9,5,3,0,1,0,1,0,0,0,0,0,1,Mitte,Accident with minor injuries,Others,Driving accident,Daylight,Wet/moist/slippery
8703,198006,8,Parchimer Allee,2019,8,8,5,3,2,6,0,0,1,0,0,0,0,0,Neukölln,Accident with minor injuries,Collision with the vehicle in front/waiting vehicle,Collision involving vehicles going in the same way,Daylight,Dry
8704,198007,5,An der Tränke,2019,8,8,5,3,5,3,0,1,1,0,0,0,0,0,Spandau,Accident with minor injuries,Collision with a turning/crossing vehicle,Turning/Crossing accident,Daylight,Dry
8705,198008,10,Wuhletalstraße,2019,8,6,5,2,6,4,0,0,1,1,0,0,0,0,Marzahn-Hellersdorf,Accident with serious injuries,Collision between vehicle and pedestrian,Pedestrian crossing accident,Daylight,Dry
8706,198009,5,Gartenfelder Straße,2019,8,8,4,3,6,7,0,1,0,1,0,0,0,0,Spandau,Accident with minor injuries,Collision between vehicle and pedestrian,Others,Daylight,Dry
8707,198010,1,Unter den Linden Süd,2019,8,14,4,3,5,2,0,1,0,0,0,0,0,1,Mitte,Accident with minor injuries,Collision with a turning/crossing vehicle,Turning accident,Daylight,Wet/moist/slippery
8708,198011,9,Schnellerstraße,2019,8,12,4,2,6,7,0,1,0,1,0,0,0,0,Treptow-Köpenick,Accident with serious injuries,Collision between vehicle and pedestrian,Others,Daylight,Dry
8709,198012,7,Rathaus Tempelhof,2019,8,11,4,3,3,6,0,0,1,0,0,0,0,0,Tempelhof-Schöneberg,Accident with minor injuries,Collision with a vehicle traveling laterally in the same direction,Collision involving vehicles going in the same way,Daylight,Dry
8710,198013,4,Preußenpark,2019,8,11,4,2,6,4,0,0,1,1,0,0,0,0,Charlottenburg - Wilmersdorf,Accident with serious injuries,Collision between vehicle and pedestrian,Pedestrian crossing accident,Daylight,Dry
8711,198014,2,Viktoriapark,2019,8,11,4,3,2,6,0,0,1,0,0,0,0,0,Friedrichshain - Kreuzberg,Accident with minor injuries,Collision with the vehicle in front/waiting vehicle,Collision involving vehicles going in the same way,Daylight,Dry
8712,198015,2,Urbanstraße,2019,8,9,4,3,6,4,0,1,0,1,0,0,0,0,Friedrichshain - Kreuzberg,Accident with minor injuries,Collision between vehicle and pedestrian,Pedestrian crossing accident,Daylight,Dry
8713,198016,8,Buckow Ost,2019,8,9,4,3,6,4,0,0,1,1,0,0,0,0,Neukölln,Accident with minor injuries,Collision between vehicle and pedestrian,Pedestrian crossing accident,Daylight,Dry
8714,198017,4,Lietzensee,2019,8,9,4,3,5,7,0,0,1,0,0,0,0,0,Charlottenburg - Wilmersdorf,Accident with minor injuries,Collision with a turning/crossing vehicle,Others,Daylight,Dry
8715,198018,4,Preußenpark,2019,8,9,4,3,5,3,0,1,1,0,0,0,0,0,Charlottenburg - Wilmersdorf,Accident with minor injuries,Collision with a turning/crossing vehicle,Turning/Crossing accident,Daylight,Dry
8716,198019,6,Schweizer Viertel,2019,8,9,4,2,5,3,0,1,1,0,0,0,0,0,Steglitz-Zehlendorf,Accident with serious injuries,Collision with a turning/crossing vehicle,Turning/Crossing accident,Daylight,Dry
8717,198020,1,Arkonaplatz,2019,8,8,4,3,0,6,0,0,1,0,1,0,0,0,Mitte,Accident with minor injuries,Others,Collision involving vehicles going in the same way,Daylight,Dry
8718,198021,1,Wilhelmstraße,2019,8,7,4,3,2,2,0,0,1,0,1,0,0,0,Mitte,Accident with minor injuries,Collision with the vehicle in front/waiting vehicle,Turning accident,Daylight,Dry
8719,198022,8,Gewerbegebiet Köllnische Heide,2019,8,3,4,3,5,3,2,1,1,0,0,0,0,0,Neukölln,Accident with minor injuries,Collision with a turning/crossing vehicle,Turning/Crossing accident,Dark,Dry
8720,198023,1,Lützowstraße,2019,8,20,4,3,5,3,0,0,1,0,1,0,0,0,Mitte,Accident with minor injuries,Collision with a turning/crossing vehicle,Turning/Crossing accident,Daylight,Dry
8721,198024,4,Prager Platz,2019,8,7,4,3,5,2,0,0,1,0,0,0,0,0,Charlottenburg - Wilmersdorf,Accident with minor injuries,Collision with a turning/crossing vehicle,Turning accident,Daylight,Dry
8722,198025,12,Hermsdorf,2019,8,12,4,3,5,3,0,0,1,0,0,0,0,0,Reinickendorf,Accident with minor injuries,Collision with a turning/crossing vehicle,Turning/Crossing accident,Daylight,Dry
8723,198026,12,Scharnweberstraße,2019,8,12,4,3,0,1,0,1,0,0,0,0,0,0,Reinickendorf,Accident with minor injuries,Others,Driving accident,Daylight,Dry
8724,198027,3,Wilhelmsruh,2019,8,7,4,3,2,6,0,0,1,0,0,0,0,0,Pankow,Accident with minor injuries,Collision with the vehicle in front/waiting vehicle,Collision involving vehicles going in the same way,Daylight,Dry
8725,198028,6,Alt-Lankwitz,2019,8,2,4,3,9,1,2,0,1,0,0,0,0,0,Steglitz-Zehlendorf,Accident with minor injuries,Departure from the roadway to the left,Driving accident,Dark,Dry
8726,198029,2,Urbanstraße,2019,8,16,4,3,5,3,0,0,1,0,0,0,0,0,Friedrichshain - Kreuzberg,Accident with minor injuries,Collision with a turning/crossing vehicle,Turning/Crossing accident,Daylight,Dry
8727,198030,3,Pankow Süd,2019,8,8,4,3,3,6,0,1,1,0,0,0,0,0,Pankow,Accident with minor injuries,Collision with a vehicle traveling laterally in the same direction,Collision involving vehicles going in the same way,Daylight,Dry
8728,198031,1,Arkonaplatz,2019,8,15,4,3,6,7,0,0,0,1,0,0,1,0,Mitte,Accident with minor injuries,Collision between vehicle and pedestrian,Others,Daylight,Dry
8729,198032,7,Schöneberger Insel,2019,8,15,4,3,3,7,0,1,0,0,0,0,0,0,Tempelhof-Schöneberg,Accident with minor injuries,Collision with a vehicle traveling laterally in the same direction,Others,Daylight,Dry
8730,198033,1,Leipziger Straße,2019,8,15,4,3,5,2,0,1,0,0,0,0,1,1,Mitte,Accident with minor injuries,Collision with a turning/crossing vehicle,Turning accident,Daylight,Wet/moist/slippery
8731,198034,2,Wrangelkiez,2019,8,14,4,3,0,6,0,1,1,0,0,0,0,0,Friedrichshain - Kreuzberg,Accident with minor injuries,Others,Collision involving vehicles going in the same way,Daylight,Dry
8732,198035,1,Alexanderplatzviertel,2019,8,14,4,3,0,1,0,0,0,0,1,0,0,1,Mitte,Accident with minor injuries,Others,Driving accident,Daylight,Wet/moist/slippery
8733,198036,7,Rathausstraße,2019,8,14,4,3,0,3,0,1,1,0,0,0,0,1,Tempelhof-Schöneberg,Accident with minor injuries,Others,Turning/Crossing accident,Daylight,Wet/moist/slippery
8734,198037,2,Urbanstraße,2019,8,14,4,3,0,2,0,0,0,0,1,0,1,1,Friedrichshain - Kreuzberg,Accident with minor injuries,Others,Turning accident,Daylight,Wet/moist/slippery
8735,198038,3,Volkspark Prenzlauer Berg,2019,8,14,4,3,5,2,0,1,1,0,0,0,0,1,Pankow,Accident with minor injuries,Collision with a turning/crossing vehicle,Turning accident,Daylight,Wet/moist/slippery
8736,198039,4,Ernst-Reuter-Platz,2019,8,19,4,3,5,2,0,1,1,0,0,0,0,0,Charlottenburg - Wilmersdorf,Accident with minor injuries,Collision with a turning/crossing vehicle,Turning accident,Daylight,Dry
8737,198040,5,Magistratsweg,2019,8,18,4,3,5,3,0,0,1,0,0,0,0,0,Spandau,Accident with minor injuries,Collision with a turning/crossing vehicle,Turning/Crossing accident,Daylight,Dry
8738,198041,11,Sewanstraße,2019,8,17,4,3,5,3,0,0,1,0,1,0,0,0,Lichtenberg,Accident with minor injuries,Collision with a turning/crossing vehicle,Turning/Crossing accident,Daylight,Dry
8739,198042,11,Herzbergstraße,2019,8,13,4,3,5,7,0,0,1,0,0,1,0,1,Lichtenberg,Accident with minor injuries,Collision with a turning/crossing vehicle,Others,Daylight,Wet/moist/slippery
8740,198043,10,Kaulsdorf Nord,2019,8,13,4,3,5,7,0,0,1,0,0,0,0,0,Marzahn-Hellersdorf,Accident with minor injuries,Collision with a turning/crossing vehicle,Others,Daylight,Dry
8741,198044,1,Elberfelder Straße,2019,8,13,4,3,5,2,0,1,1,0,0,0,0,0,Mitte,Accident with minor injuries,Collision with a turning/crossing vehicle,Turning accident,Daylight,Dry