,object id,district,street,year,month,hour of day,weekday,category,accident type,accident type 2,light situation,bike involved,car involved,pedestrian involved,motor bike involved,big track involved,other vehicle involved,road condition,district name,category name,accident detail,accident type detail,light condition,road condition detail
8742,198045,1,Emdener Straße,2019,8,5,3,3,5,3,1,0,1,0,1,0,0,0,Mitte,Accident with minor injuries,Collision with a turning/crossing vehicle,Turning/Crossing accident,Twilight,Dry
8743,198046,6,Feuerbachstraße,2019,8,12,3,2,1,5,0,1,1,0,0,0,0,0,Steglitz-Zehlendorf,Accident with serious injuries,Collision with a moving/standing/parked vehicle,Accident involving parked vehicles,Daylight,Dry
8744,198047,4,Prager Platz,2019,8,15,3,3,0,6,0,0,1,0,1,0,0,1,Charlottenburg - Wilmersdorf,Accident with minor injuries,Others,Collision involving vehicles going in the same way,Daylight,Wet/moist/slippery
8745,198048,7,Volkspark (Rudolf-Wilde-Park),2019,8,16,3,3,1,7,0,0,1,0,0,0,0,0,Tempelhof-Schöneberg,Accident with minor injuries,Collision with a moving/standing/parked vehicle,Others,Daylight,Dry
8746,198049,4,Park Ruhwald,2019,8,10,3,3,2,2,0,0,1,0,1,0,0,0,Charlottenburg - Wilmersdorf,Accident with minor injuries,Collision with the vehicle in front/waiting vehicle,Turning accident,Daylight,Dry
8747,198050,1,Unter den Linden Süd,2019,8,20,3,3,5,3,2,1,1,0,0,0,0,0,Mitte,Accident with minor injuries,Collision with a turning/crossing vehicle,Turning/Crossing accident,Dark,Dry
8748,198051,7,Dennewitzplatz,2019,8,20,3,3,3,6,0,1,0,0,0,0,1,0,Tempelhof-Schöneberg,Accident with minor injuries,Collision with a vehicle traveling laterally in the same direction,Collision involving vehicles going in the same way,Daylight,Dry
8749,198052,6,Berlepschstraße,2019,8,19,3,3,1,1,0,0,1,0,0,0,0,0,Steglitz-Zehlendorf,Accident with minor injuries,Collision with a moving/standing/parked vehicle,Driving accident,Daylight,Dry
8750,198053,7,Friedenau,2019,8,19,3,3,2,6,0,0,1,0,0,0,0,0,Tempelhof-Schöneberg,Accident with minor injuries,Collision with the vehicle in front/waiting vehicle,Collision involving vehicles going in the same way,Daylight,Dry
8751,198054,5,Carl-Schurz-Straße,2019,8,18,3,3,0,2,0,0,1,0,0,0,1,0,Spandau,Accident with minor injuries,Others,Turning accident,Daylight,Dry
8752,198055,5,Borkumer Straße,2019,8,18,3,3,0,4,0,1,0,1,0,0,0,0,Spandau,Accident with minor injuries,Others,Pedestrian crossing accident,Daylight,Dry
8753,198056,1,Charitéviertel,2019,8,18,3,3,2,2,0,1,1,0,0,0,0,0,Mitte,Accident with minor injuries,Collision with the vehicle in front/waiting vehicle,Turning accident,Daylight,Dry
8754,198057,1,Humboldthain Nordwest,2019,8,18,3,3,5,3,0,1,1,0,0,0,0,0,Mitte,Accident with minor injuries,Collision with a turning/crossing vehicle,Turning/Crossing accident,Daylight,Dry
8755,198058,2,Graefekiez,2019,8,16,3,3,0,7,0,1,1,0,0,0,0,1,Friedrichshain - Kreuzberg,Accident with minor injuries,Others,Others,Daylight,Wet/moist/slippery
8756,198059,2,Graefekiez,2019,8,17,3,2,2,6,0,0,0,0,1,0,1,0,Friedrichshain - Kreuzberg,Accident with serious injuries,Collision with the vehicle in front/waiting vehicle,Collision involving vehicles going in the same way,Daylight,Dry
8757,198060,9,Grünau,2019,8,17,3,3,3,6,0,1,1,0,0,0,0,0,Treptow-Köpenick,Accident with minor injuries,Collision with a vehicle traveling laterally in the same direction,Collision involving vehicles going in the same way,Daylight,Dry
8758,198061,1,Nördlicher Landwehrkanal,2019,8,17,4,3,5,2,0,1,1,0,0,0,0,0,Mitte,Accident with minor injuries,Collision with a turning/crossing vehicle,Turning accident,Daylight,Dry
8759,198062,1,Leipziger Straße,2019,8,17,3,3,0,3,0,0,1,0,1,0,0,1,Mitte,Accident with minor injuries,Others,Turning/Crossing accident,Daylight,Wet/moist/slippery
8760,198063,4,Alt-Lietzow,2019,8,17,3,3,5,7,0,1,1,0,0,0,0,0,Charlottenburg - Wilmersdorf,Accident with minor injuries,Collision with a turning/crossing vehicle,Others,Daylight,Dry
8761,198064,1,Heidestraße,2019,8,17,4,3,0,2,0,1,1,0,0,0,0,0,Mitte,Accident with minor injuries,Others,Turning accident,Daylight,Dry
8762,198065,3,Arnimplatz,2019,8,17,3,3,5,2,0,1,1,0,0,0,0,0,Pankow,Accident with minor injuries,Collision with a turning/crossing vehicle,Turning accident,Daylight,Dry
8763,198066,7,Alt-Lichtenrade/Töpchiner Weg,2019,8,17,4,3,5,3,0,1,1,0,0,0,0,0,Tempelhof-Schöneberg,Accident with minor injuries,Collision with a turning/crossing vehicle,Turning/Crossing accident,Daylight,Dry
8764,198067,1,Unter den Linden Süd,2019,8,17,3,3,5,3,0,0,1,0,0,0,1,0,Mitte,Accident with minor injuries,Collision with a turning/crossing vehicle,Turning/Crossing accident,Daylight,Dry
8765,198068,10,Gewerbegebiet Bitterfelder Straße,2019,8,17,4,3,5,3,0,1,0,0,0,0,1,0,Marzahn-Hellersdorf,Accident with minor injuries,Collision with a turning/crossing vehicle,Turning/Crossing accident,Daylight,Dry
8766,198069,6,Lankwitz Kirche,2019,8,17,3,3,5,2,0,0,1,0,1,0,0,0,Steglitz-Zehlendorf,Accident with minor injuries,Collision with a turning/crossing vehicle,Turning accident,Daylight,Dry
8767,198070,1,Unter den Linden Nord,2019,8,8,4,3,5,2,0,1,0,0,1,0,0,0,Mitte,Accident with minor injuries,Collision with a turning/crossing vehicle,Turning accident,Daylight,Dry
8768,198071,3,Buschallee,2019,8,11,3,3,2,5,0,0,1,0,1,0,0,0,Pankow,Accident with minor injuries,Collision with the vehicle in front/waiting vehicle,Accident involving parked vehicles,Daylight,Dry
8769,198072,2,Wassertorplatz,2019,8,16,4,3,6,7,0,1,0,1,0,0,0,0,Friedrichshain - Kreuzberg,Accident with minor injuries,Collision between vehicle and pedestrian,Others,Daylight,Dry
8770,198073,8,Schillerpromenade,2019,8,12,3,3,2,6,0,1,1,0,0,0,0,0,Neukölln,Accident with minor injuries,Collision with the vehicle in front/waiting vehicle,Collision involving vehicles going in the same way,Daylight,Dry
8771,198074,1,Reinickendorfer Straße,2019,8,16,4,2,1,5,0,0,1,0,1,0,0,0,Mitte,Accident with serious injuries,Collision with a moving/standing/parked vehicle,Accident involving parked vehicles,Daylight,Dry
8772,198075,1,Soldiner Straße,2019,8,11,3,3,5,3,0,0,1,0,1,0,0,0,Mitte,Accident with minor injuries,Collision with a turning/crossing vehicle,Turning/Crossing accident,Daylight,Dry
8773,198076,5,Rohrdamm,2019,8,11,3,3,6,7,0,0,1,1,0,0,0,0,Spandau,Accident with minor injuries,Collision between vehicle and pedestrian,Others,Daylight,Dry
8774,198077,1,Reinickendorfer Straße,2019,8,15,4,3,5,2,0,0,1,0,1,0,0,0,Mitte,Accident with minor injuries,Collision with a turning/crossing vehicle,Turning accident,Daylight,Dry
8775,198078,6,Fischtal,2019,8,10,3,3,1,5,0,1,1,0,0,0,0,0,Steglitz-Zehlendorf,Accident with minor injuries,Collision with a moving/standing/parked vehicle,Accident involving parked vehicles,Daylight,Dry
8776,198079,4,Ernst-Reuter-Platz,2019,8,15,4,2,5,2,0,1,0,0,0,0,1,0,Charlottenburg - Wilmersdorf,Accident with serious injuries,Collision with a turning/crossing vehicle,Turning accident,Daylight,Dry
8777,198080,8,Schillerpromenade,2019,8,9,3,3,5,3,0,0,1,0,1,0,1,0,Neukölln,Accident with minor injuries,Collision with a turning/crossing vehicle,Turning/Crossing accident,Daylight,Dry
8778,198081,12,Alt-Tegel,2019,8,12,4,3,5,7,0,0,1,0,1,0,0,0,Reinickendorf,Accident with minor injuries,Collision with a turning/crossing vehicle,Others,Daylight,Dry
8779,198082,3,Alt-Karow,2019,8,9,3,3,0,3,0,0,1,0,0,0,1,0,Pankow,Accident with minor injuries,Others,Turning/Crossing accident,Daylight,Dry
8780,198083,6,Nikolassee,2019,8,11,4,3,5,3,0,0,1,0,0,0,0,0,Steglitz-Zehlendorf,Accident with minor injuries,Collision with a turning/crossing vehicle,Turning/Crossing accident,Daylight,Dry
8781,198084,8,Gewerbegebiet Köllnische Heide,2019,8,8,3,3,5,2,0,1,1,0,0,0,0,0,Neukölln,Accident with minor injuries,Collision with a turning/crossing vehicle,Turning accident,Daylight,Dry
8782,198085,4,Alt-Lietzow,2019,8,7,3,3,5,2,0,1,1,0,0,0,0,0,Charlottenburg - Wilmersdorf,Accident with minor injuries,Collision with a turning/crossing vehicle,Turning accident,Daylight,Dry
8783,198086,11,Rüdigerstraße,2019,8,10,4,3,5,5,0,0,1,0,0,0,1,0,Lichtenberg,Accident with minor injuries,Collision with a turning/crossing vehicle,Accident involving parked vehicles,Daylight,Dry
8784,198087,1,Zwinglistraße,2019,8,10,4,3,5,2,0,0,1,0,0,0,0,0,Mitte,Accident with minor injuries,Collision with a turning/crossing vehicle,Turning accident,Daylight,Dry
8785,198088,3,Pankow Zentrum,2019,8,7,3,3,5,3,0,1,1,0,0,0,0,0,Pankow,Accident with minor injuries,Collision with a turning/crossing vehicle,Turning/Crossing accident,Daylight,Dry
8786,198089,11,Dorf Falkenberg,2019,8,7,3,2,3,6,0,0,0,0,1,0,1,0,Lichtenberg,Accident with serious injuries,Collision with a vehicle traveling laterally in the same direction,Collision involving vehicles going in the same way,Daylight,Dry
8787,198090,1,Lüneburger Straße,2019,8,10,4,2,6,7,0,0,1,1,0,0,0,0,Mitte,Accident with serious injuries,Collision between vehicle and pedestrian,Others,Daylight,Dry
8788,198091,9,Köllnische Vorstadt,2019,8,7,3,3,2,6,0,0,1,0,1,0,0,0,Treptow-Köpenick,Accident with minor injuries,Collision with the vehicle in front/waiting vehicle,Collision involving vehicles going in the same way,Daylight,Dry
8789,198092,9,Am Treptower Park Süd,2019,8,9,4,3,5,2,0,1,1,0,0,0,0,0,Treptow-Köpenick,Accident with minor injuries,Collision with a turning/crossing vehicle,Turning accident,Daylight,Dry
8790,198093,4,Kissinger Straße,2019,8,15,3,3,1,5,0,0,1,0,0,0,0,0,Charlottenburg - Wilmersdorf,Accident with minor injuries,Collision with a moving/standing/parked vehicle,Accident involving parked vehicles,Daylight,Dry
8791,198094,11,Rüdigerstraße,2019,8,16,3,3,4,6,0,1,1,0,0,0,0,0,Lichtenberg,Accident with minor injuries,Collision with oncoming vehicle,Collision involving vehicles going in the same way,Daylight,Dry
8792,198095,7,Marienfelde Nordost,2019,8,9,4,3,5,2,0,1,1,0,0,0,0,0,Tempelhof-Schöneberg,Accident with minor injuries,Collision with a turning/crossing vehicle,Turning accident,Daylight,Dry
8793,198096,12,Frohnau,2019,8,15,3,3,0,3,0,0,0,0,1,0,1,1,Reinickendorf,Accident with minor injuries,Others,Turning/Crossing accident,Daylight,Wet/moist/slippery
8794,198097,5,Gütersloher Weg,2019,8,15,3,3,0,3,0,0,1,0,1,0,0,1,Spandau,Accident with minor injuries,Others,Turning/Crossing accident,Daylight,Wet/moist/slippery
8795,198098,3,Teutoburger Platz,2019,8,7,4,3,5,2,0,1,0,0,0,0,1,0,Pankow,Accident with minor injuries,Collision with a turning/crossing vehicle,Turning accident,Daylight,Dry
8796,198099,4,Flatowallee,2019,8,16,3,2,5,7,0,0,1,0,0,0,0,0,Charlottenburg - Wilmersdorf,Accident with serious injuries,Collision with a turning/crossing vehicle,Others,Daylight,Dry
8797,198100,5,Graetschelsteig,2019,8,15,3,3,0,3,0,0,1,0,1,0,0,0,Spandau,Accident with minor injuries,Others,Turning/Crossing accident,Daylight,Dry
8798,198101,1,Reinickendorfer Straße,2019,8,15,4,3,5,2,0,1,1,0,0,0,0,0,Mitte,Accident with minor injuries,Collision with a turning/crossing vehicle,Turning accident,Daylight,Dry
8799,198102,1,Reinickendorfer Straße,2019,8,14,3,3,6,4,0,1,0,1,0,0,0,0,Mitte,Accident with minor injuries,Collision between vehicle and pedestrian,Pedestrian crossing accident,Daylight,Dry
8800,198103,3,Kollwitzplatz,2019,8,15,4,3,4,5,0,1,1,0,0,0,0,0,Pankow,Accident with minor injuries,Collision with oncoming vehicle,Accident involving parked vehicles,Daylight,Dry
8801,198104,11,Fennpfuhl West,2019,8,16,3,3,3,6,0,1,0,0,0,0,0,0,Lichtenberg,Accident with minor injuries,Collision with a vehicle traveling laterally in the same direction,Collision involving vehicles going in the same way,Daylight,Dry
8802,198105,7,Nollendorfplatz,2019,8,15,4,3,3,6,0,1,1,0,0,0,0,0,Tempelhof-Schöneberg,Accident with minor injuries,Collision with a vehicle traveling laterally in the same direction,Collision involving vehicles going in the same way,Daylight,Dry
8803,198106,8,Silbersteinstraße,2019,8,14,3,3,0,2,0,0,1,0,1,0,0,0,Neukölln,Accident with minor injuries,Others,Turning accident,Daylight,Dry
8804,198107,3,Pankow Zentrum,2019,8,14,4,3,5,3,0,0,1,0,1,0,0,0,Pankow,Accident with minor injuries,Collision with a turning/crossing vehicle,Turning/Crossing accident,Daylight,Dry
8805,198108,9,Adlershof West,2019,8,14,3,2,5,2,0,0,1,0,1,0,0,0,Treptow-Köpenick,Accident with serious injuries,Collision with a turning/crossing vehicle,Turning accident,Daylight,Dry
8806,198109,9,Bölschestraße,2019,8,16,3,3,5,7,0,0,1,0,1,0,0,0,Treptow-Köpenick,Accident with minor injuries,Collision with a turning/crossing vehicle,Others,Daylight,Dry
8807,198110,4,Königin-Elisabeth-Straße,2019,8,14,4,3,6,2,0,0,1,1,0,0,0,0,Charlottenburg - Wilmersdorf,Accident with minor injuries,Collision between vehicle and pedestrian,Turning accident,Daylight,Dry
8808,198111,12,Ziekowstraße/Freie Scholle,2019,8,14,4,3,1,5,0,1,1,0,0,0,0,0,Reinickendorf,Accident with minor injuries,Collision with a moving/standing/parked vehicle,Accident involving parked vehicles,Daylight,Dry
8809,198112,5,Zitadellenweg,2019,8,13,3,3,5,2,0,1,1,0,0,0,0,0,Spandau,Accident with minor injuries,Collision with a turning/crossing vehicle,Turning accident,Daylight,Dry
8810,198113,1,Arkonaplatz,2019,8,8,3,3,5,3,0,1,1,0,0,0,0,0,Mitte,Accident with minor injuries,Collision with a turning/crossing vehicle,Turning/Crossing accident,Daylight,Dry
8811,198114,8,Rixdorf,2019,8,13,4,2,5,3,0,0,1,0,1,0,0,0,Neukölln,Accident with serious injuries,Collision with a turning/crossing vehicle,Turning/Crossing accident,Daylight,Dry
8812,198115,4,Leon-Jessel-Platz,2019,8,12,3,3,5,7,0,1,1,0,0,0,0,0,Charlottenburg - Wilmersdorf,Accident with minor injuries,Collision with a turning/crossing vehicle,Others,Daylight,Dry
8813,198116,2,Andreasviertel,2019,8,13,4,3,5,3,0,0,1,0,0,0,0,0,Friedrichshain - Kreuzberg,Accident with minor injuries,Collision with a turning/crossing vehicle,Turning/Crossing accident,Daylight,Dry
8814,198117,12,Wittenau Süd,2019,8,16,3,3,3,6,0,0,1,0,0,0,0,0,Reinickendorf,Accident with minor injuries,Collision with a vehicle traveling laterally in the same direction,Collision involving vehicles going in the same way,Daylight,Dry
8815,198118,3,Weißer See,2019,8,13,4,3,5,3,0,0,1,0,0,0,0,0,Pankow,Accident with minor injuries,Collision with a turning/crossing vehicle,Turning/Crossing accident,Daylight,Dry
8816,198119,2,Boxhagener Platz,2019,8,15,3,3,5,3,0,0,1,0,0,0,0,1,Friedrichshain - Kreuzberg,Accident with minor injuries,Collision with a turning/crossing vehicle,Turning/Crossing accident,Daylight,Wet/moist/slippery
8817,198120,4,Alt-Lietzow,2019,8,13,4,2,1,5,0,0,1,0,0,0,1,0,Charlottenburg - Wilmersdorf,Accident with serious injuries,Collision with a moving/standing/parked vehicle,Accident involving parked vehicles,Daylight,Dry
8818,198121,3,Volkspark Prenzlauer Berg,2019,8,15,3,3,5,2,0,1,1,0,0,0,0,1,Pankow,Accident with minor injuries,Collision with a turning/crossing vehicle,Turning accident,Daylight,Wet/moist/slippery
8819,198122,6,Dahlem,2019,8,7,4,3,0,2,0,0,1,0,1,0,0,0,Steglitz-Zehlendorf,Accident with minor injuries,Others,Turning accident,Daylight,Dry
8820,198123,12,Wittenau Süd,2019,8,15,3,3,0,1,0,0,0,0,1,0,0,1,Reinickendorf,Accident with minor injuries,Others,Driving accident,Daylight,Wet/moist/slippery
8821,198124,7,Nollendorfplatz,2019,8,12,4,3,1,5,0,1,1,0,0,0,1,0,Tempelhof-Schöneberg,Accident with minor injuries,Collision with a moving/standing/parked vehicle,Accident involving parked vehicles,Daylight,Dry
8822,198125,9,Dammvorstadt,2019,8,13,5,3,5,7,0,0,1,0,0,0,1,0,Treptow-Köpenick,Accident with minor injuries,Collision with a turning/crossing vehicle,Others,Daylight,Dry
8823,198126,10,Alt-Kaulsdorf,2019,8,13,5,3,1,5,0,1,1,0,0,0,0,0,Marzahn-Hellersdorf,Accident with minor injuries,Collision with a moving/standing/parked vehicle,Accident involving parked vehicles,Daylight,Dry
8824,198127,1,Rehberge,2019,8,13,5,3,5,2,0,1,1,0,0,0,0,0,Mitte,Accident with minor injuries,Collision with a turning/crossing vehicle,Turning accident,Daylight,Dry
8825,198128,1,Unter den Linden Nord,2019,8,12,5,3,2,7,0,1,1,0,0,0,0,0,Mitte,Accident with minor injuries,Collision with the vehicle in front/waiting vehicle,Others,Daylight,Dry
8826,198129,1,Elberfelder Straße,2019,8,9,5,2,2,7,0,0,1,0,0,0,0,0,Mitte,Accident with serious injuries,Collision with the vehicle in front/waiting vehicle,Others,Daylight,Dry
8827,198130,4,Park Ruhwald,2019,8,9,5,2,5,2,0,1,0,0,0,1,0,0,Charlottenburg - Wilmersdorf,Accident with serious injuries,Collision with a turning/crossing vehicle,Turning accident,Daylight,Dry
8828,198131,1,Heine-Viertel Ost,2019,8,9,5,3,5,2,0,0,1,0,1,0,0,0,Mitte,Accident with minor injuries,Collision with a turning/crossing vehicle,Turning accident,Daylight,Dry
8829,198132,1,Sparrplatz,2019,8,9,5,3,0,5,0,0,1,0,1,0,0,0,Mitte,Accident with minor injuries,Others,Accident involving parked vehicles,Daylight,Dry
8830,198133,11,Malchower Weg,2019,8,9,5,3,5,3,0,1,1,0,0,0,0,0,Lichtenberg,Accident with minor injuries,Collision with a turning/crossing vehicle,Turning/Crossing accident,Daylight,Dry
8831,198134,1,Reinickendorfer Straße,2019,8,8,5,3,5,3,0,0,1,0,0,0,0,0,Mitte,Accident with minor injuries,Collision with a turning/crossing vehicle,Turning/Crossing accident,Daylight,Dry
8832,198135,7,Grazer Platz,2019,8,8,5,3,5,2,0,0,1,0,1,0,0,0,Tempelhof-Schöneberg,Accident with minor injuries,Collision with a turning/crossing vehicle,Turning accident,Daylight,Dry
8833,198136,12,Scharnweberstraße,2019,8,8,5,3,3,6,0,0,1,0,0,1,0,0,Reinickendorf,Accident with minor injuries,Collision with a vehicle traveling laterally in the same direction,Collision involving vehicles going in the same way,Daylight,Dry
8834,198137,1,Lüneburger Straße,2019,8,8,5,3,5,2,0,1,1,0,0,0,0,0,Mitte,Accident with minor injuries,Collision with a turning/crossing vehicle,Turning accident,Daylight,Dry
8835,198138,2,Friedenstraße,2019,8,8,5,3,5,2,0,1,1,0,0,0,0,0,Friedrichshain - Kreuzberg,Accident with minor injuries,Collision with a turning/crossing vehicle,Turning accident,Daylight,Dry
8836,198139,9,Schnellerstraße,2019,8,7,5,3,5,2,0,1,1,0,0,0,0,0,Treptow-Köpenick,Accident with minor injuries,Collision with a turning/crossing vehicle,Turning accident,Daylight,Dry
8837,198140,7,Wittenbergplatz/Viktoria-Luise-Platz,2019,8,3,5,3,6,6,2,0,0,1,0,0,1,0,Tempelhof-Schöneberg,Accident with minor injuries,Collision between vehicle and pedestrian,Collision involving vehicles going in the same way,Dark,Dry
8838,198141,12,Hermsdorf,2019,8,10,5,3,0,1,0,0,0,0,1,0,0,0,Reinickendorf,Accident with minor injuries,Others,Driving accident,Daylight,Dry
8839,198142,12,Scharnweberstraße,2019,8,16,4,3,5,2,0,1,1,0,0,0,0,0,Reinickendorf,Accident with minor injuries,Collision with a turning/crossing vehicle,Turning accident,Daylight,Dry
8840,198143,12,Ziekowstraße/Freie Scholle,2019,8,16,4,3,0,1,0,0,1,0,1,0,0,0,Reinickendorf,Accident with minor injuries,Others,Driving accident,Daylight,Dry
8841,198144,2,Rathaus Yorckstraße,2019,8,4,4,3,5,3,2,0,1,0,0,0,0,1,Friedrichshain - Kreuzberg,Accident with minor injuries,Collision with a turning/crossing vehicle,Turning/Crossing accident,Dark,Wet/moist/slippery
8842,198145,3,Arnimplatz,2019,8,19,4,3,2,2,2,0,1,0,1,0,0,0,Pankow,Accident with minor injuries,Collision with the vehicle in front/waiting vehicle,Turning accident,Dark,Dry
8843,198146,4,Alt-Lietzow,2019,8,19,4,3,5,3,1,0,1,0,1,0,0,0,Charlottenburg - Wilmersdorf,Accident with minor injuries,Collision with a turning/crossing vehicle,Turning/Crossing accident,Twilight,Dry
8844,198147,6,Südende,2019,8,18,4,3,5,2,0,0,1,0,1,0,0,0,Steglitz-Zehlendorf,Accident with minor injuries,Collision with a turning/crossing vehicle,Turning accident,Daylight,Dry
8845,198148,7,Friedenau,2019,8,18,4,3,5,7,0,1,0,0,0,0,1,0,Tempelhof-Schöneberg,Accident with minor injuries,Collision with a turning/crossing vehicle,Others,Daylight,Dry
8846,198149,2,Askanischer Platz,2019,8,17,4,3,1,5,0,0,1,0,1,0,0,0,Friedrichshain - Kreuzberg,Accident with minor injuries,Collision with a moving/standing/parked vehicle,Accident involving parked vehicles,Daylight,Dry
8847,198150,2,Samariterviertel,2019,8,16,4,3,1,5,0,1,1,0,0,0,0,0,Friedrichshain - Kreuzberg,Accident with minor injuries,Collision with a moving/standing/parked vehicle,Accident involving parked vehicles,Daylight,Dry
8848,198151,2,Graefekiez,2019,8,18,4,3,3,6,0,1,1,0,0,0,0,0,Friedrichshain - Kreuzberg,Accident with minor injuries,Collision with a vehicle traveling laterally in the same direction,Collision involving vehicles going in the same way,Daylight,Dry
8849,198152,5,Döberitzer Weg,2019,8,17,4,3,0,3,0,1,1,0,0,0,0,0,Spandau,Accident with minor injuries,Others,Turning/Crossing accident,Daylight,Dry
8850,198153,6,Königsberger Straße,2019,8,14,4,2,2,6,0,0,1,0,0,0,1,0,Steglitz-Zehlendorf,Accident with serious injuries,Collision with the vehicle in front/waiting vehicle,Collision involving vehicles going in the same way,Daylight,Dry
8851,198154,7,Friedenau,2019,8,17,4,3,3,6,0,1,1,0,0,0,0,0,Tempelhof-Schöneberg,Accident with minor injuries,Collision with a vehicle traveling laterally in the same direction,Collision involving vehicles going in the same way,Daylight,Dry
8852,198155,4,Nikolsburger Platz,2019,8,17,4,3,0,4,0,1,0,1,0,0,0,0,Charlottenburg - Wilmersdorf,Accident with minor injuries,Others,Pedestrian crossing accident,Daylight,Dry
8853,198156,7,Nollendorfplatz,2019,8,15,4,3,3,6,0,1,1,0,0,0,0,0,Tempelhof-Schöneberg,Accident with minor injuries,Collision with a vehicle traveling laterally in the same direction,Collision involving vehicles going in the same way,Daylight,Dry
8854,198157,7,Manteuffelstraße,2019,8,22,4,3,5,3,2,0,1,0,0,0,0,0,Tempelhof-Schöneberg,Accident with minor injuries,Collision with a turning/crossing vehicle,Turning/Crossing accident,Dark,Dry
8855,198158,7,Kaiser-Wilhelm-Platz,2019,8,19,4,3,5,2,0,1,1,0,0,0,0,0,Tempelhof-Schöneberg,Accident with minor injuries,Collision with a turning/crossing vehicle,Turning accident,Daylight,Dry
8856,198159,1,Brunnenstraße,2019,8,8,4,2,6,4,0,1,0,1,0,0,0,0,Mitte,Accident with serious injuries,Collision between vehicle and pedestrian,Pedestrian crossing accident,Daylight,Dry
8857,198160,1,Leipziger Straße,2019,8,8,4,3,5,3,0,1,1,0,0,0,0,0,Mitte,Accident with minor injuries,Collision with a turning/crossing vehicle,Turning/Crossing accident,Daylight,Dry
8858,198161,5,Alt-Gatow,2019,8,8,4,3,5,3,0,0,1,0,1,0,0,0,Spandau,Accident with minor injuries,Collision with a turning/crossing vehicle,Turning/Crossing accident,Daylight,Dry
8859,198162,2,Andreasviertel,2019,8,7,4,3,5,2,0,0,1,0,0,0,0,0,Friedrichshain - Kreuzberg,Accident with minor injuries,Collision with a turning/crossing vehicle,Turning accident,Daylight,Dry
8860,198163,12,Klixstraße,2019,8,7,4,3,6,2,0,0,1,1,0,0,0,0,Reinickendorf,Accident with minor injuries,Collision between vehicle and pedestrian,Turning accident,Daylight,Dry
8861,198164,3,Buchholz,2019,8,7,4,3,6,2,0,0,1,1,0,0,0,0,Pankow,Accident with minor injuries,Collision between vehicle and pedestrian,Turning accident,Daylight,Dry
8862,198165,5,Carl-Schurz-Straße,2019,8,6,4,2,0,6,1,0,1,0,1,0,0,0,Spandau,Accident with serious injuries,Others,Collision involving vehicles going in the same way,Twilight,Dry
8863,198166,8,Parchimer Allee,2019,8,6,4,3,5,3,0,1,0,0,0,0,1,0,Neukölln,Accident with minor injuries,Collision with a turning/crossing vehicle,Turning/Crossing accident,Daylight,Dry
8864,198167,7,Imbrosweg,2019,8,9,4,3,9,1,0,0,1,0,0,0,1,0,Tempelhof-Schöneberg,Accident with minor injuries,Departure from the roadway to the left,Driving accident,Daylight,Dry
8865,198168,10,Marzahner Chaussee,2019,8,17,4,2,5,2,0,0,1,0,1,0,0,0,Marzahn-Hellersdorf,Accident with serious injuries,Collision with a turning/crossing vehicle,Turning accident,Daylight,Dry
8866,198169,1,Unter den Linden Süd,2019,8,16,4,2,5,3,0,1,1,0,0,0,0,0,Mitte,Accident with serious injuries,Collision with a turning/crossing vehicle,Turning/Crossing accident,Daylight,Dry
8867,198170,7,Kaiser-Wilhelm-Platz,2019,8,15,4,3,0,1,0,0,1,0,1,0,0,0,Tempelhof-Schöneberg,Accident with minor injuries,Others,Driving accident,Daylight,Dry
8868,198171,12,Alt-Tegel,2019,8,15,4,3,5,3,0,1,1,0,0,0,0,0,Reinickendorf,Accident with minor injuries,Collision with a turning/crossing vehicle,Turning/Crossing accident,Daylight,Dry
8869,198172,10,Marzahner Chaussee,2019,8,15,4,3,5,3,0,1,1,0,0,0,0,0,Marzahn-Hellersdorf,Accident with minor injuries,Collision with a turning/crossing vehicle,Turning/Crossing accident,Daylight,Dry
8870,198173,9,Johannisthal West,2019,8,15,4,3,6,4,0,0,1,1,0,0,0,0,Treptow-Köpenick,Accident with minor injuries,Collision between vehicle and pedestrian,Pedestrian crossing accident,Daylight,Dry
8871,198174,8,Reuterkiez,2019,8,15,4,3,5,2,0,1,1,0,0,0,0,0,Neukölln,Accident with minor injuries,Collision with a turning/crossing vehicle,Turning accident,Daylight,Dry
8872,198175,6,Thielallee,2019,8,14,4,2,5,3,0,1,1,0,0,0,0,0,Steglitz-Zehlendorf,Accident with serious injuries,Collision with a turning/crossing vehicle,Turning/Crossing accident,Daylight,Dry
8873,198176,9,Adlershof West,2019,8,14,4,3,5,2,0,0,1,0,0,0,0,0,Treptow-Köpenick,Accident with minor injuries,Collision with a turning/crossing vehicle,Turning accident,Daylight,Dry
8874,198177,2,Askanischer Platz,2019,8,12,4,3,5,3,0,1,1,0,0,0,0,0,Friedrichshain - Kreuzberg,Accident with minor injuries,Collision with a turning/crossing vehicle,Turning/Crossing accident,Daylight,Dry
8875,198178,4,Schloßstraße,2019,8,11,4,3,5,2,0,1,0,0,1,0,0,0,Charlottenburg - Wilmersdorf,Accident with minor injuries,Collision with a turning/crossing vehicle,Turning accident,Daylight,Dry
8876,198179,8,Buckow Ost,2019,8,10,4,2,2,6,0,0,1,0,1,0,0,0,Neukölln,Accident with serious injuries,Collision with the vehicle in front/waiting vehicle,Collision involving vehicles going in the same way,Daylight,Dry
8877,198180,9,Grünau,2019,8,9,4,3,5,3,0,0,1,0,0,0,1,0,Treptow-Köpenick,Accident with minor injuries,Collision with a turning/crossing vehicle,Turning/Crossing accident,Daylight,Dry
8878,198181,4,Plötzensee,2019,8,9,4,2,5,3,0,0,1,0,1,0,0,0,Charlottenburg - Wilmersdorf,Accident with serious injuries,Collision with a turning/crossing vehicle,Turning/Crossing accident,Daylight,Dry