,object id,district,street,year,month,hour of day,weekday,category,accident type,accident type 2,light situation,bike involved,car involved,pedestrian involved,motor bike involved,big track involved,other vehicle involved,road condition,district name,category name,accident detail,accident type detail,light condition,road condition detail
8879,198182,11,Dorf Falkenberg,2019,8,9,4,3,5,2,0,1,0,0,0,0,1,0,Lichtenberg,Accident with minor injuries,Collision with a turning/crossing vehicle,Turning accident,Daylight,Dry
8880,198183,10,Adele-Sandrock-Straße,2019,8,11,3,2,0,7,0,1,0,0,0,0,0,0,Marzahn-Hellersdorf,Accident with serious injuries,Others,Others,Daylight,Dry
8881,198184,7,Rathaus Tempelhof,2019,8,15,3,3,2,6,0,0,1,0,0,0,0,0,Tempelhof-Schöneberg,Accident with minor injuries,Collision with the vehicle in front/waiting vehicle,Collision involving vehicles going in the same way,Daylight,Dry
8882,198185,7,Wittenbergplatz/Viktoria-Luise-Platz,2019,8,8,3,3,5,3,0,1,0,0,0,0,0,0,Tempelhof-Schöneberg,Accident with minor injuries,Collision with a turning/crossing vehicle,Turning/Crossing accident,Daylight,Dry
8883,198186,12,Reinickes Hof,2019,8,21,3,3,0,1,2,0,0,0,1,0,0,0,Reinickendorf,Accident with minor injuries,Others,Driving accident,Dark,Dry
8884,198187,3,Pankow Zentrum,2019,8,20,3,3,2,6,2,1,0,0,0,0,0,0,Pankow,Accident with minor injuries,Collision with the vehicle in front/waiting vehicle,Collision involving vehicles going in the same way,Dark,Dry
8885,198188,1,Wilhelmstraße,2019,8,18,3,3,5,3,0,1,0,0,0,0,0,0,Mitte,Accident with minor injuries,Collision with a turning/crossing vehicle,Turning/Crossing accident,Daylight,Dry
8886,198189,6,Augustaplatz,2019,8,16,3,3,5,3,0,0,1,0,0,0,0,0,Steglitz-Zehlendorf,Accident with minor injuries,Collision with a turning/crossing vehicle,Turning/Crossing accident,Daylight,Dry
8887,198190,8,Gropiusstadt Nord,2019,8,19,3,2,1,1,0,0,1,0,0,0,1,0,Neukölln,Accident with serious injuries,Collision with a moving/standing/parked vehicle,Driving accident,Daylight,Dry
8888,198191,2,Mehringplatz,2019,8,16,3,3,2,6,0,0,1,0,0,0,0,0,Friedrichshain - Kreuzberg,Accident with minor injuries,Collision with the vehicle in front/waiting vehicle,Collision involving vehicles going in the same way,Daylight,Dry
8889,198192,8,Donaustraße,2019,8,16,3,3,2,6,0,0,1,0,0,0,1,0,Neukölln,Accident with minor injuries,Collision with the vehicle in front/waiting vehicle,Collision involving vehicles going in the same way,Daylight,Dry
8890,198193,12,Dannenwalder Weg,2019,8,15,3,3,0,1,0,0,1,0,1,0,0,0,Reinickendorf,Accident with minor injuries,Others,Driving accident,Daylight,Dry
8891,198194,12,Heiligensee,2019,8,15,3,3,5,3,0,1,0,0,0,0,0,0,Reinickendorf,Accident with minor injuries,Collision with a turning/crossing vehicle,Turning/Crossing accident,Daylight,Dry
8892,198195,2,Mehringplatz,2019,8,14,3,3,6,2,0,0,0,1,0,1,0,0,Friedrichshain - Kreuzberg,Accident with minor injuries,Collision between vehicle and pedestrian,Turning accident,Daylight,Dry
8893,198196,4,Paul-Hertz-Siedlung,2019,8,14,3,3,5,3,0,1,1,0,0,0,0,0,Charlottenburg - Wilmersdorf,Accident with minor injuries,Collision with a turning/crossing vehicle,Turning/Crossing accident,Daylight,Dry
8894,198197,1,Sparrplatz,2019,8,18,3,3,5,2,0,1,1,0,0,0,0,0,Mitte,Accident with minor injuries,Collision with a turning/crossing vehicle,Turning accident,Daylight,Dry
8895,198198,1,Wilhelmstraße,2019,8,18,3,3,1,5,0,1,1,0,0,0,0,0,Mitte,Accident with minor injuries,Collision with a moving/standing/parked vehicle,Accident involving parked vehicles,Daylight,Dry
8896,198199,2,Moritzplatz,2019,8,18,3,3,0,7,0,0,1,0,0,0,1,0,Friedrichshain - Kreuzberg,Accident with minor injuries,Others,Others,Daylight,Dry
8897,198200,1,Thomasiusstraße,2019,8,18,3,3,1,5,0,1,1,0,0,0,1,0,Mitte,Accident with minor injuries,Collision with a moving/standing/parked vehicle,Accident involving parked vehicles,Daylight,Dry
8898,198201,4,Breitscheidplatz,2019,8,16,3,3,0,2,0,0,1,0,0,0,1,0,Charlottenburg - Wilmersdorf,Accident with minor injuries,Others,Turning accident,Daylight,Dry
8899,198202,1,Alexanderplatzviertel,2019,8,9,3,3,0,5,0,1,0,0,0,1,0,0,Mitte,Accident with minor injuries,Others,Accident involving parked vehicles,Daylight,Dry
8900,198203,8,Zittauer Straße,2019,8,17,3,2,6,4,0,0,0,1,1,0,0,0,Neukölln,Accident with serious injuries,Collision between vehicle and pedestrian,Pedestrian crossing accident,Daylight,Dry
8901,198204,1,Großer Tiergarten,2019,8,17,3,2,6,7,0,1,0,1,0,0,0,0,Mitte,Accident with serious injuries,Collision between vehicle and pedestrian,Others,Daylight,Dry
8902,198205,5,Freiheit,2019,8,15,3,3,5,2,0,0,1,0,0,0,0,0,Spandau,Accident with minor injuries,Collision with a turning/crossing vehicle,Turning accident,Daylight,Dry
8903,198206,9,Bohnsdorf,2019,8,15,3,2,5,2,0,1,1,0,0,0,0,0,Treptow-Köpenick,Accident with serious injuries,Collision with a turning/crossing vehicle,Turning accident,Daylight,Dry
8904,198207,1,Schillerpark,2019,8,10,3,3,2,3,0,1,1,0,0,0,0,0,Mitte,Accident with minor injuries,Collision with the vehicle in front/waiting vehicle,Turning/Crossing accident,Daylight,Dry
8905,198208,3,Pankow Zentrum,2019,8,10,3,3,2,3,0,0,1,0,1,0,0,0,Pankow,Accident with minor injuries,Collision with the vehicle in front/waiting vehicle,Turning/Crossing accident,Daylight,Dry
8906,198209,3,Winsstraße,2019,8,9,3,3,2,6,0,1,1,0,0,0,0,0,Pankow,Accident with minor injuries,Collision with the vehicle in front/waiting vehicle,Collision involving vehicles going in the same way,Daylight,Dry
8907,198210,5,Pillnitzer Weg,2019,8,9,3,3,2,2,0,0,1,0,0,0,0,0,Spandau,Accident with minor injuries,Collision with the vehicle in front/waiting vehicle,Turning accident,Daylight,Dry
8908,198211,12,Waldidyll/Flughafensee,2019,8,8,3,3,0,4,0,0,1,1,0,0,0,0,Reinickendorf,Accident with minor injuries,Others,Pedestrian crossing accident,Daylight,Dry
8909,198212,7,Rathaus Tempelhof,2019,8,9,3,3,5,2,0,1,1,0,0,0,0,0,Tempelhof-Schöneberg,Accident with minor injuries,Collision with a turning/crossing vehicle,Turning accident,Daylight,Dry
8910,198213,9,Allende I,2019,8,9,3,3,5,2,0,0,1,0,0,0,0,0,Treptow-Köpenick,Accident with minor injuries,Collision with a turning/crossing vehicle,Turning accident,Daylight,Dry
8911,198214,9,Oberschöneweide West,2019,8,7,3,3,5,2,0,1,0,0,0,1,0,0,Treptow-Köpenick,Accident with minor injuries,Collision with a turning/crossing vehicle,Turning accident,Daylight,Dry
8912,198215,2,Lausitzer Platz,2019,8,7,3,3,5,3,0,0,1,0,1,0,0,0,Friedrichshain - Kreuzberg,Accident with minor injuries,Collision with a turning/crossing vehicle,Turning/Crossing accident,Daylight,Dry
8913,198216,7,Marienfelde Süd,2019,8,8,3,1,6,4,0,0,0,1,0,1,0,0,Tempelhof-Schöneberg,Accident with fatalities,Collision between vehicle and pedestrian,Pedestrian crossing accident,Daylight,Dry
8914,198217,2,Graefekiez,2019,8,18,2,3,6,4,0,1,0,1,0,0,0,0,Friedrichshain - Kreuzberg,Accident with minor injuries,Collision between vehicle and pedestrian,Pedestrian crossing accident,Daylight,Dry
8915,198218,3,Heinersdorf,2019,8,10,2,3,3,6,0,1,0,0,0,0,0,0,Pankow,Accident with minor injuries,Collision with a vehicle traveling laterally in the same direction,Collision involving vehicles going in the same way,Daylight,Dry
8916,198219,1,Emdener Straße,2019,8,18,2,3,6,4,0,0,0,1,0,0,1,0,Mitte,Accident with minor injuries,Collision between vehicle and pedestrian,Pedestrian crossing accident,Daylight,Dry
8917,198220,3,Hansastraße,2019,8,13,2,3,4,6,0,0,1,0,1,0,0,0,Pankow,Accident with minor injuries,Collision with oncoming vehicle,Collision involving vehicles going in the same way,Daylight,Dry
8918,198221,3,Pankow Zentrum,2019,8,17,2,3,2,6,0,0,1,0,0,0,0,0,Pankow,Accident with minor injuries,Collision with the vehicle in front/waiting vehicle,Collision involving vehicles going in the same way,Daylight,Dry
8919,198222,10,Buckower Ring,2019,8,17,2,2,2,7,0,0,1,0,0,0,0,0,Marzahn-Hellersdorf,Accident with serious injuries,Collision with the vehicle in front/waiting vehicle,Others,Daylight,Dry
8920,198223,4,Eisenzahnstraße,2019,8,17,2,3,1,5,0,0,1,0,0,0,0,0,Charlottenburg - Wilmersdorf,Accident with minor injuries,Collision with a moving/standing/parked vehicle,Accident involving parked vehicles,Daylight,Dry
8921,198224,10,Mahlsdorf Süd,2019,8,17,2,3,5,2,0,0,1,0,0,0,1,0,Marzahn-Hellersdorf,Accident with minor injuries,Collision with a turning/crossing vehicle,Turning accident,Daylight,Dry
8922,198225,7,Germaniagarten,2019,8,16,2,2,6,4,0,0,1,1,0,0,0,0,Tempelhof-Schöneberg,Accident with serious injuries,Collision between vehicle and pedestrian,Pedestrian crossing accident,Daylight,Dry
8923,198226,7,Manteuffelstraße,2019,8,16,2,3,5,2,0,0,1,0,1,0,0,0,Tempelhof-Schöneberg,Accident with minor injuries,Collision with a turning/crossing vehicle,Turning accident,Daylight,Dry
8924,198227,12,Waidmannslust,2019,8,15,2,3,5,3,0,0,1,0,1,0,0,0,Reinickendorf,Accident with minor injuries,Collision with a turning/crossing vehicle,Turning/Crossing accident,Daylight,Dry
8925,198228,1,Reinickendorfer Straße,2019,8,15,2,3,5,3,0,0,1,0,0,0,0,0,Mitte,Accident with minor injuries,Collision with a turning/crossing vehicle,Turning/Crossing accident,Daylight,Dry
8926,198229,7,Nollendorfplatz,2019,8,15,2,3,2,6,0,0,1,0,1,0,0,0,Tempelhof-Schöneberg,Accident with minor injuries,Collision with the vehicle in front/waiting vehicle,Collision involving vehicles going in the same way,Daylight,Dry
8927,198230,1,Lüneburger Straße,2019,8,23,2,3,6,4,2,0,1,1,0,0,0,0,Mitte,Accident with minor injuries,Collision between vehicle and pedestrian,Pedestrian crossing accident,Dark,Dry
8928,198231,5,Ackerstraße,2019,8,15,2,3,6,2,0,0,1,1,0,0,0,0,Spandau,Accident with minor injuries,Collision between vehicle and pedestrian,Turning accident,Daylight,Dry
8929,198232,3,Teutoburger Platz,2019,8,19,2,3,6,4,0,1,0,1,0,0,0,0,Pankow,Accident with minor injuries,Collision between vehicle and pedestrian,Pedestrian crossing accident,Daylight,Dry
8930,198233,11,Karlshorst Nord,2019,8,18,5,3,5,2,0,1,1,0,0,0,0,0,Lichtenberg,Accident with minor injuries,Collision with a turning/crossing vehicle,Turning accident,Daylight,Dry
8931,198234,1,Oranienburger Straße,2019,8,19,2,3,5,2,0,1,1,0,0,0,0,0,Mitte,Accident with minor injuries,Collision with a turning/crossing vehicle,Turning accident,Daylight,Dry
8932,198235,6,Dahlem,2019,8,14,2,3,1,5,0,0,1,0,0,0,1,0,Steglitz-Zehlendorf,Accident with minor injuries,Collision with a moving/standing/parked vehicle,Accident involving parked vehicles,Daylight,Dry
8933,198236,4,Binger Straße,2019,8,19,2,3,5,2,0,1,1,0,0,0,0,0,Charlottenburg - Wilmersdorf,Accident with minor injuries,Collision with a turning/crossing vehicle,Turning accident,Daylight,Dry
8934,198237,2,Wriezener Bahnhof/Entwicklungsgebiet,2019,8,14,2,3,5,3,0,1,0,0,0,0,1,0,Friedrichshain - Kreuzberg,Accident with minor injuries,Collision with a turning/crossing vehicle,Turning/Crossing accident,Daylight,Dry
8935,198238,6,Südende,2019,8,19,2,2,5,7,0,0,0,0,1,0,1,0,Steglitz-Zehlendorf,Accident with serious injuries,Collision with a turning/crossing vehicle,Others,Daylight,Dry
8936,198239,11,Sewanstraße,2019,8,19,2,3,1,5,0,1,1,0,0,0,0,0,Lichtenberg,Accident with minor injuries,Collision with a moving/standing/parked vehicle,Accident involving parked vehicles,Daylight,Dry
8937,198240,3,Hansastraße,2019,8,17,2,3,2,6,0,1,1,0,0,0,0,0,Pankow,Accident with minor injuries,Collision with the vehicle in front/waiting vehicle,Collision involving vehicles going in the same way,Daylight,Dry
8938,198241,1,Alexanderplatzviertel,2019,8,18,2,3,2,6,0,1,1,0,0,0,0,0,Mitte,Accident with minor injuries,Collision with the vehicle in front/waiting vehicle,Collision involving vehicles going in the same way,Daylight,Dry
8939,198242,1,Großer Tiergarten,2019,8,13,2,3,2,6,0,0,1,0,0,0,0,0,Mitte,Accident with minor injuries,Collision with the vehicle in front/waiting vehicle,Collision involving vehicles going in the same way,Daylight,Dry
8940,198243,10,Alt-Biesdorf,2019,8,18,2,3,5,2,0,0,1,0,0,0,0,0,Marzahn-Hellersdorf,Accident with minor injuries,Collision with a turning/crossing vehicle,Turning accident,Daylight,Dry
8941,198244,12,Frohnau,2019,8,12,2,3,5,3,0,0,1,0,1,0,0,0,Reinickendorf,Accident with minor injuries,Collision with a turning/crossing vehicle,Turning/Crossing accident,Daylight,Dry
8942,198245,6,Dahlem,2019,8,12,2,3,5,7,0,0,1,0,0,0,0,0,Steglitz-Zehlendorf,Accident with minor injuries,Collision with a turning/crossing vehicle,Others,Daylight,Dry
8943,198246,2,Lausitzer Platz,2019,8,12,2,3,2,2,0,0,1,0,0,1,0,0,Friedrichshain - Kreuzberg,Accident with minor injuries,Collision with the vehicle in front/waiting vehicle,Turning accident,Daylight,Dry
8944,198247,2,Barnimkiez,2019,8,12,2,3,1,5,0,1,0,0,0,0,1,0,Friedrichshain - Kreuzberg,Accident with minor injuries,Collision with a moving/standing/parked vehicle,Accident involving parked vehicles,Daylight,Dry
8945,198248,2,Lausitzer Platz,2019,8,11,2,3,5,3,0,0,1,0,0,0,0,0,Friedrichshain - Kreuzberg,Accident with minor injuries,Collision with a turning/crossing vehicle,Turning/Crossing accident,Daylight,Dry
8946,198249,6,Fichtenberg,2019,8,11,2,3,5,2,0,1,1,0,0,0,0,0,Steglitz-Zehlendorf,Accident with minor injuries,Collision with a turning/crossing vehicle,Turning accident,Daylight,Dry
8947,198250,8,Gropiusstadt Ost,2019,8,11,2,2,6,2,0,0,1,1,0,0,0,0,Neukölln,Accident with serious injuries,Collision between vehicle and pedestrian,Turning accident,Daylight,Dry
8948,198251,4,Babelsberger Straße,2019,8,10,2,3,2,2,0,1,1,0,0,0,0,0,Charlottenburg - Wilmersdorf,Accident with minor injuries,Collision with the vehicle in front/waiting vehicle,Turning accident,Daylight,Dry
8949,198252,6,Lankwitz Süd,2019,8,8,2,3,5,3,0,0,1,0,0,0,1,0,Steglitz-Zehlendorf,Accident with minor injuries,Collision with a turning/crossing vehicle,Turning/Crossing accident,Daylight,Dry
8950,198253,4,Hindemithplatz,2019,8,7,2,2,5,7,0,0,1,0,1,0,0,0,Charlottenburg - Wilmersdorf,Accident with serious injuries,Collision with a turning/crossing vehicle,Others,Daylight,Dry
8951,198254,6,Botanischer Garten,2019,8,6,2,3,2,6,0,0,1,0,1,0,0,0,Steglitz-Zehlendorf,Accident with minor injuries,Collision with the vehicle in front/waiting vehicle,Collision involving vehicles going in the same way,Daylight,Dry
8952,198255,1,Großer Tiergarten,2019,8,6,2,3,5,2,1,1,1,0,0,0,0,0,Mitte,Accident with minor injuries,Collision with a turning/crossing vehicle,Turning accident,Twilight,Dry
8953,198256,9,Johannisthal West,2019,8,5,2,3,0,1,1,0,1,0,1,0,0,1,Treptow-Köpenick,Accident with minor injuries,Others,Driving accident,Twilight,Wet/moist/slippery
8954,198257,2,Neu-Tempelhof,2019,8,5,2,3,2,6,1,0,1,0,0,0,0,0,Friedrichshain - Kreuzberg,Accident with minor injuries,Collision with the vehicle in front/waiting vehicle,Collision involving vehicles going in the same way,Twilight,Dry
8955,198258,12,Tegel Süd,2019,8,11,2,3,0,7,0,0,1,0,0,0,0,0,Reinickendorf,Accident with minor injuries,Others,Others,Daylight,Dry
8956,198259,6,Schütte-Lanz-Straße,2019,8,19,1,3,2,6,0,0,1,0,0,0,0,0,Steglitz-Zehlendorf,Accident with minor injuries,Collision with the vehicle in front/waiting vehicle,Collision involving vehicles going in the same way,Daylight,Dry
8957,198260,5,Carl-Schurz-Straße,2019,8,19,1,3,0,6,0,0,0,0,1,0,1,1,Spandau,Accident with minor injuries,Others,Collision involving vehicles going in the same way,Daylight,Wet/moist/slippery
8958,198261,8,Parchimer Allee,2019,8,21,1,3,5,3,2,0,1,0,0,0,0,1,Neukölln,Accident with minor injuries,Collision with a turning/crossing vehicle,Turning/Crossing accident,Dark,Wet/moist/slippery
8959,198262,4,Park Ruhwald,2019,8,13,1,3,2,3,0,0,1,0,0,0,0,0,Charlottenburg - Wilmersdorf,Accident with minor injuries,Collision with the vehicle in front/waiting vehicle,Turning/Crossing accident,Daylight,Dry
8960,198263,9,Johannisthal Ost,2019,8,21,1,3,2,2,2,0,1,0,0,0,0,1,Treptow-Köpenick,Accident with minor injuries,Collision with the vehicle in front/waiting vehicle,Turning accident,Dark,Wet/moist/slippery
8961,198264,1,Invalidenstraße,2019,8,22,1,2,0,7,2,0,0,0,0,0,1,1,Mitte,Accident with serious injuries,Others,Others,Dark,Wet/moist/slippery
8962,198265,7,Dennewitzplatz,2019,8,22,1,2,4,1,2,0,1,0,0,0,0,1,Tempelhof-Schöneberg,Accident with serious injuries,Collision with oncoming vehicle,Driving accident,Dark,Wet/moist/slippery
8963,198266,1,Wilhelmstraße,2019,8,18,1,3,0,1,0,0,0,0,1,0,0,1,Mitte,Accident with minor injuries,Others,Driving accident,Daylight,Wet/moist/slippery
8964,198267,11,Hauptstraße,2019,8,20,1,2,0,1,1,0,0,0,1,0,0,1,Lichtenberg,Accident with serious injuries,Others,Driving accident,Twilight,Wet/moist/slippery
8965,198268,1,Nördlicher Landwehrkanal,2019,8,19,1,2,5,2,0,0,1,0,0,0,0,1,Mitte,Accident with serious injuries,Collision with a turning/crossing vehicle,Turning accident,Daylight,Wet/moist/slippery
8966,198269,1,Elberfelder Straße,2019,8,19,1,3,2,6,0,0,1,0,0,0,0,1,Mitte,Accident with minor injuries,Collision with the vehicle in front/waiting vehicle,Collision involving vehicles going in the same way,Daylight,Wet/moist/slippery
8967,198270,12,Schorfheidestraße,2019,8,19,1,3,2,6,0,0,1,0,0,0,0,1,Reinickendorf,Accident with minor injuries,Collision with the vehicle in front/waiting vehicle,Collision involving vehicles going in the same way,Daylight,Wet/moist/slippery
8968,198271,4,Branitzer Platz,2019,8,18,1,3,5,3,0,1,1,0,0,0,0,1,Charlottenburg - Wilmersdorf,Accident with minor injuries,Collision with a turning/crossing vehicle,Turning/Crossing accident,Daylight,Wet/moist/slippery
8969,198272,7,John-Locke-Straße,2019,8,18,1,3,5,2,0,1,1,0,0,0,0,1,Tempelhof-Schöneberg,Accident with minor injuries,Collision with a turning/crossing vehicle,Turning accident,Daylight,Wet/moist/slippery
8970,198273,7,Kaiser-Wilhelm-Platz,2019,8,17,1,3,1,5,0,1,1,0,0,0,0,0,Tempelhof-Schöneberg,Accident with minor injuries,Collision with a moving/standing/parked vehicle,Accident involving parked vehicles,Daylight,Dry
8971,198274,1,Alexanderplatzviertel,2019,8,17,1,3,5,2,0,0,1,0,0,0,1,1,Mitte,Accident with minor injuries,Collision with a turning/crossing vehicle,Turning accident,Daylight,Wet/moist/slippery
8972,198275,2,Moritzplatz,2019,8,16,1,3,5,3,0,0,1,0,0,0,0,0,Friedrichshain - Kreuzberg,Accident with minor injuries,Collision with a turning/crossing vehicle,Turning/Crossing accident,Daylight,Dry
8973,198276,8,Handwerker-Siedlung,2019,8,16,1,2,1,5,0,0,1,0,0,0,0,0,Neukölln,Accident with serious injuries,Collision with a moving/standing/parked vehicle,Accident involving parked vehicles,Daylight,Dry
8974,198277,3,Blankenfelde,2019,8,16,1,3,5,2,0,0,1,0,0,0,0,1,Pankow,Accident with minor injuries,Collision with a turning/crossing vehicle,Turning accident,Daylight,Wet/moist/slippery
8975,198278,12,Schäfersee,2019,8,14,1,3,5,3,0,0,1,0,0,0,0,0,Reinickendorf,Accident with minor injuries,Collision with a turning/crossing vehicle,Turning/Crossing accident,Daylight,Dry
8976,198279,4,Klausenerplatz,2019,8,14,1,3,5,7,0,0,1,0,0,0,0,1,Charlottenburg - Wilmersdorf,Accident with minor injuries,Collision with a turning/crossing vehicle,Others,Daylight,Wet/moist/slippery
8977,198280,2,Chamissokiez,2019,8,13,1,3,6,2,0,1,0,1,0,0,0,1,Friedrichshain - Kreuzberg,Accident with minor injuries,Collision between vehicle and pedestrian,Turning accident,Daylight,Wet/moist/slippery
8978,198281,5,Zitadellenweg,2019,8,11,1,3,2,6,0,0,1,0,0,0,0,1,Spandau,Accident with minor injuries,Collision with the vehicle in front/waiting vehicle,Collision involving vehicles going in the same way,Daylight,Wet/moist/slippery
8979,198282,6,Lankwitz Süd,2019,8,11,1,2,5,3,0,0,1,0,0,0,0,1,Steglitz-Zehlendorf,Accident with serious injuries,Collision with a turning/crossing vehicle,Turning/Crossing accident,Daylight,Wet/moist/slippery
8980,198283,7,Nollendorfplatz,2019,8,2,1,3,3,6,2,0,1,0,1,0,0,0,Tempelhof-Schöneberg,Accident with minor injuries,Collision with a vehicle traveling laterally in the same direction,Collision involving vehicles going in the same way,Dark,Dry
8981,198284,9,Köpenicker Landstraße,2019,8,21,1,3,2,6,2,0,1,0,0,0,1,1,Treptow-Köpenick,Accident with minor injuries,Collision with the vehicle in front/waiting vehicle,Collision involving vehicles going in the same way,Dark,Wet/moist/slippery
8982,198285,7,Kaiser-Wilhelm-Platz,2019,8,18,7,3,1,5,0,0,1,0,0,0,0,0,Tempelhof-Schöneberg,Accident with minor injuries,Collision with a moving/standing/parked vehicle,Accident involving parked vehicles,Daylight,Dry
8983,198286,2,Weberwiese,2019,8,4,7,3,1,1,2,0,1,0,0,0,0,0,Friedrichshain - Kreuzberg,Accident with minor injuries,Collision with a moving/standing/parked vehicle,Driving accident,Dark,Dry
8984,198287,4,Amtsgerichtsplatz,2019,8,1,7,3,0,4,2,1,0,1,0,0,0,0,Charlottenburg - Wilmersdorf,Accident with minor injuries,Others,Pedestrian crossing accident,Dark,Dry
8985,198288,8,Silbersteinstraße,2019,8,13,7,3,5,2,0,1,1,0,0,0,0,0,Neukölln,Accident with minor injuries,Collision with a turning/crossing vehicle,Turning accident,Daylight,Dry
8986,198289,12,Tegel Süd,2019,8,13,7,3,5,2,0,0,1,0,1,0,0,0,Reinickendorf,Accident with minor injuries,Collision with a turning/crossing vehicle,Turning accident,Daylight,Dry
8987,198290,2,Viktoriapark,2019,8,13,7,3,6,4,0,1,0,1,0,0,0,0,Friedrichshain - Kreuzberg,Accident with minor injuries,Collision between vehicle and pedestrian,Pedestrian crossing accident,Daylight,Dry
8988,198291,1,Großer Tiergarten,2019,8,12,7,3,5,3,0,0,1,0,0,0,1,0,Mitte,Accident with minor injuries,Collision with a turning/crossing vehicle,Turning/Crossing accident,Daylight,Dry
8989,198292,7,Manteuffelstraße,2019,8,12,7,3,5,2,0,0,1,0,0,0,0,0,Tempelhof-Schöneberg,Accident with minor injuries,Collision with a turning/crossing vehicle,Turning accident,Daylight,Dry
8990,198293,1,Unter den Linden Nord,2019,8,12,7,3,0,1,0,0,0,0,1,0,0,0,Mitte,Accident with minor injuries,Others,Driving accident,Daylight,Dry
8991,198294,1,Reinickendorfer Straße,2019,8,11,7,3,2,6,0,0,1,0,0,0,0,0,Mitte,Accident with minor injuries,Collision with the vehicle in front/waiting vehicle,Collision involving vehicles going in the same way,Daylight,Dry
8992,198295,2,Urbanstraße,2019,8,0,7,3,0,1,2,0,0,0,0,0,1,0,Friedrichshain - Kreuzberg,Accident with minor injuries,Others,Driving accident,Dark,Dry
8993,198296,9,Adlershof West,2019,8,22,7,2,5,2,2,0,1,0,0,0,0,0,Treptow-Köpenick,Accident with serious injuries,Collision with a turning/crossing vehicle,Turning accident,Dark,Dry
8994,198297,1,Karl-Marx-Allee,2019,8,22,7,3,2,6,2,0,1,0,0,0,0,0,Mitte,Accident with minor injuries,Collision with the vehicle in front/waiting vehicle,Collision involving vehicles going in the same way,Dark,Dry
8995,198298,6,Schütte-Lanz-Straße,2019,8,20,7,3,6,7,2,1,0,1,0,0,0,0,Steglitz-Zehlendorf,Accident with minor injuries,Collision between vehicle and pedestrian,Others,Dark,Dry
8996,198299,7,Dennewitzplatz,2019,8,19,7,3,5,3,0,1,1,0,0,0,0,0,Tempelhof-Schöneberg,Accident with minor injuries,Collision with a turning/crossing vehicle,Turning/Crossing accident,Daylight,Dry
8997,198300,3,Blankenburg,2019,8,18,7,3,0,7,0,1,0,0,0,0,0,0,Pankow,Accident with minor injuries,Others,Others,Daylight,Dry
8998,198301,9,Köpenicker Landstraße,2019,8,17,7,2,5,3,0,0,1,0,1,0,0,0,Treptow-Köpenick,Accident with serious injuries,Collision with a turning/crossing vehicle,Turning/Crossing accident,Daylight,Dry
8999,198302,6,Königsberger Straße,2019,8,17,7,3,2,6,0,0,1,0,0,0,0,0,Steglitz-Zehlendorf,Accident with minor injuries,Collision with the vehicle in front/waiting vehicle,Collision involving vehicles going in the same way,Daylight,Dry
9000,198303,2,Reichenberger Straße,2019,8,16,7,3,2,7,0,0,1,0,0,0,1,0,Friedrichshain - Kreuzberg,Accident with minor injuries,Collision with the vehicle in front/waiting vehicle,Others,Daylight,Dry
9001,198304,5,Weinmeisterhornweg,2019,8,16,7,2,0,1,0,1,0,0,0,0,0,0,Spandau,Accident with serious injuries,Others,Driving accident,Daylight,Dry
9002,198305,5,Carl-Schurz-Straße,2019,8,15,7,3,2,6,0,0,1,0,0,0,0,0,Spandau,Accident with minor injuries,Collision with the vehicle in front/waiting vehicle,Collision involving vehicles going in the same way,Daylight,Dry
9003,198306,4,Rüdesheimer Platz,2019,8,15,7,3,5,3,0,1,1,0,0,0,0,0,Charlottenburg - Wilmersdorf,Accident with minor injuries,Collision with a turning/crossing vehicle,Turning/Crossing accident,Daylight,Dry
9004,198307,6,Dahlem,2019,8,15,7,3,2,6,0,0,1,0,0,0,0,0,Steglitz-Zehlendorf,Accident with minor injuries,Collision with the vehicle in front/waiting vehicle,Collision involving vehicles going in the same way,Daylight,Dry
9005,198308,1,Reinickendorfer Straße,2019,8,15,7,3,1,5,0,0,1,0,1,0,0,0,Mitte,Accident with minor injuries,Collision with a moving/standing/parked vehicle,Accident involving parked vehicles,Daylight,Dry
9006,198309,2,Boxhagener Platz,2019,8,14,7,3,2,6,0,0,1,0,0,0,1,0,Friedrichshain - Kreuzberg,Accident with minor injuries,Collision with the vehicle in front/waiting vehicle,Collision involving vehicles going in the same way,Daylight,Dry
9007,198310,7,Rathausstraße,2019,8,14,7,3,2,6,0,1,1,0,0,0,0,0,Tempelhof-Schöneberg,Accident with minor injuries,Collision with the vehicle in front/waiting vehicle,Collision involving vehicles going in the same way,Daylight,Dry
9008,198311,11,Karlshorst Nord,2019,8,8,6,2,5,3,0,1,1,0,0,0,0,0,Lichtenberg,Accident with serious injuries,Collision with a turning/crossing vehicle,Turning/Crossing accident,Daylight,Dry
9009,198312,7,Friedenau,2019,8,19,6,3,6,7,0,0,1,1,0,0,0,0,Tempelhof-Schöneberg,Accident with minor injuries,Collision between vehicle and pedestrian,Others,Daylight,Dry
9010,198313,12,Reinickes Hof,2019,8,20,6,3,5,2,0,0,1,0,1,0,0,0,Reinickendorf,Accident with minor injuries,Collision with a turning/crossing vehicle,Turning accident,Daylight,Dry
9011,198314,8,Reuterkiez,2019,8,19,6,3,3,6,0,1,1,0,0,0,0,0,Neukölln,Accident with minor injuries,Collision with a vehicle traveling laterally in the same direction,Collision involving vehicles going in the same way,Daylight,Dry
9012,198315,1,Karl-Marx-Allee,2019,8,18,6,3,5,2,0,0,1,0,1,0,0,0,Mitte,Accident with minor injuries,Collision with a turning/crossing vehicle,Turning accident,Daylight,Dry