,object id,district,street,year,month,hour of day,weekday,category,accident type,accident type 2,light situation,bike involved,car involved,pedestrian involved,motor bike involved,big track involved,other vehicle involved,road condition,district name,category name,accident detail,accident type detail,light condition,road condition detail
9013,198316,1,Oranienburger Straße,2019,8,17,6,3,3,6,0,0,1,0,1,0,0,0,Mitte,Accident with minor injuries,Collision with a vehicle traveling laterally in the same direction,Collision involving vehicles going in the same way,Daylight,Dry
9014,198317,9,Adlershof West,2019,8,16,6,3,5,2,0,1,1,0,0,0,0,0,Treptow-Köpenick,Accident with minor injuries,Collision with a turning/crossing vehicle,Turning accident,Daylight,Dry
9015,198318,10,Kaulsdorf Süd,2019,8,16,6,3,2,6,0,0,1,0,0,0,1,0,Marzahn-Hellersdorf,Accident with minor injuries,Collision with the vehicle in front/waiting vehicle,Collision involving vehicles going in the same way,Daylight,Dry
9016,198319,1,Huttenkiez,2019,8,16,6,3,0,5,0,1,0,0,0,0,1,0,Mitte,Accident with minor injuries,Others,Accident involving parked vehicles,Daylight,Dry
9017,198320,4,Babelsberger Straße,2019,8,16,6,3,6,4,0,0,1,1,0,0,0,0,Charlottenburg - Wilmersdorf,Accident with minor injuries,Collision between vehicle and pedestrian,Pedestrian crossing accident,Daylight,Dry
9018,198321,1,Heine-Viertel West,2019,8,15,6,3,5,2,0,1,0,0,0,0,0,0,Mitte,Accident with minor injuries,Collision with a turning/crossing vehicle,Turning accident,Daylight,Dry
9019,198322,4,Halensee,2019,8,15,6,3,2,6,0,0,1,0,0,0,0,0,Charlottenburg - Wilmersdorf,Accident with minor injuries,Collision with the vehicle in front/waiting vehicle,Collision involving vehicles going in the same way,Daylight,Dry
9020,198323,6,Krumme Lanke,2019,8,15,6,3,5,2,0,1,1,0,0,0,0,0,Steglitz-Zehlendorf,Accident with minor injuries,Collision with a turning/crossing vehicle,Turning accident,Daylight,Dry
9021,198324,1,Reinickendorfer Straße,2019,8,14,6,3,5,3,0,1,1,0,0,0,0,0,Mitte,Accident with minor injuries,Collision with a turning/crossing vehicle,Turning/Crossing accident,Daylight,Dry
9022,198325,1,Elberfelder Straße,2019,8,15,6,3,2,6,0,0,1,0,0,0,0,0,Mitte,Accident with minor injuries,Collision with the vehicle in front/waiting vehicle,Collision involving vehicles going in the same way,Daylight,Dry
9023,198326,7,Hundsteinweg,2019,8,15,6,3,2,7,0,0,1,0,0,0,0,0,Tempelhof-Schöneberg,Accident with minor injuries,Collision with the vehicle in front/waiting vehicle,Others,Daylight,Dry
9024,198327,9,Wohngebiet II,2019,8,16,6,3,5,2,0,1,1,0,0,0,0,0,Treptow-Köpenick,Accident with minor injuries,Collision with a turning/crossing vehicle,Turning accident,Daylight,Dry
9025,198328,12,Ziekowstraße/Freie Scholle,2019,8,14,6,3,5,7,0,0,1,0,1,0,0,0,Reinickendorf,Accident with minor injuries,Collision with a turning/crossing vehicle,Others,Daylight,Dry
9026,198329,4,Tegeler Weg,2019,8,18,6,3,0,7,0,0,0,0,0,0,1,0,Charlottenburg - Wilmersdorf,Accident with minor injuries,Others,Others,Daylight,Dry
9027,198330,9,Kietzer Feld/Nachtheide,2019,8,17,6,3,2,6,0,1,1,0,0,0,0,0,Treptow-Köpenick,Accident with minor injuries,Collision with the vehicle in front/waiting vehicle,Collision involving vehicles going in the same way,Daylight,Dry
9028,198331,7,Marienfelde Süd,2019,8,2,6,2,8,7,2,1,1,0,0,0,0,0,Tempelhof-Schöneberg,Accident with serious injuries,Departure from the roadway to the right,Others,Dark,Dry
9029,198332,3,Arnimplatz,2019,8,7,6,3,2,6,0,0,1,0,1,0,0,0,Pankow,Accident with minor injuries,Collision with the vehicle in front/waiting vehicle,Collision involving vehicles going in the same way,Daylight,Dry
9030,198333,3,Rennbahnstraße,2019,8,7,6,3,5,3,0,0,1,0,0,0,0,0,Pankow,Accident with minor injuries,Collision with a turning/crossing vehicle,Turning/Crossing accident,Daylight,Dry
9031,198334,10,Oberfeldstraße,2019,8,7,6,3,1,5,0,1,1,0,0,0,0,0,Marzahn-Hellersdorf,Accident with minor injuries,Collision with a moving/standing/parked vehicle,Accident involving parked vehicles,Daylight,Dry
9032,198335,11,Sewanstraße,2019,8,6,6,3,1,7,0,0,1,0,0,0,0,0,Lichtenberg,Accident with minor injuries,Collision with a moving/standing/parked vehicle,Others,Daylight,Dry
9033,198336,1,Heine-Viertel West,2019,8,0,6,2,0,1,2,1,0,0,0,0,0,0,Mitte,Accident with serious injuries,Others,Driving accident,Dark,Dry
9034,198337,1,Emdener Straße,2019,8,13,6,3,0,5,0,1,1,0,0,0,0,0,Mitte,Accident with minor injuries,Others,Accident involving parked vehicles,Daylight,Dry
9035,198338,4,Halensee,2019,8,13,6,3,2,6,0,0,1,0,0,0,0,0,Charlottenburg - Wilmersdorf,Accident with minor injuries,Collision with the vehicle in front/waiting vehicle,Collision involving vehicles going in the same way,Daylight,Dry
9036,198339,3,Karow Nord,2019,8,13,6,3,3,6,0,0,1,0,0,0,0,0,Pankow,Accident with minor injuries,Collision with a vehicle traveling laterally in the same direction,Collision involving vehicles going in the same way,Daylight,Dry
9037,198340,7,Neu-Tempelhof,2019,8,13,6,3,1,5,0,0,1,0,1,0,0,0,Tempelhof-Schöneberg,Accident with minor injuries,Collision with a moving/standing/parked vehicle,Accident involving parked vehicles,Daylight,Dry
9038,198341,10,Gut Hellersdorf,2019,8,12,6,3,8,1,0,0,0,0,1,0,0,0,Marzahn-Hellersdorf,Accident with minor injuries,Departure from the roadway to the right,Driving accident,Daylight,Dry
9039,198342,12,Waldidyll/Flughafensee,2019,8,12,6,3,5,2,0,1,1,0,0,0,0,0,Reinickendorf,Accident with minor injuries,Collision with a turning/crossing vehicle,Turning accident,Daylight,Dry
9040,198343,3,Alt-Karow,2019,8,11,6,3,5,3,0,1,1,0,0,0,0,0,Pankow,Accident with minor injuries,Collision with a turning/crossing vehicle,Turning/Crossing accident,Daylight,Dry
9041,198344,4,Richard-Wagner-Straße,2019,8,11,6,3,5,2,0,0,1,0,0,0,0,0,Charlottenburg - Wilmersdorf,Accident with minor injuries,Collision with a turning/crossing vehicle,Turning accident,Daylight,Dry
9042,198345,1,Humboldthain Nordwest,2019,8,11,6,2,0,7,0,0,1,0,0,0,1,0,Mitte,Accident with serious injuries,Others,Others,Daylight,Dry
9043,198346,2,Wrangelkiez,2019,8,10,6,3,2,6,0,0,1,0,0,0,0,0,Friedrichshain - Kreuzberg,Accident with minor injuries,Collision with the vehicle in front/waiting vehicle,Collision involving vehicles going in the same way,Daylight,Dry
9044,198347,4,Schloßstraße,2019,8,10,6,2,6,2,0,0,1,1,0,0,0,0,Charlottenburg - Wilmersdorf,Accident with serious injuries,Collision between vehicle and pedestrian,Turning accident,Daylight,Dry
9045,198348,3,Blankenfelde,2019,8,10,6,3,9,1,0,0,1,0,0,0,0,0,Pankow,Accident with minor injuries,Departure from the roadway to the left,Driving accident,Daylight,Dry
9046,198349,4,Eichkamp,2019,8,10,6,3,5,3,0,1,0,0,0,0,1,0,Charlottenburg - Wilmersdorf,Accident with minor injuries,Collision with a turning/crossing vehicle,Turning/Crossing accident,Daylight,Dry
9047,198350,1,Oranienburger Straße,2019,8,9,6,3,5,3,0,1,1,0,0,0,0,0,Mitte,Accident with minor injuries,Collision with a turning/crossing vehicle,Turning/Crossing accident,Daylight,Dry
9048,198351,1,Brunnenstraße,2019,8,9,6,3,5,2,0,1,0,0,0,1,0,0,Mitte,Accident with minor injuries,Collision with a turning/crossing vehicle,Turning accident,Daylight,Dry
9049,198352,10,Havemannstraße,2019,8,10,6,3,3,6,0,1,0,0,0,0,1,0,Marzahn-Hellersdorf,Accident with minor injuries,Collision with a vehicle traveling laterally in the same direction,Collision involving vehicles going in the same way,Daylight,Dry
9050,198353,3,Weißenseer Spitze,2019,8,8,6,3,5,3,0,0,1,0,0,0,0,0,Pankow,Accident with minor injuries,Collision with a turning/crossing vehicle,Turning/Crossing accident,Daylight,Dry
9051,198354,8,Reuterkiez,2019,8,10,6,3,5,2,0,1,1,0,0,0,0,0,Neukölln,Accident with minor injuries,Collision with a turning/crossing vehicle,Turning accident,Daylight,Dry
9052,198355,5,Kurstraße,2019,8,17,5,3,5,3,0,0,1,0,0,0,0,0,Spandau,Accident with minor injuries,Collision with a turning/crossing vehicle,Turning/Crossing accident,Daylight,Dry
9053,198356,1,Hansaviertel,2019,8,8,6,3,1,5,0,0,1,0,1,0,0,0,Mitte,Accident with minor injuries,Collision with a moving/standing/parked vehicle,Accident involving parked vehicles,Daylight,Dry
9054,198357,10,Adele-Sandrock-Straße,2019,8,8,6,3,5,2,0,1,1,0,0,0,0,0,Marzahn-Hellersdorf,Accident with minor injuries,Collision with a turning/crossing vehicle,Turning accident,Daylight,Dry
9055,198358,1,Stülerstraße,2019,8,16,5,3,1,7,0,1,1,0,0,0,0,0,Mitte,Accident with minor injuries,Collision with a moving/standing/parked vehicle,Others,Daylight,Dry
9056,198359,1,Soldiner Straße,2019,8,8,6,3,5,2,0,0,1,0,1,0,0,0,Mitte,Accident with minor injuries,Collision with a turning/crossing vehicle,Turning accident,Daylight,Dry
9057,198360,4,Halensee,2019,8,9,6,3,1,5,0,1,1,0,0,0,0,0,Charlottenburg - Wilmersdorf,Accident with minor injuries,Collision with a moving/standing/parked vehicle,Accident involving parked vehicles,Daylight,Dry
9058,198361,3,Erich-Weinert-Straße,2019,8,16,5,3,0,6,0,1,0,0,0,0,1,0,Pankow,Accident with minor injuries,Others,Collision involving vehicles going in the same way,Daylight,Dry
9059,198362,4,Hindemithplatz,2019,8,9,6,3,1,5,0,1,0,0,0,0,1,0,Charlottenburg - Wilmersdorf,Accident with minor injuries,Collision with a moving/standing/parked vehicle,Accident involving parked vehicles,Daylight,Dry
9060,198363,3,Volkspark Prenzlauer Berg,2019,8,9,5,2,5,2,0,1,1,0,0,0,0,0,Pankow,Accident with serious injuries,Collision with a turning/crossing vehicle,Turning accident,Daylight,Dry
9061,198364,7,Dennewitzplatz,2019,8,15,6,2,5,2,0,1,0,0,0,0,1,0,Tempelhof-Schöneberg,Accident with serious injuries,Collision with a turning/crossing vehicle,Turning accident,Daylight,Dry
9062,198365,3,Erich-Weinert-Straße,2019,8,14,5,3,5,2,0,1,1,0,0,0,0,0,Pankow,Accident with minor injuries,Collision with a turning/crossing vehicle,Turning accident,Daylight,Dry
9063,198366,1,Sparrplatz,2019,8,15,6,3,0,1,0,0,0,0,1,0,0,0,Mitte,Accident with minor injuries,Others,Driving accident,Daylight,Dry
9064,198367,2,Mehringplatz,2019,8,9,5,3,6,7,0,0,1,1,0,0,0,0,Friedrichshain - Kreuzberg,Accident with minor injuries,Collision between vehicle and pedestrian,Others,Daylight,Dry
9065,198368,2,Wriezener Bahnhof/Entwicklungsgebiet,2019,8,9,6,3,5,3,0,1,1,0,0,0,0,0,Friedrichshain - Kreuzberg,Accident with minor injuries,Collision with a turning/crossing vehicle,Turning/Crossing accident,Daylight,Dry
9066,198369,4,George-Grosz-Platz,2019,8,18,5,3,6,2,0,0,1,1,0,0,0,0,Charlottenburg - Wilmersdorf,Accident with minor injuries,Collision between vehicle and pedestrian,Turning accident,Daylight,Dry
9067,198370,1,Körnerstraße,2019,8,14,6,2,5,3,0,1,1,0,0,0,0,0,Mitte,Accident with serious injuries,Collision with a turning/crossing vehicle,Turning/Crossing accident,Daylight,Dry
9068,198371,7,Fritz-Werner-Straße,2019,8,18,5,3,1,5,0,1,1,0,0,0,0,0,Tempelhof-Schöneberg,Accident with minor injuries,Collision with a moving/standing/parked vehicle,Accident involving parked vehicles,Daylight,Dry
9069,198372,8,Reuterkiez,2019,8,23,5,3,2,2,2,0,1,0,0,0,0,0,Neukölln,Accident with minor injuries,Collision with the vehicle in front/waiting vehicle,Turning accident,Dark,Dry
9070,198373,6,Feuerbachstraße,2019,8,14,6,3,5,2,0,0,1,0,1,0,0,0,Steglitz-Zehlendorf,Accident with minor injuries,Collision with a turning/crossing vehicle,Turning accident,Daylight,Dry
9071,198374,11,Rummelsburg,2019,8,22,5,3,0,1,2,1,0,0,0,0,0,0,Lichtenberg,Accident with minor injuries,Others,Driving accident,Dark,Dry
9072,198375,8,Gropiusstadt Süd,2019,8,14,6,3,2,6,0,0,1,0,0,0,0,0,Neukölln,Accident with minor injuries,Collision with the vehicle in front/waiting vehicle,Collision involving vehicles going in the same way,Daylight,Dry
9073,198376,1,Alexanderplatzviertel,2019,8,22,5,3,2,6,2,0,1,0,1,0,0,0,Mitte,Accident with minor injuries,Collision with the vehicle in front/waiting vehicle,Collision involving vehicles going in the same way,Dark,Dry
9074,198377,5,Borkumer Straße,2019,8,20,5,3,2,6,0,0,1,0,0,0,0,0,Spandau,Accident with minor injuries,Collision with the vehicle in front/waiting vehicle,Collision involving vehicles going in the same way,Daylight,Dry
9075,198378,6,Lankwitz Kirche,2019,8,14,6,3,0,6,0,1,0,0,0,0,0,0,Steglitz-Zehlendorf,Accident with minor injuries,Others,Collision involving vehicles going in the same way,Daylight,Dry
9076,198379,12,Treuenbrietzener Straße,2019,8,20,5,3,6,7,1,0,1,1,0,0,0,0,Reinickendorf,Accident with minor injuries,Collision between vehicle and pedestrian,Others,Twilight,Dry
9077,198380,3,Humannplatz,2019,8,9,6,3,5,3,0,1,1,0,0,0,0,0,Pankow,Accident with minor injuries,Collision with a turning/crossing vehicle,Turning/Crossing accident,Daylight,Dry
9078,198381,1,Sparrplatz,2019,8,18,5,3,2,7,0,1,1,0,0,0,0,0,Mitte,Accident with minor injuries,Collision with the vehicle in front/waiting vehicle,Others,Daylight,Dry
9079,198382,11,Große-Leege-Straße,2019,8,14,6,2,2,2,0,1,1,0,0,0,0,0,Lichtenberg,Accident with serious injuries,Collision with the vehicle in front/waiting vehicle,Turning accident,Daylight,Dry
9080,198383,10,Mahlsdorf Süd,2019,8,17,5,3,0,7,0,1,0,0,0,0,0,0,Marzahn-Hellersdorf,Accident with minor injuries,Others,Others,Daylight,Dry
9081,198384,6,Nikolassee,2019,8,13,6,2,0,3,0,1,0,0,1,0,0,0,Steglitz-Zehlendorf,Accident with serious injuries,Others,Turning/Crossing accident,Daylight,Dry
9082,198385,1,Leipziger Straße,2019,8,17,5,3,1,1,0,0,1,0,1,0,0,0,Mitte,Accident with minor injuries,Collision with a moving/standing/parked vehicle,Driving accident,Daylight,Dry
9083,198386,1,Heine-Viertel West,2019,8,17,5,3,2,6,0,0,1,0,0,0,0,0,Mitte,Accident with minor injuries,Collision with the vehicle in front/waiting vehicle,Collision involving vehicles going in the same way,Daylight,Dry
9084,198387,8,Parchimer Allee,2019,8,13,6,3,5,2,0,0,1,0,0,0,0,0,Neukölln,Accident with minor injuries,Collision with a turning/crossing vehicle,Turning accident,Daylight,Dry
9085,198388,8,Alt-Rudow,2019,8,13,6,3,5,2,0,1,1,0,0,0,0,0,Neukölln,Accident with minor injuries,Collision with a turning/crossing vehicle,Turning accident,Daylight,Dry
9086,198389,11,Karlshorst West,2019,8,17,5,3,0,6,0,1,0,0,0,0,0,0,Lichtenberg,Accident with minor injuries,Others,Collision involving vehicles going in the same way,Daylight,Dry
9087,198390,3,Pankow Süd,2019,8,13,6,3,5,3,0,0,1,0,0,0,0,0,Pankow,Accident with minor injuries,Collision with a turning/crossing vehicle,Turning/Crossing accident,Daylight,Dry
9088,198391,1,Sparrplatz,2019,8,16,5,3,5,3,0,1,1,0,0,0,0,0,Mitte,Accident with minor injuries,Collision with a turning/crossing vehicle,Turning/Crossing accident,Daylight,Dry
9089,198392,7,Rathaus Tempelhof,2019,8,13,6,3,2,6,0,1,1,0,0,0,0,0,Tempelhof-Schöneberg,Accident with minor injuries,Collision with the vehicle in front/waiting vehicle,Collision involving vehicles going in the same way,Daylight,Dry
9090,198393,3,Rosenthal,2019,8,16,5,2,0,1,0,0,0,0,1,0,0,1,Pankow,Accident with serious injuries,Others,Driving accident,Daylight,Wet/moist/slippery
9091,198394,7,Neu-Tempelhof,2019,8,15,5,3,5,2,0,1,1,0,0,0,0,0,Tempelhof-Schöneberg,Accident with minor injuries,Collision with a turning/crossing vehicle,Turning accident,Daylight,Dry
9092,198395,1,Großer Tiergarten,2019,8,8,6,3,2,6,0,1,1,0,0,0,0,0,Mitte,Accident with minor injuries,Collision with the vehicle in front/waiting vehicle,Collision involving vehicles going in the same way,Daylight,Dry
9093,198396,1,Wilhelmstraße,2019,8,8,6,2,4,6,0,1,1,0,0,0,0,0,Mitte,Accident with serious injuries,Collision with oncoming vehicle,Collision involving vehicles going in the same way,Daylight,Dry
9094,198397,9,Köllnische Vorstadt,2019,8,15,5,3,0,6,0,1,1,0,0,0,0,0,Treptow-Köpenick,Accident with minor injuries,Others,Collision involving vehicles going in the same way,Daylight,Dry
9095,198398,7,Nollendorfplatz,2019,8,15,5,3,6,4,0,0,1,1,0,0,0,0,Tempelhof-Schöneberg,Accident with minor injuries,Collision between vehicle and pedestrian,Pedestrian crossing accident,Daylight,Dry
9096,198399,6,Feuerbachstraße,2019,8,7,6,3,5,3,0,1,1,0,0,0,0,0,Steglitz-Zehlendorf,Accident with minor injuries,Collision with a turning/crossing vehicle,Turning/Crossing accident,Daylight,Dry
9097,198400,9,Oberschöneweide Ost,2019,8,15,5,3,2,6,0,0,1,0,0,0,0,0,Treptow-Köpenick,Accident with minor injuries,Collision with the vehicle in front/waiting vehicle,Collision involving vehicles going in the same way,Daylight,Dry
9098,198401,1,Emdener Straße,2019,8,7,6,3,4,4,0,1,0,1,0,0,0,0,Mitte,Accident with minor injuries,Collision with oncoming vehicle,Pedestrian crossing accident,Daylight,Dry
9099,198402,1,Reinickendorfer Straße,2019,8,16,5,3,5,3,0,1,1,0,0,0,0,1,Mitte,Accident with minor injuries,Collision with a turning/crossing vehicle,Turning/Crossing accident,Daylight,Wet/moist/slippery
9100,198403,1,Unter den Linden Nord,2019,8,16,5,3,5,3,0,1,1,0,0,0,0,0,Mitte,Accident with minor injuries,Collision with a turning/crossing vehicle,Turning/Crossing accident,Daylight,Dry
9101,198404,8,Buschkrugallee Nord,2019,8,7,6,3,1,4,0,0,1,1,1,0,0,0,Neukölln,Accident with minor injuries,Collision with a moving/standing/parked vehicle,Pedestrian crossing accident,Daylight,Dry
9102,198405,3,Weißer See,2019,8,15,5,3,6,4,0,0,1,1,0,0,0,0,Pankow,Accident with minor injuries,Collision between vehicle and pedestrian,Pedestrian crossing accident,Daylight,Dry
9103,198406,4,Königin-Elisabeth-Straße,2019,8,6,6,3,5,3,0,0,1,0,1,0,0,0,Charlottenburg - Wilmersdorf,Accident with minor injuries,Collision with a turning/crossing vehicle,Turning/Crossing accident,Daylight,Dry
9104,198407,7,Nollendorfplatz,2019,8,15,5,3,5,7,0,1,1,0,0,0,0,0,Tempelhof-Schöneberg,Accident with minor injuries,Collision with a turning/crossing vehicle,Others,Daylight,Dry
9105,198408,5,Carl-Schurz-Straße,2019,8,6,6,3,5,2,0,1,1,0,0,0,0,0,Spandau,Accident with minor injuries,Collision with a turning/crossing vehicle,Turning accident,Daylight,Dry
9106,198409,2,Conrad-Blenkle-Straße,2019,8,14,5,2,6,4,0,0,1,1,0,0,0,0,Friedrichshain - Kreuzberg,Accident with serious injuries,Collision between vehicle and pedestrian,Pedestrian crossing accident,Daylight,Dry
9107,198410,3,Pankow Süd,2019,8,14,5,3,5,3,0,1,1,0,0,0,0,0,Pankow,Accident with minor injuries,Collision with a turning/crossing vehicle,Turning/Crossing accident,Daylight,Dry
9108,198411,12,Wittenau Süd,2019,8,13,5,3,2,6,0,0,1,0,0,0,0,0,Reinickendorf,Accident with minor injuries,Collision with the vehicle in front/waiting vehicle,Collision involving vehicles going in the same way,Daylight,Dry
9109,198412,1,Invalidenstraße,2019,8,13,5,3,2,6,0,0,1,0,1,0,0,0,Mitte,Accident with minor injuries,Collision with the vehicle in front/waiting vehicle,Collision involving vehicles going in the same way,Daylight,Dry
9110,198413,1,Lüneburger Straße,2019,8,23,5,3,2,6,2,0,1,0,0,0,0,0,Mitte,Accident with minor injuries,Collision with the vehicle in front/waiting vehicle,Collision involving vehicles going in the same way,Dark,Dry
9111,198414,12,Waldidyll/Flughafensee,2019,8,17,5,3,5,3,0,0,1,0,1,0,0,0,Reinickendorf,Accident with minor injuries,Collision with a turning/crossing vehicle,Turning/Crossing accident,Daylight,Dry
9112,198415,3,Pankow Süd,2019,8,12,5,3,2,6,0,0,1,0,0,0,0,0,Pankow,Accident with minor injuries,Collision with the vehicle in front/waiting vehicle,Collision involving vehicles going in the same way,Daylight,Dry
9113,198416,1,Elberfelder Straße,2019,8,10,5,3,0,2,0,1,1,0,0,0,0,0,Mitte,Accident with minor injuries,Others,Turning accident,Daylight,Dry
9114,198417,2,Moritzplatz,2019,8,17,5,3,5,2,0,1,1,0,0,0,0,0,Friedrichshain - Kreuzberg,Accident with minor injuries,Collision with a turning/crossing vehicle,Turning accident,Daylight,Dry
9115,198418,6,Teltower Damm,2019,8,10,5,3,5,2,0,0,1,0,1,0,0,0,Steglitz-Zehlendorf,Accident with minor injuries,Collision with a turning/crossing vehicle,Turning accident,Daylight,Dry
9116,198419,10,Landsberger Tor,2019,8,17,5,3,5,2,0,1,1,0,0,0,0,0,Marzahn-Hellersdorf,Accident with minor injuries,Collision with a turning/crossing vehicle,Turning accident,Daylight,Dry
9117,198420,2,Lausitzer Platz,2019,8,10,5,3,2,6,0,0,1,0,0,0,0,0,Friedrichshain - Kreuzberg,Accident with minor injuries,Collision with the vehicle in front/waiting vehicle,Collision involving vehicles going in the same way,Daylight,Dry
9118,198421,12,Scharnweberstraße,2019,8,15,5,2,5,2,0,1,1,0,0,0,0,0,Reinickendorf,Accident with serious injuries,Collision with a turning/crossing vehicle,Turning accident,Daylight,Dry
9119,198422,5,Freiheit,2019,8,16,5,3,5,3,0,0,1,0,0,0,0,0,Spandau,Accident with minor injuries,Collision with a turning/crossing vehicle,Turning/Crossing accident,Daylight,Dry
9120,198423,11,Rüdigerstraße,2019,8,16,5,3,5,3,0,1,1,0,0,0,0,0,Lichtenberg,Accident with minor injuries,Collision with a turning/crossing vehicle,Turning/Crossing accident,Daylight,Dry
9121,198424,12,Heiligensee,2019,8,12,5,3,0,7,0,0,1,0,0,0,0,0,Reinickendorf,Accident with minor injuries,Others,Others,Daylight,Dry
9122,198425,11,Fennpfuhl West,2019,8,17,5,2,0,1,0,0,0,0,1,0,0,0,Lichtenberg,Accident with serious injuries,Others,Driving accident,Daylight,Dry
9123,198426,2,Urbanstraße,2019,8,9,5,3,5,2,0,1,1,0,0,0,0,0,Friedrichshain - Kreuzberg,Accident with minor injuries,Collision with a turning/crossing vehicle,Turning accident,Daylight,Dry
9124,198427,2,Stralauer Kiez,2019,8,16,5,3,0,4,0,1,0,1,0,0,0,0,Friedrichshain - Kreuzberg,Accident with minor injuries,Others,Pedestrian crossing accident,Daylight,Dry
9125,198428,7,Rathaus Tempelhof,2019,8,9,5,2,1,5,0,0,1,0,1,0,0,0,Tempelhof-Schöneberg,Accident with serious injuries,Collision with a moving/standing/parked vehicle,Accident involving parked vehicles,Daylight,Dry
9126,198429,1,Invalidenstraße,2019,8,9,5,3,5,3,0,1,0,0,0,0,1,0,Mitte,Accident with minor injuries,Collision with a turning/crossing vehicle,Turning/Crossing accident,Daylight,Dry
9127,198430,2,Friedenstraße,2019,8,16,5,3,5,2,0,0,1,0,1,0,0,0,Friedrichshain - Kreuzberg,Accident with minor injuries,Collision with a turning/crossing vehicle,Turning accident,Daylight,Dry
9128,198431,4,Ernst-Reuter-Platz,2019,8,8,5,3,2,6,0,0,1,0,0,0,0,0,Charlottenburg - Wilmersdorf,Accident with minor injuries,Collision with the vehicle in front/waiting vehicle,Collision involving vehicles going in the same way,Daylight,Dry
9129,198432,4,Droysenstraße,2019,8,16,5,3,2,6,0,0,1,0,0,0,1,0,Charlottenburg - Wilmersdorf,Accident with minor injuries,Collision with the vehicle in front/waiting vehicle,Collision involving vehicles going in the same way,Daylight,Dry
9130,198433,7,Neu-Tempelhof,2019,8,8,5,3,2,6,0,1,1,0,0,0,0,0,Tempelhof-Schöneberg,Accident with minor injuries,Collision with the vehicle in front/waiting vehicle,Collision involving vehicles going in the same way,Daylight,Dry
9131,198434,5,Zitadellenweg,2019,8,16,5,3,2,6,0,0,1,0,0,0,0,0,Spandau,Accident with minor injuries,Collision with the vehicle in front/waiting vehicle,Collision involving vehicles going in the same way,Daylight,Dry
9132,198435,9,Johannisthal Ost,2019,8,8,5,3,3,6,0,1,0,0,0,0,1,0,Treptow-Köpenick,Accident with minor injuries,Collision with a vehicle traveling laterally in the same direction,Collision involving vehicles going in the same way,Daylight,Dry
9133,198436,2,Viktoriapark,2019,8,15,5,2,5,3,0,1,0,0,1,0,0,0,Friedrichshain - Kreuzberg,Accident with serious injuries,Collision with a turning/crossing vehicle,Turning/Crossing accident,Daylight,Dry
9134,198437,12,Scharnweberstraße,2019,8,8,5,3,6,4,0,0,1,1,0,0,0,0,Reinickendorf,Accident with minor injuries,Collision between vehicle and pedestrian,Pedestrian crossing accident,Daylight,Dry
9135,198438,2,Viktoriapark,2019,8,7,5,3,0,1,0,1,0,0,0,0,0,0,Friedrichshain - Kreuzberg,Accident with minor injuries,Others,Driving accident,Daylight,Dry
9136,198439,10,Gut Hellersdorf,2019,8,15,5,3,2,6,0,0,1,0,0,0,0,0,Marzahn-Hellersdorf,Accident with minor injuries,Collision with the vehicle in front/waiting vehicle,Collision involving vehicles going in the same way,Daylight,Dry
9137,198440,1,Gesundbrunnen,2019,8,15,5,3,3,6,0,0,1,0,0,0,0,0,Mitte,Accident with minor injuries,Collision with a vehicle traveling laterally in the same direction,Collision involving vehicles going in the same way,Daylight,Dry
9138,198441,12,Frohnau,2019,8,7,5,3,5,3,0,1,1,0,0,0,0,0,Reinickendorf,Accident with minor injuries,Collision with a turning/crossing vehicle,Turning/Crossing accident,Daylight,Dry
9139,198442,8,Rollberg,2019,8,7,5,3,5,2,0,1,1,0,0,0,0,0,Neukölln,Accident with minor injuries,Collision with a turning/crossing vehicle,Turning accident,Daylight,Dry
9140,198443,2,Oranienplatz,2019,8,23,5,2,6,6,2,0,1,1,0,0,0,0,Friedrichshain - Kreuzberg,Accident with serious injuries,Collision between vehicle and pedestrian,Collision involving vehicles going in the same way,Dark,Dry
9141,198444,3,Winsstraße,2019,8,7,5,3,1,5,0,1,1,0,0,0,0,0,Pankow,Accident with minor injuries,Collision with a moving/standing/parked vehicle,Accident involving parked vehicles,Daylight,Dry
9142,198445,2,Graefekiez,2019,8,22,5,3,1,5,2,1,1,0,1,0,0,0,Friedrichshain - Kreuzberg,Accident with minor injuries,Collision with a moving/standing/parked vehicle,Accident involving parked vehicles,Dark,Dry
9143,198446,9,Dorf Altglienicke,2019,8,5,5,3,5,3,0,1,1,0,0,0,0,0,Treptow-Köpenick,Accident with minor injuries,Collision with a turning/crossing vehicle,Turning/Crossing accident,Daylight,Dry
9144,198447,1,Westliche Müllerstraße,2019,8,7,5,3,5,3,0,0,1,0,0,0,0,0,Mitte,Accident with minor injuries,Collision with a turning/crossing vehicle,Turning/Crossing accident,Daylight,Dry
9145,198448,3,Pankow Süd,2019,8,10,5,3,2,6,0,1,1,0,0,0,0,0,Pankow,Accident with minor injuries,Collision with the vehicle in front/waiting vehicle,Collision involving vehicles going in the same way,Daylight,Dry
9146,198449,8,Parchimer Allee,2019,8,7,5,3,2,6,0,0,1,0,1,0,0,0,Neukölln,Accident with minor injuries,Collision with the vehicle in front/waiting vehicle,Collision involving vehicles going in the same way,Daylight,Dry
9147,198450,1,Unter den Linden Süd,2019,8,18,4,2,6,4,1,1,0,1,0,0,0,0,Mitte,Accident with serious injuries,Collision between vehicle and pedestrian,Pedestrian crossing accident,Twilight,Dry