,object id,district,street,year,month,hour of day,weekday,category,accident type,accident type 2,light situation,bike involved,car involved,pedestrian involved,motor bike involved,big track involved,other vehicle involved,road condition,district name,category name,accident detail,accident type detail,light condition,road condition detail
9148,198451,4,Wilhelmsaue,2019,8,20,5,3,0,7,1,1,0,0,0,0,0,0,Charlottenburg - Wilmersdorf,Accident with minor injuries,Others,Others,Twilight,Dry
9149,198452,4,Nikolsburger Platz,2019,8,8,4,3,5,3,0,0,1,0,0,0,0,0,Charlottenburg - Wilmersdorf,Accident with minor injuries,Collision with a turning/crossing vehicle,Turning/Crossing accident,Daylight,Dry
9150,198453,1,Unter den Linden Süd,2019,8,18,4,3,6,4,1,1,0,1,0,0,0,0,Mitte,Accident with minor injuries,Collision between vehicle and pedestrian,Pedestrian crossing accident,Twilight,Dry
9151,198454,11,Stralauer Kiez,2019,8,19,5,3,5,2,0,1,0,0,1,0,0,0,Lichtenberg,Accident with minor injuries,Collision with a turning/crossing vehicle,Turning accident,Daylight,Dry
9152,198455,2,Mehringplatz,2019,8,12,4,3,5,2,0,1,0,0,0,0,1,0,Friedrichshain - Kreuzberg,Accident with minor injuries,Collision with a turning/crossing vehicle,Turning accident,Daylight,Dry
9153,198456,3,Anton-Saefkow-Park,2019,8,18,5,2,5,3,0,1,0,0,0,0,0,0,Pankow,Accident with serious injuries,Collision with a turning/crossing vehicle,Turning/Crossing accident,Daylight,Dry
9154,198457,6,Markelstraße,2019,8,9,4,3,2,7,0,0,1,0,0,0,0,0,Steglitz-Zehlendorf,Accident with minor injuries,Collision with the vehicle in front/waiting vehicle,Others,Daylight,Dry
9155,198458,6,Alt-Lankwitz,2019,8,18,5,3,2,6,0,0,1,0,0,0,0,0,Steglitz-Zehlendorf,Accident with minor injuries,Collision with the vehicle in front/waiting vehicle,Collision involving vehicles going in the same way,Daylight,Dry
9156,198459,6,Kaiser-Wilhelm-Straße,2019,8,12,4,3,0,6,0,1,1,0,0,0,0,0,Steglitz-Zehlendorf,Accident with minor injuries,Others,Collision involving vehicles going in the same way,Daylight,Dry
9157,198460,2,Reichenberger Straße,2019,8,18,5,3,5,2,0,0,1,0,1,0,0,0,Friedrichshain - Kreuzberg,Accident with minor injuries,Collision with a turning/crossing vehicle,Turning accident,Daylight,Dry
9158,198461,12,Scharnweberstraße,2019,8,21,4,2,1,5,2,0,1,0,1,0,0,0,Reinickendorf,Accident with serious injuries,Collision with a moving/standing/parked vehicle,Accident involving parked vehicles,Dark,Dry
9159,198462,10,Springpfuhl,2019,8,21,4,2,5,2,2,0,1,0,1,0,0,0,Marzahn-Hellersdorf,Accident with serious injuries,Collision with a turning/crossing vehicle,Turning accident,Dark,Dry
9160,198463,7,Manteuffelstraße,2019,8,14,5,3,2,6,0,0,1,0,0,0,1,0,Tempelhof-Schöneberg,Accident with minor injuries,Collision with the vehicle in front/waiting vehicle,Collision involving vehicles going in the same way,Daylight,Dry
9161,198464,4,Bismarckallee,2019,8,14,5,2,0,7,0,1,0,0,0,0,0,0,Charlottenburg - Wilmersdorf,Accident with serious injuries,Others,Others,Daylight,Dry
9162,198465,6,Botanischer Garten,2019,8,19,4,3,5,3,0,1,1,0,0,0,0,0,Steglitz-Zehlendorf,Accident with minor injuries,Collision with a turning/crossing vehicle,Turning/Crossing accident,Daylight,Dry
9163,198466,2,Oranienplatz,2019,8,18,4,3,5,3,0,1,0,0,0,0,1,0,Friedrichshain - Kreuzberg,Accident with minor injuries,Collision with a turning/crossing vehicle,Turning/Crossing accident,Daylight,Dry
9164,198467,6,Krumme Lanke,2019,8,14,5,3,0,5,0,0,0,0,1,0,1,0,Steglitz-Zehlendorf,Accident with minor injuries,Others,Accident involving parked vehicles,Daylight,Dry
9165,198468,4,Eisenzahnstraße,2019,8,18,4,3,5,3,0,1,1,0,0,0,0,0,Charlottenburg - Wilmersdorf,Accident with minor injuries,Collision with a turning/crossing vehicle,Turning/Crossing accident,Daylight,Dry
9166,198469,8,Buckow Ost,2019,8,14,5,3,5,3,0,0,1,0,0,0,1,0,Neukölln,Accident with minor injuries,Collision with a turning/crossing vehicle,Turning/Crossing accident,Daylight,Dry
9167,198470,10,Gewerbegebiet Bitterfelder Straße,2019,8,19,4,2,1,1,0,0,1,0,1,0,0,0,Marzahn-Hellersdorf,Accident with serious injuries,Collision with a moving/standing/parked vehicle,Driving accident,Daylight,Dry
9168,198471,7,John-Locke-Straße,2019,8,13,5,2,1,5,0,0,1,0,1,0,0,0,Tempelhof-Schöneberg,Accident with serious injuries,Collision with a moving/standing/parked vehicle,Accident involving parked vehicles,Daylight,Dry
9169,198472,12,Breitkopfbecken,2019,8,16,4,2,0,7,0,0,1,1,0,0,0,0,Reinickendorf,Accident with serious injuries,Others,Others,Daylight,Dry
9170,198473,1,Oranienburger Straße,2019,8,13,5,3,6,4,0,1,0,1,0,0,0,0,Mitte,Accident with minor injuries,Collision between vehicle and pedestrian,Pedestrian crossing accident,Daylight,Dry
9171,198474,7,Manteuffelstraße,2019,8,18,4,3,5,2,0,1,1,0,0,0,0,0,Tempelhof-Schöneberg,Accident with minor injuries,Collision with a turning/crossing vehicle,Turning accident,Daylight,Dry
9172,198475,9,Dammvorstadt,2019,8,12,5,3,3,6,0,0,1,0,0,0,0,0,Treptow-Köpenick,Accident with minor injuries,Collision with a vehicle traveling laterally in the same direction,Collision involving vehicles going in the same way,Daylight,Dry
9173,198476,1,Charitéviertel,2019,8,17,4,3,0,5,0,1,1,0,0,0,0,0,Mitte,Accident with minor injuries,Others,Accident involving parked vehicles,Daylight,Dry
9174,198477,4,Flinsberger Platz,2019,8,10,5,3,2,6,0,0,1,0,0,0,1,0,Charlottenburg - Wilmersdorf,Accident with minor injuries,Collision with the vehicle in front/waiting vehicle,Collision involving vehicles going in the same way,Daylight,Dry
9175,198478,2,Wriezener Bahnhof/Entwicklungsgebiet,2019,8,9,5,3,3,6,0,1,1,0,0,0,0,0,Friedrichshain - Kreuzberg,Accident with minor injuries,Collision with a vehicle traveling laterally in the same direction,Collision involving vehicles going in the same way,Daylight,Dry
9176,198479,8,Rollberg,2019,8,9,5,3,5,2,0,1,1,0,0,0,0,0,Neukölln,Accident with minor injuries,Collision with a turning/crossing vehicle,Turning accident,Daylight,Dry
9177,198480,6,Markelstraße,2019,8,8,5,3,2,6,0,1,1,0,0,0,0,0,Steglitz-Zehlendorf,Accident with minor injuries,Collision with the vehicle in front/waiting vehicle,Collision involving vehicles going in the same way,Daylight,Dry
9178,198481,1,Oranienburger Straße,2019,8,8,5,3,2,6,0,0,1,0,1,1,0,0,Mitte,Accident with minor injuries,Collision with the vehicle in front/waiting vehicle,Collision involving vehicles going in the same way,Daylight,Dry
9179,198482,3,Heinersdorf,2019,8,7,5,3,5,3,0,1,1,0,0,0,0,0,Pankow,Accident with minor injuries,Collision with a turning/crossing vehicle,Turning/Crossing accident,Daylight,Dry
9180,198483,2,Graefekiez,2019,8,7,5,3,2,6,0,0,1,0,0,0,0,0,Friedrichshain - Kreuzberg,Accident with minor injuries,Collision with the vehicle in front/waiting vehicle,Collision involving vehicles going in the same way,Daylight,Dry
9181,198484,2,Mehringplatz,2019,8,7,5,3,5,2,0,1,1,0,0,0,0,0,Friedrichshain - Kreuzberg,Accident with minor injuries,Collision with a turning/crossing vehicle,Turning accident,Daylight,Dry
9182,198485,9,Köpenick Nord,2019,8,7,5,3,5,2,0,1,1,0,0,0,0,0,Treptow-Köpenick,Accident with minor injuries,Collision with a turning/crossing vehicle,Turning accident,Daylight,Dry
9183,198486,11,Wartenberg Süd,2019,8,18,5,2,1,1,0,0,1,0,1,0,0,0,Lichtenberg,Accident with serious injuries,Collision with a moving/standing/parked vehicle,Driving accident,Daylight,Dry
9184,198487,9,Bölschestraße,2019,8,16,5,2,0,3,0,0,1,0,1,0,0,0,Treptow-Köpenick,Accident with serious injuries,Others,Turning/Crossing accident,Daylight,Dry
9185,198488,6,Hindenburgdamm,2019,8,10,5,2,1,5,0,1,1,0,0,0,0,0,Steglitz-Zehlendorf,Accident with serious injuries,Collision with a moving/standing/parked vehicle,Accident involving parked vehicles,Daylight,Dry
9186,198489,7,Dennewitzplatz,2019,8,14,5,2,0,1,0,1,0,0,0,0,0,0,Tempelhof-Schöneberg,Accident with serious injuries,Others,Driving accident,Daylight,Dry
9187,198490,5,Graetschelsteig,2019,8,14,5,2,5,3,0,0,1,0,0,0,0,0,Spandau,Accident with serious injuries,Collision with a turning/crossing vehicle,Turning/Crossing accident,Daylight,Dry
9188,198491,5,Werkstraße,2019,8,13,5,2,5,3,0,0,1,0,1,0,0,0,Spandau,Accident with serious injuries,Collision with a turning/crossing vehicle,Turning/Crossing accident,Daylight,Dry
9189,198492,8,Alt-Rudow,2019,8,9,5,2,5,3,0,0,1,0,1,0,0,0,Neukölln,Accident with serious injuries,Collision with a turning/crossing vehicle,Turning/Crossing accident,Daylight,Dry
9190,198493,2,Lausitzer Platz,2019,8,7,5,2,2,6,0,0,1,0,1,0,0,0,Friedrichshain - Kreuzberg,Accident with serious injuries,Collision with the vehicle in front/waiting vehicle,Collision involving vehicles going in the same way,Daylight,Dry
9191,198494,1,Leopoldplatz,2019,8,12,5,3,3,6,0,0,1,0,0,0,0,0,Mitte,Accident with minor injuries,Collision with a vehicle traveling laterally in the same direction,Collision involving vehicles going in the same way,Daylight,Dry
9192,198495,7,Dennewitzplatz,2019,8,5,5,3,1,5,2,1,1,0,0,0,0,0,Tempelhof-Schöneberg,Accident with minor injuries,Collision with a moving/standing/parked vehicle,Accident involving parked vehicles,Dark,Dry
9193,198496,5,Carl-Schurz-Straße,2019,8,13,5,3,1,5,0,1,1,0,0,0,0,0,Spandau,Accident with minor injuries,Collision with a moving/standing/parked vehicle,Accident involving parked vehicles,Daylight,Dry
9194,198497,3,Pankow Süd,2019,8,7,4,3,6,4,0,1,0,1,0,0,0,0,Pankow,Accident with minor injuries,Collision between vehicle and pedestrian,Pedestrian crossing accident,Daylight,Dry
9195,198498,8,Rixdorf,2019,8,8,4,3,6,4,0,1,0,1,0,0,0,0,Neukölln,Accident with minor injuries,Collision between vehicle and pedestrian,Pedestrian crossing accident,Daylight,Dry
9196,198499,6,Hüttenweg,2019,8,21,4,3,1,5,2,1,1,0,0,0,0,0,Steglitz-Zehlendorf,Accident with minor injuries,Collision with a moving/standing/parked vehicle,Accident involving parked vehicles,Dark,Dry
9197,198500,1,Großer Tiergarten,2019,8,20,4,3,0,7,1,0,0,0,1,0,1,1,Mitte,Accident with minor injuries,Others,Others,Twilight,Wet/moist/slippery
9198,198501,5,Darbystraße,2019,8,20,4,3,0,2,0,0,1,0,1,0,0,0,Spandau,Accident with minor injuries,Others,Turning accident,Daylight,Dry
9199,198502,7,Kaiser-Wilhelm-Platz,2019,8,18,4,3,0,3,0,0,1,0,1,0,0,0,Tempelhof-Schöneberg,Accident with minor injuries,Others,Turning/Crossing accident,Daylight,Dry
9200,198503,3,Greifswalder Straße,2019,8,17,4,3,6,4,0,1,0,1,0,0,0,0,Pankow,Accident with minor injuries,Collision between vehicle and pedestrian,Pedestrian crossing accident,Daylight,Dry
9201,198504,2,Graefekiez,2019,8,18,4,3,3,6,0,1,1,0,0,0,0,0,Friedrichshain - Kreuzberg,Accident with minor injuries,Collision with a vehicle traveling laterally in the same direction,Collision involving vehicles going in the same way,Daylight,Dry
9202,198505,1,Humboldthain Nordwest,2019,8,18,4,3,2,6,0,0,1,0,1,0,0,0,Mitte,Accident with minor injuries,Collision with the vehicle in front/waiting vehicle,Collision involving vehicles going in the same way,Daylight,Dry
9203,198506,10,Mahlsdorf Nord,2019,8,17,4,3,1,5,0,1,1,0,0,0,0,0,Marzahn-Hellersdorf,Accident with minor injuries,Collision with a moving/standing/parked vehicle,Accident involving parked vehicles,Daylight,Dry
9204,198507,11,Rummelsburg,2019,8,17,4,3,5,2,0,1,0,0,0,0,1,0,Lichtenberg,Accident with minor injuries,Collision with a turning/crossing vehicle,Turning accident,Daylight,Dry
9205,198508,3,Komponistenviertel Weißensee,2019,8,15,4,3,6,2,0,0,1,1,0,0,0,0,Pankow,Accident with minor injuries,Collision between vehicle and pedestrian,Turning accident,Daylight,Dry
9206,198509,2,Hausburgviertel,2019,8,17,4,3,5,3,0,1,1,0,0,0,0,0,Friedrichshain - Kreuzberg,Accident with minor injuries,Collision with a turning/crossing vehicle,Turning/Crossing accident,Daylight,Dry
9207,198510,4,Richard-Wagner-Straße,2019,8,16,4,3,2,6,0,0,1,0,0,0,1,0,Charlottenburg - Wilmersdorf,Accident with minor injuries,Collision with the vehicle in front/waiting vehicle,Collision involving vehicles going in the same way,Daylight,Dry
9208,198511,12,Reinickes Hof,2019,8,17,4,3,5,2,0,1,1,0,0,0,0,0,Reinickendorf,Accident with minor injuries,Collision with a turning/crossing vehicle,Turning accident,Daylight,Dry
9209,198512,2,Boxhagener Platz,2019,8,16,4,3,2,6,0,0,0,0,0,0,1,0,Friedrichshain - Kreuzberg,Accident with minor injuries,Collision with the vehicle in front/waiting vehicle,Collision involving vehicles going in the same way,Daylight,Dry
9210,198513,2,Friedenstraße,2019,8,16,4,3,0,3,0,0,1,0,1,0,0,0,Friedrichshain - Kreuzberg,Accident with minor injuries,Others,Turning/Crossing accident,Daylight,Dry
9211,198514,8,Handwerker-Siedlung,2019,8,16,4,3,5,3,0,0,1,0,0,0,0,0,Neukölln,Accident with minor injuries,Collision with a turning/crossing vehicle,Turning/Crossing accident,Daylight,Dry
9212,198515,4,Wilhelmsaue,2019,8,15,4,3,6,4,0,1,0,1,0,0,0,0,Charlottenburg - Wilmersdorf,Accident with minor injuries,Collision between vehicle and pedestrian,Pedestrian crossing accident,Daylight,Dry
9213,198516,6,Botanischer Garten,2019,8,15,4,3,0,1,0,1,0,0,0,0,0,0,Steglitz-Zehlendorf,Accident with minor injuries,Others,Driving accident,Daylight,Dry
9214,198517,8,Buschkrugallee Nord,2019,8,15,4,3,5,2,0,0,1,0,0,0,0,0,Neukölln,Accident with minor injuries,Collision with a turning/crossing vehicle,Turning accident,Daylight,Dry
9215,198518,1,Elberfelder Straße,2019,8,15,4,3,0,6,0,0,1,0,1,0,0,0,Mitte,Accident with minor injuries,Others,Collision involving vehicles going in the same way,Daylight,Dry
9216,198519,3,Eldenaer Straße,2019,8,15,4,3,5,3,0,1,0,0,0,0,0,0,Pankow,Accident with minor injuries,Collision with a turning/crossing vehicle,Turning/Crossing accident,Daylight,Dry
9217,198520,9,Adlershof Ost,2019,8,14,4,3,0,1,0,1,0,0,0,0,0,0,Treptow-Köpenick,Accident with minor injuries,Others,Driving accident,Daylight,Dry
9218,198521,9,Oberschöneweide West,2019,8,14,4,3,5,7,0,0,1,0,1,0,0,0,Treptow-Köpenick,Accident with minor injuries,Collision with a turning/crossing vehicle,Others,Daylight,Dry
9219,198522,1,Schillerpark,2019,8,14,4,3,1,5,0,0,1,0,0,0,0,0,Mitte,Accident with minor injuries,Collision with a moving/standing/parked vehicle,Accident involving parked vehicles,Daylight,Dry
9220,198523,9,Hirschgarten,2019,8,14,4,3,5,3,0,0,1,0,0,0,1,0,Treptow-Köpenick,Accident with minor injuries,Collision with a turning/crossing vehicle,Turning/Crossing accident,Daylight,Dry
9221,198524,1,Leopoldplatz,2019,8,13,4,3,5,3,0,0,1,0,0,0,0,0,Mitte,Accident with minor injuries,Collision with a turning/crossing vehicle,Turning/Crossing accident,Daylight,Dry
9222,198525,4,Flinsberger Platz,2019,8,13,4,3,2,6,0,0,1,0,0,0,0,0,Charlottenburg - Wilmersdorf,Accident with minor injuries,Collision with the vehicle in front/waiting vehicle,Collision involving vehicles going in the same way,Daylight,Dry
9223,198526,8,Hasenheide,2019,8,13,4,3,5,2,0,1,1,0,0,0,0,0,Neukölln,Accident with minor injuries,Collision with a turning/crossing vehicle,Turning accident,Daylight,Dry
9224,198527,5,Gartenfelder Straße,2019,8,12,4,3,6,4,0,1,0,1,0,0,0,0,Spandau,Accident with minor injuries,Collision between vehicle and pedestrian,Pedestrian crossing accident,Daylight,Dry
9225,198528,1,Soldiner Straße,2019,8,12,4,3,1,5,0,1,1,0,0,0,0,0,Mitte,Accident with minor injuries,Collision with a moving/standing/parked vehicle,Accident involving parked vehicles,Daylight,Dry
9226,198529,2,Urbanstraße,2019,8,11,4,3,5,3,0,1,1,0,0,0,0,0,Friedrichshain - Kreuzberg,Accident with minor injuries,Collision with a turning/crossing vehicle,Turning/Crossing accident,Daylight,Dry
9227,198530,1,Invalidenstraße,2019,8,11,4,3,6,4,0,0,0,1,0,0,1,0,Mitte,Accident with minor injuries,Collision between vehicle and pedestrian,Pedestrian crossing accident,Daylight,Dry
9228,198531,8,Schillerpromenade,2019,8,10,4,3,2,6,0,0,1,0,1,0,0,0,Neukölln,Accident with minor injuries,Collision with the vehicle in front/waiting vehicle,Collision involving vehicles going in the same way,Daylight,Dry
9229,198532,4,Babelsberger Straße,2019,8,10,4,3,5,2,0,1,1,0,0,0,0,0,Charlottenburg - Wilmersdorf,Accident with minor injuries,Collision with a turning/crossing vehicle,Turning accident,Daylight,Dry
9230,198533,4,Stadion Wilmersdorf,2019,8,10,4,3,5,2,0,1,0,0,0,0,1,0,Charlottenburg - Wilmersdorf,Accident with minor injuries,Collision with a turning/crossing vehicle,Turning accident,Daylight,Dry
9231,198534,1,Oranienburger Straße,2019,8,9,4,3,5,2,0,1,1,0,0,0,0,0,Mitte,Accident with minor injuries,Collision with a turning/crossing vehicle,Turning accident,Daylight,Dry
9232,198535,12,Ziekowstraße/Freie Scholle,2019,8,9,4,3,4,6,0,1,0,0,0,0,0,0,Reinickendorf,Accident with minor injuries,Collision with oncoming vehicle,Collision involving vehicles going in the same way,Daylight,Dry
9233,198536,3,Volkspark Prenzlauer Berg,2019,8,8,4,3,6,4,0,0,1,1,0,0,0,0,Pankow,Accident with minor injuries,Collision between vehicle and pedestrian,Pedestrian crossing accident,Daylight,Dry
9234,198537,1,Rehberge,2019,8,8,4,3,2,7,0,0,1,0,0,0,0,0,Mitte,Accident with minor injuries,Collision with the vehicle in front/waiting vehicle,Others,Daylight,Dry
9235,198538,1,Humboldthain Nordwest,2019,8,7,4,3,6,4,0,1,0,1,0,0,0,0,Mitte,Accident with minor injuries,Collision between vehicle and pedestrian,Pedestrian crossing accident,Daylight,Dry
9236,198539,1,Gesundbrunnen,2019,8,7,4,3,1,5,0,1,0,0,0,0,1,0,Mitte,Accident with minor injuries,Collision with a moving/standing/parked vehicle,Accident involving parked vehicles,Daylight,Dry
9237,198540,5,Gartenfelder Straße,2019,8,7,4,3,3,6,0,0,1,0,0,1,0,0,Spandau,Accident with minor injuries,Collision with a vehicle traveling laterally in the same direction,Collision involving vehicles going in the same way,Daylight,Dry
9238,198541,7,Marienhöhe,2019,8,1,4,3,8,1,2,0,1,0,0,0,0,0,Tempelhof-Schöneberg,Accident with minor injuries,Departure from the roadway to the right,Driving accident,Dark,Dry
9239,198542,8,Flughafenstraße,2019,8,1,4,3,5,2,2,0,1,0,0,0,0,0,Neukölln,Accident with minor injuries,Collision with a turning/crossing vehicle,Turning accident,Dark,Dry
9240,198543,1,Lüneburger Straße,2019,8,20,4,3,5,2,1,1,1,0,0,0,0,0,Mitte,Accident with minor injuries,Collision with a turning/crossing vehicle,Turning accident,Twilight,Dry
9241,198544,2,Stralauer Kiez,2019,8,12,4,3,0,2,0,1,1,0,0,0,0,0,Friedrichshain - Kreuzberg,Accident with minor injuries,Others,Turning accident,Daylight,Dry
9242,198545,5,Carl-Schurz-Straße,2019,8,17,4,2,5,3,0,1,1,0,0,0,0,0,Spandau,Accident with serious injuries,Collision with a turning/crossing vehicle,Turning/Crossing accident,Daylight,Dry
9243,198546,9,Schnellerstraße,2019,8,14,4,2,3,6,0,1,0,0,0,0,0,0,Treptow-Köpenick,Accident with serious injuries,Collision with a vehicle traveling laterally in the same direction,Collision involving vehicles going in the same way,Daylight,Dry
9244,198547,1,Schillerpark,2019,8,12,4,2,6,4,0,0,0,1,1,0,0,0,Mitte,Accident with serious injuries,Collision between vehicle and pedestrian,Pedestrian crossing accident,Daylight,Dry
9245,198548,10,Alt-Kaulsdorf,2019,8,7,4,2,5,3,0,1,1,0,0,0,0,0,Marzahn-Hellersdorf,Accident with serious injuries,Collision with a turning/crossing vehicle,Turning/Crossing accident,Daylight,Dry
9246,198549,11,Hauptstraße,2019,8,6,4,2,5,3,0,1,1,0,0,0,0,0,Lichtenberg,Accident with serious injuries,Collision with a turning/crossing vehicle,Turning/Crossing accident,Daylight,Dry
9247,198550,4,Kaiserin-Augusta-Allee,2019,8,8,3,3,2,2,0,0,1,0,1,0,0,0,Charlottenburg - Wilmersdorf,Accident with minor injuries,Collision with the vehicle in front/waiting vehicle,Turning accident,Daylight,Dry
9248,198551,6,Schweizer Viertel,2019,8,7,3,3,5,2,0,1,1,0,0,0,0,0,Steglitz-Zehlendorf,Accident with minor injuries,Collision with a turning/crossing vehicle,Turning accident,Daylight,Dry
9249,198552,4,Tegeler Weg,2019,8,20,3,3,5,3,2,0,1,0,0,0,1,0,Charlottenburg - Wilmersdorf,Accident with minor injuries,Collision with a turning/crossing vehicle,Turning/Crossing accident,Dark,Dry
9250,198553,1,Karl-Marx-Allee,2019,8,19,3,3,0,1,1,1,0,0,0,0,0,0,Mitte,Accident with minor injuries,Others,Driving accident,Twilight,Dry
9251,198554,4,Reichsstraße,2019,8,19,3,3,1,5,1,1,1,0,0,0,0,0,Charlottenburg - Wilmersdorf,Accident with minor injuries,Collision with a moving/standing/parked vehicle,Accident involving parked vehicles,Twilight,Dry
9252,198555,3,Erich-Weinert-Straße,2019,8,19,3,3,3,6,0,1,0,0,0,0,0,0,Pankow,Accident with minor injuries,Collision with a vehicle traveling laterally in the same direction,Collision involving vehicles going in the same way,Daylight,Dry
9253,198556,1,Charitéviertel,2019,8,18,3,3,0,1,0,1,0,0,0,0,0,0,Mitte,Accident with minor injuries,Others,Driving accident,Daylight,Dry
9254,198557,1,Alexanderplatzviertel,2019,8,18,3,3,1,5,0,1,1,0,0,0,1,0,Mitte,Accident with minor injuries,Collision with a moving/standing/parked vehicle,Accident involving parked vehicles,Daylight,Dry
9255,198558,1,Charitéviertel,2019,8,17,3,3,6,2,0,0,1,1,0,0,0,0,Mitte,Accident with minor injuries,Collision between vehicle and pedestrian,Turning accident,Daylight,Dry
9256,198559,3,Herthaplatz,2019,8,17,3,3,5,3,0,0,1,0,1,0,0,0,Pankow,Accident with minor injuries,Collision with a turning/crossing vehicle,Turning/Crossing accident,Daylight,Dry
9257,198560,1,Sparrplatz,2019,8,17,3,3,2,6,0,1,1,0,0,0,0,0,Mitte,Accident with minor injuries,Collision with the vehicle in front/waiting vehicle,Collision involving vehicles going in the same way,Daylight,Dry
9258,198561,4,Amtsgerichtsplatz,2019,8,17,3,3,6,4,0,0,1,1,0,0,0,0,Charlottenburg - Wilmersdorf,Accident with minor injuries,Collision between vehicle and pedestrian,Pedestrian crossing accident,Daylight,Dry
9259,198562,8,Gropiusstadt Nord,2019,8,17,3,3,2,6,0,0,1,0,0,0,0,0,Neukölln,Accident with minor injuries,Collision with the vehicle in front/waiting vehicle,Collision involving vehicles going in the same way,Daylight,Dry
9260,198563,4,Ernst-Reuter-Platz,2019,8,16,3,3,5,3,0,1,1,0,0,0,0,0,Charlottenburg - Wilmersdorf,Accident with minor injuries,Collision with a turning/crossing vehicle,Turning/Crossing accident,Daylight,Dry
9261,198564,9,Dorf Altglienicke,2019,8,16,3,3,5,2,0,0,1,0,0,0,0,0,Treptow-Köpenick,Accident with minor injuries,Collision with a turning/crossing vehicle,Turning accident,Daylight,Dry
9262,198565,4,Breite Straße,2019,8,16,3,3,5,2,0,1,1,0,0,0,0,0,Charlottenburg - Wilmersdorf,Accident with minor injuries,Collision with a turning/crossing vehicle,Turning accident,Daylight,Dry
9263,198566,7,Neu-Tempelhof,2019,8,16,3,3,5,2,0,1,1,0,0,0,0,0,Tempelhof-Schöneberg,Accident with minor injuries,Collision with a turning/crossing vehicle,Turning accident,Daylight,Dry
9264,198567,10,Oberfeldstraße,2019,8,15,3,3,1,5,0,1,1,0,0,0,0,0,Marzahn-Hellersdorf,Accident with minor injuries,Collision with a moving/standing/parked vehicle,Accident involving parked vehicles,Daylight,Dry
9265,198568,4,Schloßstraße,2019,8,9,3,3,5,2,0,1,1,0,0,0,0,0,Charlottenburg - Wilmersdorf,Accident with minor injuries,Collision with a turning/crossing vehicle,Turning accident,Daylight,Dry
9266,198569,7,Dennewitzplatz,2019,8,12,1,2,0,7,0,1,0,0,0,0,0,0,Tempelhof-Schöneberg,Accident with serious injuries,Others,Others,Daylight,Dry
9267,198570,1,Leopoldplatz,2019,8,4,3,3,5,3,2,0,1,0,0,0,0,1,Mitte,Accident with minor injuries,Collision with a turning/crossing vehicle,Turning/Crossing accident,Dark,Wet/moist/slippery
9268,198571,3,Blankenburg,2019,8,15,3,3,0,3,0,0,1,0,1,0,0,0,Pankow,Accident with minor injuries,Others,Turning/Crossing accident,Daylight,Dry
9269,198572,7,Grazer Platz,2019,8,14,3,3,0,5,0,1,1,0,0,0,0,0,Tempelhof-Schöneberg,Accident with minor injuries,Others,Accident involving parked vehicles,Daylight,Dry
9270,198573,7,Rathaus Tempelhof,2019,8,14,3,3,5,3,0,0,1,0,0,0,1,0,Tempelhof-Schöneberg,Accident with minor injuries,Collision with a turning/crossing vehicle,Turning/Crossing accident,Daylight,Dry
9271,198574,1,Körnerstraße,2019,8,14,3,3,5,2,0,1,1,0,0,0,0,0,Mitte,Accident with minor injuries,Collision with a turning/crossing vehicle,Turning accident,Daylight,Dry
9272,198575,8,Waßmannsdorfer Chaussee,2019,8,14,3,3,6,4,0,0,1,1,0,0,0,0,Neukölln,Accident with minor injuries,Collision between vehicle and pedestrian,Pedestrian crossing accident,Daylight,Dry
9273,198576,10,Adele-Sandrock-Straße,2019,8,13,3,3,5,2,0,1,1,0,0,0,0,0,Marzahn-Hellersdorf,Accident with minor injuries,Collision with a turning/crossing vehicle,Turning accident,Daylight,Dry
9274,198577,1,Charitéviertel,2019,8,12,3,3,5,3,0,0,1,0,1,0,0,0,Mitte,Accident with minor injuries,Collision with a turning/crossing vehicle,Turning/Crossing accident,Daylight,Dry
9275,198578,4,Plötzensee,2019,8,12,3,3,2,6,0,0,1,0,0,0,0,0,Charlottenburg - Wilmersdorf,Accident with minor injuries,Collision with the vehicle in front/waiting vehicle,Collision involving vehicles going in the same way,Daylight,Dry
9276,198579,3,Gustav-Adolf-Straße,2019,8,12,3,3,2,6,0,0,1,0,0,0,0,0,Pankow,Accident with minor injuries,Collision with the vehicle in front/waiting vehicle,Collision involving vehicles going in the same way,Daylight,Dry
9277,198580,1,Leopoldplatz,2019,8,5,3,3,5,3,1,1,1,0,0,0,0,0,Mitte,Accident with minor injuries,Collision with a turning/crossing vehicle,Turning/Crossing accident,Twilight,Dry
9278,198581,7,Schöneberger Insel,2019,8,11,3,3,3,6,0,1,0,0,0,0,1,0,Tempelhof-Schöneberg,Accident with minor injuries,Collision with a vehicle traveling laterally in the same direction,Collision involving vehicles going in the same way,Daylight,Dry
9279,198582,4,Reichsstraße,2019,8,11,3,3,5,3,0,0,1,0,0,0,0,0,Charlottenburg - Wilmersdorf,Accident with minor injuries,Collision with a turning/crossing vehicle,Turning/Crossing accident,Daylight,Dry
9280,198583,6,Schütte-Lanz-Straße,2019,8,10,3,3,5,3,0,1,1,0,0,0,0,0,Steglitz-Zehlendorf,Accident with minor injuries,Collision with a turning/crossing vehicle,Turning/Crossing accident,Daylight,Dry
9281,198584,7,Friedenau,2019,8,10,3,3,4,6,0,1,0,0,0,0,0,0,Tempelhof-Schöneberg,Accident with minor injuries,Collision with oncoming vehicle,Collision involving vehicles going in the same way,Daylight,Dry