,object id,district,street,year,month,hour of day,weekday,category,accident type,accident type 2,light situation,bike involved,car involved,pedestrian involved,motor bike involved,big track involved,other vehicle involved,road condition,district name,category name,accident detail,accident type detail,light condition,road condition detail
9282,198585,9,Dorf Altglienicke,2019,8,9,3,3,5,3,0,0,1,0,0,1,0,0,Treptow-Köpenick,Accident with minor injuries,Collision with a turning/crossing vehicle,Turning/Crossing accident,Daylight,Dry
9283,198586,6,Goerzwerke,2019,8,9,3,3,6,4,0,1,0,1,0,0,0,0,Steglitz-Zehlendorf,Accident with minor injuries,Collision between vehicle and pedestrian,Pedestrian crossing accident,Daylight,Dry
9284,198587,3,Schönholz,2019,8,8,3,3,5,2,0,0,1,0,1,0,0,0,Pankow,Accident with minor injuries,Collision with a turning/crossing vehicle,Turning accident,Daylight,Dry
9285,198588,1,Emdener Straße,2019,8,8,3,3,5,7,0,0,1,0,1,0,0,0,Mitte,Accident with minor injuries,Collision with a turning/crossing vehicle,Others,Daylight,Dry
9286,198589,7,Grazer Platz,2019,8,7,3,3,6,4,0,1,0,1,0,0,0,0,Tempelhof-Schöneberg,Accident with minor injuries,Collision between vehicle and pedestrian,Pedestrian crossing accident,Daylight,Dry
9287,198590,4,Droysenstraße,2019,8,8,3,3,3,6,0,1,0,0,0,0,1,0,Charlottenburg - Wilmersdorf,Accident with minor injuries,Collision with a vehicle traveling laterally in the same direction,Collision involving vehicles going in the same way,Daylight,Dry
9288,198591,8,Alt-Rudow,2019,8,7,3,3,5,2,0,1,0,0,0,0,1,0,Neukölln,Accident with minor injuries,Collision with a turning/crossing vehicle,Turning accident,Daylight,Dry
9289,198592,3,Alt-Karow,2019,8,7,3,3,5,2,0,1,0,0,0,0,0,0,Pankow,Accident with minor injuries,Collision with a turning/crossing vehicle,Turning accident,Daylight,Dry
9290,198593,1,Heine-Viertel Ost,2019,8,7,3,3,5,5,0,1,1,0,0,0,0,0,Mitte,Accident with minor injuries,Collision with a turning/crossing vehicle,Accident involving parked vehicles,Daylight,Dry
9291,198594,1,Kollwitzplatz,2019,8,6,3,3,3,6,0,0,1,0,1,0,0,0,Mitte,Accident with minor injuries,Collision with a vehicle traveling laterally in the same direction,Collision involving vehicles going in the same way,Daylight,Dry
9292,198595,11,Rüdigerstraße,2019,8,16,3,2,0,3,0,1,0,0,0,0,0,0,Lichtenberg,Accident with serious injuries,Others,Turning/Crossing accident,Daylight,Dry
9293,198596,10,Havemannstraße,2019,8,6,3,3,5,2,1,1,0,0,0,0,1,0,Marzahn-Hellersdorf,Accident with minor injuries,Collision with a turning/crossing vehicle,Turning accident,Twilight,Dry
9294,198597,12,Borsigwalde,2019,8,13,3,2,8,6,0,0,1,0,0,0,0,0,Reinickendorf,Accident with serious injuries,Departure from the roadway to the right,Collision involving vehicles going in the same way,Daylight,Dry
9295,198598,9,Johannisthal West,2019,8,9,3,2,1,5,0,1,0,0,0,0,1,0,Treptow-Köpenick,Accident with serious injuries,Collision with a moving/standing/parked vehicle,Accident involving parked vehicles,Daylight,Dry
9296,198599,2,Oranienplatz,2019,8,9,3,3,1,5,0,1,1,0,0,0,1,0,Friedrichshain - Kreuzberg,Accident with minor injuries,Collision with a moving/standing/parked vehicle,Accident involving parked vehicles,Daylight,Dry
9297,198600,7,Grazer Platz,2019,8,10,3,3,2,6,0,0,1,0,0,0,0,0,Tempelhof-Schöneberg,Accident with minor injuries,Collision with the vehicle in front/waiting vehicle,Collision involving vehicles going in the same way,Daylight,Dry
9298,198601,12,Letteplatz,2019,8,15,2,3,6,4,0,0,0,1,1,0,0,0,Reinickendorf,Accident with minor injuries,Collision between vehicle and pedestrian,Pedestrian crossing accident,Daylight,Dry
9299,198602,6,Krumme Lanke,2019,8,18,2,3,6,7,0,1,0,1,0,0,0,0,Steglitz-Zehlendorf,Accident with minor injuries,Collision between vehicle and pedestrian,Others,Daylight,Dry
9300,198603,6,Teltower Damm,2019,8,18,2,3,2,6,0,1,1,0,0,0,0,0,Steglitz-Zehlendorf,Accident with minor injuries,Collision with the vehicle in front/waiting vehicle,Collision involving vehicles going in the same way,Daylight,Dry
9301,198604,12,Schäfersee,2019,8,17,2,3,5,2,0,1,0,0,0,0,1,0,Reinickendorf,Accident with minor injuries,Collision with a turning/crossing vehicle,Turning accident,Daylight,Dry
9302,198605,2,Oranienplatz,2019,8,17,2,3,5,3,0,1,1,0,0,0,0,0,Friedrichshain - Kreuzberg,Accident with minor injuries,Collision with a turning/crossing vehicle,Turning/Crossing accident,Daylight,Dry
9303,198606,3,Eldenaer Straße,2019,8,17,2,3,2,7,0,0,1,0,0,0,0,0,Pankow,Accident with minor injuries,Collision with the vehicle in front/waiting vehicle,Others,Daylight,Dry
9304,198607,6,Teltower Damm,2019,8,16,2,3,2,6,0,1,1,0,0,0,0,0,Steglitz-Zehlendorf,Accident with minor injuries,Collision with the vehicle in front/waiting vehicle,Collision involving vehicles going in the same way,Daylight,Dry
9305,198608,7,Friedenau,2019,8,16,2,3,0,7,0,1,0,0,0,0,0,0,Tempelhof-Schöneberg,Accident with minor injuries,Others,Others,Daylight,Dry
9306,198609,1,Beusselkiez,2019,8,16,2,3,5,3,0,1,0,0,0,0,0,0,Mitte,Accident with minor injuries,Collision with a turning/crossing vehicle,Turning/Crossing accident,Daylight,Dry
9307,198610,4,Hagenplatz,2019,8,16,2,3,1,5,0,0,1,0,0,0,0,0,Charlottenburg - Wilmersdorf,Accident with minor injuries,Collision with a moving/standing/parked vehicle,Accident involving parked vehicles,Daylight,Dry
9308,198611,11,Sewanstraße,2019,8,10,2,3,0,7,0,1,0,0,0,0,0,0,Lichtenberg,Accident with minor injuries,Others,Others,Daylight,Dry
9309,198612,1,Reinickendorfer Straße,2019,9,12,2,3,0,4,0,0,0,1,0,0,1,0,Mitte,Accident with minor injuries,Others,Pedestrian crossing accident,Daylight,Dry
9310,198613,1,Gesundbrunnen,2019,8,20,2,3,5,3,2,1,1,0,0,0,0,0,Mitte,Accident with minor injuries,Collision with a turning/crossing vehicle,Turning/Crossing accident,Dark,Dry
9311,198614,9,Johannisthal Ost,2019,9,15,2,3,5,3,0,1,1,0,0,0,0,0,Treptow-Köpenick,Accident with minor injuries,Collision with a turning/crossing vehicle,Turning/Crossing accident,Daylight,Dry
9312,198615,11,Rüdigerstraße,2019,9,7,2,3,3,2,0,1,1,0,0,0,0,0,Lichtenberg,Accident with minor injuries,Collision with a vehicle traveling laterally in the same direction,Turning accident,Daylight,Dry
9313,198616,11,Mühlengrund,2019,8,16,2,3,2,6,0,0,1,0,0,0,1,0,Lichtenberg,Accident with minor injuries,Collision with the vehicle in front/waiting vehicle,Collision involving vehicles going in the same way,Daylight,Dry
9314,198617,2,Traveplatz,2019,8,15,2,3,5,2,0,1,0,0,1,0,0,0,Friedrichshain - Kreuzberg,Accident with minor injuries,Collision with a turning/crossing vehicle,Turning accident,Daylight,Dry
9315,198618,4,Eisenzahnstraße,2019,9,11,2,3,2,2,0,0,1,0,0,1,0,0,Charlottenburg - Wilmersdorf,Accident with minor injuries,Collision with the vehicle in front/waiting vehicle,Turning accident,Daylight,Dry
9316,198619,6,Hüttenweg,2019,9,11,2,3,2,6,0,0,1,0,1,0,0,0,Steglitz-Zehlendorf,Accident with minor injuries,Collision with the vehicle in front/waiting vehicle,Collision involving vehicles going in the same way,Daylight,Dry
9317,198620,10,Adele-Sandrock-Straße,2019,8,15,2,3,2,6,0,0,1,0,0,0,0,0,Marzahn-Hellersdorf,Accident with minor injuries,Collision with the vehicle in front/waiting vehicle,Collision involving vehicles going in the same way,Daylight,Dry
9318,198621,6,Alt-Lankwitz,2019,9,10,2,2,2,6,0,0,1,0,0,0,0,0,Steglitz-Zehlendorf,Accident with serious injuries,Collision with the vehicle in front/waiting vehicle,Collision involving vehicles going in the same way,Daylight,Dry
9319,198622,9,Köllnische Vorstadt,2019,8,15,2,3,0,3,0,1,1,0,0,0,0,0,Treptow-Köpenick,Accident with minor injuries,Others,Turning/Crossing accident,Daylight,Dry
9320,198623,1,Humboldthain Süd,2019,9,11,2,3,2,2,0,0,1,0,0,0,0,0,Mitte,Accident with minor injuries,Collision with the vehicle in front/waiting vehicle,Turning accident,Daylight,Dry
9321,198624,1,Gesundbrunnen,2019,8,15,2,3,2,6,0,0,1,0,0,0,1,0,Mitte,Accident with minor injuries,Collision with the vehicle in front/waiting vehicle,Collision involving vehicles going in the same way,Daylight,Dry
9322,198625,8,Zittauer Straße,2019,9,11,2,3,5,3,0,0,1,0,0,0,0,0,Neukölln,Accident with minor injuries,Collision with a turning/crossing vehicle,Turning/Crossing accident,Daylight,Dry
9323,198626,5,Hakenfelde Nord,2019,8,15,2,3,5,3,0,1,1,0,0,0,0,0,Spandau,Accident with minor injuries,Collision with a turning/crossing vehicle,Turning/Crossing accident,Daylight,Dry
9324,198627,12,Scharnweberstraße,2019,9,11,2,3,3,6,0,0,1,0,0,0,0,0,Reinickendorf,Accident with minor injuries,Collision with a vehicle traveling laterally in the same direction,Collision involving vehicles going in the same way,Daylight,Dry
9325,198628,7,Dennewitzplatz,2019,9,7,2,3,2,7,0,0,0,0,1,0,1,0,Tempelhof-Schöneberg,Accident with minor injuries,Collision with the vehicle in front/waiting vehicle,Others,Daylight,Dry
9326,198629,6,Schweizer Viertel,2019,8,14,2,3,0,1,0,1,0,0,0,0,0,0,Steglitz-Zehlendorf,Accident with minor injuries,Others,Driving accident,Daylight,Dry
9327,198630,4,Spreestadt,2019,8,12,2,3,5,3,0,1,1,0,0,0,0,0,Charlottenburg - Wilmersdorf,Accident with minor injuries,Collision with a turning/crossing vehicle,Turning/Crossing accident,Daylight,Dry
9328,198631,9,Dammvorstadt,2019,9,10,2,3,0,1,0,1,0,0,0,0,0,0,Treptow-Köpenick,Accident with minor injuries,Others,Driving accident,Daylight,Dry
9329,198632,1,Unter den Linden Süd,2019,8,11,2,3,2,6,0,1,1,0,0,0,0,0,Mitte,Accident with minor injuries,Collision with the vehicle in front/waiting vehicle,Collision involving vehicles going in the same way,Daylight,Dry
9330,198633,1,Unter den Linden Süd,2019,9,7,2,3,1,5,0,1,1,0,0,0,0,0,Mitte,Accident with minor injuries,Collision with a moving/standing/parked vehicle,Accident involving parked vehicles,Daylight,Dry
9331,198634,2,Samariterviertel,2019,8,13,2,3,5,3,0,1,1,0,0,0,0,0,Friedrichshain - Kreuzberg,Accident with minor injuries,Collision with a turning/crossing vehicle,Turning/Crossing accident,Daylight,Dry
9332,198635,9,Johannisthal West,2019,9,14,2,3,5,3,0,1,1,0,0,0,0,0,Treptow-Köpenick,Accident with minor injuries,Collision with a turning/crossing vehicle,Turning/Crossing accident,Daylight,Dry
9333,198636,6,Zehlendorf Eiche,2019,8,11,2,2,5,2,0,1,1,0,0,0,0,0,Steglitz-Zehlendorf,Accident with serious injuries,Collision with a turning/crossing vehicle,Turning accident,Daylight,Dry
9334,198637,1,Invalidenstraße,2019,9,10,2,3,0,1,0,1,1,0,0,0,0,0,Mitte,Accident with minor injuries,Others,Driving accident,Daylight,Dry
9335,198638,11,Fennpfuhl Ost,2019,8,10,2,3,0,6,0,0,1,0,1,0,0,0,Lichtenberg,Accident with minor injuries,Others,Collision involving vehicles going in the same way,Daylight,Dry
9336,198639,10,Mahlsdorf Süd,2019,9,10,2,3,2,6,0,0,0,0,1,1,0,0,Marzahn-Hellersdorf,Accident with minor injuries,Collision with the vehicle in front/waiting vehicle,Collision involving vehicles going in the same way,Daylight,Dry
9337,198640,1,Großer Tiergarten,2019,9,14,2,3,5,3,0,0,1,0,1,0,0,0,Mitte,Accident with minor injuries,Collision with a turning/crossing vehicle,Turning/Crossing accident,Daylight,Dry
9338,198641,2,Traveplatz,2019,8,10,2,3,5,5,0,1,0,0,0,0,1,0,Friedrichshain - Kreuzberg,Accident with minor injuries,Collision with a turning/crossing vehicle,Accident involving parked vehicles,Daylight,Dry
9339,198642,2,Wassertorplatz,2019,9,10,2,3,5,3,0,0,1,0,0,0,1,0,Friedrichshain - Kreuzberg,Accident with minor injuries,Collision with a turning/crossing vehicle,Turning/Crossing accident,Daylight,Dry
9340,198643,8,Blumenviertel,2019,8,9,2,3,5,3,0,0,1,0,0,0,0,0,Neukölln,Accident with minor injuries,Collision with a turning/crossing vehicle,Turning/Crossing accident,Daylight,Dry
9341,198644,10,Biesdorf Süd,2019,9,9,2,3,2,6,0,1,1,0,0,0,0,0,Marzahn-Hellersdorf,Accident with minor injuries,Collision with the vehicle in front/waiting vehicle,Collision involving vehicles going in the same way,Daylight,Dry
9342,198645,1,Thomasiusstraße,2019,9,9,2,2,5,2,0,0,1,0,1,0,0,0,Mitte,Accident with serious injuries,Collision with a turning/crossing vehicle,Turning accident,Daylight,Dry
9343,198646,4,Ernst-Reuter-Platz,2019,8,9,2,3,0,1,0,1,0,0,0,0,0,0,Charlottenburg - Wilmersdorf,Accident with minor injuries,Others,Driving accident,Daylight,Dry
9344,198647,4,Reichsstraße,2019,9,9,2,2,6,7,0,0,0,1,0,0,1,0,Charlottenburg - Wilmersdorf,Accident with serious injuries,Collision between vehicle and pedestrian,Others,Daylight,Dry
9345,198648,12,Klixstraße,2019,8,8,2,3,1,1,0,0,1,0,0,0,0,0,Reinickendorf,Accident with minor injuries,Collision with a moving/standing/parked vehicle,Driving accident,Daylight,Dry
9346,198649,4,Prager Platz,2019,9,8,2,3,2,6,0,0,1,0,1,0,0,0,Charlottenburg - Wilmersdorf,Accident with minor injuries,Collision with the vehicle in front/waiting vehicle,Collision involving vehicles going in the same way,Daylight,Dry
9347,198650,2,Wassertorplatz,2019,8,8,2,3,2,6,0,0,1,0,0,0,0,0,Friedrichshain - Kreuzberg,Accident with minor injuries,Collision with the vehicle in front/waiting vehicle,Collision involving vehicles going in the same way,Daylight,Dry
9348,198651,9,Altstadt Kietz,2019,9,8,2,2,2,6,0,0,1,0,0,0,0,0,Treptow-Köpenick,Accident with serious injuries,Collision with the vehicle in front/waiting vehicle,Collision involving vehicles going in the same way,Daylight,Dry
9349,198652,4,Preußenpark,2019,8,7,2,3,5,2,0,1,1,0,0,0,0,0,Charlottenburg - Wilmersdorf,Accident with minor injuries,Collision with a turning/crossing vehicle,Turning accident,Daylight,Dry
9350,198653,4,Schloßstraße,2019,9,8,2,3,5,2,0,1,1,0,0,0,0,0,Charlottenburg - Wilmersdorf,Accident with minor injuries,Collision with a turning/crossing vehicle,Turning accident,Daylight,Dry
9351,198654,7,Grazer Platz,2019,9,10,2,2,9,7,0,0,1,0,0,0,0,0,Tempelhof-Schöneberg,Accident with serious injuries,Departure from the roadway to the left,Others,Daylight,Dry
9352,198655,6,Oberhofer Platz,2019,8,7,2,3,5,2,0,1,1,0,0,0,0,0,Steglitz-Zehlendorf,Accident with minor injuries,Collision with a turning/crossing vehicle,Turning accident,Daylight,Dry
9353,198656,2,Andreasviertel,2019,8,5,2,3,5,2,1,0,1,0,1,0,0,0,Friedrichshain - Kreuzberg,Accident with minor injuries,Collision with a turning/crossing vehicle,Turning accident,Twilight,Dry
9354,198657,2,Urbanstraße,2019,9,13,1,3,6,7,0,0,0,1,0,0,1,0,Friedrichshain - Kreuzberg,Accident with minor injuries,Collision between vehicle and pedestrian,Others,Daylight,Dry
9355,198658,2,Boxhagener Platz,2019,8,0,2,3,0,1,2,0,0,0,1,0,0,0,Friedrichshain - Kreuzberg,Accident with minor injuries,Others,Driving accident,Dark,Dry
9356,198659,3,Kollwitzplatz,2019,9,0,1,3,5,3,2,0,1,0,0,0,1,0,Pankow,Accident with minor injuries,Collision with a turning/crossing vehicle,Turning/Crossing accident,Dark,Dry
9357,198660,3,Pankow Zentrum,2019,8,23,2,3,0,1,2,1,0,0,0,0,0,1,Pankow,Accident with minor injuries,Others,Driving accident,Dark,Wet/moist/slippery
9358,198661,6,Goerzwerke,2019,9,17,1,2,6,4,0,0,1,1,0,0,0,0,Steglitz-Zehlendorf,Accident with serious injuries,Collision between vehicle and pedestrian,Pedestrian crossing accident,Daylight,Dry
9359,198662,1,Leopoldplatz,2019,8,21,2,3,5,3,2,1,1,0,0,0,0,1,Mitte,Accident with minor injuries,Collision with a turning/crossing vehicle,Turning/Crossing accident,Dark,Wet/moist/slippery
9360,198663,1,Sparrplatz,2019,9,20,1,3,6,4,2,1,0,1,0,0,0,0,Mitte,Accident with minor injuries,Collision between vehicle and pedestrian,Pedestrian crossing accident,Dark,Dry
9361,198664,4,Königin-Elisabeth-Straße,2019,9,18,1,3,5,2,0,1,1,0,0,0,0,0,Charlottenburg - Wilmersdorf,Accident with minor injuries,Collision with a turning/crossing vehicle,Turning accident,Daylight,Dry
9362,198665,11,Gensinger Straße,2019,8,20,2,3,0,7,1,1,1,0,0,0,0,1,Lichtenberg,Accident with minor injuries,Others,Others,Twilight,Wet/moist/slippery
9363,198666,8,Donaustraße,2019,9,18,1,3,0,6,0,0,1,0,0,0,1,0,Neukölln,Accident with minor injuries,Others,Collision involving vehicles going in the same way,Daylight,Dry
9364,198667,6,Südende,2019,8,19,2,3,1,5,2,1,0,0,0,0,1,1,Steglitz-Zehlendorf,Accident with minor injuries,Collision with a moving/standing/parked vehicle,Accident involving parked vehicles,Dark,Wet/moist/slippery
9365,198668,10,Havemannstraße,2019,9,17,1,3,5,2,0,0,1,0,0,0,0,0,Marzahn-Hellersdorf,Accident with minor injuries,Collision with a turning/crossing vehicle,Turning accident,Daylight,Dry
9366,198669,5,Zitadellenweg,2019,8,18,2,3,3,2,0,0,1,0,0,1,0,0,Spandau,Accident with minor injuries,Collision with a vehicle traveling laterally in the same direction,Turning accident,Daylight,Dry
9367,198670,10,Landsberger Tor,2019,9,16,1,3,6,6,0,1,0,1,0,0,0,0,Marzahn-Hellersdorf,Accident with minor injuries,Collision between vehicle and pedestrian,Collision involving vehicles going in the same way,Daylight,Dry
9368,198671,12,Hausotterplatz,2019,8,22,2,2,5,3,2,0,1,0,0,0,1,1,Reinickendorf,Accident with serious injuries,Collision with a turning/crossing vehicle,Turning/Crossing accident,Dark,Wet/moist/slippery
9369,198672,11,Sewanstraße,2019,9,11,1,3,5,3,0,1,1,0,0,0,0,0,Lichtenberg,Accident with minor injuries,Collision with a turning/crossing vehicle,Turning/Crossing accident,Daylight,Dry
9370,198673,2,Mehringplatz,2019,9,11,1,3,5,3,0,1,1,0,0,0,0,0,Friedrichshain - Kreuzberg,Accident with minor injuries,Collision with a turning/crossing vehicle,Turning/Crossing accident,Daylight,Dry
9371,198674,2,Traveplatz,2019,8,20,2,2,1,1,2,0,1,0,1,0,0,1,Friedrichshain - Kreuzberg,Accident with serious injuries,Collision with a moving/standing/parked vehicle,Driving accident,Dark,Wet/moist/slippery
9372,198675,5,Zitadellenweg,2019,9,10,1,3,5,2,0,1,1,0,0,0,0,0,Spandau,Accident with minor injuries,Collision with a turning/crossing vehicle,Turning accident,Daylight,Dry
9373,198676,5,Ackerstraße,2019,8,20,2,2,5,2,1,0,1,0,1,0,0,1,Spandau,Accident with serious injuries,Collision with a turning/crossing vehicle,Turning accident,Twilight,Wet/moist/slippery
9374,198677,1,Charitéviertel,2019,9,10,1,3,1,5,0,1,1,0,0,0,0,0,Mitte,Accident with minor injuries,Collision with a moving/standing/parked vehicle,Accident involving parked vehicles,Daylight,Dry
9375,198678,10,Helle Mitte,2019,8,17,2,3,3,6,0,0,1,0,1,0,0,0,Marzahn-Hellersdorf,Accident with minor injuries,Collision with a vehicle traveling laterally in the same direction,Collision involving vehicles going in the same way,Daylight,Dry
9376,198679,9,Baumschulenstraße,2019,9,8,1,3,2,6,0,0,1,0,0,0,0,0,Treptow-Köpenick,Accident with minor injuries,Collision with the vehicle in front/waiting vehicle,Collision involving vehicles going in the same way,Daylight,Dry
9377,198680,3,Buchholz,2019,8,14,2,2,3,6,0,1,0,0,0,0,1,0,Pankow,Accident with serious injuries,Collision with a vehicle traveling laterally in the same direction,Collision involving vehicles going in the same way,Daylight,Dry
9378,198681,2,Traveplatz,2019,8,22,7,3,2,6,2,0,1,0,1,0,0,0,Friedrichshain - Kreuzberg,Accident with minor injuries,Collision with the vehicle in front/waiting vehicle,Collision involving vehicles going in the same way,Dark,Dry
9379,198682,1,Oranienburger Straße,2019,8,21,7,2,5,3,2,1,0,0,0,0,1,0,Mitte,Accident with serious injuries,Collision with a turning/crossing vehicle,Turning/Crossing accident,Dark,Dry
9380,198683,8,Rollberg,2019,8,13,2,2,2,6,0,1,1,0,0,0,0,0,Neukölln,Accident with serious injuries,Collision with the vehicle in front/waiting vehicle,Collision involving vehicles going in the same way,Daylight,Dry
9381,198684,4,Alt-Lietzow,2019,8,8,2,2,3,6,0,1,1,0,0,0,0,0,Charlottenburg - Wilmersdorf,Accident with serious injuries,Collision with a vehicle traveling laterally in the same direction,Collision involving vehicles going in the same way,Daylight,Dry
9382,198685,2,Traveplatz,2019,8,21,7,3,0,1,2,0,0,0,1,0,0,0,Friedrichshain - Kreuzberg,Accident with minor injuries,Others,Driving accident,Dark,Dry
9383,198686,3,Wilhelmsruh,2019,8,20,7,3,1,5,1,0,1,0,0,0,0,0,Pankow,Accident with minor injuries,Collision with a moving/standing/parked vehicle,Accident involving parked vehicles,Twilight,Dry
9384,198687,7,Alt-Lichtenrade/Töpchiner Weg,2019,8,5,2,3,0,3,1,0,1,0,1,0,0,0,Tempelhof-Schöneberg,Accident with minor injuries,Others,Turning/Crossing accident,Twilight,Dry
9385,198688,11,Falkenberg West,2019,8,19,7,2,0,7,1,0,0,1,0,0,1,0,Lichtenberg,Accident with serious injuries,Others,Others,Twilight,Dry
9386,198689,1,Wilhelmstraße,2019,8,7,2,3,6,2,0,1,0,1,0,0,0,0,Mitte,Accident with minor injuries,Collision between vehicle and pedestrian,Turning accident,Daylight,Dry
9387,198690,4,Kissinger Straße,2019,8,18,7,3,5,3,0,0,1,0,0,0,0,0,Charlottenburg - Wilmersdorf,Accident with minor injuries,Collision with a turning/crossing vehicle,Turning/Crossing accident,Daylight,Dry
9388,198691,8,Tempelhofer Weg,2019,8,18,7,2,5,3,0,1,0,0,0,0,1,0,Neukölln,Accident with serious injuries,Collision with a turning/crossing vehicle,Turning/Crossing accident,Daylight,Dry
9389,198692,8,Silbersteinstraße,2019,8,13,1,3,2,6,0,0,1,0,1,0,0,0,Neukölln,Accident with minor injuries,Collision with the vehicle in front/waiting vehicle,Collision involving vehicles going in the same way,Daylight,Dry
9390,198693,8,Glasower Straße,2019,8,17,7,3,1,5,0,1,0,0,0,0,1,0,Neukölln,Accident with minor injuries,Collision with a moving/standing/parked vehicle,Accident involving parked vehicles,Daylight,Dry
9391,198694,10,Kaulsdorf Süd,2019,8,17,7,3,5,2,0,1,1,0,0,0,0,0,Marzahn-Hellersdorf,Accident with minor injuries,Collision with a turning/crossing vehicle,Turning accident,Daylight,Dry
9392,198695,6,Dahlem,2019,8,8,1,3,5,2,0,1,1,0,0,0,0,0,Steglitz-Zehlendorf,Accident with minor injuries,Collision with a turning/crossing vehicle,Turning accident,Daylight,Dry
9393,198696,4,Breitscheidplatz,2019,8,17,7,3,2,6,0,1,1,0,0,0,0,0,Charlottenburg - Wilmersdorf,Accident with minor injuries,Collision with the vehicle in front/waiting vehicle,Collision involving vehicles going in the same way,Daylight,Dry
9394,198697,4,Breitscheidplatz,2019,8,23,1,3,2,6,2,0,1,0,0,0,0,0,Charlottenburg - Wilmersdorf,Accident with minor injuries,Collision with the vehicle in front/waiting vehicle,Collision involving vehicles going in the same way,Dark,Dry
9395,198698,11,Falkenberg Ost,2019,8,16,7,2,5,3,0,0,1,0,1,0,0,0,Lichtenberg,Accident with serious injuries,Collision with a turning/crossing vehicle,Turning/Crossing accident,Daylight,Dry
9396,198699,1,Westliche Müllerstraße,2019,8,15,7,3,5,3,0,1,0,0,1,0,0,0,Mitte,Accident with minor injuries,Collision with a turning/crossing vehicle,Turning/Crossing accident,Daylight,Dry
9397,198700,1,Elberfelder Straße,2019,8,22,1,3,5,3,2,1,0,0,1,0,0,0,Mitte,Accident with minor injuries,Collision with a turning/crossing vehicle,Turning/Crossing accident,Dark,Dry
9398,198701,1,Heine-Viertel Ost,2019,8,14,7,3,0,1,0,0,0,0,1,0,0,0,Mitte,Accident with minor injuries,Others,Driving accident,Daylight,Dry
9399,198702,6,Feuerbachstraße,2019,8,19,1,3,0,2,0,1,1,0,0,0,0,0,Steglitz-Zehlendorf,Accident with minor injuries,Others,Turning accident,Daylight,Dry
9400,198703,1,Gesundbrunnen,2019,8,13,7,3,5,3,0,1,1,0,0,0,0,0,Mitte,Accident with minor injuries,Collision with a turning/crossing vehicle,Turning/Crossing accident,Daylight,Dry
9401,198704,1,Stülerstraße,2019,8,18,1,3,1,5,0,1,1,0,0,0,0,0,Mitte,Accident with minor injuries,Collision with a moving/standing/parked vehicle,Accident involving parked vehicles,Daylight,Dry
9402,198705,8,Buckow Mitte,2019,8,13,7,3,6,4,0,1,0,1,0,0,0,0,Neukölln,Accident with minor injuries,Collision between vehicle and pedestrian,Pedestrian crossing accident,Daylight,Dry
9403,198706,4,Preußenpark,2019,8,13,7,3,2,6,0,0,1,0,0,0,0,0,Charlottenburg - Wilmersdorf,Accident with minor injuries,Collision with the vehicle in front/waiting vehicle,Collision involving vehicles going in the same way,Daylight,Dry
9404,198707,5,Gütersloher Weg,2019,8,17,1,3,5,2,0,0,1,0,1,0,0,0,Spandau,Accident with minor injuries,Collision with a turning/crossing vehicle,Turning accident,Daylight,Dry
9405,198708,12,Wittenau Nord,2019,8,17,1,3,0,1,0,0,0,0,1,0,0,0,Reinickendorf,Accident with minor injuries,Others,Driving accident,Daylight,Dry
9406,198709,2,Mehringplatz,2019,8,13,7,3,1,5,0,1,1,0,0,0,0,0,Friedrichshain - Kreuzberg,Accident with minor injuries,Collision with a moving/standing/parked vehicle,Accident involving parked vehicles,Daylight,Dry
9407,198710,8,Tempelhofer Weg,2019,8,13,7,3,2,6,0,0,1,0,0,0,0,0,Neukölln,Accident with minor injuries,Collision with the vehicle in front/waiting vehicle,Collision involving vehicles going in the same way,Daylight,Dry
9408,198711,6,Teltower Damm,2019,8,17,1,3,2,6,0,0,1,0,1,0,0,0,Steglitz-Zehlendorf,Accident with minor injuries,Collision with the vehicle in front/waiting vehicle,Collision involving vehicles going in the same way,Daylight,Dry
9409,198712,1,Reinickendorfer Straße,2019,8,13,7,3,1,6,0,0,1,0,0,0,0,0,Mitte,Accident with minor injuries,Collision with a moving/standing/parked vehicle,Collision involving vehicles going in the same way,Daylight,Dry
9410,198713,6,Markelstraße,2019,8,15,1,3,5,3,0,0,1,0,1,0,0,0,Steglitz-Zehlendorf,Accident with minor injuries,Collision with a turning/crossing vehicle,Turning/Crossing accident,Daylight,Dry
9411,198714,1,Gesundbrunnen,2019,8,12,7,3,2,6,0,0,1,0,0,0,0,0,Mitte,Accident with minor injuries,Collision with the vehicle in front/waiting vehicle,Collision involving vehicles going in the same way,Daylight,Dry
9412,198715,2,Lausitzer Platz,2019,8,12,7,3,2,6,0,0,1,0,0,0,0,0,Friedrichshain - Kreuzberg,Accident with minor injuries,Collision with the vehicle in front/waiting vehicle,Collision involving vehicles going in the same way,Daylight,Dry
9413,198716,9,Oberschöneweide Ost,2019,8,14,1,3,1,6,0,0,1,0,1,0,0,0,Treptow-Köpenick,Accident with minor injuries,Collision with a moving/standing/parked vehicle,Collision involving vehicles going in the same way,Daylight,Dry
9414,198717,8,Reuterkiez,2019,8,11,7,3,3,6,0,1,1,0,0,0,0,0,Neukölln,Accident with minor injuries,Collision with a vehicle traveling laterally in the same direction,Collision involving vehicles going in the same way,Daylight,Dry
9415,198718,12,Schorfheidestraße,2019,8,10,7,3,2,2,0,0,1,0,1,0,0,0,Reinickendorf,Accident with minor injuries,Collision with the vehicle in front/waiting vehicle,Turning accident,Daylight,Dry