,object id,district,street,year,month,hour of day,weekday,category,accident type,accident type 2,light situation,bike involved,car involved,pedestrian involved,motor bike involved,big track involved,other vehicle involved,road condition,district name,category name,accident detail,accident type detail,light condition,road condition detail
9416,198719,4,Reichsstraße,2019,8,14,1,3,3,6,0,0,1,0,1,0,0,0,Charlottenburg - Wilmersdorf,Accident with minor injuries,Collision with a vehicle traveling laterally in the same direction,Collision involving vehicles going in the same way,Daylight,Dry
9417,198720,2,Eldenaer Straße,2019,8,9,7,3,1,6,0,1,1,0,0,0,0,0,Friedrichshain - Kreuzberg,Accident with minor injuries,Collision with a moving/standing/parked vehicle,Collision involving vehicles going in the same way,Daylight,Dry
9418,198721,1,Wilhelmstraße,2019,8,14,1,3,6,2,0,1,0,1,0,0,0,0,Mitte,Accident with minor injuries,Collision between vehicle and pedestrian,Turning accident,Daylight,Dry
9419,198722,3,Pankow Süd,2019,8,8,7,3,1,5,0,1,1,0,0,0,0,0,Pankow,Accident with minor injuries,Collision with a moving/standing/parked vehicle,Accident involving parked vehicles,Daylight,Dry
9420,198723,9,Baumschulenstraße,2019,8,7,7,2,5,2,0,0,1,0,0,0,0,0,Treptow-Köpenick,Accident with serious injuries,Collision with a turning/crossing vehicle,Turning accident,Daylight,Dry
9421,198724,10,Marzahn Ost,2019,8,21,1,2,0,1,2,1,0,0,0,0,0,0,Marzahn-Hellersdorf,Accident with serious injuries,Others,Driving accident,Dark,Dry
9422,198725,1,Karl-Marx-Allee,2019,8,11,1,3,5,7,0,0,1,0,0,0,1,0,Mitte,Accident with minor injuries,Collision with a turning/crossing vehicle,Others,Daylight,Dry
9423,198726,1,Großer Tiergarten,2019,8,4,7,3,8,1,2,0,1,0,0,0,0,0,Mitte,Accident with minor injuries,Departure from the roadway to the right,Driving accident,Dark,Dry
9424,198727,7,Marienfelder Allee Nordwest,2019,8,12,7,3,6,7,0,0,1,1,0,0,0,0,Tempelhof-Schöneberg,Accident with minor injuries,Collision between vehicle and pedestrian,Others,Daylight,Dry
9425,198728,2,Friedenstraße,2019,8,10,1,3,5,2,0,0,1,0,0,0,0,0,Friedrichshain - Kreuzberg,Accident with minor injuries,Collision with a turning/crossing vehicle,Turning accident,Daylight,Dry
9426,198729,2,Oranienplatz,2019,8,0,7,2,6,4,2,1,0,1,0,0,0,0,Friedrichshain - Kreuzberg,Accident with serious injuries,Collision between vehicle and pedestrian,Pedestrian crossing accident,Dark,Dry
9427,198730,12,Alt-Tegel,2019,8,3,1,3,0,1,2,1,0,0,0,0,0,0,Reinickendorf,Accident with minor injuries,Others,Driving accident,Dark,Dry
9428,198731,5,Carl-Schurz-Straße,2019,8,0,1,3,5,3,2,1,1,0,0,0,0,0,Spandau,Accident with minor injuries,Collision with a turning/crossing vehicle,Turning/Crossing accident,Dark,Dry
9429,198732,4,Amtsgerichtsplatz,2019,8,13,7,3,5,2,0,1,1,0,0,0,0,0,Charlottenburg - Wilmersdorf,Accident with minor injuries,Collision with a turning/crossing vehicle,Turning accident,Daylight,Dry
9430,198733,7,Rathaus Tempelhof,2019,8,18,6,3,5,3,0,1,0,0,0,0,0,0,Tempelhof-Schöneberg,Accident with minor injuries,Collision with a turning/crossing vehicle,Turning/Crossing accident,Daylight,Dry
9431,198734,11,Rüdigerstraße,2019,8,22,7,2,0,1,2,1,0,0,0,0,0,0,Lichtenberg,Accident with serious injuries,Others,Driving accident,Dark,Dry
9432,198735,4,Breitscheidplatz,2019,8,23,6,3,6,7,2,0,1,1,0,0,0,0,Charlottenburg - Wilmersdorf,Accident with minor injuries,Collision between vehicle and pedestrian,Others,Dark,Dry
9433,198736,2,Graefekiez,2019,8,22,7,3,2,7,2,1,1,0,0,0,0,0,Friedrichshain - Kreuzberg,Accident with minor injuries,Collision with the vehicle in front/waiting vehicle,Others,Dark,Dry
9434,198737,8,Rollberg,2019,8,21,6,2,5,3,2,1,1,0,0,0,0,0,Neukölln,Accident with serious injuries,Collision with a turning/crossing vehicle,Turning/Crossing accident,Dark,Dry
9435,198738,11,Rummelsburg,2019,8,10,7,3,0,7,0,1,0,0,0,0,0,0,Lichtenberg,Accident with minor injuries,Others,Others,Daylight,Dry
9436,198739,3,Greifswalder Straße,2019,8,19,6,3,5,3,0,1,1,0,0,0,0,0,Pankow,Accident with minor injuries,Collision with a turning/crossing vehicle,Turning/Crossing accident,Daylight,Dry
9437,198740,7,Dennewitzplatz,2019,8,18,7,3,5,3,0,0,1,0,0,0,0,0,Tempelhof-Schöneberg,Accident with minor injuries,Collision with a turning/crossing vehicle,Turning/Crossing accident,Daylight,Dry
9438,198741,4,Branitzer Platz,2019,8,19,6,3,5,3,0,1,1,0,0,0,0,0,Charlottenburg - Wilmersdorf,Accident with minor injuries,Collision with a turning/crossing vehicle,Turning/Crossing accident,Daylight,Dry
9439,198742,12,Scharnweberstraße,2019,8,18,7,3,2,6,0,0,1,0,0,0,0,0,Reinickendorf,Accident with minor injuries,Collision with the vehicle in front/waiting vehicle,Collision involving vehicles going in the same way,Daylight,Dry
9440,198743,6,Schütte-Lanz-Straße,2019,8,18,6,3,5,3,0,1,1,0,0,0,0,0,Steglitz-Zehlendorf,Accident with minor injuries,Collision with a turning/crossing vehicle,Turning/Crossing accident,Daylight,Dry
9441,198744,1,Wilhelmstraße,2019,8,17,7,3,5,2,0,1,1,0,0,0,0,0,Mitte,Accident with minor injuries,Collision with a turning/crossing vehicle,Turning accident,Daylight,Dry
9442,198745,3,Erich-Weinert-Straße,2019,8,17,6,3,5,5,0,0,1,0,1,0,0,0,Pankow,Accident with minor injuries,Collision with a turning/crossing vehicle,Accident involving parked vehicles,Daylight,Dry
9443,198746,2,Oranienplatz,2019,8,23,7,3,1,5,2,1,1,0,0,0,0,0,Friedrichshain - Kreuzberg,Accident with minor injuries,Collision with a moving/standing/parked vehicle,Accident involving parked vehicles,Dark,Dry
9444,198747,4,Amtsgerichtsplatz,2019,8,17,6,2,5,3,0,1,1,0,0,0,0,0,Charlottenburg - Wilmersdorf,Accident with serious injuries,Collision with a turning/crossing vehicle,Turning/Crossing accident,Daylight,Dry
9445,198748,4,Karl-August-Platz,2019,8,17,6,2,0,7,0,1,0,0,0,0,0,0,Charlottenburg - Wilmersdorf,Accident with serious injuries,Others,Others,Daylight,Dry
9446,198749,5,Zitadellenweg,2019,8,18,7,3,0,6,0,0,1,0,1,0,0,0,Spandau,Accident with minor injuries,Others,Collision involving vehicles going in the same way,Daylight,Dry
9447,198750,7,Nollendorfplatz,2019,8,16,6,3,5,2,0,0,1,0,1,0,0,0,Tempelhof-Schöneberg,Accident with minor injuries,Collision with a turning/crossing vehicle,Turning accident,Daylight,Dry
9448,198751,7,Lindenhofsiedlung,2019,8,17,7,3,5,3,0,1,1,0,0,0,0,0,Tempelhof-Schöneberg,Accident with minor injuries,Collision with a turning/crossing vehicle,Turning/Crossing accident,Daylight,Dry
9449,198752,3,Buch,2019,8,13,6,3,4,6,0,0,1,0,0,0,0,0,Pankow,Accident with minor injuries,Collision with oncoming vehicle,Collision involving vehicles going in the same way,Daylight,Dry
9450,198753,1,Alexanderplatzviertel,2019,8,9,6,3,3,6,0,0,1,0,0,0,1,0,Mitte,Accident with minor injuries,Collision with a vehicle traveling laterally in the same direction,Collision involving vehicles going in the same way,Daylight,Dry
9451,198754,10,Biesdorf Süd,2019,8,15,7,3,0,7,0,1,0,0,0,0,0,0,Marzahn-Hellersdorf,Accident with minor injuries,Others,Others,Daylight,Dry
9452,198755,1,Sparrplatz,2019,8,15,6,3,0,7,0,0,0,0,1,0,0,0,Mitte,Accident with minor injuries,Others,Others,Daylight,Dry
9453,198756,5,Eiswerder,2019,8,23,7,3,2,6,2,0,1,0,0,0,0,0,Spandau,Accident with minor injuries,Collision with the vehicle in front/waiting vehicle,Collision involving vehicles going in the same way,Dark,Dry
9454,198757,4,Amtsgerichtsplatz,2019,8,15,6,3,1,5,0,1,1,0,0,0,0,0,Charlottenburg - Wilmersdorf,Accident with minor injuries,Collision with a moving/standing/parked vehicle,Accident involving parked vehicles,Daylight,Dry
9455,198758,8,Silbersteinstraße,2019,8,21,7,3,3,6,2,0,1,0,1,0,0,0,Neukölln,Accident with minor injuries,Collision with a vehicle traveling laterally in the same direction,Collision involving vehicles going in the same way,Dark,Dry
9456,198759,12,Wittenau Süd,2019,8,15,6,3,2,6,0,0,1,0,1,0,0,0,Reinickendorf,Accident with minor injuries,Collision with the vehicle in front/waiting vehicle,Collision involving vehicles going in the same way,Daylight,Dry
9457,198760,5,Kurstraße,2019,8,19,7,3,6,4,1,0,1,1,0,0,0,0,Spandau,Accident with minor injuries,Collision between vehicle and pedestrian,Pedestrian crossing accident,Twilight,Dry
9458,198761,12,Humboldtstraße,2019,8,14,6,3,5,2,0,1,0,0,0,0,1,0,Reinickendorf,Accident with minor injuries,Collision with a turning/crossing vehicle,Turning accident,Daylight,Dry
9459,198762,1,Großer Tiergarten,2019,8,13,6,3,5,3,0,1,1,0,0,0,0,0,Mitte,Accident with minor injuries,Collision with a turning/crossing vehicle,Turning/Crossing accident,Daylight,Dry
9460,198763,5,Tiefwerder,2019,8,15,7,3,2,2,0,0,1,0,0,0,0,0,Spandau,Accident with minor injuries,Collision with the vehicle in front/waiting vehicle,Turning accident,Daylight,Dry
9461,198764,1,Humboldthain Süd,2019,8,19,7,2,0,7,0,1,0,0,0,0,0,0,Mitte,Accident with serious injuries,Others,Others,Daylight,Dry
9462,198765,7,Manteuffelstraße,2019,8,13,6,3,5,7,0,0,1,0,0,0,0,0,Tempelhof-Schöneberg,Accident with minor injuries,Collision with a turning/crossing vehicle,Others,Daylight,Dry
9463,198766,9,Adlershof Ost,2019,8,14,7,3,5,3,0,1,1,0,0,0,0,0,Treptow-Köpenick,Accident with minor injuries,Collision with a turning/crossing vehicle,Turning/Crossing accident,Daylight,Dry
9464,198767,8,Parchimer Allee,2019,8,13,6,3,5,2,0,1,1,0,0,0,0,0,Neukölln,Accident with minor injuries,Collision with a turning/crossing vehicle,Turning accident,Daylight,Dry
9465,198768,3,Pankow Süd,2019,8,14,7,3,2,3,0,0,1,0,0,0,0,0,Pankow,Accident with minor injuries,Collision with the vehicle in front/waiting vehicle,Turning/Crossing accident,Daylight,Dry
9466,198769,4,Karl-August-Platz,2019,8,13,6,3,2,6,0,0,1,0,0,0,0,0,Charlottenburg - Wilmersdorf,Accident with minor injuries,Collision with the vehicle in front/waiting vehicle,Collision involving vehicles going in the same way,Daylight,Dry
9467,198770,4,Kaiserin-Augusta-Allee,2019,8,12,6,3,5,2,0,1,1,0,0,0,0,0,Charlottenburg - Wilmersdorf,Accident with minor injuries,Collision with a turning/crossing vehicle,Turning accident,Daylight,Dry
9468,198771,9,Altstadt Kietz,2019,8,13,7,3,2,6,0,0,1,0,0,0,0,0,Treptow-Köpenick,Accident with minor injuries,Collision with the vehicle in front/waiting vehicle,Collision involving vehicles going in the same way,Daylight,Dry
9469,198772,8,Gropiusstadt Ost,2019,8,13,7,3,5,2,0,0,1,0,0,0,0,0,Neukölln,Accident with minor injuries,Collision with a turning/crossing vehicle,Turning accident,Daylight,Dry
9470,198773,9,Späthsfelde,2019,8,12,6,3,5,3,0,1,0,0,0,0,1,0,Treptow-Köpenick,Accident with minor injuries,Collision with a turning/crossing vehicle,Turning/Crossing accident,Daylight,Dry
9471,198774,3,Pankow Zentrum,2019,8,11,6,3,0,3,0,1,0,0,0,0,1,0,Pankow,Accident with minor injuries,Others,Turning/Crossing accident,Daylight,Dry
9472,198775,9,Dammvorstadt,2019,8,12,7,3,5,3,0,1,0,0,0,0,0,0,Treptow-Köpenick,Accident with minor injuries,Collision with a turning/crossing vehicle,Turning/Crossing accident,Daylight,Dry
9473,198776,5,Staakener Straße,2019,8,11,6,3,0,3,0,0,1,0,1,0,0,0,Spandau,Accident with minor injuries,Others,Turning/Crossing accident,Daylight,Dry
9474,198777,7,Grazer Platz,2019,8,11,7,3,5,2,0,1,1,0,0,0,0,0,Tempelhof-Schöneberg,Accident with minor injuries,Collision with a turning/crossing vehicle,Turning accident,Daylight,Dry
9475,198778,7,Rathausstraße,2019,8,9,6,3,1,5,0,1,1,0,0,0,0,0,Tempelhof-Schöneberg,Accident with minor injuries,Collision with a moving/standing/parked vehicle,Accident involving parked vehicles,Daylight,Dry
9476,198779,1,Leipziger Straße,2019,8,9,6,3,5,3,0,1,1,0,0,0,0,0,Mitte,Accident with minor injuries,Collision with a turning/crossing vehicle,Turning/Crossing accident,Daylight,Dry
9477,198780,9,Müggelheim,2019,8,11,7,2,8,1,0,0,0,0,1,0,0,0,Treptow-Köpenick,Accident with serious injuries,Departure from the roadway to the right,Driving accident,Daylight,Dry
9478,198781,8,Rixdorf,2019,8,9,6,3,2,6,0,0,1,0,0,0,0,0,Neukölln,Accident with minor injuries,Collision with the vehicle in front/waiting vehicle,Collision involving vehicles going in the same way,Daylight,Dry
9479,198782,4,Breitscheidplatz,2019,8,6,7,2,8,7,0,0,1,0,0,0,0,1,Charlottenburg - Wilmersdorf,Accident with serious injuries,Departure from the roadway to the right,Others,Daylight,Wet/moist/slippery
9480,198783,12,Konradshöhe/Tegelort,2019,8,8,6,3,5,2,0,1,1,0,0,0,0,0,Reinickendorf,Accident with minor injuries,Collision with a turning/crossing vehicle,Turning accident,Daylight,Dry
9481,198784,2,Reichenberger Straße,2019,8,12,7,3,5,3,0,0,1,0,0,0,0,0,Friedrichshain - Kreuzberg,Accident with minor injuries,Collision with a turning/crossing vehicle,Turning/Crossing accident,Daylight,Dry
9482,198785,8,Buckow Mitte,2019,8,8,6,3,6,4,0,0,1,1,0,0,0,0,Neukölln,Accident with minor injuries,Collision between vehicle and pedestrian,Pedestrian crossing accident,Daylight,Dry
9483,198786,8,Körnerpark,2019,8,16,7,3,5,3,0,1,1,0,0,0,0,0,Neukölln,Accident with minor injuries,Collision with a turning/crossing vehicle,Turning/Crossing accident,Daylight,Dry
9484,198787,1,Soldiner Straße,2019,8,8,6,3,5,2,0,1,1,0,0,0,0,0,Mitte,Accident with minor injuries,Collision with a turning/crossing vehicle,Turning accident,Daylight,Dry
9485,198788,7,Kettinger Straße/Schillerstraße,2019,8,7,6,3,1,5,0,0,1,0,0,1,0,0,Tempelhof-Schöneberg,Accident with minor injuries,Collision with a moving/standing/parked vehicle,Accident involving parked vehicles,Daylight,Dry
9486,198789,3,Anton-Saefkow-Park,2019,8,3,6,3,6,4,2,0,1,1,0,0,0,0,Pankow,Accident with minor injuries,Collision between vehicle and pedestrian,Pedestrian crossing accident,Dark,Dry
9487,198790,7,Bayerischer Platz,2019,8,15,6,3,5,3,0,0,1,0,0,0,0,0,Tempelhof-Schöneberg,Accident with minor injuries,Collision with a turning/crossing vehicle,Turning/Crossing accident,Daylight,Dry
9488,198791,2,Andreasviertel,2019,8,7,6,3,5,2,0,1,1,0,0,0,0,0,Friedrichshain - Kreuzberg,Accident with minor injuries,Collision with a turning/crossing vehicle,Turning accident,Daylight,Dry
9489,198792,7,Rathaus Tempelhof,2019,8,9,6,3,6,4,0,0,1,1,0,0,0,0,Tempelhof-Schöneberg,Accident with minor injuries,Collision between vehicle and pedestrian,Pedestrian crossing accident,Daylight,Dry
9490,198793,6,Mittelstraße,2019,8,19,6,3,5,3,0,0,1,0,1,0,0,0,Steglitz-Zehlendorf,Accident with minor injuries,Collision with a turning/crossing vehicle,Turning/Crossing accident,Daylight,Dry
9491,198794,9,Bölschestraße,2019,8,16,6,2,5,7,0,0,1,0,1,0,0,0,Treptow-Köpenick,Accident with serious injuries,Collision with a turning/crossing vehicle,Others,Daylight,Dry
9492,198795,2,Lausitzer Platz,2019,8,13,6,3,0,2,0,1,0,0,0,0,1,0,Friedrichshain - Kreuzberg,Accident with minor injuries,Others,Turning accident,Daylight,Dry
9493,198796,1,Heine-Viertel West,2019,8,16,6,2,1,5,0,0,1,0,0,0,1,0,Mitte,Accident with serious injuries,Collision with a moving/standing/parked vehicle,Accident involving parked vehicles,Daylight,Dry
9494,198797,1,Oranienburger Straße,2019,8,1,6,3,0,1,2,0,0,0,0,0,1,0,Mitte,Accident with minor injuries,Others,Driving accident,Dark,Dry
9495,198798,1,Soldiner Straße,2019,8,13,6,2,5,2,0,0,1,0,0,0,0,0,Mitte,Accident with serious injuries,Collision with a turning/crossing vehicle,Turning accident,Daylight,Dry
9496,198799,9,Dammvorstadt,2019,8,20,6,3,0,6,1,1,0,0,0,0,1,0,Treptow-Köpenick,Accident with minor injuries,Others,Collision involving vehicles going in the same way,Twilight,Dry
9497,198800,3,Winsstraße,2019,8,8,6,3,0,6,0,0,0,0,1,0,0,0,Pankow,Accident with minor injuries,Others,Collision involving vehicles going in the same way,Daylight,Dry
9498,198801,3,Pankow Süd,2019,8,20,6,3,5,2,1,1,1,0,0,0,0,0,Pankow,Accident with minor injuries,Collision with a turning/crossing vehicle,Turning accident,Twilight,Dry
9499,198802,1,Thomasiusstraße,2019,8,8,6,2,5,3,0,1,0,0,0,0,0,0,Mitte,Accident with serious injuries,Collision with a turning/crossing vehicle,Turning/Crossing accident,Daylight,Dry
9500,198803,9,Adlershof West,2019,8,17,6,3,5,2,0,1,1,0,0,0,0,0,Treptow-Köpenick,Accident with minor injuries,Collision with a turning/crossing vehicle,Turning accident,Daylight,Dry
9501,198804,11,Rummelsburg,2019,8,11,6,3,0,6,0,0,1,0,0,0,0,0,Lichtenberg,Accident with minor injuries,Others,Collision involving vehicles going in the same way,Daylight,Dry
9502,198805,6,Schweizer Viertel,2019,8,9,6,2,1,5,0,1,1,0,0,0,0,0,Steglitz-Zehlendorf,Accident with serious injuries,Collision with a moving/standing/parked vehicle,Accident involving parked vehicles,Daylight,Dry
9503,198806,8,Handwerker-Siedlung,2019,8,19,6,2,0,2,0,0,1,0,0,0,1,0,Neukölln,Accident with serious injuries,Others,Turning accident,Daylight,Dry
9504,198807,4,Schloßstraße,2019,8,4,6,3,1,5,2,1,1,0,0,0,0,0,Charlottenburg - Wilmersdorf,Accident with minor injuries,Collision with a moving/standing/parked vehicle,Accident involving parked vehicles,Dark,Dry
9505,198808,6,Schloßstraße,2019,8,19,6,2,6,4,0,1,0,1,0,0,0,0,Steglitz-Zehlendorf,Accident with serious injuries,Collision between vehicle and pedestrian,Pedestrian crossing accident,Daylight,Dry
9506,198809,1,Invalidenstraße,2019,8,9,5,3,5,2,0,1,1,0,0,0,0,0,Mitte,Accident with minor injuries,Collision with a turning/crossing vehicle,Turning accident,Daylight,Dry
9507,198810,8,Donaustraße,2019,8,18,6,3,2,6,0,1,1,0,0,0,0,0,Neukölln,Accident with minor injuries,Collision with the vehicle in front/waiting vehicle,Collision involving vehicles going in the same way,Daylight,Dry
9508,198811,1,Reinickendorfer Straße,2019,8,21,5,3,1,5,2,1,1,0,0,0,0,0,Mitte,Accident with minor injuries,Collision with a moving/standing/parked vehicle,Accident involving parked vehicles,Dark,Dry
9509,198812,12,Hausotterplatz,2019,8,18,6,3,1,5,0,1,1,0,0,0,0,0,Reinickendorf,Accident with minor injuries,Collision with a moving/standing/parked vehicle,Accident involving parked vehicles,Daylight,Dry
9510,198813,12,Frohnau,2019,8,19,5,3,3,6,1,1,1,0,0,0,0,0,Reinickendorf,Accident with minor injuries,Collision with a vehicle traveling laterally in the same direction,Collision involving vehicles going in the same way,Twilight,Dry
9511,198814,11,Fennpfuhl Ost,2019,8,18,5,3,5,3,0,1,0,0,0,0,0,0,Lichtenberg,Accident with minor injuries,Collision with a turning/crossing vehicle,Turning/Crossing accident,Daylight,Dry
9512,198815,2,Graefekiez,2019,8,18,6,3,6,4,0,1,0,1,0,0,0,0,Friedrichshain - Kreuzberg,Accident with minor injuries,Collision between vehicle and pedestrian,Pedestrian crossing accident,Daylight,Dry
9513,198816,1,Heine-Viertel West,2019,8,17,6,3,1,5,0,1,0,0,0,0,1,0,Mitte,Accident with minor injuries,Collision with a moving/standing/parked vehicle,Accident involving parked vehicles,Daylight,Dry
9514,198817,7,Rathaus Tempelhof,2019,8,18,5,3,5,2,0,1,1,0,0,0,0,0,Tempelhof-Schöneberg,Accident with minor injuries,Collision with a turning/crossing vehicle,Turning accident,Daylight,Dry
9515,198818,1,Nördlicher Landwehrkanal,2019,8,18,5,3,2,6,0,0,1,0,0,0,0,0,Mitte,Accident with minor injuries,Collision with the vehicle in front/waiting vehicle,Collision involving vehicles going in the same way,Daylight,Dry
9516,198819,7,Friedenau,2019,8,16,6,2,5,2,0,1,1,0,0,0,0,0,Tempelhof-Schöneberg,Accident with serious injuries,Collision with a turning/crossing vehicle,Turning accident,Daylight,Dry
9517,198820,1,Wilhelmstraße,2019,8,17,5,3,5,3,0,1,0,0,0,0,1,0,Mitte,Accident with minor injuries,Collision with a turning/crossing vehicle,Turning/Crossing accident,Daylight,Dry
9518,198821,4,Babelsberger Straße,2019,8,16,6,3,5,2,0,1,0,0,0,0,1,0,Charlottenburg - Wilmersdorf,Accident with minor injuries,Collision with a turning/crossing vehicle,Turning accident,Daylight,Dry
9519,198822,9,Dorf Altglienicke,2019,8,19,5,3,5,3,0,0,1,0,1,0,0,0,Treptow-Köpenick,Accident with minor injuries,Collision with a turning/crossing vehicle,Turning/Crossing accident,Daylight,Dry
9520,198823,1,Elberfelder Straße,2019,8,17,5,3,6,4,0,0,1,1,0,0,0,0,Mitte,Accident with minor injuries,Collision between vehicle and pedestrian,Pedestrian crossing accident,Daylight,Dry
9521,198824,1,Nördlicher Landwehrkanal,2019,8,22,6,3,2,2,2,1,1,0,0,0,0,0,Mitte,Accident with minor injuries,Collision with the vehicle in front/waiting vehicle,Turning accident,Dark,Dry
9522,198825,4,Wilhelmsaue,2019,8,15,5,3,0,7,0,1,0,0,0,0,0,0,Charlottenburg - Wilmersdorf,Accident with minor injuries,Others,Others,Daylight,Dry
9523,198826,1,Leipziger Straße,2019,8,15,5,3,5,3,0,1,1,0,0,0,0,0,Mitte,Accident with minor injuries,Collision with a turning/crossing vehicle,Turning/Crossing accident,Daylight,Dry
9524,198827,9,Bohnsdorf,2019,8,16,6,2,5,2,0,1,1,0,0,0,0,0,Treptow-Köpenick,Accident with serious injuries,Collision with a turning/crossing vehicle,Turning accident,Daylight,Dry
9525,198828,3,Pankow Zentrum,2019,8,15,5,3,5,3,0,1,0,0,0,0,0,0,Pankow,Accident with minor injuries,Collision with a turning/crossing vehicle,Turning/Crossing accident,Daylight,Dry
9526,198829,6,Lankwitz Kirche,2019,8,14,5,3,3,2,0,0,1,0,1,0,0,0,Steglitz-Zehlendorf,Accident with minor injuries,Collision with a vehicle traveling laterally in the same direction,Turning accident,Daylight,Dry
9527,198830,5,Gartenfelder Straße,2019,8,22,6,3,5,2,2,1,1,0,0,0,0,0,Spandau,Accident with minor injuries,Collision with a turning/crossing vehicle,Turning accident,Dark,Dry
9528,198831,7,Nollendorfplatz,2019,8,14,5,3,3,5,0,1,1,0,0,0,0,0,Tempelhof-Schöneberg,Accident with minor injuries,Collision with a vehicle traveling laterally in the same direction,Accident involving parked vehicles,Daylight,Dry
9529,198832,4,Breite Straße,2019,8,22,6,2,5,2,2,1,1,0,0,0,0,0,Charlottenburg - Wilmersdorf,Accident with serious injuries,Collision with a turning/crossing vehicle,Turning accident,Dark,Dry
9530,198833,3,Pankow Zentrum,2019,8,14,5,3,5,2,0,1,1,0,0,0,0,0,Pankow,Accident with minor injuries,Collision with a turning/crossing vehicle,Turning accident,Daylight,Dry
9531,198834,4,George-Grosz-Platz,2019,8,21,6,3,5,2,1,1,1,0,0,0,0,0,Charlottenburg - Wilmersdorf,Accident with minor injuries,Collision with a turning/crossing vehicle,Turning accident,Twilight,Dry
9532,198835,2,Lausitzer Platz,2019,8,14,5,3,4,7,0,1,0,0,0,0,0,0,Friedrichshain - Kreuzberg,Accident with minor injuries,Collision with oncoming vehicle,Others,Daylight,Dry
9533,198836,11,Rüdigerstraße,2019,8,20,6,3,0,2,1,1,1,0,0,0,0,0,Lichtenberg,Accident with minor injuries,Others,Turning accident,Twilight,Dry
9534,198837,5,Rohrdamm,2019,8,14,5,3,5,3,0,1,1,0,0,0,0,0,Spandau,Accident with minor injuries,Collision with a turning/crossing vehicle,Turning/Crossing accident,Daylight,Dry
9535,198838,5,Jägerallee,2019,8,14,5,3,5,2,0,1,1,0,0,0,0,0,Spandau,Accident with minor injuries,Collision with a turning/crossing vehicle,Turning accident,Daylight,Dry
9536,198839,8,Schillerpromenade,2019,8,16,6,2,3,6,0,0,1,0,1,0,0,0,Neukölln,Accident with serious injuries,Collision with a vehicle traveling laterally in the same direction,Collision involving vehicles going in the same way,Daylight,Dry
9537,198840,1,Leipziger Straße,2019,8,16,6,3,5,3,0,0,1,0,0,0,1,0,Mitte,Accident with minor injuries,Collision with a turning/crossing vehicle,Turning/Crossing accident,Daylight,Dry
9538,198841,4,Alt-Lietzow,2019,8,13,5,3,0,2,0,0,1,0,0,0,1,0,Charlottenburg - Wilmersdorf,Accident with minor injuries,Others,Turning accident,Daylight,Dry
9539,198842,8,Vogelviertel Süd,2019,8,14,5,2,2,6,0,0,1,0,0,0,0,0,Neukölln,Accident with serious injuries,Collision with the vehicle in front/waiting vehicle,Collision involving vehicles going in the same way,Daylight,Dry
9540,198843,12,Ziekowstraße/Freie Scholle,2019,8,15,6,3,5,2,0,0,1,0,1,0,0,0,Reinickendorf,Accident with minor injuries,Collision with a turning/crossing vehicle,Turning accident,Daylight,Dry
9541,198844,1,Leipziger Straße,2019,8,12,5,3,5,3,0,1,0,0,0,0,0,0,Mitte,Accident with minor injuries,Collision with a turning/crossing vehicle,Turning/Crossing accident,Daylight,Dry
9542,198845,1,Rehberge,2019,8,15,6,3,5,2,0,1,1,0,0,0,0,0,Mitte,Accident with minor injuries,Collision with a turning/crossing vehicle,Turning accident,Daylight,Dry
9543,198846,9,Johannisthal Ost,2019,8,12,5,3,5,3,0,0,1,0,0,0,0,0,Treptow-Köpenick,Accident with minor injuries,Collision with a turning/crossing vehicle,Turning/Crossing accident,Daylight,Dry
9544,198847,5,Freiheit,2019,8,12,6,3,2,6,0,0,1,0,0,0,0,0,Spandau,Accident with minor injuries,Collision with the vehicle in front/waiting vehicle,Collision involving vehicles going in the same way,Daylight,Dry
9545,198848,12,Scharnweberstraße,2019,8,10,5,3,0,6,0,0,1,0,1,0,0,0,Reinickendorf,Accident with minor injuries,Others,Collision involving vehicles going in the same way,Daylight,Dry
9546,198849,5,An der Kappe,2019,8,11,6,3,5,3,0,1,1,0,0,0,0,0,Spandau,Accident with minor injuries,Collision with a turning/crossing vehicle,Turning/Crossing accident,Daylight,Dry
9547,198850,7,Rathaus Tempelhof,2019,8,10,5,3,0,7,0,0,1,0,0,0,1,0,Tempelhof-Schöneberg,Accident with minor injuries,Others,Others,Daylight,Dry
9548,198851,1,Brunnenstraße,2019,8,11,6,3,2,6,0,0,1,0,0,0,0,0,Mitte,Accident with minor injuries,Collision with the vehicle in front/waiting vehicle,Collision involving vehicles going in the same way,Daylight,Dry
9549,198852,3,Pankow Süd,2019,8,13,1,3,5,3,0,0,1,0,0,0,0,0,Pankow,Accident with minor injuries,Collision with a turning/crossing vehicle,Turning/Crossing accident,Daylight,Dry
9550,198853,9,Rahnsdorf/Hessenwinkel,2019,9,8,2,3,5,3,0,0,1,0,0,0,0,1,Treptow-Köpenick,Accident with minor injuries,Collision with a turning/crossing vehicle,Turning/Crossing accident,Daylight,Wet/moist/slippery
9551,198854,12,Borsigwalde,2019,9,7,2,3,5,3,0,0,1,0,0,0,1,1,Reinickendorf,Accident with minor injuries,Collision with a turning/crossing vehicle,Turning/Crossing accident,Daylight,Wet/moist/slippery
9552,198855,8,Reuterkiez,2019,9,7,2,3,5,3,0,0,1,0,0,0,0,1,Neukölln,Accident with minor injuries,Collision with a turning/crossing vehicle,Turning/Crossing accident,Daylight,Wet/moist/slippery
9553,198856,7,Rathausstraße,2019,9,6,2,3,2,2,2,0,1,0,0,0,1,1,Tempelhof-Schöneberg,Accident with minor injuries,Collision with the vehicle in front/waiting vehicle,Turning accident,Dark,Wet/moist/slippery