,object id,district,street,year,month,hour of day,weekday,category,accident type,accident type 2,light situation,bike involved,car involved,pedestrian involved,motor bike involved,big track involved,other vehicle involved,road condition,district name,category name,accident detail,accident type detail,light condition,road condition detail
9554,198857,8,Gropiusstadt Ost,2019,9,14,2,3,6,2,0,0,1,1,0,0,0,1,Neukölln,Accident with minor injuries,Collision between vehicle and pedestrian,Turning accident,Daylight,Wet/moist/slippery
9555,198858,11,Rummelsburg,2019,9,6,2,3,5,2,1,1,1,0,0,0,0,1,Lichtenberg,Accident with minor injuries,Collision with a turning/crossing vehicle,Turning accident,Twilight,Wet/moist/slippery
9556,198859,4,Plötzensee,2019,9,5,2,3,2,6,0,0,1,0,0,0,0,1,Charlottenburg - Wilmersdorf,Accident with minor injuries,Collision with the vehicle in front/waiting vehicle,Collision involving vehicles going in the same way,Daylight,Wet/moist/slippery
9557,198860,9,Dammvorstadt,2019,9,18,2,3,5,3,0,1,1,0,0,0,0,1,Treptow-Köpenick,Accident with minor injuries,Collision with a turning/crossing vehicle,Turning/Crossing accident,Daylight,Wet/moist/slippery
9558,198861,4,Schloßgarten,2019,9,22,1,3,5,3,2,1,1,0,0,0,0,0,Charlottenburg - Wilmersdorf,Accident with minor injuries,Collision with a turning/crossing vehicle,Turning/Crossing accident,Dark,Dry
9559,198862,1,Humboldthain Nordwest,2019,9,3,1,3,1,5,2,0,1,0,0,0,0,0,Mitte,Accident with minor injuries,Collision with a moving/standing/parked vehicle,Accident involving parked vehicles,Dark,Dry
9560,198863,8,Rollberg,2019,9,21,1,3,1,5,2,0,1,0,0,0,0,0,Neukölln,Accident with minor injuries,Collision with a moving/standing/parked vehicle,Accident involving parked vehicles,Dark,Dry
9561,198864,8,Rollberg,2019,9,21,1,2,6,7,2,1,0,1,0,0,0,0,Neukölln,Accident with serious injuries,Collision between vehicle and pedestrian,Others,Dark,Dry
9562,198865,7,Marienfelde Nordost,2019,9,21,1,3,1,5,2,0,1,0,0,0,0,0,Tempelhof-Schöneberg,Accident with minor injuries,Collision with a moving/standing/parked vehicle,Accident involving parked vehicles,Dark,Dry
9563,198866,7,Manteuffelstraße,2019,9,18,1,3,2,7,0,0,1,0,1,0,0,0,Tempelhof-Schöneberg,Accident with minor injuries,Collision with the vehicle in front/waiting vehicle,Others,Daylight,Dry
9564,198867,7,Hundsteinweg,2019,9,14,1,3,1,5,0,0,1,0,0,0,1,0,Tempelhof-Schöneberg,Accident with minor injuries,Collision with a moving/standing/parked vehicle,Accident involving parked vehicles,Daylight,Dry
9565,198868,8,Rollberg,2019,9,2,1,2,0,1,2,1,0,0,0,0,0,0,Neukölln,Accident with serious injuries,Others,Driving accident,Dark,Dry
9566,198869,2,Boxhagener Platz,2019,9,1,1,3,0,7,2,0,0,0,0,0,1,0,Friedrichshain - Kreuzberg,Accident with minor injuries,Others,Others,Dark,Dry
9567,198870,12,Hermsdorf,2019,9,0,1,2,0,1,2,1,0,0,0,0,0,0,Reinickendorf,Accident with serious injuries,Others,Driving accident,Dark,Dry
9568,198871,2,Oranienplatz,2019,9,0,1,3,2,7,2,1,1,0,0,0,0,1,Friedrichshain - Kreuzberg,Accident with minor injuries,Collision with the vehicle in front/waiting vehicle,Others,Dark,Wet/moist/slippery
9569,198872,4,Alt-Lietzow,2019,9,0,1,3,5,3,2,0,1,0,0,0,0,0,Charlottenburg - Wilmersdorf,Accident with minor injuries,Collision with a turning/crossing vehicle,Turning/Crossing accident,Dark,Dry
9570,198873,12,Waldidyll/Flughafensee,2019,9,13,1,3,2,6,0,0,1,0,0,0,0,0,Reinickendorf,Accident with minor injuries,Collision with the vehicle in front/waiting vehicle,Collision involving vehicles going in the same way,Daylight,Dry
9571,198874,1,Nördlicher Landwehrkanal,2019,9,13,1,3,0,7,0,0,0,0,0,0,1,0,Mitte,Accident with minor injuries,Others,Others,Daylight,Dry
9572,198875,8,Silbersteinstraße,2019,9,0,1,3,3,6,2,1,1,0,0,0,0,0,Neukölln,Accident with minor injuries,Collision with a vehicle traveling laterally in the same direction,Collision involving vehicles going in the same way,Dark,Dry
9573,198876,1,Schillerpark,2019,9,11,1,3,5,2,0,0,1,0,0,0,0,0,Mitte,Accident with minor injuries,Collision with a turning/crossing vehicle,Turning accident,Daylight,Dry
9574,198877,7,Kettinger Straße/Schillerstraße,2019,9,11,1,3,2,2,0,0,1,0,0,0,0,0,Tempelhof-Schöneberg,Accident with minor injuries,Collision with the vehicle in front/waiting vehicle,Turning accident,Daylight,Dry
9575,198878,3,Alt-Karow,2019,9,11,1,3,5,3,0,0,1,0,0,0,0,0,Pankow,Accident with minor injuries,Collision with a turning/crossing vehicle,Turning/Crossing accident,Daylight,Dry
9576,198879,11,Karlshorst West,2019,9,10,1,3,0,3,0,1,0,0,0,0,1,0,Lichtenberg,Accident with minor injuries,Others,Turning/Crossing accident,Daylight,Dry
9577,198880,8,Körnerpark,2019,9,21,7,3,5,3,2,1,1,0,0,0,0,0,Neukölln,Accident with minor injuries,Collision with a turning/crossing vehicle,Turning/Crossing accident,Dark,Dry
9578,198881,4,Alt-Lietzow,2019,9,23,7,2,0,1,2,0,0,0,0,0,1,0,Charlottenburg - Wilmersdorf,Accident with serious injuries,Others,Driving accident,Dark,Dry
9579,198882,3,Pankow Süd,2019,9,23,7,2,5,3,2,0,1,0,0,0,0,0,Pankow,Accident with serious injuries,Collision with a turning/crossing vehicle,Turning/Crossing accident,Dark,Dry
9580,198883,6,Krumme Lanke,2019,9,22,7,3,0,1,2,0,0,0,1,0,0,1,Steglitz-Zehlendorf,Accident with minor injuries,Others,Driving accident,Dark,Wet/moist/slippery
9581,198884,1,Westliche Müllerstraße,2019,9,17,7,3,6,4,0,0,1,1,0,0,0,0,Mitte,Accident with minor injuries,Collision between vehicle and pedestrian,Pedestrian crossing accident,Daylight,Dry
9582,198885,6,Zehlendorf Süd,2019,9,14,7,3,5,3,0,0,1,0,1,0,0,0,Steglitz-Zehlendorf,Accident with minor injuries,Collision with a turning/crossing vehicle,Turning/Crossing accident,Daylight,Dry
9583,198886,9,Hirschgarten,2019,9,16,7,3,5,3,0,1,1,0,0,0,0,0,Treptow-Köpenick,Accident with minor injuries,Collision with a turning/crossing vehicle,Turning/Crossing accident,Daylight,Dry
9584,198887,5,Hakenfelde Nord,2019,9,16,7,2,4,6,0,0,1,0,1,0,0,0,Spandau,Accident with serious injuries,Collision with oncoming vehicle,Collision involving vehicles going in the same way,Daylight,Dry
9585,198888,10,Biesdorf Süd,2019,9,16,7,3,2,6,0,0,1,0,0,0,0,0,Marzahn-Hellersdorf,Accident with minor injuries,Collision with the vehicle in front/waiting vehicle,Collision involving vehicles going in the same way,Daylight,Dry
9586,198889,8,Handwerker-Siedlung,2019,9,15,7,2,5,2,0,0,1,0,0,0,1,0,Neukölln,Accident with serious injuries,Collision with a turning/crossing vehicle,Turning accident,Daylight,Dry
9587,198890,10,Alt-Kaulsdorf,2019,9,15,7,3,5,2,0,0,1,0,1,0,0,0,Marzahn-Hellersdorf,Accident with minor injuries,Collision with a turning/crossing vehicle,Turning accident,Daylight,Dry
9588,198891,8,Mohriner Allee Nord,2019,9,14,7,3,5,3,0,0,1,0,0,0,0,0,Neukölln,Accident with minor injuries,Collision with a turning/crossing vehicle,Turning/Crossing accident,Daylight,Dry
9589,198892,4,Schloßstraße,2019,9,14,7,3,0,1,0,0,0,0,1,0,0,0,Charlottenburg - Wilmersdorf,Accident with minor injuries,Others,Driving accident,Daylight,Dry
9590,198893,3,Teutoburger Platz,2019,9,14,7,3,6,4,0,1,0,1,0,0,0,0,Pankow,Accident with minor injuries,Collision between vehicle and pedestrian,Pedestrian crossing accident,Daylight,Dry
9591,198894,3,Komponistenviertel Weißensee,2019,9,14,7,3,1,1,0,1,1,0,0,0,0,0,Pankow,Accident with minor injuries,Collision with a moving/standing/parked vehicle,Driving accident,Daylight,Dry
9592,198895,4,Droysenstraße,2019,9,14,7,3,2,6,0,0,1,0,0,0,0,0,Charlottenburg - Wilmersdorf,Accident with minor injuries,Collision with the vehicle in front/waiting vehicle,Collision involving vehicles going in the same way,Daylight,Dry
9593,198896,9,Adlershof Ost,2019,9,11,7,3,0,1,0,1,0,0,0,0,0,0,Treptow-Köpenick,Accident with minor injuries,Others,Driving accident,Daylight,Dry
9594,198897,1,Invalidenstraße,2019,9,10,7,3,1,1,0,1,1,0,0,0,0,0,Mitte,Accident with minor injuries,Collision with a moving/standing/parked vehicle,Driving accident,Daylight,Dry
9595,198898,7,Friedenau,2019,9,9,7,3,5,3,0,1,1,0,0,0,0,0,Tempelhof-Schöneberg,Accident with minor injuries,Collision with a turning/crossing vehicle,Turning/Crossing accident,Daylight,Dry
9596,198899,8,Frauenviertel,2019,9,14,7,3,6,7,0,0,1,1,0,0,0,0,Neukölln,Accident with minor injuries,Collision between vehicle and pedestrian,Others,Daylight,Dry
9597,198900,2,Viktoriapark,2019,9,1,7,3,1,5,2,1,1,0,0,0,1,0,Friedrichshain - Kreuzberg,Accident with minor injuries,Collision with a moving/standing/parked vehicle,Accident involving parked vehicles,Dark,Dry
9598,198901,2,Chamissokiez,2019,9,22,6,3,1,1,2,0,1,0,0,0,1,0,Friedrichshain - Kreuzberg,Accident with minor injuries,Collision with a moving/standing/parked vehicle,Driving accident,Dark,Dry
9599,198902,2,Moritzplatz,2019,9,21,6,3,0,1,2,1,0,0,0,0,0,0,Friedrichshain - Kreuzberg,Accident with minor injuries,Others,Driving accident,Dark,Dry
9600,198903,2,Stralauer Kiez,2019,9,21,6,3,5,2,2,1,1,0,0,0,0,0,Friedrichshain - Kreuzberg,Accident with minor injuries,Collision with a turning/crossing vehicle,Turning accident,Dark,Dry
9601,198904,3,Bucher Forst,2019,9,20,6,2,5,2,2,0,1,0,1,0,0,0,Pankow,Accident with serious injuries,Collision with a turning/crossing vehicle,Turning accident,Dark,Dry
9602,198905,3,Falkplatz,2019,9,11,6,3,5,3,0,1,1,0,0,0,0,0,Pankow,Accident with minor injuries,Collision with a turning/crossing vehicle,Turning/Crossing accident,Daylight,Dry
9603,198906,1,Unter den Linden Süd,2019,9,11,6,2,6,2,0,0,1,1,0,0,0,0,Mitte,Accident with serious injuries,Collision between vehicle and pedestrian,Turning accident,Daylight,Dry
9604,198907,4,Babelsberger Straße,2019,9,11,6,3,3,6,0,0,1,0,1,0,0,0,Charlottenburg - Wilmersdorf,Accident with minor injuries,Collision with a vehicle traveling laterally in the same direction,Collision involving vehicles going in the same way,Daylight,Dry
9605,198908,1,Schillerpark,2019,9,10,6,3,2,6,0,0,1,0,0,0,0,0,Mitte,Accident with minor injuries,Collision with the vehicle in front/waiting vehicle,Collision involving vehicles going in the same way,Daylight,Dry
9606,198909,7,Imbrosweg,2019,9,19,6,3,1,5,2,0,1,0,0,0,1,0,Tempelhof-Schöneberg,Accident with minor injuries,Collision with a moving/standing/parked vehicle,Accident involving parked vehicles,Dark,Dry
9607,198910,1,Wilhelmstraße,2019,9,15,6,2,0,1,0,0,0,0,0,0,1,0,Mitte,Accident with serious injuries,Others,Driving accident,Daylight,Dry
9608,198911,1,Heine-Viertel Ost,2019,9,9,6,3,2,2,0,0,0,0,1,1,0,0,Mitte,Accident with minor injuries,Collision with the vehicle in front/waiting vehicle,Turning accident,Daylight,Dry
9609,198912,2,Chamissokiez,2019,9,19,6,3,6,4,1,0,1,1,0,0,0,0,Friedrichshain - Kreuzberg,Accident with minor injuries,Collision between vehicle and pedestrian,Pedestrian crossing accident,Twilight,Dry
9610,198913,9,Johannisthal Ost,2019,9,19,6,3,5,2,1,1,1,0,0,0,0,0,Treptow-Köpenick,Accident with minor injuries,Collision with a turning/crossing vehicle,Turning accident,Twilight,Dry
9611,198914,1,Oranienburger Straße,2019,9,8,6,3,2,2,0,1,1,0,0,0,0,0,Mitte,Accident with minor injuries,Collision with the vehicle in front/waiting vehicle,Turning accident,Daylight,Dry
9612,198915,1,Westhafen,2019,9,14,6,3,2,6,0,0,1,0,0,0,0,0,Mitte,Accident with minor injuries,Collision with the vehicle in front/waiting vehicle,Collision involving vehicles going in the same way,Daylight,Dry
9613,198916,1,Reinickendorfer Straße,2019,9,8,6,3,3,6,0,0,1,0,1,0,0,0,Mitte,Accident with minor injuries,Collision with a vehicle traveling laterally in the same direction,Collision involving vehicles going in the same way,Daylight,Dry
9614,198917,1,Heine-Viertel Ost,2019,9,14,6,3,1,7,0,1,1,0,0,0,0,0,Mitte,Accident with minor injuries,Collision with a moving/standing/parked vehicle,Others,Daylight,Dry
9615,198918,2,Andreasviertel,2019,9,8,6,3,0,7,0,0,0,0,0,1,0,0,Friedrichshain - Kreuzberg,Accident with minor injuries,Others,Others,Daylight,Dry
9616,198919,11,Herzbergstraße,2019,9,18,6,2,6,4,0,0,1,1,0,0,0,0,Lichtenberg,Accident with serious injuries,Collision between vehicle and pedestrian,Pedestrian crossing accident,Daylight,Dry
9617,198920,8,Buckow Mitte,2019,9,7,6,2,6,4,0,0,1,1,0,0,0,0,Neukölln,Accident with serious injuries,Collision between vehicle and pedestrian,Pedestrian crossing accident,Daylight,Dry
9618,198921,4,Spreestadt,2019,9,14,6,3,5,3,0,1,1,0,0,0,0,0,Charlottenburg - Wilmersdorf,Accident with minor injuries,Collision with a turning/crossing vehicle,Turning/Crossing accident,Daylight,Dry
9619,198922,8,Silbersteinstraße,2019,9,18,6,3,1,5,0,0,1,0,0,0,0,0,Neukölln,Accident with minor injuries,Collision with a moving/standing/parked vehicle,Accident involving parked vehicles,Daylight,Dry
9620,198923,1,Leopoldplatz,2019,9,14,6,3,2,6,0,0,1,0,0,0,0,0,Mitte,Accident with minor injuries,Collision with the vehicle in front/waiting vehicle,Collision involving vehicles going in the same way,Daylight,Dry
9621,198924,9,Oberschöneweide Ost,2019,9,6,6,3,5,3,0,0,1,0,0,0,0,0,Treptow-Köpenick,Accident with minor injuries,Collision with a turning/crossing vehicle,Turning/Crossing accident,Daylight,Dry
9622,198925,7,Wittenbergplatz/Viktoria-Luise-Platz,2019,9,16,6,3,2,2,0,1,1,0,0,0,0,0,Tempelhof-Schöneberg,Accident with minor injuries,Collision with the vehicle in front/waiting vehicle,Turning accident,Daylight,Dry
9623,198926,4,Hagenplatz,2019,9,13,6,3,5,2,0,1,1,0,0,0,0,0,Charlottenburg - Wilmersdorf,Accident with minor injuries,Collision with a turning/crossing vehicle,Turning accident,Daylight,Dry
9624,198927,10,Biesdorf Süd,2019,9,12,6,3,2,6,0,0,1,0,0,0,0,0,Marzahn-Hellersdorf,Accident with minor injuries,Collision with the vehicle in front/waiting vehicle,Collision involving vehicles going in the same way,Daylight,Dry
9625,198928,3,Weißer See,2019,9,16,6,3,5,2,0,1,1,0,0,0,0,0,Pankow,Accident with minor injuries,Collision with a turning/crossing vehicle,Turning accident,Daylight,Dry
9626,198929,5,Tiefwerder,2019,9,12,6,2,5,2,0,0,1,0,0,0,0,0,Spandau,Accident with serious injuries,Collision with a turning/crossing vehicle,Turning accident,Daylight,Dry
9627,198930,1,Gesundbrunnen,2019,9,16,6,3,9,1,0,0,1,1,0,0,0,0,Mitte,Accident with minor injuries,Departure from the roadway to the left,Driving accident,Daylight,Dry
9628,198931,12,Klixstraße,2019,9,12,6,3,2,6,0,0,1,0,0,0,1,0,Reinickendorf,Accident with minor injuries,Collision with the vehicle in front/waiting vehicle,Collision involving vehicles going in the same way,Daylight,Dry
9629,198932,1,Westliche Müllerstraße,2019,9,16,6,3,5,2,0,1,1,0,0,0,0,0,Mitte,Accident with minor injuries,Collision with a turning/crossing vehicle,Turning accident,Daylight,Dry
9630,198933,10,Helle Mitte,2019,9,12,6,3,2,2,0,0,1,0,1,0,0,0,Marzahn-Hellersdorf,Accident with minor injuries,Collision with the vehicle in front/waiting vehicle,Turning accident,Daylight,Dry
9631,198934,4,Königin-Elisabeth-Straße,2019,9,11,6,2,3,6,0,0,1,0,1,0,0,0,Charlottenburg - Wilmersdorf,Accident with serious injuries,Collision with a vehicle traveling laterally in the same direction,Collision involving vehicles going in the same way,Daylight,Dry
9632,198935,1,Arkonaplatz,2019,9,15,6,3,0,1,0,1,0,0,0,0,0,0,Mitte,Accident with minor injuries,Others,Driving accident,Daylight,Dry
9633,198936,4,Droysenstraße,2019,9,15,6,2,5,2,0,1,1,0,0,0,0,0,Charlottenburg - Wilmersdorf,Accident with serious injuries,Collision with a turning/crossing vehicle,Turning accident,Daylight,Dry
9634,198937,4,Ernst-Reuter-Platz,2019,9,12,6,3,5,2,0,1,0,0,0,1,0,0,Charlottenburg - Wilmersdorf,Accident with minor injuries,Collision with a turning/crossing vehicle,Turning accident,Daylight,Dry
9635,198938,1,Invalidenstraße,2019,9,19,6,1,9,7,1,0,1,1,0,0,1,0,Mitte,Accident with fatalities,Departure from the roadway to the left,Others,Twilight,Dry
9636,198939,4,Binger Straße,2019,9,6,5,2,0,7,0,1,1,0,0,0,0,0,Charlottenburg - Wilmersdorf,Accident with serious injuries,Others,Others,Daylight,Dry
9637,198940,1,Heine-Viertel Ost,2019,9,4,5,2,6,2,2,0,1,1,0,0,0,1,Mitte,Accident with serious injuries,Collision between vehicle and pedestrian,Turning accident,Dark,Wet/moist/slippery
9638,198941,7,Rathaus Tempelhof,2019,9,22,5,3,5,2,2,0,1,0,0,0,0,0,Tempelhof-Schöneberg,Accident with minor injuries,Collision with a turning/crossing vehicle,Turning accident,Dark,Dry
9639,198942,2,Urbanstraße,2019,9,20,5,3,2,6,2,0,1,0,0,0,0,0,Friedrichshain - Kreuzberg,Accident with minor injuries,Collision with the vehicle in front/waiting vehicle,Collision involving vehicles going in the same way,Dark,Dry
9640,198943,6,Dahlem,2019,9,20,5,3,5,2,2,1,1,0,0,0,0,0,Steglitz-Zehlendorf,Accident with minor injuries,Collision with a turning/crossing vehicle,Turning accident,Dark,Dry
9641,198944,12,Waldidyll/Flughafensee,2019,9,18,5,2,0,7,0,1,0,0,0,0,0,0,Reinickendorf,Accident with serious injuries,Others,Others,Daylight,Dry
9642,198945,10,Biesdorf Süd,2019,9,18,5,2,5,3,0,0,1,0,0,0,0,0,Marzahn-Hellersdorf,Accident with serious injuries,Collision with a turning/crossing vehicle,Turning/Crossing accident,Daylight,Dry
9643,198946,3,Bötzowstraße,2019,9,21,5,3,5,3,2,1,1,0,0,0,0,0,Pankow,Accident with minor injuries,Collision with a turning/crossing vehicle,Turning/Crossing accident,Dark,Dry
9644,198947,6,Lankwitz Kirche,2019,9,10,5,3,5,2,0,1,1,0,0,0,0,0,Steglitz-Zehlendorf,Accident with minor injuries,Collision with a turning/crossing vehicle,Turning accident,Daylight,Dry
9645,198948,1,Emdener Straße,2019,9,17,5,3,5,3,0,1,0,0,0,0,0,1,Mitte,Accident with minor injuries,Collision with a turning/crossing vehicle,Turning/Crossing accident,Daylight,Wet/moist/slippery
9646,198949,10,Biesdorf Süd,2019,9,17,5,3,2,6,0,0,1,0,0,0,0,0,Marzahn-Hellersdorf,Accident with minor injuries,Collision with the vehicle in front/waiting vehicle,Collision involving vehicles going in the same way,Daylight,Dry
9647,198950,1,Sparrplatz,2019,9,12,5,3,2,6,0,0,1,0,0,0,0,0,Mitte,Accident with minor injuries,Collision with the vehicle in front/waiting vehicle,Collision involving vehicles going in the same way,Daylight,Dry
9648,198951,12,Teichstraße,2019,9,11,5,3,5,2,0,1,1,0,0,0,0,0,Reinickendorf,Accident with minor injuries,Collision with a turning/crossing vehicle,Turning accident,Daylight,Dry
9649,198952,3,Falkplatz,2019,9,11,5,3,5,2,0,1,1,0,0,0,0,0,Pankow,Accident with minor injuries,Collision with a turning/crossing vehicle,Turning accident,Daylight,Dry
9650,198953,3,Niederschönhausen,2019,9,9,5,3,5,3,0,1,1,0,0,0,0,0,Pankow,Accident with minor injuries,Collision with a turning/crossing vehicle,Turning/Crossing accident,Daylight,Dry
9651,198954,10,Alt-Marzahn,2019,9,9,5,3,2,6,0,0,1,0,0,1,0,0,Marzahn-Hellersdorf,Accident with minor injuries,Collision with the vehicle in front/waiting vehicle,Collision involving vehicles going in the same way,Daylight,Dry
9652,198955,4,Königin-Elisabeth-Straße,2019,9,8,5,3,3,6,0,0,1,0,0,0,0,0,Charlottenburg - Wilmersdorf,Accident with minor injuries,Collision with a vehicle traveling laterally in the same direction,Collision involving vehicles going in the same way,Daylight,Dry
9653,198956,6,Goerzwerke,2019,9,8,5,3,2,6,0,0,1,0,0,1,0,0,Steglitz-Zehlendorf,Accident with minor injuries,Collision with the vehicle in front/waiting vehicle,Collision involving vehicles going in the same way,Daylight,Dry
9654,198957,7,Germaniagarten,2019,9,8,5,3,5,2,0,1,1,0,0,0,0,0,Tempelhof-Schöneberg,Accident with minor injuries,Collision with a turning/crossing vehicle,Turning accident,Daylight,Dry
9655,198958,3,Wilhelmsruh,2019,9,8,5,3,0,2,0,1,1,0,0,0,0,0,Pankow,Accident with minor injuries,Others,Turning accident,Daylight,Dry
9656,198959,9,Johannisthal Ost,2019,9,8,5,3,0,2,0,0,1,0,1,0,0,1,Treptow-Köpenick,Accident with minor injuries,Others,Turning accident,Daylight,Wet/moist/slippery
9657,198960,5,Gartenfelder Straße,2019,9,8,5,2,5,3,0,1,0,0,0,0,1,0,Spandau,Accident with serious injuries,Collision with a turning/crossing vehicle,Turning/Crossing accident,Daylight,Dry
9658,198961,4,Eichkamp,2019,9,17,5,3,0,5,0,0,0,0,1,0,1,0,Charlottenburg - Wilmersdorf,Accident with minor injuries,Others,Accident involving parked vehicles,Daylight,Dry
9659,198962,8,Buckow West,2019,9,17,5,3,5,3,0,0,1,0,0,0,0,0,Neukölln,Accident with minor injuries,Collision with a turning/crossing vehicle,Turning/Crossing accident,Daylight,Dry
9660,198963,12,Heiligensee,2019,9,17,5,3,5,2,0,1,1,0,0,0,0,0,Reinickendorf,Accident with minor injuries,Collision with a turning/crossing vehicle,Turning accident,Daylight,Dry
9661,198964,4,Wilhelmsaue,2019,9,17,5,2,6,7,0,0,1,1,0,0,0,0,Charlottenburg - Wilmersdorf,Accident with serious injuries,Collision between vehicle and pedestrian,Others,Daylight,Dry
9662,198965,4,Droysenstraße,2019,9,17,5,3,5,3,0,0,1,0,0,0,0,0,Charlottenburg - Wilmersdorf,Accident with minor injuries,Collision with a turning/crossing vehicle,Turning/Crossing accident,Daylight,Dry
9663,198966,5,Alt-Gatow,2019,9,16,5,2,0,1,0,1,0,0,0,0,0,0,Spandau,Accident with serious injuries,Others,Driving accident,Daylight,Dry
9664,198967,5,Jägerallee,2019,9,7,5,3,5,3,0,1,1,0,0,0,0,0,Spandau,Accident with minor injuries,Collision with a turning/crossing vehicle,Turning/Crossing accident,Daylight,Dry
9665,198968,4,Breitscheidplatz,2019,9,15,5,3,6,4,0,0,1,1,0,0,0,0,Charlottenburg - Wilmersdorf,Accident with minor injuries,Collision between vehicle and pedestrian,Pedestrian crossing accident,Daylight,Dry
9666,198969,9,Allende I,2019,9,7,5,2,6,4,0,0,1,1,0,0,0,0,Treptow-Köpenick,Accident with serious injuries,Collision between vehicle and pedestrian,Pedestrian crossing accident,Daylight,Dry
9667,198970,5,Kurstraße,2019,9,15,6,2,5,3,0,0,1,0,1,0,0,0,Spandau,Accident with serious injuries,Collision with a turning/crossing vehicle,Turning/Crossing accident,Daylight,Dry
9668,198971,10,Helle Mitte,2019,9,15,5,3,6,2,0,0,1,1,0,0,0,0,Marzahn-Hellersdorf,Accident with minor injuries,Collision between vehicle and pedestrian,Turning accident,Daylight,Dry
9669,198972,1,Emdener Straße,2019,9,15,6,3,1,5,0,1,1,0,0,0,0,0,Mitte,Accident with minor injuries,Collision with a moving/standing/parked vehicle,Accident involving parked vehicles,Daylight,Dry
9670,198973,6,Wannsee,2019,9,15,6,3,5,3,0,1,1,0,0,0,0,0,Steglitz-Zehlendorf,Accident with minor injuries,Collision with a turning/crossing vehicle,Turning/Crossing accident,Daylight,Dry
9671,198974,9,Oberschöneweide Ost,2019,9,7,5,3,0,1,0,0,0,0,1,0,0,1,Treptow-Köpenick,Accident with minor injuries,Others,Driving accident,Daylight,Wet/moist/slippery
9672,198975,1,Gesundbrunnen,2019,9,15,5,3,5,2,0,1,1,0,0,0,0,0,Mitte,Accident with minor injuries,Collision with a turning/crossing vehicle,Turning accident,Daylight,Dry
9673,198976,1,Karl-Marx-Allee,2019,9,21,6,3,2,6,2,0,1,0,0,0,0,0,Mitte,Accident with minor injuries,Collision with the vehicle in front/waiting vehicle,Collision involving vehicles going in the same way,Dark,Dry
9674,198977,4,Tegeler Weg,2019,9,15,5,3,5,3,0,0,1,0,0,0,0,0,Charlottenburg - Wilmersdorf,Accident with minor injuries,Collision with a turning/crossing vehicle,Turning/Crossing accident,Daylight,Dry
9675,198978,10,Schleipfuhl,2019,9,6,5,3,5,3,1,0,1,0,0,0,0,1,Marzahn-Hellersdorf,Accident with minor injuries,Collision with a turning/crossing vehicle,Turning/Crossing accident,Twilight,Wet/moist/slippery
9676,198979,4,Rathaus Wilmersdorf,2019,9,7,5,3,5,2,0,1,1,0,0,0,0,1,Charlottenburg - Wilmersdorf,Accident with minor injuries,Collision with a turning/crossing vehicle,Turning accident,Daylight,Wet/moist/slippery
9677,198980,6,Schloßstraße,2019,9,11,5,3,0,1,0,1,0,0,0,0,0,0,Steglitz-Zehlendorf,Accident with minor injuries,Others,Driving accident,Daylight,Dry
9678,198981,2,Chamissokiez,2019,9,14,5,3,5,5,0,1,1,0,0,0,0,0,Friedrichshain - Kreuzberg,Accident with minor injuries,Collision with a turning/crossing vehicle,Accident involving parked vehicles,Daylight,Dry
9679,198982,6,Dahlem,2019,9,16,5,3,5,2,0,1,1,0,0,0,0,0,Steglitz-Zehlendorf,Accident with minor injuries,Collision with a turning/crossing vehicle,Turning accident,Daylight,Dry
9680,198983,6,Krumme Lanke,2019,9,15,5,3,6,4,0,1,0,1,0,0,0,0,Steglitz-Zehlendorf,Accident with minor injuries,Collision between vehicle and pedestrian,Pedestrian crossing accident,Daylight,Dry
9681,198984,6,Teltower Damm,2019,9,6,5,2,2,7,0,0,1,0,0,0,1,1,Steglitz-Zehlendorf,Accident with serious injuries,Collision with the vehicle in front/waiting vehicle,Others,Daylight,Wet/moist/slippery
9682,198985,7,Bayerischer Platz,2019,9,16,5,3,2,2,0,1,1,0,0,0,0,0,Tempelhof-Schöneberg,Accident with minor injuries,Collision with the vehicle in front/waiting vehicle,Turning accident,Daylight,Dry
9683,198986,7,Kaiser-Wilhelm-Platz,2019,9,14,5,3,5,7,0,0,0,0,1,0,1,0,Tempelhof-Schöneberg,Accident with minor injuries,Collision with a turning/crossing vehicle,Others,Daylight,Dry
9684,198987,1,Karl-Marx-Allee,2019,9,16,5,3,0,5,0,0,1,0,1,0,0,0,Mitte,Accident with minor injuries,Others,Accident involving parked vehicles,Daylight,Dry
9685,198988,7,Dennewitzplatz,2019,9,14,5,3,5,3,0,1,1,0,0,0,0,0,Tempelhof-Schöneberg,Accident with minor injuries,Collision with a turning/crossing vehicle,Turning/Crossing accident,Daylight,Dry
9686,198989,4,Alt-Lietzow,2019,9,16,5,2,5,2,0,0,1,0,0,0,1,0,Charlottenburg - Wilmersdorf,Accident with serious injuries,Collision with a turning/crossing vehicle,Turning accident,Daylight,Dry
9687,198990,9,Johannisthal West,2019,9,14,5,3,0,2,0,0,1,0,1,0,0,0,Treptow-Köpenick,Accident with minor injuries,Others,Turning accident,Daylight,Dry
9688,198991,7,Lindenhofsiedlung,2019,9,15,5,3,0,6,0,0,1,0,0,0,1,0,Tempelhof-Schöneberg,Accident with minor injuries,Others,Collision involving vehicles going in the same way,Daylight,Dry
9689,198992,12,Waldidyll/Flughafensee,2019,9,15,5,3,2,2,0,0,1,0,1,0,0,0,Reinickendorf,Accident with minor injuries,Collision with the vehicle in front/waiting vehicle,Turning accident,Daylight,Dry
9690,198993,4,Park Ruhwald,2019,9,6,5,3,0,1,0,0,0,0,1,0,0,1,Charlottenburg - Wilmersdorf,Accident with minor injuries,Others,Driving accident,Daylight,Wet/moist/slippery
9691,198994,12,Wittenau Nord,2019,9,6,5,3,5,3,0,0,1,0,1,0,0,1,Reinickendorf,Accident with minor injuries,Collision with a turning/crossing vehicle,Turning/Crossing accident,Daylight,Wet/moist/slippery