,object id,district,street,year,month,hour of day,weekday,category,accident type,accident type 2,light situation,bike involved,car involved,pedestrian involved,motor bike involved,big track involved,other vehicle involved,road condition,district name,category name,accident detail,accident type detail,light condition,road condition detail
9692,198995,5,Kurstraße,2019,9,15,5,3,1,5,0,1,1,0,0,0,0,0,Spandau,Accident with minor injuries,Collision with a moving/standing/parked vehicle,Accident involving parked vehicles,Daylight,Dry
9693,198996,11,Fennpfuhl West,2019,9,15,5,3,1,5,0,0,1,0,0,0,0,0,Lichtenberg,Accident with minor injuries,Collision with a moving/standing/parked vehicle,Accident involving parked vehicles,Daylight,Dry
9694,198997,12,Letteplatz,2019,9,6,5,2,0,3,1,0,1,0,1,0,0,1,Reinickendorf,Accident with serious injuries,Others,Turning/Crossing accident,Twilight,Wet/moist/slippery
9695,198998,3,Buch,2019,9,14,5,3,5,3,0,0,1,0,0,0,0,0,Pankow,Accident with minor injuries,Collision with a turning/crossing vehicle,Turning/Crossing accident,Daylight,Dry
9696,198999,8,Parchimer Allee,2019,9,18,5,2,0,7,1,0,0,0,1,0,0,1,Neukölln,Accident with serious injuries,Others,Others,Twilight,Wet/moist/slippery
9697,199000,11,Weitlingstraße,2019,9,14,5,2,6,4,0,1,0,1,0,0,0,0,Lichtenberg,Accident with serious injuries,Collision between vehicle and pedestrian,Pedestrian crossing accident,Daylight,Dry
9698,199001,2,Wriezener Bahnhof/Entwicklungsgebiet,2019,9,13,5,3,5,3,0,1,0,0,0,0,1,0,Friedrichshain - Kreuzberg,Accident with minor injuries,Collision with a turning/crossing vehicle,Turning/Crossing accident,Daylight,Dry
9699,199002,11,Herzbergstraße,2019,9,13,5,2,5,3,0,1,1,0,0,0,0,0,Lichtenberg,Accident with serious injuries,Collision with a turning/crossing vehicle,Turning/Crossing accident,Daylight,Dry
9700,199003,12,Hermsdorf,2019,9,14,5,3,5,3,0,1,1,0,0,0,0,0,Reinickendorf,Accident with minor injuries,Collision with a turning/crossing vehicle,Turning/Crossing accident,Daylight,Dry
9701,199004,1,Leopoldplatz,2019,9,13,5,3,2,6,0,0,1,0,0,0,0,0,Mitte,Accident with minor injuries,Collision with the vehicle in front/waiting vehicle,Collision involving vehicles going in the same way,Daylight,Dry
9702,199005,12,Scharnweberstraße,2019,9,11,5,3,3,6,0,0,1,0,0,1,0,0,Reinickendorf,Accident with minor injuries,Collision with a vehicle traveling laterally in the same direction,Collision involving vehicles going in the same way,Daylight,Dry
9703,199006,2,Andreasviertel,2019,9,11,5,3,2,6,0,1,0,0,0,0,0,0,Friedrichshain - Kreuzberg,Accident with minor injuries,Collision with the vehicle in front/waiting vehicle,Collision involving vehicles going in the same way,Daylight,Dry
9704,199007,4,Halensee,2019,9,23,5,2,5,7,2,0,1,0,0,0,0,0,Charlottenburg - Wilmersdorf,Accident with serious injuries,Collision with a turning/crossing vehicle,Others,Dark,Dry
9705,199008,1,Elberfelder Straße,2019,9,14,5,3,6,4,0,0,0,1,0,0,1,0,Mitte,Accident with minor injuries,Collision between vehicle and pedestrian,Pedestrian crossing accident,Daylight,Dry
9706,199009,10,Helle Mitte,2019,9,15,5,3,5,3,0,1,1,0,0,0,0,0,Marzahn-Hellersdorf,Accident with minor injuries,Collision with a turning/crossing vehicle,Turning/Crossing accident,Daylight,Dry
9707,199010,2,Friedenstraße,2019,9,12,4,3,2,6,0,1,1,0,0,0,0,0,Friedrichshain - Kreuzberg,Accident with minor injuries,Collision with the vehicle in front/waiting vehicle,Collision involving vehicles going in the same way,Daylight,Dry
9708,199011,2,Mehringplatz,2019,9,20,5,3,5,3,2,0,1,0,0,0,0,0,Friedrichshain - Kreuzberg,Accident with minor injuries,Collision with a turning/crossing vehicle,Turning/Crossing accident,Dark,Dry
9709,199012,1,Teutoburger Platz,2019,9,14,4,3,3,3,0,1,1,0,0,0,0,0,Mitte,Accident with minor injuries,Collision with a vehicle traveling laterally in the same direction,Turning/Crossing accident,Daylight,Dry
9710,199013,3,Pankow Süd,2019,9,19,5,3,0,4,2,0,0,1,1,0,0,0,Pankow,Accident with minor injuries,Others,Pedestrian crossing accident,Dark,Dry
9711,199014,7,Bayerischer Platz,2019,9,18,5,2,3,6,0,0,1,0,0,0,0,0,Tempelhof-Schöneberg,Accident with serious injuries,Collision with a vehicle traveling laterally in the same direction,Collision involving vehicles going in the same way,Daylight,Dry
9712,199015,1,Oranienburger Straße,2019,9,20,4,3,3,6,2,0,1,0,0,0,0,0,Mitte,Accident with minor injuries,Collision with a vehicle traveling laterally in the same direction,Collision involving vehicles going in the same way,Dark,Dry
9713,199016,1,Sparrplatz,2019,9,19,4,3,5,2,0,1,1,0,0,0,0,0,Mitte,Accident with minor injuries,Collision with a turning/crossing vehicle,Turning accident,Daylight,Dry
9714,199017,4,Halensee,2019,9,18,5,3,5,3,0,0,1,0,0,0,0,0,Charlottenburg - Wilmersdorf,Accident with minor injuries,Collision with a turning/crossing vehicle,Turning/Crossing accident,Daylight,Dry
9715,199018,5,Maulbeerallee,2019,9,18,5,2,5,3,0,1,1,0,0,0,0,0,Spandau,Accident with serious injuries,Collision with a turning/crossing vehicle,Turning/Crossing accident,Daylight,Dry
9716,199019,7,Imbrosweg,2019,9,19,4,2,1,5,0,0,1,0,0,0,0,0,Tempelhof-Schöneberg,Accident with serious injuries,Collision with a moving/standing/parked vehicle,Accident involving parked vehicles,Daylight,Dry
9717,199020,6,Teltower Damm,2019,9,17,5,2,5,2,0,0,1,0,1,0,0,0,Steglitz-Zehlendorf,Accident with serious injuries,Collision with a turning/crossing vehicle,Turning accident,Daylight,Dry
9718,199021,1,Oranienburger Straße,2019,9,18,4,3,1,5,0,1,0,0,0,1,1,0,Mitte,Accident with minor injuries,Collision with a moving/standing/parked vehicle,Accident involving parked vehicles,Daylight,Dry
9719,199022,12,Hausotterplatz,2019,9,17,5,2,6,4,0,0,1,1,0,0,0,0,Reinickendorf,Accident with serious injuries,Collision between vehicle and pedestrian,Pedestrian crossing accident,Daylight,Dry
9720,199023,12,Letteplatz,2019,9,18,4,3,2,6,0,0,1,0,0,0,0,0,Reinickendorf,Accident with minor injuries,Collision with the vehicle in front/waiting vehicle,Collision involving vehicles going in the same way,Daylight,Dry
9721,199024,4,Halensee,2019,9,10,5,3,1,5,0,1,1,0,0,0,0,0,Charlottenburg - Wilmersdorf,Accident with minor injuries,Collision with a moving/standing/parked vehicle,Accident involving parked vehicles,Daylight,Dry
9722,199025,4,Schloßstraße,2019,9,18,4,3,1,5,0,0,1,0,0,0,0,0,Charlottenburg - Wilmersdorf,Accident with minor injuries,Collision with a moving/standing/parked vehicle,Accident involving parked vehicles,Daylight,Dry
9723,199026,4,Wilhelmsaue,2019,9,10,5,3,5,3,0,0,1,0,1,0,0,0,Charlottenburg - Wilmersdorf,Accident with minor injuries,Collision with a turning/crossing vehicle,Turning/Crossing accident,Daylight,Dry
9724,199027,5,Staakener Straße,2019,9,10,5,3,5,3,0,0,1,0,1,0,0,1,Spandau,Accident with minor injuries,Collision with a turning/crossing vehicle,Turning/Crossing accident,Daylight,Wet/moist/slippery
9725,199028,8,Alt-Rudow,2019,9,18,4,3,5,3,0,0,1,0,1,0,0,0,Neukölln,Accident with minor injuries,Collision with a turning/crossing vehicle,Turning/Crossing accident,Daylight,Dry
9726,199029,4,Prager Platz,2019,9,18,4,3,2,6,0,0,1,0,0,0,0,0,Charlottenburg - Wilmersdorf,Accident with minor injuries,Collision with the vehicle in front/waiting vehicle,Collision involving vehicles going in the same way,Daylight,Dry
9727,199030,1,Rehberge,2019,9,9,5,3,3,6,0,0,1,0,0,0,0,0,Mitte,Accident with minor injuries,Collision with a vehicle traveling laterally in the same direction,Collision involving vehicles going in the same way,Daylight,Dry
9728,199031,5,Carl-Schurz-Straße,2019,9,18,4,3,3,6,0,0,0,0,1,0,1,0,Spandau,Accident with minor injuries,Collision with a vehicle traveling laterally in the same direction,Collision involving vehicles going in the same way,Daylight,Dry
9729,199032,3,Greifswalder Straße,2019,9,9,5,3,5,3,0,1,1,0,0,0,0,0,Pankow,Accident with minor injuries,Collision with a turning/crossing vehicle,Turning/Crossing accident,Daylight,Dry
9730,199033,9,Oberschöneweide Ost,2019,9,17,4,3,5,2,0,0,1,0,1,0,0,0,Treptow-Köpenick,Accident with minor injuries,Collision with a turning/crossing vehicle,Turning accident,Daylight,Dry
9731,199034,4,Park Ruhwald,2019,9,9,5,3,3,6,0,0,0,0,1,0,1,0,Charlottenburg - Wilmersdorf,Accident with minor injuries,Collision with a vehicle traveling laterally in the same direction,Collision involving vehicles going in the same way,Daylight,Dry
9732,199035,1,Heine-Viertel Ost,2019,9,17,4,3,5,2,0,1,0,0,1,0,0,0,Mitte,Accident with minor injuries,Collision with a turning/crossing vehicle,Turning accident,Daylight,Dry
9733,199036,8,Parchimer Allee,2019,9,7,5,3,2,7,0,1,1,0,0,0,0,0,Neukölln,Accident with minor injuries,Collision with the vehicle in front/waiting vehicle,Others,Daylight,Dry
9734,199037,3,Rosenthal,2019,9,16,4,2,5,3,0,1,1,0,0,0,0,0,Pankow,Accident with serious injuries,Collision with a turning/crossing vehicle,Turning/Crossing accident,Daylight,Dry
9735,199038,1,Alexanderplatzviertel,2019,9,8,5,3,5,3,0,1,0,0,1,0,0,1,Mitte,Accident with minor injuries,Collision with a turning/crossing vehicle,Turning/Crossing accident,Daylight,Wet/moist/slippery
9736,199039,2,Rathaus Yorckstraße,2019,9,7,5,3,5,2,0,1,1,0,0,0,0,1,Friedrichshain - Kreuzberg,Accident with minor injuries,Collision with a turning/crossing vehicle,Turning accident,Daylight,Wet/moist/slippery
9737,199040,4,Halensee,2019,9,16,4,3,2,3,0,1,1,0,0,0,0,0,Charlottenburg - Wilmersdorf,Accident with minor injuries,Collision with the vehicle in front/waiting vehicle,Turning/Crossing accident,Daylight,Dry
9738,199041,12,Scharnweberstraße,2019,9,5,5,2,0,3,2,1,1,0,0,0,0,1,Reinickendorf,Accident with serious injuries,Others,Turning/Crossing accident,Dark,Wet/moist/slippery
9739,199042,2,Moritzplatz,2019,9,16,4,3,1,5,0,1,1,0,0,0,0,0,Friedrichshain - Kreuzberg,Accident with minor injuries,Collision with a moving/standing/parked vehicle,Accident involving parked vehicles,Daylight,Dry
9740,199043,1,Hansaviertel,2019,9,16,5,2,6,4,0,1,0,1,0,0,0,0,Mitte,Accident with serious injuries,Collision between vehicle and pedestrian,Pedestrian crossing accident,Daylight,Dry
9741,199044,1,Charitéviertel,2019,9,8,4,3,3,6,0,1,1,0,0,0,0,0,Mitte,Accident with minor injuries,Collision with a vehicle traveling laterally in the same direction,Collision involving vehicles going in the same way,Daylight,Dry
9742,199045,8,Mohriner Allee Nord,2019,9,15,4,3,3,6,0,1,0,0,0,0,0,0,Neukölln,Accident with minor injuries,Collision with a vehicle traveling laterally in the same direction,Collision involving vehicles going in the same way,Daylight,Dry
9743,199046,9,Adlershof Ost,2019,9,15,4,3,0,3,0,1,0,0,0,0,1,0,Treptow-Köpenick,Accident with minor injuries,Others,Turning/Crossing accident,Daylight,Dry
9744,199047,6,Fichtenberg,2019,9,15,4,3,5,3,0,1,1,0,0,0,0,0,Steglitz-Zehlendorf,Accident with minor injuries,Collision with a turning/crossing vehicle,Turning/Crossing accident,Daylight,Dry
9745,199048,8,Körnerpark,2019,9,16,4,3,2,2,0,1,0,0,0,0,1,0,Neukölln,Accident with minor injuries,Collision with the vehicle in front/waiting vehicle,Turning accident,Daylight,Dry
9746,199049,1,Leipziger Straße,2019,9,15,4,3,2,2,0,1,0,0,0,0,1,0,Mitte,Accident with minor injuries,Collision with the vehicle in front/waiting vehicle,Turning accident,Daylight,Dry
9747,199050,4,Plötzensee,2019,9,21,4,3,2,6,2,0,1,0,0,0,0,0,Charlottenburg - Wilmersdorf,Accident with minor injuries,Collision with the vehicle in front/waiting vehicle,Collision involving vehicles going in the same way,Dark,Dry
9748,199051,9,Bölschestraße,2019,9,12,4,3,5,2,0,1,1,0,0,0,0,0,Treptow-Köpenick,Accident with minor injuries,Collision with a turning/crossing vehicle,Turning accident,Daylight,Dry
9749,199052,1,Leipziger Straße,2019,9,21,4,3,5,3,2,0,1,0,0,0,0,0,Mitte,Accident with minor injuries,Collision with a turning/crossing vehicle,Turning/Crossing accident,Dark,Dry
9750,199053,5,Weinmeisterhornweg,2019,9,20,4,3,6,4,2,1,0,1,0,0,0,0,Spandau,Accident with minor injuries,Collision between vehicle and pedestrian,Pedestrian crossing accident,Dark,Dry
9751,199054,7,Friedenau,2019,9,11,4,3,6,2,0,0,1,1,0,0,0,0,Tempelhof-Schöneberg,Accident with minor injuries,Collision between vehicle and pedestrian,Turning accident,Daylight,Dry
9752,199055,1,Humboldthain Nordwest,2019,9,11,4,2,2,2,0,0,0,0,1,0,0,0,Mitte,Accident with serious injuries,Collision with the vehicle in front/waiting vehicle,Turning accident,Daylight,Dry
9753,199056,11,Rüdigerstraße,2019,9,20,4,3,5,2,2,0,1,0,1,0,0,0,Lichtenberg,Accident with minor injuries,Collision with a turning/crossing vehicle,Turning accident,Dark,Dry
9754,199057,1,Rehberge,2019,9,10,4,3,2,3,0,0,1,0,0,0,1,0,Mitte,Accident with minor injuries,Collision with the vehicle in front/waiting vehicle,Turning/Crossing accident,Daylight,Dry
9755,199058,4,Flinsberger Platz,2019,9,20,4,2,6,4,2,0,1,1,0,0,0,0,Charlottenburg - Wilmersdorf,Accident with serious injuries,Collision between vehicle and pedestrian,Pedestrian crossing accident,Dark,Dry
9756,199059,9,Schnellerstraße,2019,9,0,4,3,5,3,2,0,1,0,0,0,0,0,Treptow-Köpenick,Accident with minor injuries,Collision with a turning/crossing vehicle,Turning/Crossing accident,Dark,Dry
9757,199060,1,Humboldthain Süd,2019,9,19,4,3,1,5,2,0,1,0,0,0,0,0,Mitte,Accident with minor injuries,Collision with a moving/standing/parked vehicle,Accident involving parked vehicles,Dark,Dry
9758,199061,9,Siedlung Kämmereiheide,2019,9,10,4,3,6,4,0,1,0,1,0,0,0,0,Treptow-Köpenick,Accident with minor injuries,Collision between vehicle and pedestrian,Pedestrian crossing accident,Daylight,Dry
9759,199062,3,Heinersdorf,2019,9,19,4,3,5,2,1,0,1,0,0,0,0,0,Pankow,Accident with minor injuries,Collision with a turning/crossing vehicle,Turning accident,Twilight,Dry
9760,199063,3,Falkplatz,2019,9,19,4,3,4,6,1,1,0,0,0,0,0,0,Pankow,Accident with minor injuries,Collision with oncoming vehicle,Collision involving vehicles going in the same way,Twilight,Dry
9761,199064,4,Rüdesheimer Platz,2019,9,10,4,3,0,5,0,0,1,0,1,0,0,0,Charlottenburg - Wilmersdorf,Accident with minor injuries,Others,Accident involving parked vehicles,Daylight,Dry
9762,199065,3,Falkplatz,2019,9,19,4,3,3,6,0,1,0,0,0,0,0,0,Pankow,Accident with minor injuries,Collision with a vehicle traveling laterally in the same direction,Collision involving vehicles going in the same way,Daylight,Dry
9763,199066,6,Kaiser-Wilhelm-Straße,2019,9,15,4,3,5,3,0,1,0,0,0,0,1,0,Steglitz-Zehlendorf,Accident with minor injuries,Collision with a turning/crossing vehicle,Turning/Crossing accident,Daylight,Dry
9764,199067,2,Boxhagener Platz,2019,9,18,4,3,0,1,0,1,1,0,0,0,0,0,Friedrichshain - Kreuzberg,Accident with minor injuries,Others,Driving accident,Daylight,Dry
9765,199068,12,Waldidyll/Flughafensee,2019,9,10,4,2,5,2,0,0,1,0,0,0,0,0,Reinickendorf,Accident with serious injuries,Collision with a turning/crossing vehicle,Turning accident,Daylight,Dry
9766,199069,5,Motardstraße,2019,9,17,4,3,5,3,0,0,1,0,0,0,0,0,Spandau,Accident with minor injuries,Collision with a turning/crossing vehicle,Turning/Crossing accident,Daylight,Dry
9767,199070,5,Zitadellenweg,2019,9,14,4,3,5,2,0,1,0,0,0,0,1,0,Spandau,Accident with minor injuries,Collision with a turning/crossing vehicle,Turning accident,Daylight,Dry
9768,199071,11,Rosenfelder Ring,2019,9,17,4,3,2,6,0,0,1,0,0,0,0,0,Lichtenberg,Accident with minor injuries,Collision with the vehicle in front/waiting vehicle,Collision involving vehicles going in the same way,Daylight,Dry
9769,199072,9,Dammvorstadt,2019,9,9,4,3,5,3,0,1,1,0,0,0,0,0,Treptow-Köpenick,Accident with minor injuries,Collision with a turning/crossing vehicle,Turning/Crossing accident,Daylight,Dry
9770,199073,4,Königin-Elisabeth-Straße,2019,9,10,4,3,5,3,0,0,1,0,0,0,0,0,Charlottenburg - Wilmersdorf,Accident with minor injuries,Collision with a turning/crossing vehicle,Turning/Crossing accident,Daylight,Dry
9771,199074,3,Volkspark Prenzlauer Berg,2019,9,17,4,3,5,2,0,1,1,0,0,0,0,0,Pankow,Accident with minor injuries,Collision with a turning/crossing vehicle,Turning accident,Daylight,Dry
9772,199075,7,Manteuffelstraße,2019,9,14,4,3,5,2,0,1,1,0,0,0,0,0,Tempelhof-Schöneberg,Accident with minor injuries,Collision with a turning/crossing vehicle,Turning accident,Daylight,Dry
9773,199076,7,Lindenhofsiedlung,2019,9,16,4,3,5,3,0,0,1,0,0,0,1,0,Tempelhof-Schöneberg,Accident with minor injuries,Collision with a turning/crossing vehicle,Turning/Crossing accident,Daylight,Dry
9774,199077,4,Halensee,2019,9,14,4,3,5,3,0,0,1,0,1,0,0,0,Charlottenburg - Wilmersdorf,Accident with minor injuries,Collision with a turning/crossing vehicle,Turning/Crossing accident,Daylight,Dry
9775,199078,11,Weiße Taube,2019,9,16,4,3,2,6,0,0,1,0,0,0,0,0,Lichtenberg,Accident with minor injuries,Collision with the vehicle in front/waiting vehicle,Collision involving vehicles going in the same way,Daylight,Dry
9776,199079,6,Fichtenberg,2019,9,14,4,3,5,2,0,1,1,0,0,0,0,0,Steglitz-Zehlendorf,Accident with minor injuries,Collision with a turning/crossing vehicle,Turning accident,Daylight,Dry
9777,199080,1,Unter den Linden Nord,2019,9,7,4,3,5,2,0,1,0,0,1,0,0,0,Mitte,Accident with minor injuries,Collision with a turning/crossing vehicle,Turning accident,Daylight,Dry
9778,199081,9,Oberschöneweide West,2019,9,12,4,3,5,3,0,0,0,0,0,0,1,0,Treptow-Köpenick,Accident with minor injuries,Collision with a turning/crossing vehicle,Turning/Crossing accident,Daylight,Dry
9779,199082,5,Carl-Schurz-Straße,2019,9,9,4,3,0,2,0,0,1,0,0,0,1,0,Spandau,Accident with minor injuries,Others,Turning accident,Daylight,Dry
9780,199083,8,Blumenviertel,2019,9,14,4,3,5,2,0,0,1,0,1,0,0,0,Neukölln,Accident with minor injuries,Collision with a turning/crossing vehicle,Turning accident,Daylight,Dry
9781,199084,12,Frohnau,2019,9,12,4,3,1,5,0,1,1,0,0,0,0,0,Reinickendorf,Accident with minor injuries,Collision with a moving/standing/parked vehicle,Accident involving parked vehicles,Daylight,Dry
9782,199085,6,Bismarckstraße,2019,9,12,4,3,5,3,0,0,1,0,1,0,0,0,Steglitz-Zehlendorf,Accident with minor injuries,Collision with a turning/crossing vehicle,Turning/Crossing accident,Daylight,Dry
9783,199086,4,Rathaus Wilmersdorf,2019,9,10,4,2,5,2,0,1,0,0,0,0,1,0,Charlottenburg - Wilmersdorf,Accident with serious injuries,Collision with a turning/crossing vehicle,Turning accident,Daylight,Dry
9784,199087,2,Reichenberger Straße,2019,9,11,4,3,0,7,0,0,1,0,0,0,0,0,Friedrichshain - Kreuzberg,Accident with minor injuries,Others,Others,Daylight,Dry
9785,199088,4,Flinsberger Platz,2019,9,13,4,2,6,4,0,0,0,1,1,0,0,0,Charlottenburg - Wilmersdorf,Accident with serious injuries,Collision between vehicle and pedestrian,Pedestrian crossing accident,Daylight,Dry
9786,199089,9,Oberschöneweide West,2019,9,11,4,3,5,2,0,1,0,0,0,1,0,0,Treptow-Köpenick,Accident with minor injuries,Collision with a turning/crossing vehicle,Turning accident,Daylight,Dry
9787,199090,1,Leopoldplatz,2019,9,10,4,3,1,5,0,1,1,0,0,0,1,0,Mitte,Accident with minor injuries,Collision with a moving/standing/parked vehicle,Accident involving parked vehicles,Daylight,Dry
9788,199091,10,Oberfeldstraße,2019,9,9,4,3,5,7,0,0,1,0,0,0,0,0,Marzahn-Hellersdorf,Accident with minor injuries,Collision with a turning/crossing vehicle,Others,Daylight,Dry
9789,199092,8,Reuterkiez,2019,9,10,4,3,5,2,0,1,1,0,0,0,0,0,Neukölln,Accident with minor injuries,Collision with a turning/crossing vehicle,Turning accident,Daylight,Dry
9790,199093,4,Richard-Wagner-Straße,2019,9,9,4,3,1,5,0,1,1,0,0,0,0,0,Charlottenburg - Wilmersdorf,Accident with minor injuries,Collision with a moving/standing/parked vehicle,Accident involving parked vehicles,Daylight,Dry
9791,199094,7,Bayerischer Platz,2019,9,12,4,3,5,2,0,0,1,0,0,0,0,0,Tempelhof-Schöneberg,Accident with minor injuries,Collision with a turning/crossing vehicle,Turning accident,Daylight,Dry
9792,199095,1,Großer Tiergarten,2019,9,8,4,3,2,2,0,0,1,0,1,0,0,0,Mitte,Accident with minor injuries,Collision with the vehicle in front/waiting vehicle,Turning accident,Daylight,Dry
9793,199096,11,Weitlingstraße,2019,9,8,4,3,5,2,0,1,1,0,0,0,0,0,Lichtenberg,Accident with minor injuries,Collision with a turning/crossing vehicle,Turning accident,Daylight,Dry
9794,199097,11,Fennpfuhl West,2019,9,9,4,3,0,6,0,0,1,0,0,1,0,0,Lichtenberg,Accident with minor injuries,Others,Collision involving vehicles going in the same way,Daylight,Dry
9795,199098,2,Wriezener Bahnhof/Entwicklungsgebiet,2019,9,8,4,3,5,2,0,1,1,0,0,0,0,0,Friedrichshain - Kreuzberg,Accident with minor injuries,Collision with a turning/crossing vehicle,Turning accident,Daylight,Dry
9796,199099,7,Nollendorfplatz,2019,9,7,4,3,6,7,0,0,0,0,0,0,1,0,Tempelhof-Schöneberg,Accident with minor injuries,Collision between vehicle and pedestrian,Others,Daylight,Dry
9797,199100,12,Ziekowstraße/Freie Scholle,2019,9,7,4,3,5,2,0,1,1,0,0,0,0,0,Reinickendorf,Accident with minor injuries,Collision with a turning/crossing vehicle,Turning accident,Daylight,Dry
9798,199101,9,Rahnsdorf/Hessenwinkel,2019,9,12,4,3,5,3,0,1,1,0,0,0,0,0,Treptow-Köpenick,Accident with minor injuries,Collision with a turning/crossing vehicle,Turning/Crossing accident,Daylight,Dry
9799,199102,2,Mehringplatz,2019,9,7,4,3,3,6,0,1,1,0,0,0,0,0,Friedrichshain - Kreuzberg,Accident with minor injuries,Collision with a vehicle traveling laterally in the same direction,Collision involving vehicles going in the same way,Daylight,Dry
9800,199103,4,Jungfernheide,2019,9,6,4,2,0,3,0,0,1,0,1,0,0,0,Charlottenburg - Wilmersdorf,Accident with serious injuries,Others,Turning/Crossing accident,Daylight,Dry
9801,199104,12,Wittenau Süd,2019,9,5,4,3,0,3,2,1,1,0,0,0,0,0,Reinickendorf,Accident with minor injuries,Others,Turning/Crossing accident,Dark,Dry
9802,199105,5,Hakenfelde Nord,2019,9,5,4,3,0,7,1,0,0,0,1,0,0,0,Spandau,Accident with minor injuries,Others,Others,Twilight,Dry
9803,199106,9,Dammvorstadt,2019,9,6,4,3,5,2,0,1,1,0,0,0,0,0,Treptow-Köpenick,Accident with minor injuries,Collision with a turning/crossing vehicle,Turning accident,Daylight,Dry
9804,199107,9,Siedlung Kämmereiheide,2019,9,14,4,3,0,2,0,0,1,0,0,0,1,0,Treptow-Köpenick,Accident with minor injuries,Others,Turning accident,Daylight,Dry
9805,199108,5,Hakenfelde Nord,2019,9,0,4,3,6,4,2,0,0,1,0,0,1,0,Spandau,Accident with minor injuries,Collision between vehicle and pedestrian,Pedestrian crossing accident,Dark,Dry
9806,199109,12,Alt-Tegel,2019,9,16,4,3,9,1,0,0,1,0,0,0,0,0,Reinickendorf,Accident with minor injuries,Departure from the roadway to the left,Driving accident,Daylight,Dry
9807,199110,12,Scharnweberstraße,2019,9,12,3,3,5,3,0,0,1,0,0,0,0,0,Reinickendorf,Accident with minor injuries,Collision with a turning/crossing vehicle,Turning/Crossing accident,Daylight,Dry
9808,199111,8,Schillerpromenade,2019,9,15,4,3,5,2,0,1,1,0,0,0,0,0,Neukölln,Accident with minor injuries,Collision with a turning/crossing vehicle,Turning accident,Daylight,Dry
9809,199112,11,Rüdigerstraße,2019,9,17,3,3,1,5,0,1,1,0,0,0,0,0,Lichtenberg,Accident with minor injuries,Collision with a moving/standing/parked vehicle,Accident involving parked vehicles,Daylight,Dry
9810,199113,12,Scharnweberstraße,2019,9,15,4,3,3,6,0,0,1,0,1,0,0,0,Reinickendorf,Accident with minor injuries,Collision with a vehicle traveling laterally in the same direction,Collision involving vehicles going in the same way,Daylight,Dry
9811,199114,4,Schloßgarten,2019,9,15,4,2,0,7,0,1,1,0,0,0,0,0,Charlottenburg - Wilmersdorf,Accident with serious injuries,Others,Others,Daylight,Dry
9812,199115,11,Weitlingstraße,2019,9,8,3,3,5,3,0,1,0,0,0,0,0,0,Lichtenberg,Accident with minor injuries,Collision with a turning/crossing vehicle,Turning/Crossing accident,Daylight,Dry
9813,199116,11,Karlshorst West,2019,9,15,4,3,5,2,0,1,1,0,0,0,0,0,Lichtenberg,Accident with minor injuries,Collision with a turning/crossing vehicle,Turning accident,Daylight,Dry
9814,199117,10,Alt-Marzahn,2019,9,15,4,3,5,7,0,0,0,0,1,0,1,0,Marzahn-Hellersdorf,Accident with minor injuries,Collision with a turning/crossing vehicle,Others,Daylight,Dry
9815,199118,3,Pankow Zentrum,2019,9,14,3,3,5,3,0,0,1,0,1,0,0,0,Pankow,Accident with minor injuries,Collision with a turning/crossing vehicle,Turning/Crossing accident,Daylight,Dry
9816,199119,1,Unter den Linden Nord,2019,9,11,4,3,0,1,0,1,0,0,0,0,0,0,Mitte,Accident with minor injuries,Others,Driving accident,Daylight,Dry
9817,199120,2,Wrangelkiez,2019,9,23,3,3,1,5,2,0,0,0,0,0,1,0,Friedrichshain - Kreuzberg,Accident with minor injuries,Collision with a moving/standing/parked vehicle,Accident involving parked vehicles,Dark,Dry
9818,199121,7,Rathaus Tempelhof,2019,9,13,4,3,5,3,0,0,1,0,0,0,0,0,Tempelhof-Schöneberg,Accident with minor injuries,Collision with a turning/crossing vehicle,Turning/Crossing accident,Daylight,Dry
9819,199122,1,Reinickendorfer Straße,2019,9,12,4,3,5,2,0,1,1,0,0,0,0,0,Mitte,Accident with minor injuries,Collision with a turning/crossing vehicle,Turning accident,Daylight,Dry
9820,199123,1,Heidestraße,2019,9,15,3,3,5,2,0,1,1,0,0,0,0,0,Mitte,Accident with minor injuries,Collision with a turning/crossing vehicle,Turning accident,Daylight,Dry
9821,199124,5,Carl-Schurz-Straße,2019,9,20,3,2,6,4,1,0,1,1,0,0,0,0,Spandau,Accident with serious injuries,Collision between vehicle and pedestrian,Pedestrian crossing accident,Twilight,Dry
9822,199125,1,Heidestraße,2019,9,8,4,2,0,7,0,0,1,0,0,0,0,0,Mitte,Accident with serious injuries,Others,Others,Daylight,Dry
9823,199126,5,Maulbeerallee,2019,9,13,3,3,2,7,0,0,1,0,0,0,0,0,Spandau,Accident with minor injuries,Collision with the vehicle in front/waiting vehicle,Others,Daylight,Dry
9824,199127,1,Wilhelmstraße,2019,9,20,3,3,2,6,2,1,1,0,0,0,0,0,Mitte,Accident with minor injuries,Collision with the vehicle in front/waiting vehicle,Collision involving vehicles going in the same way,Dark,Dry
9825,199128,1,Soldiner Straße,2019,9,16,3,2,5,3,0,0,1,0,1,0,0,0,Mitte,Accident with serious injuries,Collision with a turning/crossing vehicle,Turning/Crossing accident,Daylight,Dry
9826,199129,12,Alt-Tegel,2019,9,15,3,3,5,3,0,1,1,0,0,0,0,0,Reinickendorf,Accident with minor injuries,Collision with a turning/crossing vehicle,Turning/Crossing accident,Daylight,Dry