,object id,district,street,year,month,hour of day,weekday,category,accident type,accident type 2,light situation,bike involved,car involved,pedestrian involved,motor bike involved,big track involved,other vehicle involved,road condition,district name,category name,accident detail,accident type detail,light condition,road condition detail
9827,199130,8,Parchimer Allee,2019,9,19,3,3,5,2,1,0,1,0,0,0,0,0,Neukölln,Accident with minor injuries,Collision with a turning/crossing vehicle,Turning accident,Twilight,Dry
9828,199131,6,Hindenburgdamm,2019,9,12,3,3,1,5,0,0,1,0,1,0,0,0,Steglitz-Zehlendorf,Accident with minor injuries,Collision with a moving/standing/parked vehicle,Accident involving parked vehicles,Daylight,Dry
9829,199132,5,Borkumer Straße,2019,9,16,3,3,5,2,0,0,1,0,0,0,0,0,Spandau,Accident with minor injuries,Collision with a turning/crossing vehicle,Turning accident,Daylight,Dry
9830,199133,1,Unter den Linden Nord,2019,9,14,3,2,0,1,0,0,0,0,0,0,1,0,Mitte,Accident with serious injuries,Others,Driving accident,Daylight,Dry
9831,199134,2,Reichenberger Straße,2019,9,16,3,3,3,6,0,0,1,0,1,0,0,0,Friedrichshain - Kreuzberg,Accident with minor injuries,Collision with a vehicle traveling laterally in the same direction,Collision involving vehicles going in the same way,Daylight,Dry
9832,199135,9,Köllnische Vorstadt,2019,9,18,3,3,2,6,0,0,1,0,0,0,0,0,Treptow-Köpenick,Accident with minor injuries,Collision with the vehicle in front/waiting vehicle,Collision involving vehicles going in the same way,Daylight,Dry
9833,199136,9,Baumschulenstraße,2019,9,16,3,3,5,3,0,0,1,0,0,0,0,0,Treptow-Köpenick,Accident with minor injuries,Collision with a turning/crossing vehicle,Turning/Crossing accident,Daylight,Dry
9834,199137,2,Friedenstraße,2019,9,14,3,3,2,7,0,1,1,0,0,0,0,0,Friedrichshain - Kreuzberg,Accident with minor injuries,Collision with the vehicle in front/waiting vehicle,Others,Daylight,Dry
9835,199138,5,Eiswerder,2019,9,16,3,3,5,7,0,0,1,0,1,0,0,0,Spandau,Accident with minor injuries,Collision with a turning/crossing vehicle,Others,Daylight,Dry
9836,199139,6,Goerzwerke,2019,9,13,3,3,5,3,0,0,1,0,0,0,1,0,Steglitz-Zehlendorf,Accident with minor injuries,Collision with a turning/crossing vehicle,Turning/Crossing accident,Daylight,Dry
9837,199140,4,Preußenpark,2019,9,15,3,3,1,5,0,1,1,0,0,0,0,0,Charlottenburg - Wilmersdorf,Accident with minor injuries,Collision with a moving/standing/parked vehicle,Accident involving parked vehicles,Daylight,Dry
9838,199141,12,Humboldtstraße,2019,9,16,3,3,5,3,0,0,1,0,1,0,0,0,Reinickendorf,Accident with minor injuries,Collision with a turning/crossing vehicle,Turning/Crossing accident,Daylight,Dry
9839,199142,6,Augustaplatz,2019,9,15,3,3,2,6,0,0,1,0,0,0,1,0,Steglitz-Zehlendorf,Accident with minor injuries,Collision with the vehicle in front/waiting vehicle,Collision involving vehicles going in the same way,Daylight,Dry
9840,199143,9,Adlershof West,2019,9,17,3,3,5,2,0,1,0,0,0,0,1,0,Treptow-Köpenick,Accident with minor injuries,Collision with a turning/crossing vehicle,Turning accident,Daylight,Dry
9841,199144,1,Schillerpark,2019,9,15,3,3,2,6,0,1,1,0,0,0,0,0,Mitte,Accident with minor injuries,Collision with the vehicle in front/waiting vehicle,Collision involving vehicles going in the same way,Daylight,Dry
9842,199145,4,Amtsgerichtsplatz,2019,9,13,3,3,0,3,0,0,1,0,0,0,1,1,Charlottenburg - Wilmersdorf,Accident with minor injuries,Others,Turning/Crossing accident,Daylight,Wet/moist/slippery
9843,199146,1,Beusselkiez,2019,9,15,3,3,0,4,0,0,0,1,0,0,1,0,Mitte,Accident with minor injuries,Others,Pedestrian crossing accident,Daylight,Dry
9844,199147,2,Lausitzer Platz,2019,9,15,3,3,2,7,0,1,1,0,0,0,0,0,Friedrichshain - Kreuzberg,Accident with minor injuries,Collision with the vehicle in front/waiting vehicle,Others,Daylight,Dry
9845,199148,10,Hellersdorfer Promenade,2019,9,13,3,2,1,5,0,0,1,0,0,0,1,1,Marzahn-Hellersdorf,Accident with serious injuries,Collision with a moving/standing/parked vehicle,Accident involving parked vehicles,Daylight,Wet/moist/slippery
9846,199149,12,Waidmannslust,2019,9,14,3,3,2,6,0,0,1,0,0,0,0,0,Reinickendorf,Accident with minor injuries,Collision with the vehicle in front/waiting vehicle,Collision involving vehicles going in the same way,Daylight,Dry
9847,199150,6,Berlepschstraße,2019,9,16,3,2,5,3,0,1,1,0,0,0,0,0,Steglitz-Zehlendorf,Accident with serious injuries,Collision with a turning/crossing vehicle,Turning/Crossing accident,Daylight,Dry
9848,199151,10,Mahlsdorf Süd,2019,9,14,3,3,3,6,0,1,1,0,0,0,0,0,Marzahn-Hellersdorf,Accident with minor injuries,Collision with a vehicle traveling laterally in the same direction,Collision involving vehicles going in the same way,Daylight,Dry
9849,199152,11,Victoriastadt,2019,9,14,3,3,5,3,0,1,1,0,0,0,0,0,Lichtenberg,Accident with minor injuries,Collision with a turning/crossing vehicle,Turning/Crossing accident,Daylight,Dry
9850,199153,3,Pankow Zentrum,2019,9,12,3,3,5,2,0,1,1,0,0,0,0,0,Pankow,Accident with minor injuries,Collision with a turning/crossing vehicle,Turning accident,Daylight,Dry
9851,199154,10,Alt-Marzahn,2019,9,14,3,3,5,2,0,1,1,0,0,0,0,0,Marzahn-Hellersdorf,Accident with minor injuries,Collision with a turning/crossing vehicle,Turning accident,Daylight,Dry
9852,199155,8,Flughafenstraße,2019,9,11,3,3,5,7,0,0,1,0,0,0,0,0,Neukölln,Accident with minor injuries,Collision with a turning/crossing vehicle,Others,Daylight,Dry
9853,199156,4,Schlangenbader Straße,2019,9,13,3,3,0,5,0,0,1,0,1,0,0,0,Charlottenburg - Wilmersdorf,Accident with minor injuries,Others,Accident involving parked vehicles,Daylight,Dry
9854,199157,8,Parchimer Allee,2019,9,11,3,3,5,2,0,0,1,0,0,0,1,0,Neukölln,Accident with minor injuries,Collision with a turning/crossing vehicle,Turning accident,Daylight,Dry
9855,199158,4,Breitscheidplatz,2019,9,12,3,3,6,7,0,0,1,1,0,0,0,0,Charlottenburg - Wilmersdorf,Accident with minor injuries,Collision between vehicle and pedestrian,Others,Daylight,Dry
9856,199159,2,Rathaus Yorckstraße,2019,9,10,3,3,5,2,0,1,1,0,0,0,0,0,Friedrichshain - Kreuzberg,Accident with minor injuries,Collision with a turning/crossing vehicle,Turning accident,Daylight,Dry
9857,199160,3,Rennbahnstraße,2019,9,10,3,3,0,2,0,0,0,0,1,1,0,0,Pankow,Accident with minor injuries,Others,Turning accident,Daylight,Dry
9858,199161,8,Zittauer Straße,2019,9,10,3,2,5,7,0,0,1,0,1,0,0,0,Neukölln,Accident with serious injuries,Collision with a turning/crossing vehicle,Others,Daylight,Dry
9859,199162,1,Alexanderplatzviertel,2019,9,10,3,3,5,2,0,0,1,0,0,0,1,0,Mitte,Accident with minor injuries,Collision with a turning/crossing vehicle,Turning accident,Daylight,Dry
9860,199163,3,Pankow Süd,2019,9,10,3,3,6,2,0,0,1,1,0,0,0,1,Pankow,Accident with minor injuries,Collision between vehicle and pedestrian,Turning accident,Daylight,Wet/moist/slippery
9861,199164,1,Sparrplatz,2019,9,10,3,3,5,2,0,1,1,0,0,0,0,0,Mitte,Accident with minor injuries,Collision with a turning/crossing vehicle,Turning accident,Daylight,Dry
9862,199165,4,Amtsgerichtsplatz,2019,9,10,3,2,5,2,0,0,1,0,1,0,0,1,Charlottenburg - Wilmersdorf,Accident with serious injuries,Collision with a turning/crossing vehicle,Turning accident,Daylight,Wet/moist/slippery
9863,199166,9,Adlershof West,2019,9,9,3,3,6,2,0,0,1,1,0,0,0,0,Treptow-Köpenick,Accident with minor injuries,Collision between vehicle and pedestrian,Turning accident,Daylight,Dry
9864,199167,4,Schloßstraße,2019,9,10,3,3,0,1,0,1,0,0,0,0,0,1,Charlottenburg - Wilmersdorf,Accident with minor injuries,Others,Driving accident,Daylight,Wet/moist/slippery
9865,199168,3,Arnimplatz,2019,9,22,3,3,0,1,2,1,0,0,0,0,0,0,Pankow,Accident with minor injuries,Others,Driving accident,Dark,Dry
9866,199169,11,Rummelsburg,2019,9,9,3,3,1,5,0,1,0,0,0,1,0,0,Lichtenberg,Accident with minor injuries,Collision with a moving/standing/parked vehicle,Accident involving parked vehicles,Daylight,Dry
9867,199170,1,Westliche Müllerstraße,2019,9,10,3,3,0,7,0,1,0,0,0,0,0,1,Mitte,Accident with minor injuries,Others,Others,Daylight,Wet/moist/slippery
9868,199171,11,Rüdigerstraße,2019,9,8,3,3,0,6,0,1,1,0,0,0,0,0,Lichtenberg,Accident with minor injuries,Others,Collision involving vehicles going in the same way,Daylight,Dry
9869,199172,7,Neu-Tempelhof,2019,9,8,3,3,5,2,0,1,1,0,0,0,0,0,Tempelhof-Schöneberg,Accident with minor injuries,Collision with a turning/crossing vehicle,Turning accident,Daylight,Dry
9870,199173,5,Hakenfelde Nord,2019,9,8,3,3,2,6,0,0,1,0,0,0,1,0,Spandau,Accident with minor injuries,Collision with the vehicle in front/waiting vehicle,Collision involving vehicles going in the same way,Daylight,Dry
9871,199174,8,Buckow Mitte,2019,9,9,3,3,6,7,0,0,1,1,0,0,0,0,Neukölln,Accident with minor injuries,Collision between vehicle and pedestrian,Others,Daylight,Dry
9872,199175,4,Schaperstraße,2019,9,8,3,3,5,3,0,0,1,0,0,0,0,0,Charlottenburg - Wilmersdorf,Accident with minor injuries,Collision with a turning/crossing vehicle,Turning/Crossing accident,Daylight,Dry
9873,199176,2,Viktoriapark,2019,9,9,3,3,5,2,0,1,0,0,0,0,1,1,Friedrichshain - Kreuzberg,Accident with minor injuries,Collision with a turning/crossing vehicle,Turning accident,Daylight,Wet/moist/slippery
9874,199177,11,Fennpfuhl West,2019,9,7,3,3,6,4,0,0,0,1,1,0,0,0,Lichtenberg,Accident with minor injuries,Collision between vehicle and pedestrian,Pedestrian crossing accident,Daylight,Dry
9875,199178,2,Chamissokiez,2019,9,21,3,2,3,7,2,1,1,0,0,0,0,0,Friedrichshain - Kreuzberg,Accident with serious injuries,Collision with a vehicle traveling laterally in the same direction,Others,Dark,Dry
9876,199179,3,Rennbahnstraße,2019,9,7,3,3,5,2,0,1,1,0,0,0,0,0,Pankow,Accident with minor injuries,Collision with a turning/crossing vehicle,Turning accident,Daylight,Dry
9877,199180,1,Lützowstraße,2019,9,7,3,3,2,6,0,0,1,0,0,0,0,1,Mitte,Accident with minor injuries,Collision with the vehicle in front/waiting vehicle,Collision involving vehicles going in the same way,Daylight,Wet/moist/slippery
9878,199181,6,Südende,2019,9,7,3,2,6,4,0,0,1,1,0,0,0,0,Steglitz-Zehlendorf,Accident with serious injuries,Collision between vehicle and pedestrian,Pedestrian crossing accident,Daylight,Dry
9879,199182,2,Stralauer Kiez,2019,9,7,3,3,5,2,0,1,1,0,0,0,0,1,Friedrichshain - Kreuzberg,Accident with minor injuries,Collision with a turning/crossing vehicle,Turning accident,Daylight,Wet/moist/slippery
9880,199183,1,Unter den Linden Nord,2019,9,6,3,3,5,3,0,1,1,0,0,0,0,0,Mitte,Accident with minor injuries,Collision with a turning/crossing vehicle,Turning/Crossing accident,Daylight,Dry
9881,199184,1,Oranienburger Straße,2019,9,23,3,3,5,3,2,1,0,0,1,0,0,0,Mitte,Accident with minor injuries,Collision with a turning/crossing vehicle,Turning/Crossing accident,Dark,Dry
9882,199185,8,Zittauer Straße,2019,9,16,3,3,5,3,0,1,1,0,0,0,0,0,Neukölln,Accident with minor injuries,Collision with a turning/crossing vehicle,Turning/Crossing accident,Daylight,Dry
9883,199186,10,Marzahn Ost,2019,9,18,3,3,5,3,0,1,1,0,0,0,0,0,Marzahn-Hellersdorf,Accident with minor injuries,Collision with a turning/crossing vehicle,Turning/Crossing accident,Daylight,Dry
9884,199187,4,Alt-Lietzow,2019,9,17,3,3,0,4,0,1,0,1,0,0,0,0,Charlottenburg - Wilmersdorf,Accident with minor injuries,Others,Pedestrian crossing accident,Daylight,Dry
9885,199188,10,Oberfeldstraße,2019,9,8,3,3,0,3,0,0,1,0,0,0,1,0,Marzahn-Hellersdorf,Accident with minor injuries,Others,Turning/Crossing accident,Daylight,Dry
9886,199189,8,Schillerpromenade,2019,9,14,3,3,2,6,0,0,1,0,0,0,1,0,Neukölln,Accident with minor injuries,Collision with the vehicle in front/waiting vehicle,Collision involving vehicles going in the same way,Daylight,Dry
9887,199190,4,Nikolsburger Platz,2019,9,17,3,2,5,2,0,0,1,0,1,0,0,0,Charlottenburg - Wilmersdorf,Accident with serious injuries,Collision with a turning/crossing vehicle,Turning accident,Daylight,Dry
9888,199191,6,Königsberger Straße,2019,9,16,3,3,5,3,0,0,1,0,0,0,1,0,Steglitz-Zehlendorf,Accident with minor injuries,Collision with a turning/crossing vehicle,Turning/Crossing accident,Daylight,Dry
9889,199192,12,Wittenau Süd,2019,9,19,3,1,5,3,2,0,1,0,1,0,0,0,Reinickendorf,Accident with fatalities,Collision with a turning/crossing vehicle,Turning/Crossing accident,Dark,Dry
9890,199193,5,Darbystraße,2019,9,11,3,3,2,6,0,0,1,0,0,0,1,0,Spandau,Accident with minor injuries,Collision with the vehicle in front/waiting vehicle,Collision involving vehicles going in the same way,Daylight,Dry
9891,199194,2,Wrangelkiez,2019,9,14,2,3,1,5,0,1,1,0,0,0,0,0,Friedrichshain - Kreuzberg,Accident with minor injuries,Collision with a moving/standing/parked vehicle,Accident involving parked vehicles,Daylight,Dry
9892,199195,3,Erich-Weinert-Straße,2019,9,1,3,3,5,3,2,0,1,0,0,0,0,1,Pankow,Accident with minor injuries,Collision with a turning/crossing vehicle,Turning/Crossing accident,Dark,Wet/moist/slippery
9893,199196,8,Rollberg,2019,9,14,2,3,2,2,0,0,1,0,1,0,0,0,Neukölln,Accident with minor injuries,Collision with the vehicle in front/waiting vehicle,Turning accident,Daylight,Dry
9894,199197,2,Andreasviertel,2019,9,14,3,3,1,5,0,0,1,0,0,0,1,0,Friedrichshain - Kreuzberg,Accident with minor injuries,Collision with a moving/standing/parked vehicle,Accident involving parked vehicles,Daylight,Dry
9895,199198,10,Kaulsdorf Nord,2019,9,10,2,3,5,3,0,1,0,0,0,0,1,0,Marzahn-Hellersdorf,Accident with minor injuries,Collision with a turning/crossing vehicle,Turning/Crossing accident,Daylight,Dry
9896,199199,11,Orankesee,2019,9,6,2,2,6,7,1,1,0,1,0,0,0,0,Lichtenberg,Accident with serious injuries,Collision between vehicle and pedestrian,Others,Twilight,Dry
9897,199200,11,Karlshorst Süd,2019,9,8,2,3,2,2,0,1,1,0,0,0,0,0,Lichtenberg,Accident with minor injuries,Collision with the vehicle in front/waiting vehicle,Turning accident,Daylight,Dry
9898,199201,11,Malchower Weg,2019,9,22,2,3,1,1,2,0,1,0,0,0,0,1,Lichtenberg,Accident with minor injuries,Collision with a moving/standing/parked vehicle,Driving accident,Dark,Wet/moist/slippery
9899,199202,7,Friedenau,2019,9,16,2,3,5,3,0,1,0,0,0,0,0,0,Tempelhof-Schöneberg,Accident with minor injuries,Collision with a turning/crossing vehicle,Turning/Crossing accident,Daylight,Dry
9900,199203,7,Schöneberger Insel,2019,9,12,2,2,5,3,0,1,1,0,0,0,0,1,Tempelhof-Schöneberg,Accident with serious injuries,Collision with a turning/crossing vehicle,Turning/Crossing accident,Daylight,Wet/moist/slippery
9901,199204,11,Karlshorst Nord,2019,9,5,2,3,6,7,2,0,1,0,0,0,1,1,Lichtenberg,Accident with minor injuries,Collision between vehicle and pedestrian,Others,Dark,Wet/moist/slippery
9902,199205,12,Hermsdorf,2019,9,21,2,2,5,3,2,0,1,0,1,0,0,0,Reinickendorf,Accident with serious injuries,Collision with a turning/crossing vehicle,Turning/Crossing accident,Dark,Dry
9903,199206,12,Treuenbrietzener Straße,2019,9,20,2,3,5,3,2,0,1,0,0,0,0,1,Reinickendorf,Accident with minor injuries,Collision with a turning/crossing vehicle,Turning/Crossing accident,Dark,Wet/moist/slippery
9904,199207,1,Alexanderplatzviertel,2019,9,18,2,3,6,7,0,0,1,1,0,0,0,0,Mitte,Accident with minor injuries,Collision between vehicle and pedestrian,Others,Daylight,Dry
9905,199208,12,Hausotterplatz,2019,9,19,2,3,5,3,2,0,1,0,0,0,0,1,Reinickendorf,Accident with minor injuries,Collision with a turning/crossing vehicle,Turning/Crossing accident,Dark,Wet/moist/slippery
9906,199209,1,Unter den Linden Süd,2019,9,18,2,3,3,6,0,1,1,0,0,0,0,0,Mitte,Accident with minor injuries,Collision with a vehicle traveling laterally in the same direction,Collision involving vehicles going in the same way,Daylight,Dry
9907,199210,5,Borkumer Straße,2019,9,5,2,3,6,2,2,0,1,1,0,0,0,1,Spandau,Accident with minor injuries,Collision between vehicle and pedestrian,Turning accident,Dark,Wet/moist/slippery
9908,199211,12,Borsigwalde,2019,9,18,2,2,6,4,0,0,1,1,0,0,0,0,Reinickendorf,Accident with serious injuries,Collision between vehicle and pedestrian,Pedestrian crossing accident,Daylight,Dry
9909,199212,1,Huttenkiez,2019,9,19,2,3,2,6,1,0,1,0,0,0,0,1,Mitte,Accident with minor injuries,Collision with the vehicle in front/waiting vehicle,Collision involving vehicles going in the same way,Twilight,Wet/moist/slippery
9910,199213,1,Lüneburger Straße,2019,9,18,2,3,2,6,0,0,1,0,0,0,0,1,Mitte,Accident with minor injuries,Collision with the vehicle in front/waiting vehicle,Collision involving vehicles going in the same way,Daylight,Wet/moist/slippery
9911,199214,1,Heine-Viertel Ost,2019,9,17,2,3,5,3,0,1,1,0,0,0,0,0,Mitte,Accident with minor injuries,Collision with a turning/crossing vehicle,Turning/Crossing accident,Daylight,Dry
9912,199215,4,Ludwigkirchplatz,2019,9,17,2,3,5,2,0,1,1,0,0,0,0,0,Charlottenburg - Wilmersdorf,Accident with minor injuries,Collision with a turning/crossing vehicle,Turning accident,Daylight,Dry
9913,199216,6,Botanischer Garten,2019,9,13,2,3,2,6,0,0,1,0,1,0,0,1,Steglitz-Zehlendorf,Accident with minor injuries,Collision with the vehicle in front/waiting vehicle,Collision involving vehicles going in the same way,Daylight,Wet/moist/slippery
9914,199217,12,Waldidyll/Flughafensee,2019,9,16,2,3,6,4,0,0,1,1,0,0,0,1,Reinickendorf,Accident with minor injuries,Collision between vehicle and pedestrian,Pedestrian crossing accident,Daylight,Wet/moist/slippery
9915,199218,7,Manteuffelstraße,2019,9,17,2,3,5,3,0,0,1,0,0,0,0,0,Tempelhof-Schöneberg,Accident with minor injuries,Collision with a turning/crossing vehicle,Turning/Crossing accident,Daylight,Dry
9916,199219,8,Mohriner Allee Nord,2019,9,12,2,3,2,6,0,0,1,0,0,0,1,1,Neukölln,Accident with minor injuries,Collision with the vehicle in front/waiting vehicle,Collision involving vehicles going in the same way,Daylight,Wet/moist/slippery
9917,199220,4,Reichsstraße,2019,9,17,2,3,5,2,0,1,1,0,0,0,0,0,Charlottenburg - Wilmersdorf,Accident with minor injuries,Collision with a turning/crossing vehicle,Turning accident,Daylight,Dry
9918,199221,12,Mellerbogen,2019,9,16,2,3,5,3,0,0,1,0,0,0,0,1,Reinickendorf,Accident with minor injuries,Collision with a turning/crossing vehicle,Turning/Crossing accident,Daylight,Wet/moist/slippery
9919,199222,6,Zehlendorf Mitte,2019,9,16,2,3,5,2,0,0,1,0,0,0,0,1,Steglitz-Zehlendorf,Accident with minor injuries,Collision with a turning/crossing vehicle,Turning accident,Daylight,Wet/moist/slippery
9920,199223,5,Eiswerder,2019,9,17,2,3,5,3,0,1,1,0,0,0,0,0,Spandau,Accident with minor injuries,Collision with a turning/crossing vehicle,Turning/Crossing accident,Daylight,Dry
9921,199224,6,Thielallee,2019,9,10,2,3,2,7,0,0,1,0,0,0,0,1,Steglitz-Zehlendorf,Accident with minor injuries,Collision with the vehicle in front/waiting vehicle,Others,Daylight,Wet/moist/slippery
9922,199225,4,Reichsstraße,2019,9,10,2,3,1,5,0,1,0,0,0,1,0,1,Charlottenburg - Wilmersdorf,Accident with minor injuries,Collision with a moving/standing/parked vehicle,Accident involving parked vehicles,Daylight,Wet/moist/slippery
9923,199226,4,Ernst-Reuter-Platz,2019,9,15,2,3,2,6,0,0,1,0,0,0,0,0,Charlottenburg - Wilmersdorf,Accident with minor injuries,Collision with the vehicle in front/waiting vehicle,Collision involving vehicles going in the same way,Daylight,Dry
9924,199227,1,Reinickendorfer Straße,2019,9,16,2,3,5,3,0,0,1,0,0,0,0,1,Mitte,Accident with minor injuries,Collision with a turning/crossing vehicle,Turning/Crossing accident,Daylight,Wet/moist/slippery
9925,199228,5,Weinmeisterhornweg,2019,9,16,2,2,6,2,0,0,1,1,0,0,0,1,Spandau,Accident with serious injuries,Collision between vehicle and pedestrian,Turning accident,Daylight,Wet/moist/slippery
9926,199229,7,Birnhornweg,2019,9,23,2,3,5,2,2,0,1,0,0,0,1,0,Tempelhof-Schöneberg,Accident with minor injuries,Collision with a turning/crossing vehicle,Turning accident,Dark,Dry
9927,199230,4,Ludwigkirchplatz,2019,9,16,2,3,6,4,0,0,1,1,0,0,0,1,Charlottenburg - Wilmersdorf,Accident with minor injuries,Collision between vehicle and pedestrian,Pedestrian crossing accident,Daylight,Wet/moist/slippery
9928,199231,7,Birnhornweg,2019,9,16,2,3,5,2,0,0,1,0,0,0,0,0,Tempelhof-Schöneberg,Accident with minor injuries,Collision with a turning/crossing vehicle,Turning accident,Daylight,Dry
9929,199232,5,Borkumer Straße,2019,9,15,2,3,5,2,0,1,1,0,0,0,0,1,Spandau,Accident with minor injuries,Collision with a turning/crossing vehicle,Turning accident,Daylight,Wet/moist/slippery
9930,199233,2,Graefekiez,2019,9,15,2,3,2,6,0,0,1,0,0,0,0,0,Friedrichshain - Kreuzberg,Accident with minor injuries,Collision with the vehicle in front/waiting vehicle,Collision involving vehicles going in the same way,Daylight,Dry
9931,199234,9,Dammvorstadt,2019,9,9,2,3,8,1,0,0,1,0,0,0,0,1,Treptow-Köpenick,Accident with minor injuries,Departure from the roadway to the right,Driving accident,Daylight,Wet/moist/slippery
9932,199235,5,Hakenfelde Nord,2019,9,15,2,3,4,1,0,0,1,0,0,0,0,0,Spandau,Accident with minor injuries,Collision with oncoming vehicle,Driving accident,Daylight,Dry
9933,199236,8,Reuterkiez,2019,9,15,2,3,5,3,0,1,1,0,0,0,0,1,Neukölln,Accident with minor injuries,Collision with a turning/crossing vehicle,Turning/Crossing accident,Daylight,Wet/moist/slippery
9934,199237,4,Droysenstraße,2019,9,9,2,3,5,2,0,0,1,0,0,0,1,1,Charlottenburg - Wilmersdorf,Accident with minor injuries,Collision with a turning/crossing vehicle,Turning accident,Daylight,Wet/moist/slippery
9935,199238,8,Weiße Siedlung,2019,9,8,2,3,2,6,0,0,1,0,0,0,0,0,Neukölln,Accident with minor injuries,Collision with the vehicle in front/waiting vehicle,Collision involving vehicles going in the same way,Daylight,Dry
9936,199239,5,Darbystraße,2019,9,12,2,2,5,2,0,0,1,0,1,0,0,0,Spandau,Accident with serious injuries,Collision with a turning/crossing vehicle,Turning accident,Daylight,Dry
9937,199240,5,Freiheit,2019,9,14,2,3,2,6,0,0,1,0,0,0,0,1,Spandau,Accident with minor injuries,Collision with the vehicle in front/waiting vehicle,Collision involving vehicles going in the same way,Daylight,Wet/moist/slippery
9938,199241,8,Handwerker-Siedlung,2019,9,9,2,3,0,6,0,0,1,0,1,0,0,1,Neukölln,Accident with minor injuries,Others,Collision involving vehicles going in the same way,Daylight,Wet/moist/slippery
9939,199242,8,Gewerbegebiet Köllnische Heide,2019,9,12,2,2,5,3,0,1,1,0,0,0,0,0,Neukölln,Accident with serious injuries,Collision with a turning/crossing vehicle,Turning/Crossing accident,Daylight,Dry
9940,199243,4,Richard-Wagner-Straße,2019,9,14,2,3,6,4,0,1,0,1,0,0,0,1,Charlottenburg - Wilmersdorf,Accident with minor injuries,Collision between vehicle and pedestrian,Pedestrian crossing accident,Daylight,Wet/moist/slippery
9941,199244,3,Wilhelmsruh,2019,9,15,2,3,2,6,0,0,1,0,0,0,0,0,Pankow,Accident with minor injuries,Collision with the vehicle in front/waiting vehicle,Collision involving vehicles going in the same way,Daylight,Dry
9942,199245,2,Wrangelkiez,2019,9,14,2,3,5,3,0,1,1,0,0,0,0,1,Friedrichshain - Kreuzberg,Accident with minor injuries,Collision with a turning/crossing vehicle,Turning/Crossing accident,Daylight,Wet/moist/slippery
9943,199246,6,Fischtal,2019,9,12,2,2,5,2,0,0,1,0,1,0,0,0,Steglitz-Zehlendorf,Accident with serious injuries,Collision with a turning/crossing vehicle,Turning accident,Daylight,Dry
9944,199247,2,Chamissokiez,2019,9,9,2,3,6,2,0,0,1,1,0,0,0,1,Friedrichshain - Kreuzberg,Accident with minor injuries,Collision between vehicle and pedestrian,Turning accident,Daylight,Wet/moist/slippery
9945,199248,3,Karow Nord,2019,9,7,2,3,2,7,0,0,1,0,1,0,0,0,Pankow,Accident with minor injuries,Collision with the vehicle in front/waiting vehicle,Others,Daylight,Dry
9946,199249,2,Samariterviertel,2019,9,14,2,3,2,6,1,0,1,0,0,1,0,1,Friedrichshain - Kreuzberg,Accident with minor injuries,Collision with the vehicle in front/waiting vehicle,Collision involving vehicles going in the same way,Twilight,Wet/moist/slippery
9947,199250,1,Karl-Marx-Allee,2019,9,8,2,3,0,3,0,1,0,0,1,0,0,0,Mitte,Accident with minor injuries,Others,Turning/Crossing accident,Daylight,Dry
9948,199251,5,Borkumer Straße,2019,9,16,6,3,5,2,0,0,1,0,0,0,0,0,Spandau,Accident with minor injuries,Collision with a turning/crossing vehicle,Turning accident,Daylight,Dry
9949,199252,12,Rollbergesiedlung,2019,9,16,6,3,2,6,0,0,1,0,0,0,0,0,Reinickendorf,Accident with minor injuries,Collision with the vehicle in front/waiting vehicle,Collision involving vehicles going in the same way,Daylight,Dry
9950,199253,8,Alt-Rudow,2019,9,16,6,3,1,1,0,0,1,0,1,0,0,0,Neukölln,Accident with minor injuries,Collision with a moving/standing/parked vehicle,Driving accident,Daylight,Dry
9951,199254,1,Gesundbrunnen,2019,9,16,6,3,3,6,0,0,1,0,1,0,0,0,Mitte,Accident with minor injuries,Collision with a vehicle traveling laterally in the same direction,Collision involving vehicles going in the same way,Daylight,Dry
9952,199255,1,Alexanderplatzviertel,2019,9,16,6,3,5,2,0,1,1,0,0,0,0,0,Mitte,Accident with minor injuries,Collision with a turning/crossing vehicle,Turning accident,Daylight,Dry
9953,199256,8,Gropiusstadt Ost,2019,9,15,6,2,5,2,0,1,1,0,0,0,0,0,Neukölln,Accident with serious injuries,Collision with a turning/crossing vehicle,Turning accident,Daylight,Dry
9954,199257,9,Johannisthal Ost,2019,9,15,6,3,0,1,0,1,0,0,0,0,0,0,Treptow-Köpenick,Accident with minor injuries,Others,Driving accident,Daylight,Dry
9955,199258,4,Flinsberger Platz,2019,9,14,6,3,2,6,0,0,1,0,0,0,0,0,Charlottenburg - Wilmersdorf,Accident with minor injuries,Collision with the vehicle in front/waiting vehicle,Collision involving vehicles going in the same way,Daylight,Dry
9956,199259,5,Gartenfelder Straße,2019,9,14,6,3,5,3,0,0,1,0,0,0,1,0,Spandau,Accident with minor injuries,Collision with a turning/crossing vehicle,Turning/Crossing accident,Daylight,Dry
9957,199260,2,Mehringplatz,2019,9,14,6,3,0,5,0,0,1,0,1,0,0,0,Friedrichshain - Kreuzberg,Accident with minor injuries,Others,Accident involving parked vehicles,Daylight,Dry
9958,199261,9,Adlershof West,2019,9,14,6,3,5,2,0,1,1,0,0,0,0,0,Treptow-Köpenick,Accident with minor injuries,Collision with a turning/crossing vehicle,Turning accident,Daylight,Dry
9959,199262,11,Fennpfuhl West,2019,9,14,6,3,6,7,0,0,1,1,0,0,0,0,Lichtenberg,Accident with minor injuries,Collision between vehicle and pedestrian,Others,Daylight,Dry