,object id,district,street,year,month,hour of day,weekday,category,accident type,accident type 2,light situation,bike involved,car involved,pedestrian involved,motor bike involved,big track involved,other vehicle involved,road condition,district name,category name,accident detail,accident type detail,light condition,road condition detail
9960,199263,4,Ernst-Reuter-Platz,2019,9,14,6,2,3,6,0,0,1,0,0,0,1,0,Charlottenburg - Wilmersdorf,Accident with serious injuries,Collision with a vehicle traveling laterally in the same direction,Collision involving vehicles going in the same way,Daylight,Dry
9961,199264,1,Alexanderplatzviertel,2019,9,13,6,3,2,6,0,1,1,0,0,0,0,0,Mitte,Accident with minor injuries,Collision with the vehicle in front/waiting vehicle,Collision involving vehicles going in the same way,Daylight,Dry
9962,199265,4,Preußenpark,2019,9,13,6,3,5,7,0,0,1,0,0,0,0,0,Charlottenburg - Wilmersdorf,Accident with minor injuries,Collision with a turning/crossing vehicle,Others,Daylight,Dry
9963,199266,1,Emdener Straße,2019,9,21,6,3,0,1,2,0,0,0,1,0,0,0,Mitte,Accident with minor injuries,Others,Driving accident,Dark,Dry
9964,199267,3,Teutoburger Platz,2019,9,21,6,3,0,1,2,0,0,0,0,0,1,0,Pankow,Accident with minor injuries,Others,Driving accident,Dark,Dry
9965,199268,9,Köpenicker Landstraße,2019,9,21,6,3,5,3,2,0,1,0,0,0,0,0,Treptow-Köpenick,Accident with minor injuries,Collision with a turning/crossing vehicle,Turning/Crossing accident,Dark,Dry
9966,199269,1,Soldiner Straße,2019,9,13,6,3,2,6,0,0,1,0,0,0,0,0,Mitte,Accident with minor injuries,Collision with the vehicle in front/waiting vehicle,Collision involving vehicles going in the same way,Daylight,Dry
9967,199270,5,Amorbacher Weg,2019,9,12,6,3,5,3,0,0,1,0,0,0,0,0,Spandau,Accident with minor injuries,Collision with a turning/crossing vehicle,Turning/Crossing accident,Daylight,Dry
9968,199271,8,Buckow Mitte,2019,9,12,6,3,5,2,0,0,1,0,1,0,0,0,Neukölln,Accident with minor injuries,Collision with a turning/crossing vehicle,Turning accident,Daylight,Dry
9969,199272,12,Heiligensee,2019,9,12,6,2,2,6,0,0,1,0,1,0,0,0,Reinickendorf,Accident with serious injuries,Collision with the vehicle in front/waiting vehicle,Collision involving vehicles going in the same way,Daylight,Dry
9970,199273,3,Bucher Forst,2019,9,7,6,3,3,6,0,1,1,0,0,0,0,0,Pankow,Accident with minor injuries,Collision with a vehicle traveling laterally in the same direction,Collision involving vehicles going in the same way,Daylight,Dry
9971,199274,9,Kietzer Feld/Nachtheide,2019,9,12,6,3,2,6,0,0,1,0,0,0,0,0,Treptow-Köpenick,Accident with minor injuries,Collision with the vehicle in front/waiting vehicle,Collision involving vehicles going in the same way,Daylight,Dry
9972,199275,1,Alexanderplatzviertel,2019,9,7,6,3,0,3,0,0,0,0,1,0,0,0,Mitte,Accident with minor injuries,Others,Turning/Crossing accident,Daylight,Dry
9973,199276,10,Oberfeldstraße,2019,9,12,6,3,5,3,0,0,1,0,0,0,0,0,Marzahn-Hellersdorf,Accident with minor injuries,Collision with a turning/crossing vehicle,Turning/Crossing accident,Daylight,Dry
9974,199277,11,Mühlengrund,2019,9,6,6,2,4,7,0,0,1,0,0,0,1,0,Lichtenberg,Accident with serious injuries,Collision with oncoming vehicle,Others,Daylight,Dry
9975,199278,4,Karl-August-Platz,2019,9,11,6,3,1,5,0,1,1,0,0,0,0,0,Charlottenburg - Wilmersdorf,Accident with minor injuries,Collision with a moving/standing/parked vehicle,Accident involving parked vehicles,Daylight,Dry
9976,199279,10,Kaulsdorf Nord,2019,9,9,6,3,5,3,0,1,1,0,0,0,0,0,Marzahn-Hellersdorf,Accident with minor injuries,Collision with a turning/crossing vehicle,Turning/Crossing accident,Daylight,Dry
9977,199280,7,Schöneberger Insel,2019,9,9,6,2,5,3,0,1,1,0,0,0,0,0,Tempelhof-Schöneberg,Accident with serious injuries,Collision with a turning/crossing vehicle,Turning/Crossing accident,Daylight,Dry
9978,199281,11,Rüdigerstraße,2019,9,9,6,3,0,7,0,0,1,0,0,0,0,0,Lichtenberg,Accident with minor injuries,Others,Others,Daylight,Dry
9979,199282,8,Buckow Ost,2019,9,8,6,3,6,4,0,0,1,1,0,0,0,0,Neukölln,Accident with minor injuries,Collision between vehicle and pedestrian,Pedestrian crossing accident,Daylight,Dry
9980,199283,4,Bismarckallee,2019,9,8,6,3,5,2,0,0,1,0,0,0,0,0,Charlottenburg - Wilmersdorf,Accident with minor injuries,Collision with a turning/crossing vehicle,Turning accident,Daylight,Dry
9981,199284,7,Fritz-Werner-Straße,2019,9,8,6,3,1,1,0,0,1,0,0,0,0,0,Tempelhof-Schöneberg,Accident with minor injuries,Collision with a moving/standing/parked vehicle,Driving accident,Daylight,Dry
9982,199285,10,Schleipfuhl,2019,9,7,6,3,5,3,0,0,1,0,0,0,1,0,Marzahn-Hellersdorf,Accident with minor injuries,Collision with a turning/crossing vehicle,Turning/Crossing accident,Daylight,Dry
9983,199286,1,Lüneburger Straße,2019,9,14,6,3,0,6,0,0,1,0,0,0,1,0,Mitte,Accident with minor injuries,Others,Collision involving vehicles going in the same way,Daylight,Dry
9984,199287,10,Marzahner Chaussee,2019,9,15,5,2,5,2,0,1,0,0,0,0,0,0,Marzahn-Hellersdorf,Accident with serious injuries,Collision with a turning/crossing vehicle,Turning accident,Daylight,Dry
9985,199288,4,Park Ruhwald,2019,9,11,5,3,5,7,0,0,1,0,0,0,0,0,Charlottenburg - Wilmersdorf,Accident with minor injuries,Collision with a turning/crossing vehicle,Others,Daylight,Dry
9986,199289,1,Wilhelmstraße,2019,9,21,5,3,0,3,2,0,1,0,1,0,0,0,Mitte,Accident with minor injuries,Others,Turning/Crossing accident,Dark,Dry
9987,199290,4,Flinsberger Platz,2019,9,17,5,3,2,7,0,0,1,0,1,0,0,0,Charlottenburg - Wilmersdorf,Accident with minor injuries,Collision with the vehicle in front/waiting vehicle,Others,Daylight,Dry
9988,199291,2,Graefekiez,2019,9,10,5,3,3,6,0,0,1,0,0,1,0,0,Friedrichshain - Kreuzberg,Accident with minor injuries,Collision with a vehicle traveling laterally in the same direction,Collision involving vehicles going in the same way,Daylight,Dry
9989,199292,8,Schulenburgpark,2019,9,20,5,3,6,4,2,0,1,1,0,0,0,0,Neukölln,Accident with minor injuries,Collision between vehicle and pedestrian,Pedestrian crossing accident,Dark,Dry
9990,199293,5,Borkumer Straße,2019,9,10,5,3,2,7,0,0,1,0,1,0,0,0,Spandau,Accident with minor injuries,Collision with the vehicle in front/waiting vehicle,Others,Daylight,Dry
9991,199294,2,Graefekiez,2019,9,19,5,3,6,4,1,1,0,1,0,0,0,0,Friedrichshain - Kreuzberg,Accident with minor injuries,Collision between vehicle and pedestrian,Pedestrian crossing accident,Twilight,Dry
9992,199295,2,Mehringplatz,2019,9,16,5,2,5,2,0,0,1,0,1,0,0,0,Friedrichshain - Kreuzberg,Accident with serious injuries,Collision with a turning/crossing vehicle,Turning accident,Daylight,Dry
9993,199296,5,Borkumer Straße,2019,9,19,5,3,6,4,1,1,0,1,0,0,0,0,Spandau,Accident with minor injuries,Collision between vehicle and pedestrian,Pedestrian crossing accident,Twilight,Dry
9994,199297,1,Nördlicher Landwehrkanal,2019,9,9,5,3,1,5,0,1,1,0,0,0,0,0,Mitte,Accident with minor injuries,Collision with a moving/standing/parked vehicle,Accident involving parked vehicles,Daylight,Dry
9995,199298,10,Rotes Viertel,2019,9,16,5,3,6,4,0,0,1,1,0,0,0,0,Marzahn-Hellersdorf,Accident with minor injuries,Collision between vehicle and pedestrian,Pedestrian crossing accident,Daylight,Dry
9996,199299,1,Soldiner Straße,2019,9,9,5,3,0,6,0,0,1,0,0,0,1,0,Mitte,Accident with minor injuries,Others,Collision involving vehicles going in the same way,Daylight,Dry
9997,199300,1,Elberfelder Straße,2019,9,15,5,3,5,3,0,0,1,0,0,0,0,0,Mitte,Accident with minor injuries,Collision with a turning/crossing vehicle,Turning/Crossing accident,Daylight,Dry
9998,199301,5,Adamstraße,2019,9,15,5,3,2,6,0,0,1,0,0,0,0,0,Spandau,Accident with minor injuries,Collision with the vehicle in front/waiting vehicle,Collision involving vehicles going in the same way,Daylight,Dry
9999,199302,1,Invalidenstraße,2019,9,14,5,3,2,3,0,0,1,0,1,0,0,0,Mitte,Accident with minor injuries,Collision with the vehicle in front/waiting vehicle,Turning/Crossing accident,Daylight,Dry
10000,199303,11,Dorf Falkenberg,2019,9,19,5,3,5,3,1,0,1,0,0,0,0,0,Lichtenberg,Accident with minor injuries,Collision with a turning/crossing vehicle,Turning/Crossing accident,Twilight,Dry
10001,199304,8,Parchimer Allee,2019,9,8,5,3,0,2,0,1,1,0,0,0,0,0,Neukölln,Accident with minor injuries,Others,Turning accident,Daylight,Dry
10002,199305,2,Boxhagener Platz,2019,9,8,5,3,5,2,0,1,1,0,0,0,0,0,Friedrichshain - Kreuzberg,Accident with minor injuries,Collision with a turning/crossing vehicle,Turning accident,Daylight,Dry
10003,199306,8,Parchimer Allee,2019,9,7,5,2,5,2,0,1,1,0,0,0,0,0,Neukölln,Accident with serious injuries,Collision with a turning/crossing vehicle,Turning accident,Daylight,Dry
10004,199307,4,Park Ruhwald,2019,9,14,5,2,6,4,0,0,0,1,0,0,1,0,Charlottenburg - Wilmersdorf,Accident with serious injuries,Collision between vehicle and pedestrian,Pedestrian crossing accident,Daylight,Dry
10005,199308,9,Dammvorstadt,2019,9,14,5,2,5,7,0,1,1,0,0,0,0,0,Treptow-Köpenick,Accident with serious injuries,Collision with a turning/crossing vehicle,Others,Daylight,Dry
10006,199309,7,Marienfelde Süd,2019,9,7,5,3,5,3,0,1,1,0,0,0,0,0,Tempelhof-Schöneberg,Accident with minor injuries,Collision with a turning/crossing vehicle,Turning/Crossing accident,Daylight,Dry
10007,199310,8,Rixdorf,2019,9,17,5,2,5,3,0,0,1,0,0,0,0,0,Neukölln,Accident with serious injuries,Collision with a turning/crossing vehicle,Turning/Crossing accident,Daylight,Dry
10008,199311,1,Alexanderplatzviertel,2019,9,14,5,3,6,4,0,1,0,1,0,0,0,0,Mitte,Accident with minor injuries,Collision between vehicle and pedestrian,Pedestrian crossing accident,Daylight,Dry
10009,199312,1,Lüneburger Straße,2019,9,17,5,2,5,2,0,1,1,0,0,0,0,0,Mitte,Accident with serious injuries,Collision with a turning/crossing vehicle,Turning accident,Daylight,Dry
10010,199313,5,An der Kappe,2019,9,14,5,3,1,1,0,1,1,0,0,0,0,0,Spandau,Accident with minor injuries,Collision with a moving/standing/parked vehicle,Driving accident,Daylight,Dry
10011,199314,11,Weitlingstraße,2019,9,13,5,2,6,4,0,0,1,1,0,0,0,0,Lichtenberg,Accident with serious injuries,Collision between vehicle and pedestrian,Pedestrian crossing accident,Daylight,Dry
10012,199315,2,Oranienplatz,2019,9,2,5,3,1,5,2,0,1,0,0,0,0,0,Friedrichshain - Kreuzberg,Accident with minor injuries,Collision with a moving/standing/parked vehicle,Accident involving parked vehicles,Dark,Dry
10013,199316,1,Rehberge,2019,9,13,5,3,3,6,0,0,1,0,0,1,0,0,Mitte,Accident with minor injuries,Collision with a vehicle traveling laterally in the same direction,Collision involving vehicles going in the same way,Daylight,Dry
10014,199317,8,Weiße Siedlung,2019,9,12,5,3,5,2,0,0,1,0,0,0,0,0,Neukölln,Accident with minor injuries,Collision with a turning/crossing vehicle,Turning accident,Daylight,Dry
10015,199318,5,Gartenfelder Straße,2019,9,11,5,3,1,5,0,0,1,0,0,0,1,0,Spandau,Accident with minor injuries,Collision with a moving/standing/parked vehicle,Accident involving parked vehicles,Daylight,Dry
10016,199319,8,Flughafenstraße,2019,9,5,5,3,5,7,1,0,1,0,0,0,0,0,Neukölln,Accident with minor injuries,Collision with a turning/crossing vehicle,Others,Twilight,Dry
10017,199320,1,Stephankiez,2019,9,14,5,3,0,6,0,0,0,0,0,0,1,0,Mitte,Accident with minor injuries,Others,Collision involving vehicles going in the same way,Daylight,Dry
10018,199321,3,Rennbahnstraße,2019,9,13,5,2,5,3,0,0,1,0,0,0,0,0,Pankow,Accident with serious injuries,Collision with a turning/crossing vehicle,Turning/Crossing accident,Daylight,Dry
10019,199322,7,Dennewitzplatz,2019,9,4,5,3,6,2,2,0,1,1,0,0,0,0,Tempelhof-Schöneberg,Accident with minor injuries,Collision between vehicle and pedestrian,Turning accident,Dark,Dry
10020,199323,1,Stülerstraße,2019,9,13,5,3,2,6,0,0,1,0,0,0,1,0,Mitte,Accident with minor injuries,Collision with the vehicle in front/waiting vehicle,Collision involving vehicles going in the same way,Daylight,Dry
10021,199324,12,Konradshöhe/Tegelort,2019,9,15,4,2,0,6,0,0,1,0,0,0,1,0,Reinickendorf,Accident with serious injuries,Others,Collision involving vehicles going in the same way,Daylight,Dry
10022,199325,4,Droysenstraße,2019,9,16,4,3,5,3,0,1,1,0,0,0,0,0,Charlottenburg - Wilmersdorf,Accident with minor injuries,Collision with a turning/crossing vehicle,Turning/Crossing accident,Daylight,Dry
10023,199326,1,Leipziger Straße,2019,9,9,4,3,5,3,0,1,1,0,0,0,0,0,Mitte,Accident with minor injuries,Collision with a turning/crossing vehicle,Turning/Crossing accident,Daylight,Dry
10024,199327,2,Reichenberger Straße,2019,9,8,4,3,6,4,0,0,1,1,0,0,0,0,Friedrichshain - Kreuzberg,Accident with minor injuries,Collision between vehicle and pedestrian,Pedestrian crossing accident,Daylight,Dry
10025,199328,8,Waltersdorfer Chaussee Ost,2019,9,13,4,3,6,2,0,0,1,1,0,0,0,0,Neukölln,Accident with minor injuries,Collision between vehicle and pedestrian,Turning accident,Daylight,Dry
10026,199329,1,Unter den Linden Nord,2019,9,13,4,3,5,2,0,1,1,0,0,0,0,0,Mitte,Accident with minor injuries,Collision with a turning/crossing vehicle,Turning accident,Daylight,Dry
10027,199330,9,Elsenstraße,2019,9,23,4,3,0,1,2,1,0,0,0,0,0,0,Treptow-Köpenick,Accident with minor injuries,Others,Driving accident,Dark,Dry
10028,199331,11,Weitlingstraße,2019,9,16,4,3,5,3,0,1,1,0,0,0,0,0,Lichtenberg,Accident with minor injuries,Collision with a turning/crossing vehicle,Turning/Crossing accident,Daylight,Dry
10029,199332,10,Kaulsdorf Nord,2019,9,8,4,3,5,3,0,0,1,0,0,0,0,0,Marzahn-Hellersdorf,Accident with minor injuries,Collision with a turning/crossing vehicle,Turning/Crossing accident,Daylight,Dry
10030,199333,1,Stephankiez,2019,9,22,4,2,1,5,2,1,0,0,0,0,1,0,Mitte,Accident with serious injuries,Collision with a moving/standing/parked vehicle,Accident involving parked vehicles,Dark,Dry
10031,199334,1,Charitéviertel,2019,9,21,4,3,1,1,2,1,1,0,0,0,0,0,Mitte,Accident with minor injuries,Collision with a moving/standing/parked vehicle,Driving accident,Dark,Dry
10032,199335,6,Nikolassee,2019,9,19,4,3,1,5,2,1,1,0,0,0,0,0,Steglitz-Zehlendorf,Accident with minor injuries,Collision with a moving/standing/parked vehicle,Accident involving parked vehicles,Dark,Dry
10033,199336,7,Volkspark (Rudolf-Wilde-Park),2019,9,19,4,3,2,6,1,0,1,0,0,0,0,0,Tempelhof-Schöneberg,Accident with minor injuries,Collision with the vehicle in front/waiting vehicle,Collision involving vehicles going in the same way,Twilight,Dry
10034,199337,5,Carl-Schurz-Straße,2019,9,18,4,3,5,7,1,0,1,0,1,0,0,0,Spandau,Accident with minor injuries,Collision with a turning/crossing vehicle,Others,Twilight,Dry
10035,199338,11,Rüdigerstraße,2019,9,18,4,3,0,3,0,1,1,0,0,0,0,0,Lichtenberg,Accident with minor injuries,Others,Turning/Crossing accident,Daylight,Dry
10036,199339,4,Ernst-Reuter-Platz,2019,9,18,4,3,6,4,0,0,1,1,0,0,0,0,Charlottenburg - Wilmersdorf,Accident with minor injuries,Collision between vehicle and pedestrian,Pedestrian crossing accident,Daylight,Dry
10037,199340,3,Buchholz,2019,9,17,4,2,6,7,0,0,1,1,0,0,0,0,Pankow,Accident with serious injuries,Collision between vehicle and pedestrian,Others,Daylight,Dry
10038,199341,1,Wilhelmstraße,2019,9,17,4,3,6,2,0,0,1,1,0,0,0,0,Mitte,Accident with minor injuries,Collision between vehicle and pedestrian,Turning accident,Daylight,Dry
10039,199342,2,Stralauer Kiez,2019,9,17,4,3,3,6,0,0,1,0,0,0,0,0,Friedrichshain - Kreuzberg,Accident with minor injuries,Collision with a vehicle traveling laterally in the same direction,Collision involving vehicles going in the same way,Daylight,Dry
10040,199343,6,Teltower Damm,2019,9,17,4,3,1,7,0,0,1,0,0,0,0,0,Steglitz-Zehlendorf,Accident with minor injuries,Collision with a moving/standing/parked vehicle,Others,Daylight,Dry
10041,199344,5,Zitadellenweg,2019,9,16,4,3,2,3,0,1,1,0,0,0,0,0,Spandau,Accident with minor injuries,Collision with the vehicle in front/waiting vehicle,Turning/Crossing accident,Daylight,Dry
10042,199345,9,Adlershof West,2019,9,8,4,3,0,6,0,0,1,0,0,0,0,0,Treptow-Köpenick,Accident with minor injuries,Others,Collision involving vehicles going in the same way,Daylight,Dry
10043,199346,5,Adamstraße,2019,9,16,4,3,5,3,0,0,1,0,0,0,0,0,Spandau,Accident with minor injuries,Collision with a turning/crossing vehicle,Turning/Crossing accident,Daylight,Dry
10044,199347,3,Greifswalder Straße,2019,9,15,4,3,2,2,0,1,1,0,0,0,0,0,Pankow,Accident with minor injuries,Collision with the vehicle in front/waiting vehicle,Turning accident,Daylight,Dry
10045,199348,9,Hirschgarten,2019,9,6,4,3,5,2,1,1,0,0,0,0,1,0,Treptow-Köpenick,Accident with minor injuries,Collision with a turning/crossing vehicle,Turning accident,Twilight,Dry
10046,199349,9,Späthsfelde,2019,9,6,4,3,5,2,0,1,1,0,0,0,0,0,Treptow-Köpenick,Accident with minor injuries,Collision with a turning/crossing vehicle,Turning accident,Daylight,Dry
10047,199350,1,Alexanderplatzviertel,2019,9,15,4,3,6,4,0,0,0,1,0,0,1,0,Mitte,Accident with minor injuries,Collision between vehicle and pedestrian,Pedestrian crossing accident,Daylight,Dry
10048,199351,5,Carl-Schurz-Straße,2019,9,5,4,2,6,2,2,0,1,1,0,0,0,0,Spandau,Accident with serious injuries,Collision between vehicle and pedestrian,Turning accident,Dark,Dry
10049,199352,12,Breitkopfbecken,2019,9,14,4,3,5,2,0,1,1,0,0,0,0,0,Reinickendorf,Accident with minor injuries,Collision with a turning/crossing vehicle,Turning accident,Daylight,Dry
10050,199353,7,Rathaus Tempelhof,2019,9,14,4,3,5,3,0,1,1,0,0,0,0,0,Tempelhof-Schöneberg,Accident with minor injuries,Collision with a turning/crossing vehicle,Turning/Crossing accident,Daylight,Dry
10051,199354,4,Alt-Lietzow,2019,9,14,4,3,5,3,0,0,1,0,1,0,0,0,Charlottenburg - Wilmersdorf,Accident with minor injuries,Collision with a turning/crossing vehicle,Turning/Crossing accident,Daylight,Dry
10052,199355,12,Dannenwalder Weg,2019,9,14,4,3,6,4,0,0,1,1,0,0,0,1,Reinickendorf,Accident with minor injuries,Collision between vehicle and pedestrian,Pedestrian crossing accident,Daylight,Wet/moist/slippery
10053,199356,7,Nollendorfplatz,2019,9,13,4,2,6,2,0,0,1,1,0,0,0,0,Tempelhof-Schöneberg,Accident with serious injuries,Collision between vehicle and pedestrian,Turning accident,Daylight,Dry
10054,199357,2,Lausitzer Platz,2019,9,13,4,3,0,3,0,1,0,0,1,0,0,0,Friedrichshain - Kreuzberg,Accident with minor injuries,Others,Turning/Crossing accident,Daylight,Dry
10055,199358,11,Karlshorst Nord,2019,9,10,4,2,4,2,0,1,0,0,0,0,1,0,Lichtenberg,Accident with serious injuries,Collision with oncoming vehicle,Turning accident,Daylight,Dry
10056,199359,1,Humboldthain Süd,2019,9,7,4,3,6,2,0,0,1,1,0,0,0,0,Mitte,Accident with minor injuries,Collision between vehicle and pedestrian,Turning accident,Daylight,Dry
10057,199360,12,Klixstraße,2019,9,10,4,3,5,2,0,0,1,0,0,0,1,0,Reinickendorf,Accident with minor injuries,Collision with a turning/crossing vehicle,Turning accident,Daylight,Dry
10058,199361,8,Treptower Straße Nord,2019,9,9,4,2,5,3,0,0,1,0,1,0,0,0,Neukölln,Accident with serious injuries,Collision with a turning/crossing vehicle,Turning/Crossing accident,Daylight,Dry
10059,199362,5,Germersheimer Platz,2019,9,9,4,3,5,3,0,1,1,0,0,0,0,0,Spandau,Accident with minor injuries,Collision with a turning/crossing vehicle,Turning/Crossing accident,Daylight,Dry
10060,199363,10,Marzahner Chaussee,2019,9,9,4,3,5,2,0,1,1,0,0,0,0,0,Marzahn-Hellersdorf,Accident with minor injuries,Collision with a turning/crossing vehicle,Turning accident,Daylight,Dry
10061,199364,2,Andreasviertel,2019,9,8,4,3,5,2,0,1,1,0,0,0,0,0,Friedrichshain - Kreuzberg,Accident with minor injuries,Collision with a turning/crossing vehicle,Turning accident,Daylight,Dry
10062,199365,8,Parchimer Allee,2019,9,7,4,3,5,7,0,1,1,0,0,0,0,0,Neukölln,Accident with minor injuries,Collision with a turning/crossing vehicle,Others,Daylight,Dry
10063,199366,2,Lausitzer Platz,2019,9,6,4,3,5,3,0,1,0,0,1,0,0,1,Friedrichshain - Kreuzberg,Accident with minor injuries,Collision with a turning/crossing vehicle,Turning/Crossing accident,Daylight,Wet/moist/slippery
10064,199367,5,Borkumer Straße,2019,9,9,4,2,5,3,0,0,1,0,0,0,1,0,Spandau,Accident with serious injuries,Collision with a turning/crossing vehicle,Turning/Crossing accident,Daylight,Dry
10065,199368,2,Chamissokiez,2019,9,16,3,3,1,5,0,1,1,0,0,0,0,0,Friedrichshain - Kreuzberg,Accident with minor injuries,Collision with a moving/standing/parked vehicle,Accident involving parked vehicles,Daylight,Dry
10066,199369,3,Weißenseer Spitze,2019,9,22,3,3,5,3,2,0,1,0,0,0,0,1,Pankow,Accident with minor injuries,Collision with a turning/crossing vehicle,Turning/Crossing accident,Dark,Wet/moist/slippery
10067,199370,1,Hansaviertel,2019,9,22,3,2,6,4,2,1,0,1,0,0,0,1,Mitte,Accident with serious injuries,Collision between vehicle and pedestrian,Pedestrian crossing accident,Dark,Wet/moist/slippery
10068,199371,1,Invalidenstraße,2019,9,21,3,3,6,4,2,1,0,1,0,0,0,1,Mitte,Accident with minor injuries,Collision between vehicle and pedestrian,Pedestrian crossing accident,Dark,Wet/moist/slippery
10069,199372,10,Ringkolonnaden,2019,9,20,3,2,5,3,2,0,1,0,0,0,0,1,Marzahn-Hellersdorf,Accident with serious injuries,Collision with a turning/crossing vehicle,Turning/Crossing accident,Dark,Wet/moist/slippery
10070,199373,1,Gesundbrunnen,2019,9,19,3,3,5,2,1,0,1,0,0,0,1,1,Mitte,Accident with minor injuries,Collision with a turning/crossing vehicle,Turning accident,Twilight,Wet/moist/slippery
10071,199374,5,Tiefwerder,2019,9,19,3,3,5,2,2,0,1,0,0,0,0,0,Spandau,Accident with minor injuries,Collision with a turning/crossing vehicle,Turning accident,Dark,Dry
10072,199375,3,Greifswalder Straße,2019,9,19,3,2,6,4,0,0,1,1,0,0,0,1,Pankow,Accident with serious injuries,Collision between vehicle and pedestrian,Pedestrian crossing accident,Daylight,Wet/moist/slippery
10073,199376,12,Schäfersee,2019,9,18,3,3,2,6,1,0,1,0,0,0,0,1,Reinickendorf,Accident with minor injuries,Collision with the vehicle in front/waiting vehicle,Collision involving vehicles going in the same way,Twilight,Wet/moist/slippery
10074,199377,2,Friedenstraße,2019,9,18,3,3,2,7,1,0,1,0,1,0,0,1,Friedrichshain - Kreuzberg,Accident with minor injuries,Collision with the vehicle in front/waiting vehicle,Others,Twilight,Wet/moist/slippery
10075,199378,8,Reuterkiez,2019,9,18,3,3,6,4,2,0,0,1,1,0,0,1,Neukölln,Accident with minor injuries,Collision between vehicle and pedestrian,Pedestrian crossing accident,Dark,Wet/moist/slippery
10076,199379,2,Friedenstraße,2019,9,17,3,3,0,2,1,1,1,0,0,0,0,1,Friedrichshain - Kreuzberg,Accident with minor injuries,Others,Turning accident,Twilight,Wet/moist/slippery
10077,199380,3,Pankow Süd,2019,9,18,3,3,5,2,0,0,1,0,1,0,0,1,Pankow,Accident with minor injuries,Collision with a turning/crossing vehicle,Turning accident,Daylight,Wet/moist/slippery
10078,199381,8,Vogelviertel Süd,2019,9,15,3,3,0,2,0,1,1,0,0,0,0,0,Neukölln,Accident with minor injuries,Others,Turning accident,Daylight,Dry
10079,199382,3,Erich-Weinert-Straße,2019,9,16,3,2,2,6,0,0,1,0,0,0,0,1,Pankow,Accident with serious injuries,Collision with the vehicle in front/waiting vehicle,Collision involving vehicles going in the same way,Daylight,Wet/moist/slippery
10080,199383,9,Dammvorstadt,2019,9,17,3,3,2,6,0,0,1,0,0,0,0,1,Treptow-Köpenick,Accident with minor injuries,Collision with the vehicle in front/waiting vehicle,Collision involving vehicles going in the same way,Daylight,Wet/moist/slippery
10081,199384,10,Havemannstraße,2019,9,17,3,3,5,3,1,0,1,0,1,0,0,1,Marzahn-Hellersdorf,Accident with minor injuries,Collision with a turning/crossing vehicle,Turning/Crossing accident,Twilight,Wet/moist/slippery
10082,199385,9,Dammvorstadt,2019,9,17,3,3,2,6,0,0,1,0,0,0,0,1,Treptow-Köpenick,Accident with minor injuries,Collision with the vehicle in front/waiting vehicle,Collision involving vehicles going in the same way,Daylight,Wet/moist/slippery
10083,199386,2,Lausitzer Platz,2019,9,14,3,3,2,6,0,0,1,0,1,0,0,1,Friedrichshain - Kreuzberg,Accident with minor injuries,Collision with the vehicle in front/waiting vehicle,Collision involving vehicles going in the same way,Daylight,Wet/moist/slippery
10084,199387,5,Zitadellenweg,2019,9,14,3,3,2,6,0,0,1,0,0,0,0,1,Spandau,Accident with minor injuries,Collision with the vehicle in front/waiting vehicle,Collision involving vehicles going in the same way,Daylight,Wet/moist/slippery
10085,199388,4,Spreestadt,2019,9,12,3,3,6,4,0,0,0,1,1,0,0,1,Charlottenburg - Wilmersdorf,Accident with minor injuries,Collision between vehicle and pedestrian,Pedestrian crossing accident,Daylight,Wet/moist/slippery
10086,199389,11,Weitlingstraße,2019,9,12,3,2,5,2,0,1,1,0,0,0,0,1,Lichtenberg,Accident with serious injuries,Collision with a turning/crossing vehicle,Turning accident,Daylight,Wet/moist/slippery
10087,199390,2,Viktoriapark,2019,9,11,3,3,3,6,0,0,1,0,0,0,0,0,Friedrichshain - Kreuzberg,Accident with minor injuries,Collision with a vehicle traveling laterally in the same direction,Collision involving vehicles going in the same way,Daylight,Dry
10088,199391,10,Marzahner Chaussee,2019,9,11,3,3,5,2,0,0,1,0,0,0,0,0,Marzahn-Hellersdorf,Accident with minor injuries,Collision with a turning/crossing vehicle,Turning accident,Daylight,Dry
10089,199392,3,Komponistenviertel Weißensee,2019,9,11,3,2,5,2,0,0,1,0,0,0,1,0,Pankow,Accident with serious injuries,Collision with a turning/crossing vehicle,Turning accident,Daylight,Dry
10090,199393,7,Wittenbergplatz/Viktoria-Luise-Platz,2019,9,10,3,3,5,7,0,0,0,0,1,0,1,0,Tempelhof-Schöneberg,Accident with minor injuries,Collision with a turning/crossing vehicle,Others,Daylight,Dry
10091,199394,2,Moritzplatz,2019,9,12,4,3,2,6,0,0,1,0,0,1,0,1,Friedrichshain - Kreuzberg,Accident with minor injuries,Collision with the vehicle in front/waiting vehicle,Collision involving vehicles going in the same way,Daylight,Wet/moist/slippery
10092,199395,3,Erich-Weinert-Straße,2019,9,10,3,3,5,3,0,0,1,0,1,0,0,0,Pankow,Accident with minor injuries,Collision with a turning/crossing vehicle,Turning/Crossing accident,Daylight,Dry
10093,199396,11,Fennpfuhl Ost,2019,9,5,3,3,7,7,1,1,0,0,0,0,0,0,Lichtenberg,Accident with minor injuries,Collision with a road obstacle,Others,Twilight,Dry
10094,199397,4,Preußenpark,2019,9,10,3,3,5,2,0,1,1,0,0,0,0,0,Charlottenburg - Wilmersdorf,Accident with minor injuries,Collision with a turning/crossing vehicle,Turning accident,Daylight,Dry