,object id,district,street,year,month,hour of day,weekday,category,accident type,accident type 2,light situation,bike involved,car involved,pedestrian involved,motor bike involved,big track involved,other vehicle involved,road condition,district name,category name,accident detail,accident type detail,light condition,road condition detail
10095,199398,4,Ernst-Reuter-Platz,2019,9,23,3,3,2,1,2,0,1,0,1,0,0,0,Charlottenburg - Wilmersdorf,Accident with minor injuries,Collision with the vehicle in front/waiting vehicle,Driving accident,Dark,Dry
10096,199399,8,Flughafenstraße,2019,9,9,3,3,2,6,0,0,1,0,0,0,0,0,Neukölln,Accident with minor injuries,Collision with the vehicle in front/waiting vehicle,Collision involving vehicles going in the same way,Daylight,Dry
10097,199400,3,Buchholz,2019,9,9,3,3,5,2,0,1,1,0,0,0,0,0,Pankow,Accident with minor injuries,Collision with a turning/crossing vehicle,Turning accident,Daylight,Dry
10098,199401,12,Wittenau Süd,2019,9,23,3,3,5,3,2,1,1,0,0,0,0,0,Reinickendorf,Accident with minor injuries,Collision with a turning/crossing vehicle,Turning/Crossing accident,Dark,Dry
10099,199402,6,Teltower Damm,2019,9,15,3,3,5,3,0,1,0,0,0,0,0,0,Steglitz-Zehlendorf,Accident with minor injuries,Collision with a turning/crossing vehicle,Turning/Crossing accident,Daylight,Dry
10100,199403,2,Viktoriapark,2019,9,9,3,3,2,2,0,1,1,0,0,0,0,0,Friedrichshain - Kreuzberg,Accident with minor injuries,Collision with the vehicle in front/waiting vehicle,Turning accident,Daylight,Dry
10101,199404,6,Komponistenviertel Lankwitz,2019,9,8,3,2,1,5,0,1,1,0,0,0,0,0,Steglitz-Zehlendorf,Accident with serious injuries,Collision with a moving/standing/parked vehicle,Accident involving parked vehicles,Daylight,Dry
10102,199405,5,Adamstraße,2019,9,21,3,3,5,3,2,1,1,0,0,0,0,0,Spandau,Accident with minor injuries,Collision with a turning/crossing vehicle,Turning/Crossing accident,Dark,Dry
10103,199406,5,Magistratsweg,2019,9,8,3,3,0,2,0,1,0,0,0,0,1,0,Spandau,Accident with minor injuries,Others,Turning accident,Daylight,Dry
10104,199407,3,Pankow Süd,2019,9,8,3,3,6,7,0,1,0,1,0,0,0,0,Pankow,Accident with minor injuries,Collision between vehicle and pedestrian,Others,Daylight,Dry
10105,199408,11,Falkenberg Ost,2019,9,6,3,3,5,2,0,1,1,0,0,0,0,0,Lichtenberg,Accident with minor injuries,Collision with a turning/crossing vehicle,Turning accident,Daylight,Dry
10106,199409,1,Rehberge,2019,9,16,3,3,1,1,0,0,1,0,0,0,0,1,Mitte,Accident with minor injuries,Collision with a moving/standing/parked vehicle,Driving accident,Daylight,Wet/moist/slippery
10107,199410,9,Köpenick Nord,2019,9,16,3,2,5,7,0,0,1,0,0,0,1,0,Treptow-Köpenick,Accident with serious injuries,Collision with a turning/crossing vehicle,Others,Daylight,Dry
10108,199411,2,Moritzplatz,2019,9,17,3,2,6,4,0,0,0,1,1,0,0,0,Friedrichshain - Kreuzberg,Accident with serious injuries,Collision between vehicle and pedestrian,Pedestrian crossing accident,Daylight,Dry
10109,199412,6,Mittelstraße,2019,9,16,3,3,5,3,0,1,0,0,0,0,1,1,Steglitz-Zehlendorf,Accident with minor injuries,Collision with a turning/crossing vehicle,Turning/Crossing accident,Daylight,Wet/moist/slippery
10110,199413,2,Moritzplatz,2019,9,16,3,3,5,3,0,0,1,0,0,0,0,0,Friedrichshain - Kreuzberg,Accident with minor injuries,Collision with a turning/crossing vehicle,Turning/Crossing accident,Daylight,Dry
10111,199414,3,Pankow Süd,2019,9,16,3,3,5,3,0,1,1,0,0,0,0,1,Pankow,Accident with minor injuries,Collision with a turning/crossing vehicle,Turning/Crossing accident,Daylight,Wet/moist/slippery
10112,199415,2,Moritzplatz,2019,9,16,3,3,5,3,0,1,1,0,0,0,0,1,Friedrichshain - Kreuzberg,Accident with minor injuries,Collision with a turning/crossing vehicle,Turning/Crossing accident,Daylight,Wet/moist/slippery
10113,199416,10,Mahlsdorf Nord,2019,9,16,3,2,2,6,0,0,1,0,0,0,0,0,Marzahn-Hellersdorf,Accident with serious injuries,Collision with the vehicle in front/waiting vehicle,Collision involving vehicles going in the same way,Daylight,Dry
10114,199417,2,Urbanstraße,2019,9,16,3,3,5,7,0,1,1,0,0,0,0,1,Friedrichshain - Kreuzberg,Accident with minor injuries,Collision with a turning/crossing vehicle,Others,Daylight,Wet/moist/slippery
10115,199418,11,Landsberger Allee,2019,9,15,3,3,0,3,0,0,1,0,0,0,1,0,Lichtenberg,Accident with minor injuries,Others,Turning/Crossing accident,Daylight,Dry
10116,199419,11,Fennpfuhl Ost,2019,9,6,3,3,6,4,0,0,0,1,1,0,0,0,Lichtenberg,Accident with minor injuries,Collision between vehicle and pedestrian,Pedestrian crossing accident,Daylight,Dry
10117,199420,4,Breitscheidplatz,2019,9,15,3,2,3,6,0,0,1,0,1,0,0,0,Charlottenburg - Wilmersdorf,Accident with serious injuries,Collision with a vehicle traveling laterally in the same direction,Collision involving vehicles going in the same way,Daylight,Dry
10118,199421,11,Malchower Weg,2019,9,16,3,2,5,3,0,0,1,0,1,0,0,1,Lichtenberg,Accident with serious injuries,Collision with a turning/crossing vehicle,Turning/Crossing accident,Daylight,Wet/moist/slippery
10119,199422,1,Westliche Müllerstraße,2019,9,16,3,3,5,3,0,0,1,0,0,0,0,1,Mitte,Accident with minor injuries,Collision with a turning/crossing vehicle,Turning/Crossing accident,Daylight,Wet/moist/slippery
10120,199423,5,Borkumer Straße,2019,9,15,3,3,5,7,0,1,1,0,0,0,0,0,Spandau,Accident with minor injuries,Collision with a turning/crossing vehicle,Others,Daylight,Dry
10121,199424,12,Breitkopfbecken,2019,9,15,3,3,6,4,0,0,1,1,0,0,0,0,Reinickendorf,Accident with minor injuries,Collision between vehicle and pedestrian,Pedestrian crossing accident,Daylight,Dry
10122,199425,2,Friedenstraße,2019,9,15,3,3,2,7,0,0,1,0,0,0,0,1,Friedrichshain - Kreuzberg,Accident with minor injuries,Collision with the vehicle in front/waiting vehicle,Others,Daylight,Wet/moist/slippery
10123,199426,2,Moritzplatz,2019,9,15,3,3,5,3,0,1,1,0,0,0,0,1,Friedrichshain - Kreuzberg,Accident with minor injuries,Collision with a turning/crossing vehicle,Turning/Crossing accident,Daylight,Wet/moist/slippery
10124,199427,8,Zittauer Straße,2019,9,14,3,3,5,3,0,1,1,0,0,0,0,0,Neukölln,Accident with minor injuries,Collision with a turning/crossing vehicle,Turning/Crossing accident,Daylight,Dry
10125,199428,11,Große-Leege-Straße,2019,9,15,3,2,0,3,0,1,1,0,0,0,0,1,Lichtenberg,Accident with serious injuries,Others,Turning/Crossing accident,Daylight,Wet/moist/slippery
10126,199429,1,Stephankiez,2019,9,13,3,3,5,2,0,0,1,0,0,0,0,0,Mitte,Accident with minor injuries,Collision with a turning/crossing vehicle,Turning accident,Daylight,Dry
10127,199430,11,Rüdigerstraße,2019,9,15,3,3,0,1,0,0,0,0,1,0,0,1,Lichtenberg,Accident with minor injuries,Others,Driving accident,Daylight,Wet/moist/slippery
10128,199431,1,Lützowstraße,2019,9,13,3,3,5,2,0,0,1,0,0,0,0,0,Mitte,Accident with minor injuries,Collision with a turning/crossing vehicle,Turning accident,Daylight,Dry
10129,199432,11,Herzbergstraße,2019,9,14,3,2,2,6,0,0,1,0,0,1,1,1,Lichtenberg,Accident with serious injuries,Collision with the vehicle in front/waiting vehicle,Collision involving vehicles going in the same way,Daylight,Wet/moist/slippery
10130,199433,1,Soldiner Straße,2019,9,10,3,3,5,2,0,0,1,0,1,0,0,0,Mitte,Accident with minor injuries,Collision with a turning/crossing vehicle,Turning accident,Daylight,Dry
10131,199434,2,Wassertorplatz,2019,9,14,3,3,2,6,0,0,1,0,1,0,0,1,Friedrichshain - Kreuzberg,Accident with minor injuries,Collision with the vehicle in front/waiting vehicle,Collision involving vehicles going in the same way,Daylight,Wet/moist/slippery
10132,199435,1,Charitéviertel,2019,9,13,3,3,0,1,0,0,0,0,1,0,0,1,Mitte,Accident with minor injuries,Others,Driving accident,Daylight,Wet/moist/slippery
10133,199436,3,Winsstraße,2019,9,10,3,3,2,5,0,0,1,0,0,0,0,0,Pankow,Accident with minor injuries,Collision with the vehicle in front/waiting vehicle,Accident involving parked vehicles,Daylight,Dry
10134,199437,1,Leipziger Straße,2019,9,8,3,3,5,2,0,1,1,0,0,0,0,0,Mitte,Accident with minor injuries,Collision with a turning/crossing vehicle,Turning accident,Daylight,Dry
10135,199438,7,Nollendorfplatz,2019,9,17,3,3,5,3,0,1,1,0,0,0,0,0,Tempelhof-Schöneberg,Accident with minor injuries,Collision with a turning/crossing vehicle,Turning/Crossing accident,Daylight,Dry
10136,199439,1,Reinickendorfer Straße,2019,9,8,3,3,5,2,0,1,1,0,0,0,0,0,Mitte,Accident with minor injuries,Collision with a turning/crossing vehicle,Turning accident,Daylight,Dry
10137,199440,7,Lindenhofsiedlung,2019,9,17,2,3,0,7,0,0,0,0,1,0,1,1,Tempelhof-Schöneberg,Accident with minor injuries,Others,Others,Daylight,Wet/moist/slippery
10138,199441,2,Reichenberger Straße,2019,9,8,3,3,0,2,0,1,0,0,1,0,0,0,Friedrichshain - Kreuzberg,Accident with minor injuries,Others,Turning accident,Daylight,Dry
10139,199442,8,Hertzbergplatz,2019,9,13,2,3,2,7,0,0,1,0,0,0,1,0,Neukölln,Accident with minor injuries,Collision with the vehicle in front/waiting vehicle,Others,Daylight,Dry
10140,199443,3,Behaimstraße,2019,9,8,3,3,2,6,0,1,1,0,0,0,0,0,Pankow,Accident with minor injuries,Collision with the vehicle in front/waiting vehicle,Collision involving vehicles going in the same way,Daylight,Dry
10141,199444,1,Sparrplatz,2019,9,7,2,3,5,2,0,0,1,0,0,1,0,0,Mitte,Accident with minor injuries,Collision with a turning/crossing vehicle,Turning accident,Daylight,Dry
10142,199445,2,Mehringplatz,2019,9,7,3,3,2,6,1,0,1,0,0,1,0,0,Friedrichshain - Kreuzberg,Accident with minor injuries,Collision with the vehicle in front/waiting vehicle,Collision involving vehicles going in the same way,Twilight,Dry
10143,199446,4,Karl-August-Platz,2019,9,12,2,3,6,4,0,0,1,1,0,0,0,0,Charlottenburg - Wilmersdorf,Accident with minor injuries,Collision between vehicle and pedestrian,Pedestrian crossing accident,Daylight,Dry
10144,199447,6,Munsterdamm,2019,9,22,2,3,1,5,2,0,1,0,0,0,0,0,Steglitz-Zehlendorf,Accident with minor injuries,Collision with a moving/standing/parked vehicle,Accident involving parked vehicles,Dark,Dry
10145,199448,1,Oranienburger Straße,2019,9,7,3,3,3,6,0,1,1,0,0,0,0,0,Mitte,Accident with minor injuries,Collision with a vehicle traveling laterally in the same direction,Collision involving vehicles going in the same way,Daylight,Dry
10146,199449,1,Westhafen,2019,9,18,2,3,5,2,0,0,1,0,1,0,0,0,Mitte,Accident with minor injuries,Collision with a turning/crossing vehicle,Turning accident,Daylight,Dry
10147,199450,12,Frohnau,2019,9,7,3,3,2,7,0,0,1,0,0,0,0,0,Reinickendorf,Accident with minor injuries,Collision with the vehicle in front/waiting vehicle,Others,Daylight,Dry
10148,199451,12,Lübars,2019,9,18,2,3,2,6,0,0,1,0,0,0,0,0,Reinickendorf,Accident with minor injuries,Collision with the vehicle in front/waiting vehicle,Collision involving vehicles going in the same way,Daylight,Dry
10149,199452,1,Huttenkiez,2019,9,17,2,3,5,2,0,1,1,0,0,0,0,0,Mitte,Accident with minor injuries,Collision with a turning/crossing vehicle,Turning accident,Daylight,Dry
10150,199453,4,Königin-Elisabeth-Straße,2019,9,7,3,3,2,2,1,0,1,0,0,0,0,0,Charlottenburg - Wilmersdorf,Accident with minor injuries,Collision with the vehicle in front/waiting vehicle,Turning accident,Twilight,Dry
10151,199454,3,Pankow Zentrum,2019,9,17,2,3,4,6,0,1,1,0,0,0,0,0,Pankow,Accident with minor injuries,Collision with oncoming vehicle,Collision involving vehicles going in the same way,Daylight,Dry
10152,199455,4,Kaiserin-Augusta-Allee,2019,9,5,3,3,6,4,2,0,0,1,1,0,0,0,Charlottenburg - Wilmersdorf,Accident with minor injuries,Collision between vehicle and pedestrian,Pedestrian crossing accident,Dark,Dry
10153,199456,4,Jungfernheide,2019,9,17,2,3,3,6,0,0,1,0,0,0,0,0,Charlottenburg - Wilmersdorf,Accident with minor injuries,Collision with a vehicle traveling laterally in the same direction,Collision involving vehicles going in the same way,Daylight,Dry
10154,199457,10,Gut Hellersdorf,2019,9,0,3,3,9,1,2,0,1,0,0,0,0,0,Marzahn-Hellersdorf,Accident with minor injuries,Departure from the roadway to the left,Driving accident,Dark,Dry
10155,199458,7,Lindenhofsiedlung,2019,9,17,2,3,0,7,0,0,0,0,1,0,0,1,Tempelhof-Schöneberg,Accident with minor injuries,Others,Others,Daylight,Wet/moist/slippery
10156,199459,2,Mehringplatz,2019,9,22,3,2,5,3,2,1,1,1,0,0,0,0,Friedrichshain - Kreuzberg,Accident with serious injuries,Collision with a turning/crossing vehicle,Turning/Crossing accident,Dark,Dry
10157,199460,7,Lindenhofsiedlung,2019,9,17,2,3,0,7,0,0,0,0,1,0,1,1,Tempelhof-Schöneberg,Accident with minor injuries,Others,Others,Daylight,Wet/moist/slippery
10158,199461,8,Gropiusstadt Ost,2019,9,16,2,2,5,2,0,1,0,0,0,0,1,0,Neukölln,Accident with serious injuries,Collision with a turning/crossing vehicle,Turning accident,Daylight,Dry
10159,199462,8,Glasower Straße,2019,9,9,2,3,0,3,0,1,0,0,0,1,0,0,Neukölln,Accident with minor injuries,Others,Turning/Crossing accident,Daylight,Dry
10160,199463,9,Adlershof West,2019,9,14,2,3,5,2,0,1,1,0,0,0,0,0,Treptow-Köpenick,Accident with minor injuries,Collision with a turning/crossing vehicle,Turning accident,Daylight,Dry
10161,199464,7,Alt-Lichtenrade/Töpchiner Weg,2019,9,16,2,2,5,3,0,0,1,0,0,0,0,0,Tempelhof-Schöneberg,Accident with serious injuries,Collision with a turning/crossing vehicle,Turning/Crossing accident,Daylight,Dry
10162,199465,3,Pankow Süd,2019,9,20,2,3,0,6,2,1,1,0,0,0,0,0,Pankow,Accident with minor injuries,Others,Collision involving vehicles going in the same way,Dark,Dry
10163,199466,8,Körnerpark,2019,9,16,2,3,6,7,0,0,0,1,0,0,1,0,Neukölln,Accident with minor injuries,Collision between vehicle and pedestrian,Others,Daylight,Dry
10164,199467,4,Kissinger Straße,2019,9,16,2,3,5,3,0,1,1,0,0,0,0,0,Charlottenburg - Wilmersdorf,Accident with minor injuries,Collision with a turning/crossing vehicle,Turning/Crossing accident,Daylight,Dry
10165,199468,9,Köpenicker Landstraße,2019,9,16,2,3,1,7,0,0,1,0,0,0,0,0,Treptow-Köpenick,Accident with minor injuries,Collision with a moving/standing/parked vehicle,Others,Daylight,Dry
10166,199469,11,Falkenberg West,2019,9,14,2,3,2,6,0,0,1,0,0,0,0,0,Lichtenberg,Accident with minor injuries,Collision with the vehicle in front/waiting vehicle,Collision involving vehicles going in the same way,Daylight,Dry
10167,199470,2,Boxhagener Platz,2019,9,15,2,3,1,5,0,1,1,0,0,0,0,0,Friedrichshain - Kreuzberg,Accident with minor injuries,Collision with a moving/standing/parked vehicle,Accident involving parked vehicles,Daylight,Dry
10168,199471,12,Waldidyll/Flughafensee,2019,9,15,2,3,2,6,0,0,1,0,0,0,0,0,Reinickendorf,Accident with minor injuries,Collision with the vehicle in front/waiting vehicle,Collision involving vehicles going in the same way,Daylight,Dry
10169,199472,1,Großer Tiergarten,2019,9,9,2,3,2,2,0,0,1,0,0,1,0,0,Mitte,Accident with minor injuries,Collision with the vehicle in front/waiting vehicle,Turning accident,Daylight,Dry
10170,199473,1,Leopoldplatz,2019,9,14,2,2,5,2,0,0,1,0,0,0,0,0,Mitte,Accident with serious injuries,Collision with a turning/crossing vehicle,Turning accident,Daylight,Dry
10171,199474,9,Bohnsdorf,2019,9,8,2,3,5,3,0,1,1,0,0,0,0,0,Treptow-Köpenick,Accident with minor injuries,Collision with a turning/crossing vehicle,Turning/Crossing accident,Daylight,Dry
10172,199475,8,Flughafenstraße,2019,9,14,2,3,6,7,0,1,0,1,0,0,0,0,Neukölln,Accident with minor injuries,Collision between vehicle and pedestrian,Others,Daylight,Dry
10173,199476,5,Gartenfelder Straße,2019,9,8,2,3,2,6,0,0,1,0,0,0,0,0,Spandau,Accident with minor injuries,Collision with the vehicle in front/waiting vehicle,Collision involving vehicles going in the same way,Daylight,Dry
10174,199477,12,Scharnweberstraße,2019,9,11,2,2,5,3,0,0,0,0,1,0,1,0,Reinickendorf,Accident with serious injuries,Collision with a turning/crossing vehicle,Turning/Crossing accident,Daylight,Dry
10175,199478,10,Marzahner Chaussee,2019,9,8,2,3,5,2,0,1,1,0,0,0,0,0,Marzahn-Hellersdorf,Accident with minor injuries,Collision with a turning/crossing vehicle,Turning accident,Daylight,Dry
10176,199479,6,Gemeindepark Lankwitz,2019,9,14,2,3,2,7,0,0,1,0,1,0,0,0,Steglitz-Zehlendorf,Accident with minor injuries,Collision with the vehicle in front/waiting vehicle,Others,Daylight,Dry
10177,199480,11,Sewanstraße,2019,9,10,2,3,6,4,0,0,1,1,0,0,0,0,Lichtenberg,Accident with minor injuries,Collision between vehicle and pedestrian,Pedestrian crossing accident,Daylight,Dry
10178,199481,4,Ludwigkirchplatz,2019,9,8,2,3,5,2,0,1,1,0,0,0,0,0,Charlottenburg - Wilmersdorf,Accident with minor injuries,Collision with a turning/crossing vehicle,Turning accident,Daylight,Dry
10179,199482,1,Unter den Linden Süd,2019,9,9,2,3,5,2,0,1,1,0,0,0,0,0,Mitte,Accident with minor injuries,Collision with a turning/crossing vehicle,Turning accident,Daylight,Dry
10180,199483,7,Rathausstraße,2019,9,7,2,3,2,2,0,0,1,0,0,1,0,0,Tempelhof-Schöneberg,Accident with minor injuries,Collision with the vehicle in front/waiting vehicle,Turning accident,Daylight,Dry
10181,199484,1,Oranienburger Straße,2019,9,10,2,3,6,7,0,0,1,1,0,0,0,0,Mitte,Accident with minor injuries,Collision between vehicle and pedestrian,Others,Daylight,Dry
10182,199485,1,Leopoldplatz,2019,9,21,2,2,6,4,2,0,1,1,0,0,0,0,Mitte,Accident with serious injuries,Collision between vehicle and pedestrian,Pedestrian crossing accident,Dark,Dry
10183,199486,5,Ackerstraße,2019,9,14,2,3,2,6,0,0,1,0,0,0,1,0,Spandau,Accident with minor injuries,Collision with the vehicle in front/waiting vehicle,Collision involving vehicles going in the same way,Daylight,Dry
10184,199487,12,Klixstraße,2019,9,19,2,3,3,6,2,0,1,0,1,0,0,0,Reinickendorf,Accident with minor injuries,Collision with a vehicle traveling laterally in the same direction,Collision involving vehicles going in the same way,Dark,Dry
10185,199488,2,Urbanstraße,2019,9,9,2,3,5,2,0,1,1,0,0,0,0,1,Friedrichshain - Kreuzberg,Accident with minor injuries,Collision with a turning/crossing vehicle,Turning accident,Daylight,Wet/moist/slippery
10186,199489,6,Zehlendorf Süd,2019,9,9,2,3,5,3,0,1,1,0,0,0,0,1,Steglitz-Zehlendorf,Accident with minor injuries,Collision with a turning/crossing vehicle,Turning/Crossing accident,Daylight,Wet/moist/slippery
10187,199490,9,Rahnsdorf/Hessenwinkel,2019,9,20,2,2,2,7,2,0,1,0,0,0,0,0,Treptow-Köpenick,Accident with serious injuries,Collision with the vehicle in front/waiting vehicle,Others,Dark,Dry
10188,199491,1,Leopoldplatz,2019,9,20,2,3,2,6,2,0,1,0,0,0,0,0,Mitte,Accident with minor injuries,Collision with the vehicle in front/waiting vehicle,Collision involving vehicles going in the same way,Dark,Dry
10189,199492,4,Breitscheidplatz,2019,9,9,2,3,6,2,0,0,1,1,0,0,0,0,Charlottenburg - Wilmersdorf,Accident with minor injuries,Collision between vehicle and pedestrian,Turning accident,Daylight,Dry
10190,199493,1,Heine-Viertel West,2019,9,9,2,3,3,6,0,1,1,0,0,0,0,0,Mitte,Accident with minor injuries,Collision with a vehicle traveling laterally in the same direction,Collision involving vehicles going in the same way,Daylight,Dry
10191,199494,9,Altstadt Kietz,2019,9,16,2,3,2,6,0,0,1,0,0,0,0,0,Treptow-Köpenick,Accident with minor injuries,Collision with the vehicle in front/waiting vehicle,Collision involving vehicles going in the same way,Daylight,Dry
10192,199495,4,Breitscheidplatz,2019,9,8,2,3,2,6,0,1,1,0,0,0,0,1,Charlottenburg - Wilmersdorf,Accident with minor injuries,Collision with the vehicle in front/waiting vehicle,Collision involving vehicles going in the same way,Daylight,Wet/moist/slippery
10193,199496,7,Rathaus Tempelhof,2019,9,9,2,2,5,3,0,1,0,0,0,0,0,0,Tempelhof-Schöneberg,Accident with serious injuries,Collision with a turning/crossing vehicle,Turning/Crossing accident,Daylight,Dry
10194,199497,1,Charitéviertel,2019,9,8,2,3,5,2,0,1,1,0,0,0,0,0,Mitte,Accident with minor injuries,Collision with a turning/crossing vehicle,Turning accident,Daylight,Dry
10195,199498,3,Humannplatz,2019,9,8,2,3,0,2,0,1,1,0,0,0,0,0,Pankow,Accident with minor injuries,Others,Turning accident,Daylight,Dry
10196,199499,3,Lietzengraben,2019,9,15,2,3,5,3,0,0,1,0,0,0,0,0,Pankow,Accident with minor injuries,Collision with a turning/crossing vehicle,Turning/Crossing accident,Daylight,Dry
10197,199500,6,Oberhofer Platz,2019,9,7,2,2,5,3,0,1,1,0,0,0,0,0,Steglitz-Zehlendorf,Accident with serious injuries,Collision with a turning/crossing vehicle,Turning/Crossing accident,Daylight,Dry
10198,199501,12,Heiligensee,2019,9,13,2,3,0,7,0,0,1,0,0,0,0,0,Reinickendorf,Accident with minor injuries,Others,Others,Daylight,Dry
10199,199502,7,Volkspark (Rudolf-Wilde-Park),2019,9,14,2,3,5,3,0,1,1,0,0,0,0,0,Tempelhof-Schöneberg,Accident with minor injuries,Collision with a turning/crossing vehicle,Turning/Crossing accident,Daylight,Dry
10200,199503,4,George-Grosz-Platz,2019,9,11,2,3,5,7,0,0,1,0,0,0,1,0,Charlottenburg - Wilmersdorf,Accident with minor injuries,Collision with a turning/crossing vehicle,Others,Daylight,Dry
10201,199504,1,Oranienburger Straße,2019,9,19,2,3,0,4,2,1,0,1,0,0,0,0,Mitte,Accident with minor injuries,Others,Pedestrian crossing accident,Dark,Dry
10202,199505,8,Flughafenstraße,2019,9,11,2,3,5,3,0,0,1,0,0,0,0,0,Neukölln,Accident with minor injuries,Collision with a turning/crossing vehicle,Turning/Crossing accident,Daylight,Dry
10203,199506,8,Schillerpromenade,2019,9,7,2,3,2,7,0,0,1,0,0,0,0,0,Neukölln,Accident with minor injuries,Collision with the vehicle in front/waiting vehicle,Others,Daylight,Dry
10204,199507,4,Paul-Hertz-Siedlung,2019,9,13,2,3,6,4,0,0,1,1,0,0,0,0,Charlottenburg - Wilmersdorf,Accident with minor injuries,Collision between vehicle and pedestrian,Pedestrian crossing accident,Daylight,Dry
10205,199508,1,Gesundbrunnen,2019,9,15,1,3,1,5,0,1,1,0,0,0,0,0,Mitte,Accident with minor injuries,Collision with a moving/standing/parked vehicle,Accident involving parked vehicles,Daylight,Dry
10206,199509,5,Döberitzer Weg,2019,9,17,2,3,0,3,0,1,1,0,0,0,0,0,Spandau,Accident with minor injuries,Others,Turning/Crossing accident,Daylight,Dry
10207,199510,11,Rummelsburg,2019,9,8,1,3,6,4,0,0,1,1,0,0,0,0,Lichtenberg,Accident with minor injuries,Collision between vehicle and pedestrian,Pedestrian crossing accident,Daylight,Dry
10208,199511,1,Oranienburger Straße,2019,9,13,2,3,0,1,0,1,0,0,0,0,0,0,Mitte,Accident with minor injuries,Others,Driving accident,Daylight,Dry
10209,199512,4,Breitscheidplatz,2019,9,16,1,3,5,2,0,1,1,0,0,0,0,0,Charlottenburg - Wilmersdorf,Accident with minor injuries,Collision with a turning/crossing vehicle,Turning accident,Daylight,Dry
10210,199513,4,Amtsgerichtsplatz,2019,9,18,1,3,0,7,0,0,0,0,1,0,0,1,Charlottenburg - Wilmersdorf,Accident with minor injuries,Others,Others,Daylight,Wet/moist/slippery
10211,199514,8,Reuterkiez,2019,9,9,2,3,5,2,0,1,1,0,0,0,0,0,Neukölln,Accident with minor injuries,Collision with a turning/crossing vehicle,Turning accident,Daylight,Dry
10212,199515,3,Behaimstraße,2019,9,18,2,3,4,1,1,1,0,0,0,0,1,0,Pankow,Accident with minor injuries,Collision with oncoming vehicle,Driving accident,Twilight,Dry
10213,199516,8,Silbersteinstraße,2019,9,16,1,3,0,7,0,0,0,1,0,0,1,0,Neukölln,Accident with minor injuries,Others,Others,Daylight,Dry
10214,199517,1,Großer Tiergarten,2019,9,16,1,3,0,1,0,0,0,0,0,0,1,0,Mitte,Accident with minor injuries,Others,Driving accident,Daylight,Dry
10215,199518,1,Humboldthain Nordwest,2019,9,12,2,3,5,3,0,0,1,0,0,0,0,0,Mitte,Accident with minor injuries,Collision with a turning/crossing vehicle,Turning/Crossing accident,Daylight,Dry
10216,199519,9,Elsenstraße,2019,9,16,1,3,2,6,0,1,1,0,0,0,0,0,Treptow-Köpenick,Accident with minor injuries,Collision with the vehicle in front/waiting vehicle,Collision involving vehicles going in the same way,Daylight,Dry
10217,199520,9,Müggelheim,2019,9,12,2,3,5,3,0,1,1,0,0,0,0,0,Treptow-Köpenick,Accident with minor injuries,Collision with a turning/crossing vehicle,Turning/Crossing accident,Daylight,Dry
10218,199521,4,Brabanter Platz,2019,9,15,1,3,1,5,0,1,1,0,0,0,0,0,Charlottenburg - Wilmersdorf,Accident with minor injuries,Collision with a moving/standing/parked vehicle,Accident involving parked vehicles,Daylight,Dry
10219,199522,4,Alt-Lietzow,2019,9,14,1,3,2,3,0,1,1,0,0,0,0,0,Charlottenburg - Wilmersdorf,Accident with minor injuries,Collision with the vehicle in front/waiting vehicle,Turning/Crossing accident,Daylight,Dry
10220,199523,3,Kollwitzplatz,2019,9,18,2,3,2,6,2,0,1,0,0,0,0,0,Pankow,Accident with minor injuries,Collision with the vehicle in front/waiting vehicle,Collision involving vehicles going in the same way,Dark,Dry
10221,199524,4,Jungfernheide,2019,9,13,1,3,5,2,0,0,0,0,1,0,0,0,Charlottenburg - Wilmersdorf,Accident with minor injuries,Collision with a turning/crossing vehicle,Turning accident,Daylight,Dry
10222,199525,4,Paul-Hertz-Siedlung,2019,9,20,1,3,3,2,2,0,1,0,0,0,0,0,Charlottenburg - Wilmersdorf,Accident with minor injuries,Collision with a vehicle traveling laterally in the same direction,Turning accident,Dark,Dry
10223,199526,4,Eisenzahnstraße,2019,9,17,2,3,5,2,0,0,1,0,0,0,0,0,Charlottenburg - Wilmersdorf,Accident with minor injuries,Collision with a turning/crossing vehicle,Turning accident,Daylight,Dry
10224,199527,1,Schillerpark,2019,9,18,1,2,5,3,0,1,1,0,0,0,0,0,Mitte,Accident with serious injuries,Collision with a turning/crossing vehicle,Turning/Crossing accident,Daylight,Dry
10225,199528,1,Hansaviertel,2019,9,17,2,3,6,7,0,0,1,1,0,0,0,0,Mitte,Accident with minor injuries,Collision between vehicle and pedestrian,Others,Daylight,Dry
10226,199529,9,Adlershof West,2019,9,18,1,3,5,2,0,0,1,0,0,0,0,0,Treptow-Köpenick,Accident with minor injuries,Collision with a turning/crossing vehicle,Turning accident,Daylight,Dry
10227,199530,7,Manteuffelstraße,2019,9,17,1,3,5,2,0,1,1,0,0,0,0,0,Tempelhof-Schöneberg,Accident with minor injuries,Collision with a turning/crossing vehicle,Turning accident,Daylight,Dry
10228,199531,9,Altstadt Kietz,2019,9,14,2,3,1,1,0,1,1,0,0,0,0,0,Treptow-Köpenick,Accident with minor injuries,Collision with a moving/standing/parked vehicle,Driving accident,Daylight,Dry
10229,199532,1,Brunnenstraße,2019,9,17,2,3,1,5,0,1,1,0,0,0,0,0,Mitte,Accident with minor injuries,Collision with a moving/standing/parked vehicle,Accident involving parked vehicles,Daylight,Dry
10230,199533,1,Großer Tiergarten,2019,9,7,1,3,0,1,0,0,0,0,1,0,0,0,Mitte,Accident with minor injuries,Others,Driving accident,Daylight,Dry