,object id,district,street,year,month,hour of day,weekday,category,accident type,accident type 2,light situation,bike involved,car involved,pedestrian involved,motor bike involved,big track involved,other vehicle involved,road condition,district name,category name,accident detail,accident type detail,light condition,road condition detail
10366,199669,6,Alt-Lankwitz,2019,9,12,2,2,6,2,0,0,1,1,0,0,0,1,Steglitz-Zehlendorf,Accident with serious injuries,Collision between vehicle and pedestrian,Turning accident,Daylight,Wet/moist/slippery
10367,199670,4,Breitscheidplatz,2019,9,12,2,2,2,7,0,0,1,0,0,0,0,1,Charlottenburg - Wilmersdorf,Accident with serious injuries,Collision with the vehicle in front/waiting vehicle,Others,Daylight,Wet/moist/slippery
10368,199671,6,Zehlendorf Mitte,2019,9,9,2,3,6,4,0,0,1,1,0,0,0,1,Steglitz-Zehlendorf,Accident with minor injuries,Collision between vehicle and pedestrian,Pedestrian crossing accident,Daylight,Wet/moist/slippery
10369,199672,5,Amorbacher Weg,2019,9,9,2,3,2,2,0,0,1,0,0,0,0,1,Spandau,Accident with minor injuries,Collision with the vehicle in front/waiting vehicle,Turning accident,Daylight,Wet/moist/slippery
10370,199673,8,Hertzbergplatz,2019,9,11,2,3,5,3,0,0,1,0,1,0,0,1,Neukölln,Accident with minor injuries,Collision with a turning/crossing vehicle,Turning/Crossing accident,Daylight,Wet/moist/slippery
10371,199674,3,Falkplatz,2019,9,10,2,3,2,6,0,0,1,0,0,0,0,1,Pankow,Accident with minor injuries,Collision with the vehicle in front/waiting vehicle,Collision involving vehicles going in the same way,Daylight,Wet/moist/slippery
10372,199675,4,Brabanter Platz,2019,9,9,2,3,5,2,0,0,1,0,0,0,0,1,Charlottenburg - Wilmersdorf,Accident with minor injuries,Collision with a turning/crossing vehicle,Turning accident,Daylight,Wet/moist/slippery
10373,199676,4,Richard-Wagner-Straße,2019,9,8,2,3,5,2,0,1,1,0,0,0,0,1,Charlottenburg - Wilmersdorf,Accident with minor injuries,Collision with a turning/crossing vehicle,Turning accident,Daylight,Wet/moist/slippery
10374,199677,2,Lausitzer Platz,2019,9,8,2,3,0,5,0,1,1,0,0,0,0,1,Friedrichshain - Kreuzberg,Accident with minor injuries,Others,Accident involving parked vehicles,Daylight,Wet/moist/slippery
10375,199678,4,Jungfernheide,2019,9,7,2,3,5,2,0,1,1,0,0,0,0,1,Charlottenburg - Wilmersdorf,Accident with minor injuries,Collision with a turning/crossing vehicle,Turning accident,Daylight,Wet/moist/slippery
10376,199679,4,Messegelände,2019,9,7,2,3,2,6,0,0,1,0,0,0,0,1,Charlottenburg - Wilmersdorf,Accident with minor injuries,Collision with the vehicle in front/waiting vehicle,Collision involving vehicles going in the same way,Daylight,Wet/moist/slippery
10377,199680,1,Brunnenstraße,2019,9,6,2,3,6,2,2,0,1,1,0,0,0,1,Mitte,Accident with minor injuries,Collision between vehicle and pedestrian,Turning accident,Dark,Wet/moist/slippery
10378,199681,7,Rathausstraße,2019,9,6,2,2,6,2,2,0,1,1,0,0,0,1,Tempelhof-Schöneberg,Accident with serious injuries,Collision between vehicle and pedestrian,Turning accident,Dark,Wet/moist/slippery
10379,199682,8,Buckow Mitte,2019,9,6,2,3,6,4,2,0,1,1,0,0,0,1,Neukölln,Accident with minor injuries,Collision between vehicle and pedestrian,Pedestrian crossing accident,Dark,Wet/moist/slippery
10380,199683,2,Traveplatz,2019,9,6,2,3,2,6,2,0,1,0,0,1,0,1,Friedrichshain - Kreuzberg,Accident with minor injuries,Collision with the vehicle in front/waiting vehicle,Collision involving vehicles going in the same way,Dark,Wet/moist/slippery
10381,199684,6,Gemeindepark Lankwitz,2019,9,5,2,3,5,2,2,1,1,0,0,0,0,1,Steglitz-Zehlendorf,Accident with minor injuries,Collision with a turning/crossing vehicle,Turning accident,Dark,Wet/moist/slippery
10382,199685,1,Gesundbrunnen,2019,9,18,2,3,5,2,0,1,1,0,0,0,0,0,Mitte,Accident with minor injuries,Collision with a turning/crossing vehicle,Turning accident,Daylight,Dry
10383,199686,8,Gropiusstadt Ost,2019,9,18,1,3,2,7,2,0,1,0,1,0,1,1,Neukölln,Accident with minor injuries,Collision with the vehicle in front/waiting vehicle,Others,Dark,Wet/moist/slippery
10384,199687,1,Stülerstraße,2019,9,17,1,3,0,4,0,0,0,1,1,0,0,1,Mitte,Accident with minor injuries,Others,Pedestrian crossing accident,Daylight,Wet/moist/slippery
10385,199688,1,Arkonaplatz,2019,9,16,1,3,2,6,0,0,1,0,0,0,0,1,Mitte,Accident with minor injuries,Collision with the vehicle in front/waiting vehicle,Collision involving vehicles going in the same way,Daylight,Wet/moist/slippery
10386,199689,4,Karl-August-Platz,2019,9,16,1,2,5,3,0,0,1,0,0,0,0,1,Charlottenburg - Wilmersdorf,Accident with serious injuries,Collision with a turning/crossing vehicle,Turning/Crossing accident,Daylight,Wet/moist/slippery
10387,199690,5,Magistratsweg,2019,9,15,1,2,5,2,1,0,1,0,0,0,0,1,Spandau,Accident with serious injuries,Collision with a turning/crossing vehicle,Turning accident,Twilight,Wet/moist/slippery
10388,199691,1,Charitéviertel,2019,9,14,1,3,0,1,0,0,0,0,0,0,1,1,Mitte,Accident with minor injuries,Others,Driving accident,Daylight,Wet/moist/slippery
10389,199692,10,Hellersdorfer Promenade,2019,9,14,1,3,5,3,0,0,1,0,0,0,1,1,Marzahn-Hellersdorf,Accident with minor injuries,Collision with a turning/crossing vehicle,Turning/Crossing accident,Daylight,Wet/moist/slippery
10390,199693,8,Buckow West,2019,9,13,1,3,2,6,0,0,1,0,0,0,0,1,Neukölln,Accident with minor injuries,Collision with the vehicle in front/waiting vehicle,Collision involving vehicles going in the same way,Daylight,Wet/moist/slippery
10391,199694,7,Friedenau,2019,9,13,1,3,3,6,0,1,1,0,0,0,0,1,Tempelhof-Schöneberg,Accident with minor injuries,Collision with a vehicle traveling laterally in the same direction,Collision involving vehicles going in the same way,Daylight,Wet/moist/slippery
10392,199695,4,Königin-Elisabeth-Straße,2019,9,12,1,3,3,6,0,0,1,0,0,0,0,1,Charlottenburg - Wilmersdorf,Accident with minor injuries,Collision with a vehicle traveling laterally in the same direction,Collision involving vehicles going in the same way,Daylight,Wet/moist/slippery
10393,199696,2,Oranienplatz,2019,9,12,1,2,4,7,0,1,0,0,0,0,1,1,Friedrichshain - Kreuzberg,Accident with serious injuries,Collision with oncoming vehicle,Others,Daylight,Wet/moist/slippery
10394,199697,5,Zitadellenweg,2019,9,8,1,3,1,5,0,0,1,0,0,0,0,0,Spandau,Accident with minor injuries,Collision with a moving/standing/parked vehicle,Accident involving parked vehicles,Daylight,Dry
10395,199698,3,Volkspark Prenzlauer Berg,2019,9,19,1,3,0,6,2,0,1,0,0,0,0,1,Pankow,Accident with minor injuries,Others,Collision involving vehicles going in the same way,Dark,Wet/moist/slippery
10396,199699,2,Urbanstraße,2019,9,8,1,3,5,3,0,1,1,0,0,0,0,1,Friedrichshain - Kreuzberg,Accident with minor injuries,Collision with a turning/crossing vehicle,Turning/Crossing accident,Daylight,Wet/moist/slippery
10397,199700,1,Rehberge,2019,9,19,1,3,5,2,1,0,1,0,0,0,0,1,Mitte,Accident with minor injuries,Collision with a turning/crossing vehicle,Turning accident,Twilight,Wet/moist/slippery
10398,199701,6,Lankwitz Kirche,2019,9,18,1,3,5,7,1,0,1,0,1,0,0,1,Steglitz-Zehlendorf,Accident with minor injuries,Collision with a turning/crossing vehicle,Others,Twilight,Wet/moist/slippery
10399,199702,8,Reuterkiez,2019,9,17,1,3,5,2,0,1,0,0,0,0,1,1,Neukölln,Accident with minor injuries,Collision with a turning/crossing vehicle,Turning accident,Daylight,Wet/moist/slippery
10400,199703,4,Hagenplatz,2019,9,21,7,3,1,1,2,0,1,0,0,0,0,1,Charlottenburg - Wilmersdorf,Accident with minor injuries,Collision with a moving/standing/parked vehicle,Driving accident,Dark,Wet/moist/slippery
10401,199704,7,Neu-Tempelhof,2019,10,17,3,3,2,6,1,0,1,0,1,0,0,1,Tempelhof-Schöneberg,Accident with minor injuries,Collision with the vehicle in front/waiting vehicle,Collision involving vehicles going in the same way,Twilight,Wet/moist/slippery
10402,199705,1,Großer Tiergarten,2019,9,13,7,2,2,6,0,1,0,0,0,0,1,0,Mitte,Accident with serious injuries,Collision with the vehicle in front/waiting vehicle,Collision involving vehicles going in the same way,Daylight,Dry
10403,199706,1,Heine-Viertel Ost,2019,10,17,3,3,1,5,0,1,1,0,0,0,0,1,Mitte,Accident with minor injuries,Collision with a moving/standing/parked vehicle,Accident involving parked vehicles,Daylight,Wet/moist/slippery
10404,199707,7,Germaniagarten,2019,9,15,7,3,1,5,1,0,1,0,0,0,0,1,Tempelhof-Schöneberg,Accident with minor injuries,Collision with a moving/standing/parked vehicle,Accident involving parked vehicles,Twilight,Wet/moist/slippery
10405,199708,6,Lankwitz Süd,2019,10,17,3,3,5,3,0,0,1,0,0,0,0,1,Steglitz-Zehlendorf,Accident with minor injuries,Collision with a turning/crossing vehicle,Turning/Crossing accident,Daylight,Wet/moist/slippery
10406,199709,4,Breitscheidplatz,2019,9,22,7,3,0,2,2,0,0,1,0,0,1,0,Charlottenburg - Wilmersdorf,Accident with minor injuries,Others,Turning accident,Dark,Dry
10407,199710,6,Südende,2019,10,16,3,3,2,6,0,0,1,0,0,0,0,1,Steglitz-Zehlendorf,Accident with minor injuries,Collision with the vehicle in front/waiting vehicle,Collision involving vehicles going in the same way,Daylight,Wet/moist/slippery
10408,199711,7,Hundsteinweg,2019,10,16,3,3,2,2,0,0,1,0,0,0,1,1,Tempelhof-Schöneberg,Accident with minor injuries,Collision with the vehicle in front/waiting vehicle,Turning accident,Daylight,Wet/moist/slippery
10409,199712,1,Charitéviertel,2019,9,23,7,3,5,2,2,1,1,0,0,0,0,0,Mitte,Accident with minor injuries,Collision with a turning/crossing vehicle,Turning accident,Dark,Dry
10410,199713,7,Dennewitzplatz,2019,10,16,3,3,2,6,0,0,1,0,1,0,0,1,Tempelhof-Schöneberg,Accident with minor injuries,Collision with the vehicle in front/waiting vehicle,Collision involving vehicles going in the same way,Daylight,Wet/moist/slippery
10411,199714,4,Hagenplatz,2019,9,21,7,3,8,1,2,0,1,0,0,0,0,1,Charlottenburg - Wilmersdorf,Accident with minor injuries,Departure from the roadway to the right,Driving accident,Dark,Wet/moist/slippery
10412,199715,4,Königin-Elisabeth-Straße,2019,10,16,3,3,2,6,0,0,1,0,0,0,0,1,Charlottenburg - Wilmersdorf,Accident with minor injuries,Collision with the vehicle in front/waiting vehicle,Collision involving vehicles going in the same way,Daylight,Wet/moist/slippery
10413,199716,8,Mohriner Allee Nord,2019,10,15,3,3,5,3,0,0,1,0,0,0,0,1,Neukölln,Accident with minor injuries,Collision with a turning/crossing vehicle,Turning/Crossing accident,Daylight,Wet/moist/slippery
10414,199717,4,Hagenplatz,2019,9,19,7,2,5,2,2,0,1,0,1,0,0,1,Charlottenburg - Wilmersdorf,Accident with serious injuries,Collision with a turning/crossing vehicle,Turning accident,Dark,Wet/moist/slippery
10415,199718,11,Mühlengrund,2019,10,15,3,3,6,4,0,0,1,1,0,0,0,1,Lichtenberg,Accident with minor injuries,Collision between vehicle and pedestrian,Pedestrian crossing accident,Daylight,Wet/moist/slippery
10416,199719,5,Eiswerder,2019,9,18,7,3,0,1,0,1,1,0,0,0,0,1,Spandau,Accident with minor injuries,Others,Driving accident,Daylight,Wet/moist/slippery
10417,199720,8,Körnerpark,2019,10,15,3,3,2,2,0,0,1,0,0,0,0,1,Neukölln,Accident with minor injuries,Collision with the vehicle in front/waiting vehicle,Turning accident,Daylight,Wet/moist/slippery
10418,199721,8,Reuterkiez,2019,9,18,7,3,0,5,0,1,1,0,0,0,0,1,Neukölln,Accident with minor injuries,Others,Accident involving parked vehicles,Daylight,Wet/moist/slippery
10419,199722,1,Gesundbrunnen,2019,10,14,3,3,5,2,0,1,1,0,0,0,0,1,Mitte,Accident with minor injuries,Collision with a turning/crossing vehicle,Turning accident,Daylight,Wet/moist/slippery
10420,199723,9,Köpenick Nord,2019,9,15,7,3,0,1,0,0,0,0,1,0,0,1,Treptow-Köpenick,Accident with minor injuries,Others,Driving accident,Daylight,Wet/moist/slippery
10421,199724,12,Scharnweberstraße,2019,10,10,3,3,0,5,0,0,1,0,0,0,1,1,Reinickendorf,Accident with minor injuries,Others,Accident involving parked vehicles,Daylight,Wet/moist/slippery
10422,199725,11,Landsberger Allee,2019,10,9,3,3,2,7,0,0,0,0,0,1,1,1,Lichtenberg,Accident with minor injuries,Collision with the vehicle in front/waiting vehicle,Others,Daylight,Wet/moist/slippery
10423,199726,1,Heine-Viertel West,2019,9,17,7,3,2,7,0,0,1,0,0,0,0,1,Mitte,Accident with minor injuries,Collision with the vehicle in front/waiting vehicle,Others,Daylight,Wet/moist/slippery
10424,199727,12,Waldidyll/Flughafensee,2019,9,15,7,3,0,6,0,0,1,0,1,0,0,1,Reinickendorf,Accident with minor injuries,Others,Collision involving vehicles going in the same way,Daylight,Wet/moist/slippery
10425,199728,9,Schmöckwitz/Rauchfangswerder,2019,10,9,3,3,5,2,0,0,1,0,0,0,1,1,Treptow-Köpenick,Accident with minor injuries,Collision with a turning/crossing vehicle,Turning accident,Daylight,Wet/moist/slippery
10426,199729,10,Landsberger Tor,2019,9,16,7,3,0,5,0,0,1,0,0,0,0,0,Marzahn-Hellersdorf,Accident with minor injuries,Others,Accident involving parked vehicles,Daylight,Dry
10427,199730,2,Oranienplatz,2019,10,14,3,3,5,3,0,1,1,0,0,0,0,1,Friedrichshain - Kreuzberg,Accident with minor injuries,Collision with a turning/crossing vehicle,Turning/Crossing accident,Daylight,Wet/moist/slippery
10428,199731,11,Hauptstraße,2019,9,15,7,3,2,6,0,0,1,0,0,0,0,1,Lichtenberg,Accident with minor injuries,Collision with the vehicle in front/waiting vehicle,Collision involving vehicles going in the same way,Daylight,Wet/moist/slippery
10429,199732,1,Unter den Linden Nord,2019,10,2,3,3,0,7,2,0,0,0,0,0,1,0,Mitte,Accident with minor injuries,Others,Others,Dark,Dry
10430,199733,7,Eisenacher Straße,2019,10,13,3,3,5,2,0,0,1,0,0,0,0,1,Tempelhof-Schöneberg,Accident with minor injuries,Collision with a turning/crossing vehicle,Turning accident,Daylight,Wet/moist/slippery
10431,199734,7,Rathausstraße,2019,9,16,7,2,5,2,0,0,1,0,1,0,0,1,Tempelhof-Schöneberg,Accident with serious injuries,Collision with a turning/crossing vehicle,Turning accident,Daylight,Wet/moist/slippery
10432,199735,1,Leipziger Straße,2019,9,14,7,3,2,6,0,0,1,0,0,0,0,1,Mitte,Accident with minor injuries,Collision with the vehicle in front/waiting vehicle,Collision involving vehicles going in the same way,Daylight,Wet/moist/slippery
10433,199736,2,Viktoriapark,2019,10,12,3,3,2,2,0,0,1,0,0,0,1,1,Friedrichshain - Kreuzberg,Accident with minor injuries,Collision with the vehicle in front/waiting vehicle,Turning accident,Daylight,Wet/moist/slippery
10434,199737,12,Ziekowstraße/Freie Scholle,2019,10,11,3,3,5,2,0,0,1,0,0,0,1,1,Reinickendorf,Accident with minor injuries,Collision with a turning/crossing vehicle,Turning accident,Daylight,Wet/moist/slippery
10435,199738,6,Schütte-Lanz-Straße,2019,9,14,7,3,5,2,0,1,1,0,0,0,0,1,Steglitz-Zehlendorf,Accident with minor injuries,Collision with a turning/crossing vehicle,Turning accident,Daylight,Wet/moist/slippery
10436,199739,5,Groß-Glienicker Weg,2019,10,10,3,2,5,3,0,0,1,0,0,1,0,1,Spandau,Accident with serious injuries,Collision with a turning/crossing vehicle,Turning/Crossing accident,Daylight,Wet/moist/slippery
10437,199740,2,Urbanstraße,2019,9,12,7,3,3,6,0,1,0,0,0,0,1,1,Friedrichshain - Kreuzberg,Accident with minor injuries,Collision with a vehicle traveling laterally in the same direction,Collision involving vehicles going in the same way,Daylight,Wet/moist/slippery
10438,199741,1,Gesundbrunnen,2019,10,20,2,3,5,2,0,0,1,0,0,0,1,0,Mitte,Accident with minor injuries,Collision with a turning/crossing vehicle,Turning accident,Daylight,Dry
10439,199742,11,Falkenberg West,2019,10,14,2,3,2,2,0,0,1,0,0,0,0,0,Lichtenberg,Accident with minor injuries,Collision with the vehicle in front/waiting vehicle,Turning accident,Daylight,Dry
10440,199743,4,Breitscheidplatz,2019,9,12,7,3,0,4,0,0,0,1,1,0,0,1,Charlottenburg - Wilmersdorf,Accident with minor injuries,Others,Pedestrian crossing accident,Daylight,Wet/moist/slippery
10441,199744,3,Kollwitzplatz,2019,10,17,2,3,5,3,0,0,0,0,1,0,1,0,Pankow,Accident with minor injuries,Collision with a turning/crossing vehicle,Turning/Crossing accident,Daylight,Dry
10442,199745,5,Börnicker Straße,2019,9,9,7,3,0,1,0,0,0,0,1,0,0,1,Spandau,Accident with minor injuries,Others,Driving accident,Daylight,Wet/moist/slippery
10443,199746,2,Oranienplatz,2019,10,20,2,2,5,2,2,0,1,0,1,0,0,0,Friedrichshain - Kreuzberg,Accident with serious injuries,Collision with a turning/crossing vehicle,Turning accident,Dark,Dry
10444,199747,8,Reuterkiez,2019,9,9,7,3,0,1,0,0,0,0,1,0,0,1,Neukölln,Accident with minor injuries,Others,Driving accident,Daylight,Wet/moist/slippery
10445,199748,4,Kaiserin-Augusta-Allee,2019,10,20,2,3,5,2,2,0,1,0,0,0,0,0,Charlottenburg - Wilmersdorf,Accident with minor injuries,Collision with a turning/crossing vehicle,Turning accident,Dark,Dry
10446,199749,5,Zitadellenweg,2019,9,12,7,2,0,6,0,0,0,0,1,0,0,1,Spandau,Accident with serious injuries,Others,Collision involving vehicles going in the same way,Daylight,Wet/moist/slippery
10447,199750,2,Wassertorplatz,2019,10,19,2,3,5,7,2,0,1,0,1,0,0,0,Friedrichshain - Kreuzberg,Accident with minor injuries,Collision with a turning/crossing vehicle,Others,Dark,Dry
10448,199751,4,Karl-August-Platz,2019,10,19,2,3,2,7,2,0,1,0,0,0,0,0,Charlottenburg - Wilmersdorf,Accident with minor injuries,Collision with the vehicle in front/waiting vehicle,Others,Dark,Dry
10449,199752,8,Schillerpromenade,2019,9,11,7,3,6,4,0,0,1,1,0,0,0,0,Neukölln,Accident with minor injuries,Collision between vehicle and pedestrian,Pedestrian crossing accident,Daylight,Dry
10450,199753,6,Zehlendorf Mitte,2019,9,11,7,3,0,1,0,1,0,0,0,0,0,1,Steglitz-Zehlendorf,Accident with minor injuries,Others,Driving accident,Daylight,Wet/moist/slippery
10451,199754,1,Karl-Marx-Allee,2019,10,16,2,3,4,2,0,1,0,0,0,0,0,0,Mitte,Accident with minor injuries,Collision with oncoming vehicle,Turning accident,Daylight,Dry
10452,199755,2,Askanischer Platz,2019,10,18,2,3,2,6,2,0,1,0,0,0,1,0,Friedrichshain - Kreuzberg,Accident with minor injuries,Collision with the vehicle in front/waiting vehicle,Collision involving vehicles going in the same way,Dark,Dry
10453,199756,5,Darbystraße,2019,9,10,7,2,5,2,0,1,1,0,0,0,0,1,Spandau,Accident with serious injuries,Collision with a turning/crossing vehicle,Turning accident,Daylight,Wet/moist/slippery
10454,199757,8,Zittauer Straße,2019,10,16,2,3,5,3,0,1,1,0,0,0,0,0,Neukölln,Accident with minor injuries,Collision with a turning/crossing vehicle,Turning/Crossing accident,Daylight,Dry
10455,199758,4,Wilhelmsaue,2019,9,10,7,3,6,7,0,0,1,1,0,0,0,0,Charlottenburg - Wilmersdorf,Accident with minor injuries,Collision between vehicle and pedestrian,Others,Daylight,Dry
10456,199759,9,Hirschgarten,2019,10,18,2,3,1,5,2,1,1,0,0,0,0,0,Treptow-Köpenick,Accident with minor injuries,Collision with a moving/standing/parked vehicle,Accident involving parked vehicles,Dark,Dry
10457,199760,1,Oranienburger Straße,2019,10,15,2,2,4,6,0,1,0,0,0,0,1,0,Mitte,Accident with serious injuries,Collision with oncoming vehicle,Collision involving vehicles going in the same way,Daylight,Dry
10458,199761,1,Emdener Straße,2019,9,10,7,3,2,6,0,0,1,0,0,0,0,1,Mitte,Accident with minor injuries,Collision with the vehicle in front/waiting vehicle,Collision involving vehicles going in the same way,Daylight,Wet/moist/slippery
10459,199762,9,Johannisthal Ost,2019,10,15,2,3,5,3,0,1,0,0,1,0,0,0,Treptow-Köpenick,Accident with minor injuries,Collision with a turning/crossing vehicle,Turning/Crossing accident,Daylight,Dry
10460,199763,7,Neu-Tempelhof,2019,9,1,7,3,5,3,2,0,1,0,0,0,0,0,Tempelhof-Schöneberg,Accident with minor injuries,Collision with a turning/crossing vehicle,Turning/Crossing accident,Dark,Dry
10461,199764,10,Alte Hellersdorfer Straße,2019,10,15,2,3,2,6,0,0,1,0,0,0,0,0,Marzahn-Hellersdorf,Accident with minor injuries,Collision with the vehicle in front/waiting vehicle,Collision involving vehicles going in the same way,Daylight,Dry
10462,199765,2,Askanischer Platz,2019,9,15,7,3,5,2,0,0,1,0,0,0,0,1,Friedrichshain - Kreuzberg,Accident with minor injuries,Collision with a turning/crossing vehicle,Turning accident,Daylight,Wet/moist/slippery
10463,199766,8,Rollberg,2019,10,15,2,3,6,4,0,0,1,1,0,0,0,0,Neukölln,Accident with minor injuries,Collision between vehicle and pedestrian,Pedestrian crossing accident,Daylight,Dry
10464,199767,1,Thomasiusstraße,2019,10,8,2,3,2,2,0,0,1,0,0,0,1,0,Mitte,Accident with minor injuries,Collision with the vehicle in front/waiting vehicle,Turning accident,Daylight,Dry
10465,199768,2,Moritzplatz,2019,9,11,7,3,5,3,0,0,1,0,0,0,0,0,Friedrichshain - Kreuzberg,Accident with minor injuries,Collision with a turning/crossing vehicle,Turning/Crossing accident,Daylight,Dry
10466,199769,2,Wrangelkiez,2019,10,9,2,3,2,6,0,0,1,0,0,0,0,0,Friedrichshain - Kreuzberg,Accident with minor injuries,Collision with the vehicle in front/waiting vehicle,Collision involving vehicles going in the same way,Daylight,Dry
10467,199770,12,Hermsdorf,2019,9,16,6,3,5,2,0,1,1,0,0,0,0,1,Reinickendorf,Accident with minor injuries,Collision with a turning/crossing vehicle,Turning accident,Daylight,Wet/moist/slippery
10468,199771,6,Markelstraße,2019,10,14,2,3,0,1,0,0,0,0,1,0,0,0,Steglitz-Zehlendorf,Accident with minor injuries,Others,Driving accident,Daylight,Dry
10469,199772,4,Prager Platz,2019,9,21,6,3,5,2,2,1,1,0,0,0,0,1,Charlottenburg - Wilmersdorf,Accident with minor injuries,Collision with a turning/crossing vehicle,Turning accident,Dark,Wet/moist/slippery
10470,199773,10,Alt-Marzahn,2019,10,14,2,3,2,2,0,0,1,0,0,0,0,0,Marzahn-Hellersdorf,Accident with minor injuries,Collision with the vehicle in front/waiting vehicle,Turning accident,Daylight,Dry
10471,199774,9,Oberschöneweide Ost,2019,9,17,6,3,0,1,1,0,0,0,1,0,0,1,Treptow-Köpenick,Accident with minor injuries,Others,Driving accident,Twilight,Wet/moist/slippery
10472,199775,7,Grazer Platz,2019,10,13,2,3,5,2,0,1,0,0,0,0,1,0,Tempelhof-Schöneberg,Accident with minor injuries,Collision with a turning/crossing vehicle,Turning accident,Daylight,Dry
10473,199776,1,Gesundbrunnen,2019,10,13,2,3,5,3,0,1,0,0,0,0,1,0,Mitte,Accident with minor injuries,Collision with a turning/crossing vehicle,Turning/Crossing accident,Daylight,Dry
10474,199777,7,Rathausstraße,2019,9,15,6,3,4,6,0,0,1,0,1,0,0,1,Tempelhof-Schöneberg,Accident with minor injuries,Collision with oncoming vehicle,Collision involving vehicles going in the same way,Daylight,Wet/moist/slippery
10475,199778,7,Rathaus Tempelhof,2019,9,12,6,3,0,1,0,0,1,0,1,0,0,1,Tempelhof-Schöneberg,Accident with minor injuries,Others,Driving accident,Daylight,Wet/moist/slippery
10476,199779,2,Askanischer Platz,2019,10,10,2,3,1,7,0,1,1,0,0,0,0,0,Friedrichshain - Kreuzberg,Accident with minor injuries,Collision with a moving/standing/parked vehicle,Others,Daylight,Dry
10477,199780,1,Thomasiusstraße,2019,10,13,2,3,6,4,0,0,1,1,0,0,0,0,Mitte,Accident with minor injuries,Collision between vehicle and pedestrian,Pedestrian crossing accident,Daylight,Dry
10478,199781,12,Scharnweberstraße,2019,9,7,6,3,3,2,0,0,1,0,0,0,0,1,Reinickendorf,Accident with minor injuries,Collision with a vehicle traveling laterally in the same direction,Turning accident,Daylight,Wet/moist/slippery
10479,199782,12,Scharnweberstraße,2019,10,13,2,2,5,3,0,0,1,0,0,0,0,0,Reinickendorf,Accident with serious injuries,Collision with a turning/crossing vehicle,Turning/Crossing accident,Daylight,Dry
10480,199783,9,Altstadt Kietz,2019,9,13,6,3,5,2,0,1,0,0,0,0,1,1,Treptow-Köpenick,Accident with minor injuries,Collision with a turning/crossing vehicle,Turning accident,Daylight,Wet/moist/slippery
10481,199784,11,Weitlingstraße,2019,10,10,2,3,6,2,0,0,1,1,0,0,0,0,Lichtenberg,Accident with minor injuries,Collision between vehicle and pedestrian,Turning accident,Daylight,Dry
10482,199785,1,Westhafen,2019,10,10,2,3,5,2,0,1,0,0,0,1,0,0,Mitte,Accident with minor injuries,Collision with a turning/crossing vehicle,Turning accident,Daylight,Dry
10483,199786,5,An der Kappe,2019,9,19,6,3,2,2,0,0,1,0,0,0,0,0,Spandau,Accident with minor injuries,Collision with the vehicle in front/waiting vehicle,Turning accident,Daylight,Dry
10484,199787,6,Zehlendorf Eiche,2019,10,12,2,3,5,3,0,1,1,0,0,0,0,0,Steglitz-Zehlendorf,Accident with minor injuries,Collision with a turning/crossing vehicle,Turning/Crossing accident,Daylight,Dry
10485,199788,12,Teichstraße,2019,10,10,2,3,5,2,0,0,1,0,0,0,1,0,Reinickendorf,Accident with minor injuries,Collision with a turning/crossing vehicle,Turning accident,Daylight,Dry
10486,199789,7,Marienfelde Süd,2019,9,9,6,3,0,7,0,0,0,0,1,0,1,1,Tempelhof-Schöneberg,Accident with minor injuries,Others,Others,Daylight,Wet/moist/slippery
10487,199790,1,Leipziger Straße,2019,10,9,2,3,0,7,0,1,0,0,0,0,0,0,Mitte,Accident with minor injuries,Others,Others,Daylight,Dry
10488,199791,2,Stralauer Kiez,2019,9,14,6,3,0,6,0,0,1,0,0,0,1,0,Friedrichshain - Kreuzberg,Accident with minor injuries,Others,Collision involving vehicles going in the same way,Daylight,Dry
10489,199792,8,Reuterkiez,2019,10,9,2,3,3,6,0,1,0,0,0,0,1,0,Neukölln,Accident with minor injuries,Collision with a vehicle traveling laterally in the same direction,Collision involving vehicles going in the same way,Daylight,Dry
10490,199793,2,Urbanstraße,2019,10,9,2,3,2,6,0,0,1,0,0,0,0,0,Friedrichshain - Kreuzberg,Accident with minor injuries,Collision with the vehicle in front/waiting vehicle,Collision involving vehicles going in the same way,Daylight,Dry
10491,199794,12,Scharnweberstraße,2019,9,13,6,3,5,3,0,0,1,0,0,0,0,1,Reinickendorf,Accident with minor injuries,Collision with a turning/crossing vehicle,Turning/Crossing accident,Daylight,Wet/moist/slippery
10492,199795,4,Plötzensee,2019,9,12,6,3,5,3,0,1,1,0,0,0,0,1,Charlottenburg - Wilmersdorf,Accident with minor injuries,Collision with a turning/crossing vehicle,Turning/Crossing accident,Daylight,Wet/moist/slippery
10493,199796,3,Erich-Weinert-Straße,2019,10,9,2,3,5,3,0,1,1,0,0,0,0,0,Pankow,Accident with minor injuries,Collision with a turning/crossing vehicle,Turning/Crossing accident,Daylight,Dry
10494,199797,11,Rüdigerstraße,2019,9,14,6,3,3,6,0,0,1,0,0,0,0,1,Lichtenberg,Accident with minor injuries,Collision with a vehicle traveling laterally in the same direction,Collision involving vehicles going in the same way,Daylight,Wet/moist/slippery
10495,199798,7,Neu-Tempelhof,2019,10,8,2,3,1,5,0,1,1,0,0,0,0,0,Tempelhof-Schöneberg,Accident with minor injuries,Collision with a moving/standing/parked vehicle,Accident involving parked vehicles,Daylight,Dry