,object id,district,street,year,month,hour of day,weekday,category,accident type,accident type 2,light situation,bike involved,car involved,pedestrian involved,motor bike involved,big track involved,other vehicle involved,road condition,district name,category name,accident detail,accident type detail,light condition,road condition detail
10758,200061,1,Stülerstraße,2019,10,16,3,3,5,3,0,0,1,0,0,0,1,0,Mitte,Accident with minor injuries,Collision with a turning/crossing vehicle,Turning/Crossing accident,Daylight,Dry
10759,200062,7,Friedenau,2019,9,17,4,3,5,3,0,1,1,0,0,0,0,1,Tempelhof-Schöneberg,Accident with minor injuries,Collision with a turning/crossing vehicle,Turning/Crossing accident,Daylight,Wet/moist/slippery
10760,200063,1,Brunnenstraße,2019,10,15,3,3,6,7,0,0,0,1,0,0,1,1,Mitte,Accident with minor injuries,Collision between vehicle and pedestrian,Others,Daylight,Wet/moist/slippery
10761,200064,6,Düppel,2019,9,16,4,3,5,3,0,1,1,0,0,0,0,1,Steglitz-Zehlendorf,Accident with minor injuries,Collision with a turning/crossing vehicle,Turning/Crossing accident,Daylight,Wet/moist/slippery
10762,200065,7,Nollendorfplatz,2019,10,16,3,3,5,2,0,0,1,0,1,0,0,1,Tempelhof-Schöneberg,Accident with minor injuries,Collision with a turning/crossing vehicle,Turning accident,Daylight,Wet/moist/slippery
10763,200066,6,Nikolassee,2019,10,15,3,3,0,3,0,1,1,0,0,0,0,1,Steglitz-Zehlendorf,Accident with minor injuries,Others,Turning/Crossing accident,Daylight,Wet/moist/slippery
10764,200067,2,Wassertorplatz,2019,9,20,4,2,0,1,2,0,0,0,1,0,0,1,Friedrichshain - Kreuzberg,Accident with serious injuries,Others,Driving accident,Dark,Wet/moist/slippery
10765,200068,4,Droysenstraße,2019,10,15,3,3,0,1,0,0,1,0,0,0,1,1,Charlottenburg - Wilmersdorf,Accident with minor injuries,Others,Driving accident,Daylight,Wet/moist/slippery
10766,200069,5,Gütersloher Weg,2019,9,16,4,3,6,4,0,0,1,1,0,0,0,1,Spandau,Accident with minor injuries,Collision between vehicle and pedestrian,Pedestrian crossing accident,Daylight,Wet/moist/slippery
10767,200070,5,Kurstraße,2019,10,15,3,3,0,7,0,0,0,0,1,0,0,1,Spandau,Accident with minor injuries,Others,Others,Daylight,Wet/moist/slippery
10768,200071,4,Nikolsburger Platz,2019,9,16,4,3,0,6,0,0,1,0,1,0,0,1,Charlottenburg - Wilmersdorf,Accident with minor injuries,Others,Collision involving vehicles going in the same way,Daylight,Wet/moist/slippery
10769,200072,4,Tegeler Weg,2019,10,15,3,2,5,2,0,0,1,0,0,0,0,1,Charlottenburg - Wilmersdorf,Accident with serious injuries,Collision with a turning/crossing vehicle,Turning accident,Daylight,Wet/moist/slippery
10770,200073,1,Reinickendorfer Straße,2019,9,18,4,3,0,7,1,0,0,0,1,0,0,1,Mitte,Accident with minor injuries,Others,Others,Twilight,Wet/moist/slippery
10771,200074,4,Ernst-Reuter-Platz,2019,10,15,3,3,2,6,0,1,1,0,0,0,0,0,Charlottenburg - Wilmersdorf,Accident with minor injuries,Collision with the vehicle in front/waiting vehicle,Collision involving vehicles going in the same way,Daylight,Dry
10772,200075,2,Hausburgviertel,2019,10,14,3,2,3,6,0,0,1,0,0,1,0,1,Friedrichshain - Kreuzberg,Accident with serious injuries,Collision with a vehicle traveling laterally in the same direction,Collision involving vehicles going in the same way,Daylight,Wet/moist/slippery
10773,200076,5,Zitadellenweg,2019,9,16,4,3,4,1,0,0,1,0,0,0,0,1,Spandau,Accident with minor injuries,Collision with oncoming vehicle,Driving accident,Daylight,Wet/moist/slippery
10774,200077,1,Hansaviertel,2019,9,8,4,3,5,2,0,1,1,0,0,0,0,0,Mitte,Accident with minor injuries,Collision with a turning/crossing vehicle,Turning accident,Daylight,Dry
10775,200078,2,Hausburgviertel,2019,10,14,3,3,3,6,0,1,1,0,0,0,0,1,Friedrichshain - Kreuzberg,Accident with minor injuries,Collision with a vehicle traveling laterally in the same direction,Collision involving vehicles going in the same way,Daylight,Wet/moist/slippery
10776,200079,1,Leopoldplatz,2019,10,14,3,3,2,6,0,0,1,0,0,0,1,1,Mitte,Accident with minor injuries,Collision with the vehicle in front/waiting vehicle,Collision involving vehicles going in the same way,Daylight,Wet/moist/slippery
10777,200080,1,Leipziger Straße,2019,9,8,4,3,2,6,0,1,1,0,0,0,0,1,Mitte,Accident with minor injuries,Collision with the vehicle in front/waiting vehicle,Collision involving vehicles going in the same way,Daylight,Wet/moist/slippery
10778,200081,5,Kurstraße,2019,10,14,3,3,5,3,0,1,1,0,0,0,0,1,Spandau,Accident with minor injuries,Collision with a turning/crossing vehicle,Turning/Crossing accident,Daylight,Wet/moist/slippery
10779,200082,2,Lausitzer Platz,2019,9,16,4,3,8,1,0,0,1,1,0,0,0,1,Friedrichshain - Kreuzberg,Accident with minor injuries,Departure from the roadway to the right,Driving accident,Daylight,Wet/moist/slippery
10780,200083,2,Andreasviertel,2019,10,14,3,3,2,3,0,0,1,0,0,0,0,1,Friedrichshain - Kreuzberg,Accident with minor injuries,Collision with the vehicle in front/waiting vehicle,Turning/Crossing accident,Daylight,Wet/moist/slippery
10781,200084,11,Orankesee,2019,9,16,4,3,5,3,0,1,1,0,0,0,0,1,Lichtenberg,Accident with minor injuries,Collision with a turning/crossing vehicle,Turning/Crossing accident,Daylight,Wet/moist/slippery
10782,200085,4,Spreestadt,2019,10,14,3,3,5,2,0,1,1,0,0,0,0,1,Charlottenburg - Wilmersdorf,Accident with minor injuries,Collision with a turning/crossing vehicle,Turning accident,Daylight,Wet/moist/slippery
10783,200086,6,Südende,2019,9,16,4,3,0,6,0,0,0,0,1,0,0,1,Steglitz-Zehlendorf,Accident with minor injuries,Others,Collision involving vehicles going in the same way,Daylight,Wet/moist/slippery
10784,200087,4,George-Grosz-Platz,2019,10,14,3,3,6,4,0,1,0,1,0,0,0,1,Charlottenburg - Wilmersdorf,Accident with minor injuries,Collision between vehicle and pedestrian,Pedestrian crossing accident,Daylight,Wet/moist/slippery
10785,200088,7,Manteuffelstraße,2019,9,15,4,3,5,3,1,0,1,0,0,0,0,1,Tempelhof-Schöneberg,Accident with minor injuries,Collision with a turning/crossing vehicle,Turning/Crossing accident,Twilight,Wet/moist/slippery
10786,200089,7,Hundsteinweg,2019,10,13,3,3,2,6,0,0,1,0,1,0,0,1,Tempelhof-Schöneberg,Accident with minor injuries,Collision with the vehicle in front/waiting vehicle,Collision involving vehicles going in the same way,Daylight,Wet/moist/slippery
10787,200090,5,Amorbacher Weg,2019,9,15,4,3,2,6,0,0,1,0,0,0,0,1,Spandau,Accident with minor injuries,Collision with the vehicle in front/waiting vehicle,Collision involving vehicles going in the same way,Daylight,Wet/moist/slippery
10788,200091,4,Savignyplatz,2019,10,13,3,3,2,6,0,0,1,0,0,0,0,1,Charlottenburg - Wilmersdorf,Accident with minor injuries,Collision with the vehicle in front/waiting vehicle,Collision involving vehicles going in the same way,Daylight,Wet/moist/slippery
10789,200092,4,Eisenzahnstraße,2019,10,12,3,3,2,6,0,0,1,0,0,0,0,1,Charlottenburg - Wilmersdorf,Accident with minor injuries,Collision with the vehicle in front/waiting vehicle,Collision involving vehicles going in the same way,Daylight,Wet/moist/slippery
10790,200093,6,Alt-Lankwitz,2019,9,12,4,3,2,6,0,0,1,0,0,0,1,1,Steglitz-Zehlendorf,Accident with minor injuries,Collision with the vehicle in front/waiting vehicle,Collision involving vehicles going in the same way,Daylight,Wet/moist/slippery
10791,200094,1,Soldiner Straße,2019,10,12,3,3,5,3,0,1,0,0,0,0,1,1,Mitte,Accident with minor injuries,Collision with a turning/crossing vehicle,Turning/Crossing accident,Daylight,Wet/moist/slippery
10792,200095,1,Reinickendorfer Straße,2019,9,15,4,3,2,6,0,0,1,0,1,0,0,1,Mitte,Accident with minor injuries,Collision with the vehicle in front/waiting vehicle,Collision involving vehicles going in the same way,Daylight,Wet/moist/slippery
10793,200096,12,Wittenau Süd,2019,10,11,3,3,2,3,0,0,1,0,0,0,1,1,Reinickendorf,Accident with minor injuries,Collision with the vehicle in front/waiting vehicle,Turning/Crossing accident,Daylight,Wet/moist/slippery
10794,200097,2,Friedenstraße,2019,9,12,4,3,5,3,0,1,1,0,0,0,0,1,Friedrichshain - Kreuzberg,Accident with minor injuries,Collision with a turning/crossing vehicle,Turning/Crossing accident,Daylight,Wet/moist/slippery
10795,200098,9,Bölschestraße,2019,10,11,3,3,2,6,0,0,1,0,0,0,0,1,Treptow-Köpenick,Accident with minor injuries,Collision with the vehicle in front/waiting vehicle,Collision involving vehicles going in the same way,Daylight,Wet/moist/slippery
10796,200099,10,Kaulsdorf Nord,2019,9,12,4,3,0,1,0,0,0,0,1,0,0,1,Marzahn-Hellersdorf,Accident with minor injuries,Others,Driving accident,Daylight,Wet/moist/slippery
10797,200100,3,Pankow Süd,2019,10,11,3,3,6,4,0,0,1,1,0,0,0,1,Pankow,Accident with minor injuries,Collision between vehicle and pedestrian,Pedestrian crossing accident,Daylight,Wet/moist/slippery
10798,200101,4,Schloßstraße,2019,10,8,3,2,5,7,0,0,1,0,0,0,0,1,Charlottenburg - Wilmersdorf,Accident with serious injuries,Collision with a turning/crossing vehicle,Others,Daylight,Wet/moist/slippery
10799,200102,7,Marienfelder Allee Nordwest,2019,9,11,4,3,1,5,0,0,1,0,0,0,0,1,Tempelhof-Schöneberg,Accident with minor injuries,Collision with a moving/standing/parked vehicle,Accident involving parked vehicles,Daylight,Wet/moist/slippery
10800,200103,3,Bötzowstraße,2019,9,11,4,3,6,4,0,0,1,1,0,0,0,1,Pankow,Accident with minor injuries,Collision between vehicle and pedestrian,Pedestrian crossing accident,Daylight,Wet/moist/slippery
10801,200104,3,Märchenland,2019,10,7,3,3,2,6,0,0,1,0,0,0,1,1,Pankow,Accident with minor injuries,Collision with the vehicle in front/waiting vehicle,Collision involving vehicles going in the same way,Daylight,Wet/moist/slippery
10802,200105,9,Elsenstraße,2019,10,7,3,2,6,4,0,0,1,1,0,0,0,1,Treptow-Köpenick,Accident with serious injuries,Collision between vehicle and pedestrian,Pedestrian crossing accident,Daylight,Wet/moist/slippery
10803,200106,4,Bismarckallee,2019,9,11,4,3,0,5,0,1,1,0,0,0,0,0,Charlottenburg - Wilmersdorf,Accident with minor injuries,Others,Accident involving parked vehicles,Daylight,Dry
10804,200107,11,Orankesee,2019,10,11,3,3,5,2,0,0,1,0,0,0,1,1,Lichtenberg,Accident with minor injuries,Collision with a turning/crossing vehicle,Turning accident,Daylight,Wet/moist/slippery
10805,200108,6,Lankwitz Kirche,2019,9,10,4,3,2,2,0,0,1,0,0,0,0,1,Steglitz-Zehlendorf,Accident with minor injuries,Collision with the vehicle in front/waiting vehicle,Turning accident,Daylight,Wet/moist/slippery
10806,200109,3,Blankenfelde,2019,10,10,3,3,0,2,0,1,1,0,0,0,0,1,Pankow,Accident with minor injuries,Others,Turning accident,Daylight,Wet/moist/slippery
10807,200110,9,Bölschestraße,2019,10,7,3,3,5,3,0,1,1,0,0,0,0,1,Treptow-Köpenick,Accident with minor injuries,Collision with a turning/crossing vehicle,Turning/Crossing accident,Daylight,Wet/moist/slippery
10808,200111,7,Manteuffelstraße,2019,9,10,4,3,2,2,0,0,1,0,0,0,0,1,Tempelhof-Schöneberg,Accident with minor injuries,Collision with the vehicle in front/waiting vehicle,Turning accident,Daylight,Wet/moist/slippery
10809,200112,2,Mehringplatz,2019,10,10,3,3,6,2,0,0,1,1,0,0,0,1,Friedrichshain - Kreuzberg,Accident with minor injuries,Collision between vehicle and pedestrian,Turning accident,Daylight,Wet/moist/slippery
10810,200113,1,Emdener Straße,2019,10,5,3,3,2,6,2,0,1,0,0,1,0,1,Mitte,Accident with minor injuries,Collision with the vehicle in front/waiting vehicle,Collision involving vehicles going in the same way,Dark,Wet/moist/slippery
10811,200114,4,Schloßgarten,2019,9,10,4,3,6,4,0,1,0,1,0,0,0,1,Charlottenburg - Wilmersdorf,Accident with minor injuries,Collision between vehicle and pedestrian,Pedestrian crossing accident,Daylight,Wet/moist/slippery
10812,200115,4,Ludwigkirchplatz,2019,10,9,3,3,5,3,0,1,1,0,0,0,0,1,Charlottenburg - Wilmersdorf,Accident with minor injuries,Collision with a turning/crossing vehicle,Turning/Crossing accident,Daylight,Wet/moist/slippery
10813,200116,2,Wassertorplatz,2019,10,0,3,3,1,6,2,0,1,0,0,1,1,0,Friedrichshain - Kreuzberg,Accident with minor injuries,Collision with a moving/standing/parked vehicle,Collision involving vehicles going in the same way,Dark,Dry
10814,200117,6,Königsberger Straße,2019,9,15,4,2,5,3,0,0,1,0,0,1,0,1,Steglitz-Zehlendorf,Accident with serious injuries,Collision with a turning/crossing vehicle,Turning/Crossing accident,Daylight,Wet/moist/slippery
10815,200118,3,Weißenseer Spitze,2019,10,9,3,3,5,3,0,1,0,0,0,0,0,1,Pankow,Accident with minor injuries,Collision with a turning/crossing vehicle,Turning/Crossing accident,Daylight,Wet/moist/slippery
10816,200119,1,Gesundbrunnen,2019,9,10,4,3,2,6,0,0,1,0,0,0,0,1,Mitte,Accident with minor injuries,Collision with the vehicle in front/waiting vehicle,Collision involving vehicles going in the same way,Daylight,Wet/moist/slippery
10817,200120,11,Wartenberg Süd,2019,9,9,2,3,2,6,0,0,1,0,0,0,0,1,Lichtenberg,Accident with minor injuries,Collision with the vehicle in front/waiting vehicle,Collision involving vehicles going in the same way,Daylight,Wet/moist/slippery
10818,200121,8,Buckow Ost,2019,9,10,4,3,5,3,0,0,1,0,0,0,0,1,Neukölln,Accident with minor injuries,Collision with a turning/crossing vehicle,Turning/Crossing accident,Daylight,Wet/moist/slippery
10819,200122,1,Charitéviertel,2019,9,16,2,2,1,5,0,0,1,0,1,0,0,1,Mitte,Accident with serious injuries,Collision with a moving/standing/parked vehicle,Accident involving parked vehicles,Daylight,Wet/moist/slippery
10820,200123,1,Reinickendorfer Straße,2019,9,15,4,3,0,3,0,0,0,0,1,0,1,1,Mitte,Accident with minor injuries,Others,Turning/Crossing accident,Daylight,Wet/moist/slippery
10821,200124,10,Alt-Marzahn,2019,9,15,2,3,5,2,0,0,1,0,0,0,0,0,Marzahn-Hellersdorf,Accident with minor injuries,Collision with a turning/crossing vehicle,Turning accident,Daylight,Dry
10822,200125,6,Südende,2019,9,19,2,3,2,6,1,0,1,0,0,0,0,1,Steglitz-Zehlendorf,Accident with minor injuries,Collision with the vehicle in front/waiting vehicle,Collision involving vehicles going in the same way,Twilight,Wet/moist/slippery
10823,200126,9,Oberspree,2019,9,14,4,3,5,3,0,1,1,0,0,0,0,1,Treptow-Köpenick,Accident with minor injuries,Collision with a turning/crossing vehicle,Turning/Crossing accident,Daylight,Wet/moist/slippery
10824,200127,1,Leopoldplatz,2019,9,9,4,3,2,6,0,0,1,0,0,0,0,1,Mitte,Accident with minor injuries,Collision with the vehicle in front/waiting vehicle,Collision involving vehicles going in the same way,Daylight,Wet/moist/slippery
10825,200128,6,Lichterfelde Süd,2019,9,19,2,3,5,3,2,1,1,0,0,0,0,1,Steglitz-Zehlendorf,Accident with minor injuries,Collision with a turning/crossing vehicle,Turning/Crossing accident,Dark,Wet/moist/slippery
10826,200129,10,Mahlsdorf Nord,2019,9,17,2,3,5,2,0,1,1,0,0,0,0,0,Marzahn-Hellersdorf,Accident with minor injuries,Collision with a turning/crossing vehicle,Turning accident,Daylight,Dry
10827,200130,4,Reichsstraße,2019,9,14,4,3,3,6,0,0,1,0,0,0,0,1,Charlottenburg - Wilmersdorf,Accident with minor injuries,Collision with a vehicle traveling laterally in the same direction,Collision involving vehicles going in the same way,Daylight,Wet/moist/slippery
10828,200131,4,Flinsberger Platz,2019,9,18,2,3,2,6,0,0,1,0,0,0,0,1,Charlottenburg - Wilmersdorf,Accident with minor injuries,Collision with the vehicle in front/waiting vehicle,Collision involving vehicles going in the same way,Daylight,Wet/moist/slippery
10829,200132,12,Tegeler Forst,2019,9,14,4,3,0,7,0,0,0,0,1,0,0,1,Reinickendorf,Accident with minor injuries,Others,Others,Daylight,Wet/moist/slippery
10830,200133,1,Leipziger Straße,2019,9,17,2,3,5,3,2,0,1,0,0,0,0,0,Mitte,Accident with minor injuries,Collision with a turning/crossing vehicle,Turning/Crossing accident,Dark,Dry
10831,200134,10,Helle Mitte,2019,9,13,4,3,6,2,0,0,1,1,0,0,0,0,Marzahn-Hellersdorf,Accident with minor injuries,Collision between vehicle and pedestrian,Turning accident,Daylight,Dry
10832,200135,4,Rathaus Wilmersdorf,2019,9,14,2,3,5,7,0,0,1,0,0,0,0,1,Charlottenburg - Wilmersdorf,Accident with minor injuries,Collision with a turning/crossing vehicle,Others,Daylight,Wet/moist/slippery
10833,200136,4,Brabanter Platz,2019,9,12,4,3,4,6,0,0,1,0,0,0,0,0,Charlottenburg - Wilmersdorf,Accident with minor injuries,Collision with oncoming vehicle,Collision involving vehicles going in the same way,Daylight,Dry
10834,200137,4,Hindemithplatz,2019,10,18,4,3,0,4,1,1,0,1,0,0,0,1,Charlottenburg - Wilmersdorf,Accident with minor injuries,Others,Pedestrian crossing accident,Twilight,Wet/moist/slippery
10835,200138,1,Stülerstraße,2019,10,18,4,3,0,3,1,1,1,0,0,0,0,1,Mitte,Accident with minor injuries,Others,Turning/Crossing accident,Twilight,Wet/moist/slippery
10836,200139,9,Oberschöneweide Ost,2019,10,12,4,3,6,4,0,0,1,1,0,0,0,0,Treptow-Köpenick,Accident with minor injuries,Collision between vehicle and pedestrian,Pedestrian crossing accident,Daylight,Dry
10837,200140,5,Zitadellenweg,2019,10,17,4,3,2,6,0,0,1,0,0,0,1,1,Spandau,Accident with minor injuries,Collision with the vehicle in front/waiting vehicle,Collision involving vehicles going in the same way,Daylight,Wet/moist/slippery
10838,200141,1,Oranienburger Straße,2019,10,17,4,3,2,6,0,0,1,0,0,0,0,1,Mitte,Accident with minor injuries,Collision with the vehicle in front/waiting vehicle,Collision involving vehicles going in the same way,Daylight,Wet/moist/slippery
10839,200142,1,Arkonaplatz,2019,10,0,4,2,0,1,2,0,0,0,1,0,0,0,Mitte,Accident with serious injuries,Others,Driving accident,Dark,Dry
10840,200143,7,Schöneberger Insel,2019,10,11,4,3,5,3,0,1,1,0,0,0,0,1,Tempelhof-Schöneberg,Accident with minor injuries,Collision with a turning/crossing vehicle,Turning/Crossing accident,Daylight,Wet/moist/slippery
10841,200144,4,Schlangenbader Straße,2019,10,11,4,2,6,2,0,0,1,1,0,0,0,1,Charlottenburg - Wilmersdorf,Accident with serious injuries,Collision between vehicle and pedestrian,Turning accident,Daylight,Wet/moist/slippery
10842,200145,3,Helmholtzplatz,2019,10,11,4,3,2,6,0,0,1,0,1,0,0,1,Pankow,Accident with minor injuries,Collision with the vehicle in front/waiting vehicle,Collision involving vehicles going in the same way,Daylight,Wet/moist/slippery
10843,200146,9,Köllnische Vorstadt,2019,10,9,4,3,5,3,0,1,1,0,0,0,0,1,Treptow-Köpenick,Accident with minor injuries,Collision with a turning/crossing vehicle,Turning/Crossing accident,Daylight,Wet/moist/slippery
10844,200147,1,Humboldthain Nordwest,2019,10,9,4,3,5,7,0,0,0,0,1,0,1,1,Mitte,Accident with minor injuries,Collision with a turning/crossing vehicle,Others,Daylight,Wet/moist/slippery
10845,200148,3,Humannplatz,2019,10,9,4,3,1,5,0,1,0,0,0,1,0,1,Pankow,Accident with minor injuries,Collision with a moving/standing/parked vehicle,Accident involving parked vehicles,Daylight,Wet/moist/slippery
10846,200149,5,Carl-Schurz-Straße,2019,10,9,4,3,2,6,0,0,1,0,0,0,1,1,Spandau,Accident with minor injuries,Collision with the vehicle in front/waiting vehicle,Collision involving vehicles going in the same way,Daylight,Wet/moist/slippery
10847,200150,3,Helmholtzplatz,2019,10,9,4,3,5,2,0,1,1,0,0,0,0,1,Pankow,Accident with minor injuries,Collision with a turning/crossing vehicle,Turning accident,Daylight,Wet/moist/slippery
10848,200151,12,Rollbergesiedlung,2019,10,8,4,3,5,3,0,0,1,0,0,0,0,1,Reinickendorf,Accident with minor injuries,Collision with a turning/crossing vehicle,Turning/Crossing accident,Daylight,Wet/moist/slippery
10849,200152,1,Charitéviertel,2019,10,8,4,3,0,7,0,0,1,0,0,0,1,1,Mitte,Accident with minor injuries,Others,Others,Daylight,Wet/moist/slippery
10850,200153,9,Adlershof West,2019,10,8,4,3,0,3,0,0,1,0,1,0,0,1,Treptow-Köpenick,Accident with minor injuries,Others,Turning/Crossing accident,Daylight,Wet/moist/slippery
10851,200154,4,Hildegardstraße,2019,10,7,4,3,5,5,0,1,1,0,0,0,0,1,Charlottenburg - Wilmersdorf,Accident with minor injuries,Collision with a turning/crossing vehicle,Accident involving parked vehicles,Daylight,Wet/moist/slippery
10852,200155,3,Heinersdorf,2019,10,7,4,3,6,4,1,0,0,1,1,0,0,0,Pankow,Accident with minor injuries,Collision between vehicle and pedestrian,Pedestrian crossing accident,Twilight,Dry
10853,200156,8,Parchimer Allee,2019,10,6,4,3,5,2,2,1,1,0,0,0,0,0,Neukölln,Accident with minor injuries,Collision with a turning/crossing vehicle,Turning accident,Dark,Dry
10854,200157,4,Kissinger Straße,2019,10,19,4,1,6,4,2,0,1,1,1,0,0,1,Charlottenburg - Wilmersdorf,Accident with fatalities,Collision between vehicle and pedestrian,Pedestrian crossing accident,Dark,Wet/moist/slippery
10855,200158,9,Altstadt Kietz,2019,10,15,3,3,3,6,0,1,0,0,0,0,0,0,Treptow-Köpenick,Accident with minor injuries,Collision with a vehicle traveling laterally in the same direction,Collision involving vehicles going in the same way,Daylight,Dry
10856,200159,2,Graefekiez,2019,10,18,3,3,0,1,1,0,0,0,1,0,0,0,Friedrichshain - Kreuzberg,Accident with minor injuries,Others,Driving accident,Twilight,Dry
10857,200160,3,Erich-Weinert-Straße,2019,10,15,3,2,5,3,0,1,1,0,0,0,0,0,Pankow,Accident with serious injuries,Collision with a turning/crossing vehicle,Turning/Crossing accident,Daylight,Dry
10858,200161,2,Lausitzer Platz,2019,10,22,3,3,1,5,2,1,1,0,0,0,1,0,Friedrichshain - Kreuzberg,Accident with minor injuries,Collision with a moving/standing/parked vehicle,Accident involving parked vehicles,Dark,Dry
10859,200162,1,Charitéviertel,2019,10,22,3,3,3,6,2,0,1,0,1,0,0,0,Mitte,Accident with minor injuries,Collision with a vehicle traveling laterally in the same direction,Collision involving vehicles going in the same way,Dark,Dry
10860,200163,1,Nördlicher Landwehrkanal,2019,10,13,4,3,6,2,0,0,1,1,0,0,0,1,Mitte,Accident with minor injuries,Collision between vehicle and pedestrian,Turning accident,Daylight,Wet/moist/slippery
10861,200164,2,Boxhagener Platz,2019,10,21,3,3,1,5,2,1,1,0,0,0,0,0,Friedrichshain - Kreuzberg,Accident with minor injuries,Collision with a moving/standing/parked vehicle,Accident involving parked vehicles,Dark,Dry
10862,200165,4,Halensee,2019,10,20,3,3,5,7,2,1,1,0,0,0,0,0,Charlottenburg - Wilmersdorf,Accident with minor injuries,Collision with a turning/crossing vehicle,Others,Dark,Dry
10863,200166,7,Hundsteinweg,2019,10,20,3,3,2,6,2,0,1,0,0,0,0,0,Tempelhof-Schöneberg,Accident with minor injuries,Collision with the vehicle in front/waiting vehicle,Collision involving vehicles going in the same way,Dark,Dry
10864,200167,1,Gesundbrunnen,2019,10,18,3,3,0,1,1,0,0,0,1,0,0,0,Mitte,Accident with minor injuries,Others,Driving accident,Twilight,Dry
10865,200168,5,Hakenfelde Nord,2019,10,16,3,3,0,4,0,0,0,1,0,0,1,0,Spandau,Accident with minor injuries,Others,Pedestrian crossing accident,Daylight,Dry
10866,200169,10,Alt-Marzahn,2019,10,15,3,3,5,2,0,0,1,0,0,0,1,0,Marzahn-Hellersdorf,Accident with minor injuries,Collision with a turning/crossing vehicle,Turning accident,Daylight,Dry
10867,200170,9,Köpenick Nord,2019,10,15,3,3,4,6,0,0,1,0,0,0,0,0,Treptow-Köpenick,Accident with minor injuries,Collision with oncoming vehicle,Collision involving vehicles going in the same way,Daylight,Dry
10868,200171,1,Wilhelmstraße,2019,10,11,3,2,0,5,0,0,1,0,1,0,1,0,Mitte,Accident with serious injuries,Others,Accident involving parked vehicles,Daylight,Dry
10869,200172,7,Nollendorfplatz,2019,10,14,3,3,1,5,0,1,0,0,1,0,0,0,Tempelhof-Schöneberg,Accident with minor injuries,Collision with a moving/standing/parked vehicle,Accident involving parked vehicles,Daylight,Dry
10870,200173,11,Rüdigerstraße,2019,10,11,3,2,5,3,0,0,1,1,0,0,0,0,Lichtenberg,Accident with serious injuries,Collision with a turning/crossing vehicle,Turning/Crossing accident,Daylight,Dry
10871,200174,6,Botanischer Garten,2019,10,11,3,3,0,1,0,1,0,0,0,0,0,1,Steglitz-Zehlendorf,Accident with minor injuries,Others,Driving accident,Daylight,Wet/moist/slippery
10872,200175,9,Oberschöneweide West,2019,10,11,3,3,5,2,0,1,0,0,0,1,0,0,Treptow-Köpenick,Accident with minor injuries,Collision with a turning/crossing vehicle,Turning accident,Daylight,Dry
10873,200176,1,Oranienburger Straße,2019,10,11,3,3,5,2,0,1,0,0,0,0,0,0,Mitte,Accident with minor injuries,Collision with a turning/crossing vehicle,Turning accident,Daylight,Dry
10874,200177,5,Adamstraße,2019,10,10,3,3,5,2,0,1,1,0,0,0,0,0,Spandau,Accident with minor injuries,Collision with a turning/crossing vehicle,Turning accident,Daylight,Dry
10875,200178,4,Rüdesheimer Platz,2019,10,9,3,3,1,5,0,1,1,0,0,0,0,1,Charlottenburg - Wilmersdorf,Accident with minor injuries,Collision with a moving/standing/parked vehicle,Accident involving parked vehicles,Daylight,Wet/moist/slippery
10876,200179,1,Wilhelmstraße,2019,10,8,3,3,5,3,0,1,0,1,0,0,0,0,Mitte,Accident with minor injuries,Collision with a turning/crossing vehicle,Turning/Crossing accident,Daylight,Dry
10877,200180,4,Ernst-Reuter-Platz,2019,10,8,3,3,2,6,0,0,1,0,0,0,0,0,Charlottenburg - Wilmersdorf,Accident with minor injuries,Collision with the vehicle in front/waiting vehicle,Collision involving vehicles going in the same way,Daylight,Dry
10878,200181,1,Heine-Viertel Ost,2019,10,9,3,3,4,6,0,1,1,0,0,0,0,0,Mitte,Accident with minor injuries,Collision with oncoming vehicle,Collision involving vehicles going in the same way,Daylight,Dry
10879,200182,3,Teutoburger Platz,2019,10,14,3,3,6,4,0,1,0,1,0,0,0,0,Pankow,Accident with minor injuries,Collision between vehicle and pedestrian,Pedestrian crossing accident,Daylight,Dry
10880,200183,1,Leipziger Straße,2019,10,8,3,3,2,2,0,1,1,0,0,0,0,0,Mitte,Accident with minor injuries,Collision with the vehicle in front/waiting vehicle,Turning accident,Daylight,Dry
10881,200184,7,Hundsteinweg,2019,10,14,3,3,6,7,0,0,0,1,0,0,1,0,Tempelhof-Schöneberg,Accident with minor injuries,Collision between vehicle and pedestrian,Others,Daylight,Dry
10882,200185,1,Huttenkiez,2019,10,18,3,3,0,2,1,0,1,0,1,0,0,0,Mitte,Accident with minor injuries,Others,Turning accident,Twilight,Dry
10883,200186,1,Lützowstraße,2019,10,14,3,3,2,6,0,0,1,0,0,0,0,0,Mitte,Accident with minor injuries,Collision with the vehicle in front/waiting vehicle,Collision involving vehicles going in the same way,Daylight,Dry
10884,200187,9,Johannisthal West,2019,10,8,3,3,0,3,0,0,1,0,1,0,0,0,Treptow-Köpenick,Accident with minor injuries,Others,Turning/Crossing accident,Daylight,Dry