,object id,district,street,year,month,hour of day,weekday,category,accident type,accident type 2,light situation,bike involved,car involved,pedestrian involved,motor bike involved,big track involved,other vehicle involved,road condition,district name,category name,accident detail,accident type detail,light condition,road condition detail
10885,200188,2,Wassertorplatz,2019,10,7,3,2,2,6,0,0,1,0,1,0,0,0,Friedrichshain - Kreuzberg,Accident with serious injuries,Collision with the vehicle in front/waiting vehicle,Collision involving vehicles going in the same way,Daylight,Dry
10886,200189,10,Havemannstraße,2019,10,18,3,3,2,7,1,0,1,0,0,0,0,0,Marzahn-Hellersdorf,Accident with minor injuries,Collision with the vehicle in front/waiting vehicle,Others,Twilight,Dry
10887,200190,5,Gartenfelder Straße,2019,10,7,3,3,0,6,0,0,1,0,1,0,0,0,Spandau,Accident with minor injuries,Others,Collision involving vehicles going in the same way,Daylight,Dry
10888,200191,5,Kurstraße,2019,10,6,3,3,5,3,1,1,1,0,0,0,0,0,Spandau,Accident with minor injuries,Collision with a turning/crossing vehicle,Turning/Crossing accident,Twilight,Dry
10889,200192,5,An der Kappe,2019,10,17,3,3,5,2,0,1,1,0,0,0,0,0,Spandau,Accident with minor injuries,Collision with a turning/crossing vehicle,Turning accident,Daylight,Dry
10890,200193,2,Andreasviertel,2019,10,17,3,3,5,3,0,1,0,0,0,1,0,0,Friedrichshain - Kreuzberg,Accident with minor injuries,Collision with a turning/crossing vehicle,Turning/Crossing accident,Daylight,Dry
10891,200194,8,Reuterkiez,2019,10,13,3,3,2,6,0,0,1,0,0,0,0,0,Neukölln,Accident with minor injuries,Collision with the vehicle in front/waiting vehicle,Collision involving vehicles going in the same way,Daylight,Dry
10892,200195,1,Westhafen,2019,10,17,3,3,5,2,0,0,1,0,1,0,0,0,Mitte,Accident with minor injuries,Collision with a turning/crossing vehicle,Turning accident,Daylight,Dry
10893,200196,12,Waidmannslust,2019,10,12,3,3,6,2,0,0,0,1,0,0,1,0,Reinickendorf,Accident with minor injuries,Collision between vehicle and pedestrian,Turning accident,Daylight,Dry
10894,200197,8,Parchimer Allee,2019,10,15,3,3,2,6,0,0,1,0,0,0,0,0,Neukölln,Accident with minor injuries,Collision with the vehicle in front/waiting vehicle,Collision involving vehicles going in the same way,Daylight,Dry
10895,200198,3,Erich-Weinert-Straße,2019,10,12,3,3,5,2,0,0,0,0,1,0,1,0,Pankow,Accident with minor injuries,Collision with a turning/crossing vehicle,Turning accident,Daylight,Dry
10896,200199,9,Schnellerstraße,2019,10,16,3,3,2,6,0,0,0,0,0,0,1,0,Treptow-Köpenick,Accident with minor injuries,Collision with the vehicle in front/waiting vehicle,Collision involving vehicles going in the same way,Daylight,Dry
10897,200200,7,Rathaus Tempelhof,2019,10,21,2,2,5,3,2,0,1,0,1,0,0,0,Tempelhof-Schöneberg,Accident with serious injuries,Collision with a turning/crossing vehicle,Turning/Crossing accident,Dark,Dry
10898,200201,4,Jungfernheide,2019,10,21,2,3,6,7,2,0,0,1,0,1,0,0,Charlottenburg - Wilmersdorf,Accident with minor injuries,Collision between vehicle and pedestrian,Others,Dark,Dry
10899,200202,1,Stephankiez,2019,10,20,2,3,2,6,2,1,1,0,0,0,0,0,Mitte,Accident with minor injuries,Collision with the vehicle in front/waiting vehicle,Collision involving vehicles going in the same way,Dark,Dry
10900,200203,2,Boxhagener Platz,2019,10,19,2,3,5,2,2,1,1,0,0,0,0,0,Friedrichshain - Kreuzberg,Accident with minor injuries,Collision with a turning/crossing vehicle,Turning accident,Dark,Dry
10901,200204,3,Volkspark Prenzlauer Berg,2019,10,18,2,3,2,2,1,1,1,0,0,0,0,0,Pankow,Accident with minor injuries,Collision with the vehicle in front/waiting vehicle,Turning accident,Twilight,Dry
10902,200205,1,Wilhelmstraße,2019,10,18,2,3,6,4,1,1,0,1,0,0,0,0,Mitte,Accident with minor injuries,Collision between vehicle and pedestrian,Pedestrian crossing accident,Twilight,Dry
10903,200206,4,Hagenplatz,2019,10,18,2,3,5,2,1,1,1,0,0,0,0,0,Charlottenburg - Wilmersdorf,Accident with minor injuries,Collision with a turning/crossing vehicle,Turning accident,Twilight,Dry
10904,200207,1,Nördlicher Landwehrkanal,2019,10,17,2,3,5,2,0,1,1,0,0,0,0,0,Mitte,Accident with minor injuries,Collision with a turning/crossing vehicle,Turning accident,Daylight,Dry
10905,200208,8,Handwerker-Siedlung,2019,10,17,2,2,1,5,0,0,1,0,0,0,0,0,Neukölln,Accident with serious injuries,Collision with a moving/standing/parked vehicle,Accident involving parked vehicles,Daylight,Dry
10906,200209,12,Teichstraße,2019,10,17,2,3,1,5,1,0,1,0,0,0,0,0,Reinickendorf,Accident with minor injuries,Collision with a moving/standing/parked vehicle,Accident involving parked vehicles,Twilight,Dry
10907,200210,6,Fichtenberg,2019,10,16,2,2,0,6,0,0,1,0,0,0,1,0,Steglitz-Zehlendorf,Accident with serious injuries,Others,Collision involving vehicles going in the same way,Daylight,Dry
10908,200211,10,Springpfuhl,2019,10,15,2,3,5,2,0,1,0,0,0,0,1,0,Marzahn-Hellersdorf,Accident with minor injuries,Collision with a turning/crossing vehicle,Turning accident,Daylight,Dry
10909,200212,3,Teutoburger Platz,2019,10,15,2,3,5,7,0,0,0,0,0,0,1,0,Pankow,Accident with minor injuries,Collision with a turning/crossing vehicle,Others,Daylight,Dry
10910,200213,2,Mehringplatz,2019,10,15,2,2,6,4,0,0,1,1,0,0,0,0,Friedrichshain - Kreuzberg,Accident with serious injuries,Collision between vehicle and pedestrian,Pedestrian crossing accident,Daylight,Dry
10911,200214,2,Urbanstraße,2019,10,9,2,3,2,2,0,1,1,0,0,0,0,0,Friedrichshain - Kreuzberg,Accident with minor injuries,Collision with the vehicle in front/waiting vehicle,Turning accident,Daylight,Dry
10912,200215,11,Karlshorst West,2019,10,15,2,3,5,5,0,0,1,0,0,0,0,0,Lichtenberg,Accident with minor injuries,Collision with a turning/crossing vehicle,Accident involving parked vehicles,Daylight,Dry
10913,200216,8,Bouchéstraße,2019,10,15,2,3,0,6,0,1,0,0,0,0,1,0,Neukölln,Accident with minor injuries,Others,Collision involving vehicles going in the same way,Daylight,Dry
10914,200217,5,Borkumer Straße,2019,10,11,2,2,5,3,0,1,0,0,1,0,0,0,Spandau,Accident with serious injuries,Collision with a turning/crossing vehicle,Turning/Crossing accident,Daylight,Dry
10915,200218,9,Bölschestraße,2019,10,11,2,3,0,6,0,1,0,0,0,0,1,0,Treptow-Köpenick,Accident with minor injuries,Others,Collision involving vehicles going in the same way,Daylight,Dry
10916,200219,9,Allende I,2019,10,11,2,2,0,7,0,1,0,0,0,0,0,0,Treptow-Köpenick,Accident with serious injuries,Others,Others,Daylight,Dry
10917,200220,1,Humboldthain Süd,2019,10,15,2,3,2,6,0,0,1,0,1,0,0,0,Mitte,Accident with minor injuries,Collision with the vehicle in front/waiting vehicle,Collision involving vehicles going in the same way,Daylight,Dry
10918,200221,2,Stralauer Kiez,2019,10,8,2,3,2,6,0,0,1,0,1,0,0,0,Friedrichshain - Kreuzberg,Accident with minor injuries,Collision with the vehicle in front/waiting vehicle,Collision involving vehicles going in the same way,Daylight,Dry
10919,200222,5,Gartenfelder Straße,2019,10,14,2,3,2,2,0,0,1,0,0,0,0,0,Spandau,Accident with minor injuries,Collision with the vehicle in front/waiting vehicle,Turning accident,Daylight,Dry
10920,200223,1,Sparrplatz,2019,10,8,2,3,2,6,0,0,1,0,0,0,0,0,Mitte,Accident with minor injuries,Collision with the vehicle in front/waiting vehicle,Collision involving vehicles going in the same way,Daylight,Dry
10921,200224,12,Scharnweberstraße,2019,10,7,2,3,5,2,0,0,1,0,0,0,0,0,Reinickendorf,Accident with minor injuries,Collision with a turning/crossing vehicle,Turning accident,Daylight,Dry
10922,200225,7,Marienfelde Süd,2019,10,13,2,3,2,3,0,0,1,0,1,0,0,0,Tempelhof-Schöneberg,Accident with minor injuries,Collision with the vehicle in front/waiting vehicle,Turning/Crossing accident,Daylight,Dry
10923,200226,11,Hauptstraße,2019,10,10,2,2,6,4,0,0,1,1,0,0,0,0,Lichtenberg,Accident with serious injuries,Collision between vehicle and pedestrian,Pedestrian crossing accident,Daylight,Dry
10924,200227,6,Augustaplatz,2019,10,6,2,3,1,5,1,1,1,0,0,0,0,0,Steglitz-Zehlendorf,Accident with minor injuries,Collision with a moving/standing/parked vehicle,Accident involving parked vehicles,Twilight,Dry
10925,200228,4,Halensee,2019,10,10,2,3,5,2,0,0,1,0,0,0,0,0,Charlottenburg - Wilmersdorf,Accident with minor injuries,Collision with a turning/crossing vehicle,Turning accident,Daylight,Dry
10926,200229,8,Silbersteinstraße,2019,10,14,2,3,6,2,0,0,1,1,0,0,0,0,Neukölln,Accident with minor injuries,Collision between vehicle and pedestrian,Turning accident,Daylight,Dry
10927,200230,3,Conrad-Blenkle-Straße,2019,10,6,2,3,5,3,2,1,1,0,0,0,0,1,Pankow,Accident with minor injuries,Collision with a turning/crossing vehicle,Turning/Crossing accident,Dark,Wet/moist/slippery
10928,200231,9,Johannisthal West,2019,10,10,2,3,5,5,0,0,1,0,0,0,0,0,Treptow-Köpenick,Accident with minor injuries,Collision with a turning/crossing vehicle,Accident involving parked vehicles,Daylight,Dry
10929,200232,10,Springpfuhl,2019,10,13,2,2,0,3,0,0,1,0,1,0,0,0,Marzahn-Hellersdorf,Accident with serious injuries,Others,Turning/Crossing accident,Daylight,Dry
10930,200233,4,Park Ruhwald,2019,10,10,2,3,5,2,0,0,1,0,1,0,0,0,Charlottenburg - Wilmersdorf,Accident with minor injuries,Collision with a turning/crossing vehicle,Turning accident,Daylight,Dry
10931,200234,4,Kaiserin-Augusta-Allee,2019,10,13,2,3,5,3,0,1,1,0,0,0,0,0,Charlottenburg - Wilmersdorf,Accident with minor injuries,Collision with a turning/crossing vehicle,Turning/Crossing accident,Daylight,Dry
10932,200235,10,Kaulsdorf Nord I,2019,10,9,2,3,5,2,0,0,1,0,0,0,0,0,Marzahn-Hellersdorf,Accident with minor injuries,Collision with a turning/crossing vehicle,Turning accident,Daylight,Dry
10933,200236,2,Wassertorplatz,2019,10,9,2,3,2,6,0,0,1,0,1,0,0,0,Friedrichshain - Kreuzberg,Accident with minor injuries,Collision with the vehicle in front/waiting vehicle,Collision involving vehicles going in the same way,Daylight,Dry
10934,200237,3,Falkplatz,2019,10,12,2,2,5,3,0,1,1,0,0,0,0,0,Pankow,Accident with serious injuries,Collision with a turning/crossing vehicle,Turning/Crossing accident,Daylight,Dry
10935,200238,7,Neu-Tempelhof,2019,10,9,2,3,0,1,0,1,0,0,0,0,0,0,Tempelhof-Schöneberg,Accident with minor injuries,Others,Driving accident,Daylight,Dry
10936,200239,2,Mehringplatz,2019,10,8,2,3,0,7,0,0,0,0,1,0,0,1,Friedrichshain - Kreuzberg,Accident with minor injuries,Others,Others,Daylight,Wet/moist/slippery
10937,200240,7,Neu-Tempelhof,2019,10,12,2,3,2,6,0,0,1,0,0,0,0,0,Tempelhof-Schöneberg,Accident with minor injuries,Collision with the vehicle in front/waiting vehicle,Collision involving vehicles going in the same way,Daylight,Dry
10938,200241,8,Flughafenstraße,2019,10,16,1,3,5,3,0,1,1,0,0,0,0,0,Neukölln,Accident with minor injuries,Collision with a turning/crossing vehicle,Turning/Crossing accident,Daylight,Dry
10939,200242,3,Pankow Zentrum,2019,10,22,1,2,3,6,2,1,0,0,0,0,1,0,Pankow,Accident with serious injuries,Collision with a vehicle traveling laterally in the same direction,Collision involving vehicles going in the same way,Dark,Dry
10940,200243,3,Pankow Zentrum,2019,10,17,1,3,4,6,0,1,0,0,0,0,0,0,Pankow,Accident with minor injuries,Collision with oncoming vehicle,Collision involving vehicles going in the same way,Daylight,Dry
10941,200244,9,Kietzer Feld/Nachtheide,2019,10,16,1,3,2,6,0,0,1,0,0,0,0,1,Treptow-Köpenick,Accident with minor injuries,Collision with the vehicle in front/waiting vehicle,Collision involving vehicles going in the same way,Daylight,Wet/moist/slippery
10942,200245,12,Treuenbrietzener Straße,2019,10,16,1,3,0,1,0,0,0,0,1,0,0,0,Reinickendorf,Accident with minor injuries,Others,Driving accident,Daylight,Dry
10943,200246,3,Wilhelmsruh,2019,10,15,1,3,2,6,0,0,1,0,1,0,0,0,Pankow,Accident with minor injuries,Collision with the vehicle in front/waiting vehicle,Collision involving vehicles going in the same way,Daylight,Dry
10944,200247,1,Stülerstraße,2019,10,15,1,2,2,6,0,0,1,0,1,0,0,0,Mitte,Accident with serious injuries,Collision with the vehicle in front/waiting vehicle,Collision involving vehicles going in the same way,Daylight,Dry
10945,200248,1,Nördlicher Landwehrkanal,2019,10,13,1,3,5,3,0,1,0,0,1,0,0,0,Mitte,Accident with minor injuries,Collision with a turning/crossing vehicle,Turning/Crossing accident,Daylight,Dry
10946,200249,12,Scharnweberstraße,2019,10,13,1,3,5,2,0,0,1,0,0,0,1,0,Reinickendorf,Accident with minor injuries,Collision with a turning/crossing vehicle,Turning accident,Daylight,Dry
10947,200250,4,Eisenzahnstraße,2019,10,13,1,3,5,5,0,0,1,0,1,0,0,0,Charlottenburg - Wilmersdorf,Accident with minor injuries,Collision with a turning/crossing vehicle,Accident involving parked vehicles,Daylight,Dry
10948,200251,4,Königin-Elisabeth-Straße,2019,10,12,1,3,2,6,0,0,1,0,0,0,0,0,Charlottenburg - Wilmersdorf,Accident with minor injuries,Collision with the vehicle in front/waiting vehicle,Collision involving vehicles going in the same way,Daylight,Dry
10949,200252,8,Buckow Mitte,2019,10,11,1,3,6,2,0,0,1,1,0,0,0,0,Neukölln,Accident with minor injuries,Collision between vehicle and pedestrian,Turning accident,Daylight,Dry
10950,200253,3,Hansastraße,2019,10,10,1,3,5,3,0,0,1,0,0,0,0,0,Pankow,Accident with minor injuries,Collision with a turning/crossing vehicle,Turning/Crossing accident,Daylight,Dry
10951,200254,11,Falkenberg West,2019,10,9,1,3,5,7,0,1,1,0,0,0,0,0,Lichtenberg,Accident with minor injuries,Collision with a turning/crossing vehicle,Others,Daylight,Dry
10952,200255,2,Andreasviertel,2019,10,7,1,3,6,7,0,0,1,1,0,0,0,0,Friedrichshain - Kreuzberg,Accident with minor injuries,Collision between vehicle and pedestrian,Others,Daylight,Dry
10953,200256,4,Plötzensee,2019,10,6,1,3,5,7,2,0,1,0,0,0,0,0,Charlottenburg - Wilmersdorf,Accident with minor injuries,Collision with a turning/crossing vehicle,Others,Dark,Dry
10954,200257,1,Heine-Viertel Ost,2019,10,22,1,3,5,3,2,0,1,0,0,0,0,1,Mitte,Accident with minor injuries,Collision with a turning/crossing vehicle,Turning/Crossing accident,Dark,Wet/moist/slippery
10955,200258,3,Pankow Zentrum,2019,10,22,1,2,3,6,2,1,0,0,0,0,1,0,Pankow,Accident with serious injuries,Collision with a vehicle traveling laterally in the same direction,Collision involving vehicles going in the same way,Dark,Dry
10956,200259,2,Lausitzer Platz,2019,10,20,1,3,5,3,2,0,1,0,1,0,0,1,Friedrichshain - Kreuzberg,Accident with minor injuries,Collision with a turning/crossing vehicle,Turning/Crossing accident,Dark,Wet/moist/slippery
10957,200260,4,Alt-Lietzow,2019,10,20,1,3,0,1,2,1,0,0,0,0,0,0,Charlottenburg - Wilmersdorf,Accident with minor injuries,Others,Driving accident,Dark,Dry
10958,200261,4,Halensee,2019,10,16,4,3,5,2,0,0,1,0,1,0,0,1,Charlottenburg - Wilmersdorf,Accident with minor injuries,Collision with a turning/crossing vehicle,Turning accident,Daylight,Wet/moist/slippery
10959,200262,1,Charitéviertel,2019,10,17,3,3,0,1,1,0,1,0,0,0,1,1,Mitte,Accident with minor injuries,Others,Driving accident,Twilight,Wet/moist/slippery
10960,200263,4,Rüdesheimer Platz,2019,10,19,1,3,0,1,2,0,0,0,1,0,0,1,Charlottenburg - Wilmersdorf,Accident with minor injuries,Others,Driving accident,Dark,Wet/moist/slippery
10961,200264,11,Traveplatz,2019,10,19,1,3,0,1,2,0,0,0,1,0,0,1,Lichtenberg,Accident with minor injuries,Others,Driving accident,Dark,Wet/moist/slippery
10962,200265,2,Wassertorplatz,2019,10,18,1,3,0,2,2,1,1,0,0,0,0,1,Friedrichshain - Kreuzberg,Accident with minor injuries,Others,Turning accident,Dark,Wet/moist/slippery
10963,200266,4,George-Grosz-Platz,2019,10,18,1,3,0,1,1,0,0,0,1,0,0,0,Charlottenburg - Wilmersdorf,Accident with minor injuries,Others,Driving accident,Twilight,Dry
10964,200267,7,Rathausstraße,2019,10,13,7,3,2,2,0,0,1,0,0,0,0,0,Tempelhof-Schöneberg,Accident with minor injuries,Collision with the vehicle in front/waiting vehicle,Turning accident,Daylight,Dry
10965,200268,6,Dahlem,2019,10,13,7,3,2,2,0,0,1,0,0,0,0,0,Steglitz-Zehlendorf,Accident with minor injuries,Collision with the vehicle in front/waiting vehicle,Turning accident,Daylight,Dry
10966,200269,1,Westhafen,2019,10,18,7,3,0,5,1,0,1,0,1,0,0,0,Mitte,Accident with minor injuries,Others,Accident involving parked vehicles,Twilight,Dry
10967,200270,2,Stralauer Kiez,2019,10,15,4,2,6,4,0,0,1,1,0,0,0,1,Friedrichshain - Kreuzberg,Accident with serious injuries,Collision between vehicle and pedestrian,Pedestrian crossing accident,Daylight,Wet/moist/slippery
10968,200271,6,Lichterfelde West,2019,10,23,7,2,0,1,2,1,0,0,0,0,0,0,Steglitz-Zehlendorf,Accident with serious injuries,Others,Driving accident,Dark,Dry
10969,200272,3,Volkspark Prenzlauer Berg,2019,10,23,7,2,2,6,2,0,1,0,1,0,0,0,Pankow,Accident with serious injuries,Collision with the vehicle in front/waiting vehicle,Collision involving vehicles going in the same way,Dark,Dry
10970,200273,1,Oranienburger Straße,2019,10,15,4,3,6,4,0,0,0,1,1,0,0,1,Mitte,Accident with minor injuries,Collision between vehicle and pedestrian,Pedestrian crossing accident,Daylight,Wet/moist/slippery
10971,200274,1,Rehberge,2019,10,22,7,2,5,2,1,1,1,0,0,0,0,0,Mitte,Accident with serious injuries,Collision with a turning/crossing vehicle,Turning accident,Twilight,Dry
10972,200275,8,Treptower Straße Nord,2019,10,21,7,3,5,2,2,0,1,0,0,0,1,0,Neukölln,Accident with minor injuries,Collision with a turning/crossing vehicle,Turning accident,Dark,Dry
10973,200276,4,Jungfernheide,2019,10,22,7,3,5,2,2,0,1,0,0,0,1,0,Charlottenburg - Wilmersdorf,Accident with minor injuries,Collision with a turning/crossing vehicle,Turning accident,Dark,Dry
10974,200277,1,Heine-Viertel West,2019,10,22,7,3,6,2,2,0,1,1,0,0,0,0,Mitte,Accident with minor injuries,Collision between vehicle and pedestrian,Turning accident,Dark,Dry
10975,200278,8,Buschkrugallee Nord,2019,10,19,7,3,0,5,2,0,1,0,0,0,1,0,Neukölln,Accident with minor injuries,Others,Accident involving parked vehicles,Dark,Dry
10976,200279,1,Rehberge,2019,10,18,7,3,1,5,2,0,1,0,0,0,1,0,Mitte,Accident with minor injuries,Collision with a moving/standing/parked vehicle,Accident involving parked vehicles,Dark,Dry
10977,200280,12,Waldidyll/Flughafensee,2019,10,18,7,3,6,2,2,0,0,1,0,0,1,0,Reinickendorf,Accident with minor injuries,Collision between vehicle and pedestrian,Turning accident,Dark,Dry
10978,200281,12,Waidmannslust,2019,10,16,7,2,5,3,0,1,1,0,0,0,0,0,Reinickendorf,Accident with serious injuries,Collision with a turning/crossing vehicle,Turning/Crossing accident,Daylight,Dry
10979,200282,8,Gropiusstadt Süd,2019,10,15,7,3,5,3,0,0,1,0,0,0,0,0,Neukölln,Accident with minor injuries,Collision with a turning/crossing vehicle,Turning/Crossing accident,Daylight,Dry
10980,200283,5,Borkumer Straße,2019,10,15,7,2,0,6,0,0,1,0,0,0,1,0,Spandau,Accident with serious injuries,Others,Collision involving vehicles going in the same way,Daylight,Dry
10981,200284,7,Marienfelde Süd,2019,10,14,7,3,5,2,0,1,1,0,0,0,0,0,Tempelhof-Schöneberg,Accident with minor injuries,Collision with a turning/crossing vehicle,Turning accident,Daylight,Dry
10982,200285,7,Nollendorfplatz,2019,10,14,7,3,5,7,0,0,1,0,1,0,0,0,Tempelhof-Schöneberg,Accident with minor injuries,Collision with a turning/crossing vehicle,Others,Daylight,Dry
10983,200286,10,Marzahner Promenade,2019,10,13,7,3,0,6,0,0,1,0,0,0,1,0,Marzahn-Hellersdorf,Accident with minor injuries,Others,Collision involving vehicles going in the same way,Daylight,Dry
10984,200287,4,Karl-August-Platz,2019,10,12,7,3,5,3,0,1,0,0,1,0,0,0,Charlottenburg - Wilmersdorf,Accident with minor injuries,Collision with a turning/crossing vehicle,Turning/Crossing accident,Daylight,Dry
10985,200288,10,Kaulsdorf Nord II,2019,10,12,7,3,5,2,0,0,0,0,0,0,1,0,Marzahn-Hellersdorf,Accident with minor injuries,Collision with a turning/crossing vehicle,Turning accident,Daylight,Dry
10986,200289,9,Adlershof West,2019,10,12,7,3,5,3,0,1,1,0,0,0,0,0,Treptow-Köpenick,Accident with minor injuries,Collision with a turning/crossing vehicle,Turning/Crossing accident,Daylight,Dry
10987,200290,6,Schloßstraße,2019,10,12,7,3,5,3,0,0,1,0,0,0,0,0,Steglitz-Zehlendorf,Accident with minor injuries,Collision with a turning/crossing vehicle,Turning/Crossing accident,Daylight,Dry
10988,200291,11,Sewanstraße,2019,10,11,7,3,5,3,0,1,1,0,0,0,0,0,Lichtenberg,Accident with minor injuries,Collision with a turning/crossing vehicle,Turning/Crossing accident,Daylight,Dry
10989,200292,11,Herzbergstraße,2019,10,11,7,3,3,6,0,1,0,0,0,0,1,0,Lichtenberg,Accident with minor injuries,Collision with a vehicle traveling laterally in the same direction,Collision involving vehicles going in the same way,Daylight,Dry
10990,200293,11,Rüdigerstraße,2019,10,10,7,3,3,6,0,1,1,0,0,0,0,0,Lichtenberg,Accident with minor injuries,Collision with a vehicle traveling laterally in the same direction,Collision involving vehicles going in the same way,Daylight,Dry
10991,200294,3,Heinersdorf,2019,10,10,7,3,5,3,0,0,1,0,0,0,0,0,Pankow,Accident with minor injuries,Collision with a turning/crossing vehicle,Turning/Crossing accident,Daylight,Dry
10992,200295,11,Wartenberg Süd,2019,10,10,7,3,0,3,0,0,1,0,1,0,0,0,Lichtenberg,Accident with minor injuries,Others,Turning/Crossing accident,Daylight,Dry
10993,200296,4,Kaiserin-Augusta-Allee,2019,10,9,7,3,5,7,0,0,1,0,1,0,0,0,Charlottenburg - Wilmersdorf,Accident with minor injuries,Collision with a turning/crossing vehicle,Others,Daylight,Dry
10994,200297,8,Reuterkiez,2019,10,1,7,3,5,3,2,0,1,0,1,0,0,0,Neukölln,Accident with minor injuries,Collision with a turning/crossing vehicle,Turning/Crossing accident,Dark,Dry
10995,200298,5,Carl-Schurz-Straße,2019,10,0,7,3,6,4,2,0,1,1,0,0,0,0,Spandau,Accident with minor injuries,Collision between vehicle and pedestrian,Pedestrian crossing accident,Dark,Dry
10996,200299,2,Friedenstraße,2019,10,19,6,3,0,6,2,0,1,0,1,0,0,0,Friedrichshain - Kreuzberg,Accident with minor injuries,Others,Collision involving vehicles going in the same way,Dark,Dry
10997,200300,1,Unter den Linden Nord,2019,10,10,6,2,6,4,0,1,0,1,0,0,0,1,Mitte,Accident with serious injuries,Collision between vehicle and pedestrian,Pedestrian crossing accident,Daylight,Wet/moist/slippery
10998,200301,11,Rummelsburg,2019,10,20,6,3,6,4,2,0,1,1,0,0,0,1,Lichtenberg,Accident with minor injuries,Collision between vehicle and pedestrian,Pedestrian crossing accident,Dark,Wet/moist/slippery
10999,200302,1,Heine-Viertel Ost,2019,10,14,6,3,5,7,0,1,0,0,0,0,1,0,Mitte,Accident with minor injuries,Collision with a turning/crossing vehicle,Others,Daylight,Dry
11000,200303,5,Adamstraße,2019,10,13,6,3,5,2,0,0,1,0,0,0,0,0,Spandau,Accident with minor injuries,Collision with a turning/crossing vehicle,Turning accident,Daylight,Dry
11001,200304,8,Glasower Straße,2019,10,13,6,3,2,6,0,0,1,0,0,0,0,0,Neukölln,Accident with minor injuries,Collision with the vehicle in front/waiting vehicle,Collision involving vehicles going in the same way,Daylight,Dry
11002,200305,11,Fennpfuhl West,2019,10,19,6,2,5,3,2,0,1,0,0,0,1,1,Lichtenberg,Accident with serious injuries,Collision with a turning/crossing vehicle,Turning/Crossing accident,Dark,Wet/moist/slippery
11003,200306,1,Stephankiez,2019,10,10,6,3,0,6,0,1,1,0,0,0,0,0,Mitte,Accident with minor injuries,Others,Collision involving vehicles going in the same way,Daylight,Dry
11004,200307,6,Alt-Lankwitz,2019,10,19,6,3,5,3,2,0,1,0,0,0,0,1,Steglitz-Zehlendorf,Accident with minor injuries,Collision with a turning/crossing vehicle,Turning/Crossing accident,Dark,Wet/moist/slippery
11005,200308,3,Kollwitzplatz,2019,10,19,6,3,1,5,2,1,1,0,0,0,0,1,Pankow,Accident with minor injuries,Collision with a moving/standing/parked vehicle,Accident involving parked vehicles,Dark,Wet/moist/slippery
11006,200309,2,Lausitzer Platz,2019,10,17,6,3,5,2,1,1,1,0,0,0,0,1,Friedrichshain - Kreuzberg,Accident with minor injuries,Collision with a turning/crossing vehicle,Turning accident,Twilight,Wet/moist/slippery
11007,200310,4,Park Ruhwald,2019,10,19,6,3,5,2,2,1,1,0,0,0,0,1,Charlottenburg - Wilmersdorf,Accident with minor injuries,Collision with a turning/crossing vehicle,Turning accident,Dark,Wet/moist/slippery
11008,200311,12,Heiligensee,2019,10,6,6,3,2,6,1,0,1,0,0,0,0,0,Reinickendorf,Accident with minor injuries,Collision with the vehicle in front/waiting vehicle,Collision involving vehicles going in the same way,Twilight,Dry
11009,200312,2,Boxhagener Platz,2019,10,12,4,3,0,3,0,1,1,0,0,0,0,1,Friedrichshain - Kreuzberg,Accident with minor injuries,Others,Turning/Crossing accident,Daylight,Wet/moist/slippery
11010,200313,6,Thielallee,2019,10,18,6,3,5,3,2,0,1,0,0,0,0,1,Steglitz-Zehlendorf,Accident with minor injuries,Collision with a turning/crossing vehicle,Turning/Crossing accident,Dark,Wet/moist/slippery
11011,200314,5,Motardstraße,2019,10,5,6,3,6,4,2,0,0,1,1,0,0,0,Spandau,Accident with minor injuries,Collision between vehicle and pedestrian,Pedestrian crossing accident,Dark,Dry
11012,200315,2,Wassertorplatz,2019,10,17,6,3,5,3,1,1,1,0,0,0,0,1,Friedrichshain - Kreuzberg,Accident with minor injuries,Collision with a turning/crossing vehicle,Turning/Crossing accident,Twilight,Wet/moist/slippery
11013,200316,1,Gesundbrunnen,2019,10,17,6,3,5,7,1,0,1,0,1,0,0,0,Mitte,Accident with minor injuries,Collision with a turning/crossing vehicle,Others,Twilight,Dry
11014,200317,7,Marienfelder Allee Nordwest,2019,10,16,6,3,2,6,0,0,1,0,0,0,0,1,Tempelhof-Schöneberg,Accident with minor injuries,Collision with the vehicle in front/waiting vehicle,Collision involving vehicles going in the same way,Daylight,Wet/moist/slippery
11015,200318,6,Teltower Damm,2019,10,16,6,2,5,5,0,0,1,0,0,0,0,1,Steglitz-Zehlendorf,Accident with serious injuries,Collision with a turning/crossing vehicle,Accident involving parked vehicles,Daylight,Wet/moist/slippery
11016,200319,7,John-Locke-Straße,2019,10,15,6,3,5,2,0,0,1,0,1,0,0,0,Tempelhof-Schöneberg,Accident with minor injuries,Collision with a turning/crossing vehicle,Turning accident,Daylight,Dry
11017,200320,11,Große-Leege-Straße,2019,10,14,6,3,2,6,0,0,1,0,0,0,0,0,Lichtenberg,Accident with minor injuries,Collision with the vehicle in front/waiting vehicle,Collision involving vehicles going in the same way,Daylight,Dry
11018,200321,1,Beusselkiez,2019,10,14,6,3,0,5,0,0,0,1,0,0,1,0,Mitte,Accident with minor injuries,Others,Accident involving parked vehicles,Daylight,Dry