,object id,district,street,year,month,hour of day,weekday,category,accident type,accident type 2,light situation,bike involved,car involved,pedestrian involved,motor bike involved,big track involved,other vehicle involved,road condition,district name,category name,accident detail,accident type detail,light condition,road condition detail
11019,200322,4,Droysenstraße,2019,10,20,6,3,5,7,2,0,1,0,0,0,0,1,Charlottenburg - Wilmersdorf,Accident with minor injuries,Collision with a turning/crossing vehicle,Others,Dark,Wet/moist/slippery
11020,200323,8,Tempelhofer Weg,2019,10,14,4,3,3,6,0,0,1,0,0,0,1,1,Neukölln,Accident with minor injuries,Collision with a vehicle traveling laterally in the same direction,Collision involving vehicles going in the same way,Daylight,Wet/moist/slippery
11021,200324,4,Jungfernheide,2019,10,15,6,3,2,6,0,0,1,0,0,0,1,0,Charlottenburg - Wilmersdorf,Accident with minor injuries,Collision with the vehicle in front/waiting vehicle,Collision involving vehicles going in the same way,Daylight,Dry
11022,200325,2,Mehringplatz,2019,10,16,5,3,6,6,0,0,0,1,0,0,1,1,Friedrichshain - Kreuzberg,Accident with minor injuries,Collision between vehicle and pedestrian,Collision involving vehicles going in the same way,Daylight,Wet/moist/slippery
11023,200326,1,Leipziger Straße,2019,10,19,5,3,5,3,2,1,0,0,0,0,0,0,Mitte,Accident with minor injuries,Collision with a turning/crossing vehicle,Turning/Crossing accident,Dark,Dry
11024,200327,8,Schillerpromenade,2019,10,23,5,3,2,6,2,0,1,0,0,0,0,1,Neukölln,Accident with minor injuries,Collision with the vehicle in front/waiting vehicle,Collision involving vehicles going in the same way,Dark,Wet/moist/slippery
11025,200328,1,Schillerpark,2019,10,22,5,3,2,6,2,0,1,0,0,0,0,1,Mitte,Accident with minor injuries,Collision with the vehicle in front/waiting vehicle,Collision involving vehicles going in the same way,Dark,Wet/moist/slippery
11026,200329,3,Buch,2019,10,20,5,3,6,4,2,1,0,1,0,0,0,1,Pankow,Accident with minor injuries,Collision between vehicle and pedestrian,Pedestrian crossing accident,Dark,Wet/moist/slippery
11027,200330,7,Friedenau,2019,10,20,5,3,6,4,2,0,1,1,0,0,0,1,Tempelhof-Schöneberg,Accident with minor injuries,Collision between vehicle and pedestrian,Pedestrian crossing accident,Dark,Wet/moist/slippery
11028,200331,10,Hellersdorfer Promenade,2019,10,19,5,2,3,6,2,1,1,0,0,0,0,1,Marzahn-Hellersdorf,Accident with serious injuries,Collision with a vehicle traveling laterally in the same direction,Collision involving vehicles going in the same way,Dark,Wet/moist/slippery
11029,200332,5,Carl-Schurz-Straße,2019,10,19,5,2,6,4,2,0,1,1,0,0,0,0,Spandau,Accident with serious injuries,Collision between vehicle and pedestrian,Pedestrian crossing accident,Dark,Dry
11030,200333,1,Leipziger Straße,2019,10,17,5,3,5,2,0,0,1,0,0,0,0,1,Mitte,Accident with minor injuries,Collision with a turning/crossing vehicle,Turning accident,Daylight,Wet/moist/slippery
11031,200334,7,Manteuffelstraße,2019,10,13,4,3,6,7,0,0,0,1,0,1,0,1,Tempelhof-Schöneberg,Accident with minor injuries,Collision between vehicle and pedestrian,Others,Daylight,Wet/moist/slippery
11032,200335,8,Schillerpromenade,2019,10,17,5,3,0,3,0,0,1,0,1,0,0,1,Neukölln,Accident with minor injuries,Others,Turning/Crossing accident,Daylight,Wet/moist/slippery
11033,200336,11,Karlshorst West,2019,10,14,4,3,3,6,0,1,1,0,0,0,0,1,Lichtenberg,Accident with minor injuries,Collision with a vehicle traveling laterally in the same direction,Collision involving vehicles going in the same way,Daylight,Wet/moist/slippery
11034,200337,1,Arkonaplatz,2019,10,9,5,3,0,1,0,1,0,0,0,0,0,1,Mitte,Accident with minor injuries,Others,Driving accident,Daylight,Wet/moist/slippery
11035,200338,6,Zehlendorf Mitte,2019,10,9,5,3,3,6,0,1,1,0,0,0,0,0,Steglitz-Zehlendorf,Accident with minor injuries,Collision with a vehicle traveling laterally in the same direction,Collision involving vehicles going in the same way,Daylight,Dry
11036,200339,7,Marienhöhe,2019,10,8,5,3,2,6,0,0,1,0,0,0,0,1,Tempelhof-Schöneberg,Accident with minor injuries,Collision with the vehicle in front/waiting vehicle,Collision involving vehicles going in the same way,Daylight,Wet/moist/slippery
11037,200340,2,Andreasviertel,2019,10,6,5,2,5,3,1,0,1,0,0,0,0,1,Friedrichshain - Kreuzberg,Accident with serious injuries,Collision with a turning/crossing vehicle,Turning/Crossing accident,Twilight,Wet/moist/slippery
11038,200341,3,Wilhelmsruh,2019,10,6,5,3,6,2,2,0,1,1,0,0,0,1,Pankow,Accident with minor injuries,Collision between vehicle and pedestrian,Turning accident,Dark,Wet/moist/slippery
11039,200342,3,Hansastraße,2019,10,13,4,3,5,2,0,1,1,0,0,0,0,1,Pankow,Accident with minor injuries,Collision with a turning/crossing vehicle,Turning accident,Daylight,Wet/moist/slippery
11040,200343,1,Heine-Viertel West,2019,10,4,5,3,0,1,2,0,0,0,0,0,1,1,Mitte,Accident with minor injuries,Others,Driving accident,Dark,Wet/moist/slippery
11041,200344,7,Marienfelde Nordost,2019,10,16,5,3,5,2,0,1,1,0,0,0,0,0,Tempelhof-Schöneberg,Accident with minor injuries,Collision with a turning/crossing vehicle,Turning accident,Daylight,Dry
11042,200345,2,Friedenstraße,2019,10,15,5,3,5,2,0,0,0,0,0,0,1,0,Friedrichshain - Kreuzberg,Accident with minor injuries,Collision with a turning/crossing vehicle,Turning accident,Daylight,Dry
11043,200346,2,Samariterviertel,2019,10,15,5,3,1,5,0,1,0,0,0,0,1,0,Friedrichshain - Kreuzberg,Accident with minor injuries,Collision with a moving/standing/parked vehicle,Accident involving parked vehicles,Daylight,Dry
11044,200347,1,Soldiner Straße,2019,10,14,5,3,5,2,0,0,1,0,0,0,0,1,Mitte,Accident with minor injuries,Collision with a turning/crossing vehicle,Turning accident,Daylight,Wet/moist/slippery
11045,200348,1,Unter den Linden Nord,2019,10,12,5,3,5,3,0,0,1,0,1,0,0,0,Mitte,Accident with minor injuries,Collision with a turning/crossing vehicle,Turning/Crossing accident,Daylight,Dry
11046,200349,2,Viktoriapark,2019,10,10,5,3,5,7,0,0,1,0,1,0,0,1,Friedrichshain - Kreuzberg,Accident with minor injuries,Collision with a turning/crossing vehicle,Others,Daylight,Wet/moist/slippery
11047,200350,5,Carl-Schurz-Straße,2019,10,21,4,2,9,1,2,0,1,0,0,0,0,0,Spandau,Accident with serious injuries,Departure from the roadway to the left,Driving accident,Dark,Dry
11048,200351,11,Mühlengrund,2019,10,10,5,3,6,6,0,1,0,1,0,0,0,0,Lichtenberg,Accident with minor injuries,Collision between vehicle and pedestrian,Collision involving vehicles going in the same way,Daylight,Dry
11049,200352,5,Freiheit,2019,10,6,5,3,2,6,1,0,0,0,1,0,1,1,Spandau,Accident with minor injuries,Collision with the vehicle in front/waiting vehicle,Collision involving vehicles going in the same way,Twilight,Wet/moist/slippery
11050,200353,1,Wilhelmstraße,2019,10,23,4,3,5,2,2,0,1,0,0,0,0,1,Mitte,Accident with minor injuries,Collision with a turning/crossing vehicle,Turning accident,Dark,Wet/moist/slippery
11051,200354,1,Karl-Marx-Allee,2019,10,23,4,3,0,1,2,1,0,0,0,0,0,1,Mitte,Accident with minor injuries,Others,Driving accident,Dark,Wet/moist/slippery
11052,200355,3,Pankow Zentrum,2019,10,18,4,2,5,2,0,0,1,0,0,0,1,0,Pankow,Accident with serious injuries,Collision with a turning/crossing vehicle,Turning accident,Daylight,Dry
11053,200356,10,Marzahn Ost,2019,10,18,4,2,6,4,2,0,1,1,0,0,0,1,Marzahn-Hellersdorf,Accident with serious injuries,Collision between vehicle and pedestrian,Pedestrian crossing accident,Dark,Wet/moist/slippery
11054,200357,9,Allende I,2019,10,17,4,3,5,2,0,0,1,0,0,0,0,0,Treptow-Köpenick,Accident with minor injuries,Collision with a turning/crossing vehicle,Turning accident,Daylight,Dry
11055,200358,1,Westliche Müllerstraße,2019,10,16,4,3,1,5,0,1,1,0,0,0,0,0,Mitte,Accident with minor injuries,Collision with a moving/standing/parked vehicle,Accident involving parked vehicles,Daylight,Dry
11056,200359,7,Nollendorfplatz,2019,10,16,4,2,6,4,0,0,1,1,0,0,0,0,Tempelhof-Schöneberg,Accident with serious injuries,Collision between vehicle and pedestrian,Pedestrian crossing accident,Daylight,Dry
11057,200360,1,Oranienburger Straße,2019,10,21,4,3,0,3,2,0,1,0,0,0,1,1,Mitte,Accident with minor injuries,Others,Turning/Crossing accident,Dark,Wet/moist/slippery
11058,200361,4,Hindemithplatz,2019,10,17,4,3,2,6,0,0,1,0,1,0,0,0,Charlottenburg - Wilmersdorf,Accident with minor injuries,Collision with the vehicle in front/waiting vehicle,Collision involving vehicles going in the same way,Daylight,Dry
11059,200362,11,Dorf Wartenberg,2019,10,15,4,3,0,6,0,0,1,0,0,0,1,0,Lichtenberg,Accident with minor injuries,Others,Collision involving vehicles going in the same way,Daylight,Dry
11060,200363,11,Weitlingstraße,2019,10,15,4,3,6,4,0,0,0,1,0,0,1,0,Lichtenberg,Accident with minor injuries,Collision between vehicle and pedestrian,Pedestrian crossing accident,Daylight,Dry
11061,200364,4,Plötzensee,2019,10,12,4,3,2,6,0,0,1,0,0,0,0,1,Charlottenburg - Wilmersdorf,Accident with minor injuries,Collision with the vehicle in front/waiting vehicle,Collision involving vehicles going in the same way,Daylight,Wet/moist/slippery
11062,200365,2,Oranienplatz,2019,10,21,4,3,0,4,2,1,0,1,0,0,0,1,Friedrichshain - Kreuzberg,Accident with minor injuries,Others,Pedestrian crossing accident,Dark,Wet/moist/slippery
11063,200366,4,Breitscheidplatz,2019,10,15,4,3,0,3,0,1,0,0,1,0,0,0,Charlottenburg - Wilmersdorf,Accident with minor injuries,Others,Turning/Crossing accident,Daylight,Dry
11064,200367,11,Hohenschönhausener Straße,2019,10,12,4,3,6,4,0,1,0,1,0,0,0,1,Lichtenberg,Accident with minor injuries,Collision between vehicle and pedestrian,Pedestrian crossing accident,Daylight,Wet/moist/slippery
11065,200368,1,Oranienburger Straße,2019,10,9,4,3,1,1,0,1,1,0,0,0,0,0,Mitte,Accident with minor injuries,Collision with a moving/standing/parked vehicle,Driving accident,Daylight,Dry
11066,200369,3,Pankow Zentrum,2019,10,21,4,3,5,3,2,1,0,0,1,0,0,1,Pankow,Accident with minor injuries,Collision with a turning/crossing vehicle,Turning/Crossing accident,Dark,Wet/moist/slippery
11067,200370,6,Zehlendorf Süd,2019,10,20,4,3,0,2,2,0,1,0,1,0,0,1,Steglitz-Zehlendorf,Accident with minor injuries,Others,Turning accident,Dark,Wet/moist/slippery
11068,200371,12,Alt-Tegel,2019,10,8,4,3,1,5,0,1,1,0,0,0,0,1,Reinickendorf,Accident with minor injuries,Collision with a moving/standing/parked vehicle,Accident involving parked vehicles,Daylight,Wet/moist/slippery
11069,200372,11,Hauptstraße,2019,10,7,4,3,1,7,0,0,1,0,0,0,0,1,Lichtenberg,Accident with minor injuries,Collision with a moving/standing/parked vehicle,Others,Daylight,Wet/moist/slippery
11070,200373,12,Scharnweberstraße,2019,10,14,4,3,2,6,0,0,1,0,0,0,0,1,Reinickendorf,Accident with minor injuries,Collision with the vehicle in front/waiting vehicle,Collision involving vehicles going in the same way,Daylight,Wet/moist/slippery
11071,200374,11,Victoriastadt,2019,10,12,4,3,2,6,0,0,1,0,0,0,0,1,Lichtenberg,Accident with minor injuries,Collision with the vehicle in front/waiting vehicle,Collision involving vehicles going in the same way,Daylight,Wet/moist/slippery
11072,200375,3,Humannplatz,2019,10,7,4,2,5,2,0,0,1,0,0,0,1,0,Pankow,Accident with serious injuries,Collision with a turning/crossing vehicle,Turning accident,Daylight,Dry
11073,200376,10,Havemannstraße,2019,10,20,4,3,0,7,2,0,1,0,1,0,0,1,Marzahn-Hellersdorf,Accident with minor injuries,Others,Others,Dark,Wet/moist/slippery
11074,200377,8,Tempelhofer Weg,2019,10,14,4,3,2,6,0,0,1,0,0,0,0,1,Neukölln,Accident with minor injuries,Collision with the vehicle in front/waiting vehicle,Collision involving vehicles going in the same way,Daylight,Wet/moist/slippery
11075,200378,3,Arnimplatz,2019,10,14,4,3,5,2,0,0,1,0,0,0,0,0,Pankow,Accident with minor injuries,Collision with a turning/crossing vehicle,Turning accident,Daylight,Dry
11076,200379,9,Müggelheim,2019,10,13,4,3,0,6,0,0,1,0,0,0,1,0,Treptow-Köpenick,Accident with minor injuries,Others,Collision involving vehicles going in the same way,Daylight,Dry
11077,200380,7,Friedenau,2019,10,12,4,3,1,5,0,1,1,0,0,0,0,1,Tempelhof-Schöneberg,Accident with minor injuries,Collision with a moving/standing/parked vehicle,Accident involving parked vehicles,Daylight,Wet/moist/slippery
11078,200381,1,Breitscheidplatz,2019,10,19,4,3,0,7,2,0,0,0,0,0,1,1,Mitte,Accident with minor injuries,Others,Others,Dark,Wet/moist/slippery
11079,200382,7,Nollendorfplatz,2019,10,19,4,3,5,2,2,1,1,0,0,0,0,0,Tempelhof-Schöneberg,Accident with minor injuries,Collision with a turning/crossing vehicle,Turning accident,Dark,Dry
11080,200383,8,Reuterkiez,2019,10,5,4,3,0,3,2,1,1,0,0,0,0,1,Neukölln,Accident with minor injuries,Others,Turning/Crossing accident,Dark,Wet/moist/slippery
11081,200384,2,Oranienplatz,2019,10,19,4,3,3,6,2,0,1,0,0,1,0,1,Friedrichshain - Kreuzberg,Accident with minor injuries,Collision with a vehicle traveling laterally in the same direction,Collision involving vehicles going in the same way,Dark,Wet/moist/slippery
11082,200385,6,Dahlem,2019,10,11,4,2,5,2,0,1,1,0,0,0,0,0,Steglitz-Zehlendorf,Accident with serious injuries,Collision with a turning/crossing vehicle,Turning accident,Daylight,Dry
11083,200386,3,Pankow Süd,2019,10,10,4,3,2,6,0,1,1,0,0,0,0,0,Pankow,Accident with minor injuries,Collision with the vehicle in front/waiting vehicle,Collision involving vehicles going in the same way,Daylight,Dry
11084,200387,2,Urbanstraße,2019,10,22,4,3,5,3,2,0,1,0,0,0,1,1,Friedrichshain - Kreuzberg,Accident with minor injuries,Collision with a turning/crossing vehicle,Turning/Crossing accident,Dark,Wet/moist/slippery
11085,200388,12,Scharnweberstraße,2019,10,7,4,3,2,6,0,0,1,0,0,0,0,0,Reinickendorf,Accident with minor injuries,Collision with the vehicle in front/waiting vehicle,Collision involving vehicles going in the same way,Daylight,Dry
11086,200389,5,Kurstraße,2019,10,10,4,3,6,7,0,0,1,1,0,0,0,0,Spandau,Accident with minor injuries,Collision between vehicle and pedestrian,Others,Daylight,Dry
11087,200390,1,Invalidenstraße,2019,10,14,4,3,0,1,0,0,0,0,1,0,0,1,Mitte,Accident with minor injuries,Others,Driving accident,Daylight,Wet/moist/slippery
11088,200391,3,Herthaplatz,2019,10,6,4,3,5,3,0,1,0,0,0,0,1,1,Pankow,Accident with minor injuries,Collision with a turning/crossing vehicle,Turning/Crossing accident,Daylight,Wet/moist/slippery
11089,200392,1,Heine-Viertel Ost,2019,10,18,4,3,2,6,2,0,1,0,0,0,0,0,Mitte,Accident with minor injuries,Collision with the vehicle in front/waiting vehicle,Collision involving vehicles going in the same way,Dark,Dry
11090,200393,9,Bölschestraße,2019,10,6,4,2,5,3,2,1,1,0,0,0,0,1,Treptow-Köpenick,Accident with serious injuries,Collision with a turning/crossing vehicle,Turning/Crossing accident,Dark,Wet/moist/slippery
11091,200394,4,Park Ruhwald,2019,10,18,4,3,2,6,2,0,1,0,0,0,0,0,Charlottenburg - Wilmersdorf,Accident with minor injuries,Collision with the vehicle in front/waiting vehicle,Collision involving vehicles going in the same way,Dark,Dry
11092,200395,1,Soldiner Straße,2019,10,6,4,3,6,4,2,1,0,1,0,0,0,1,Mitte,Accident with minor injuries,Collision between vehicle and pedestrian,Pedestrian crossing accident,Dark,Wet/moist/slippery
11093,200396,12,Wittenau Süd,2019,10,6,4,3,5,2,1,0,1,0,0,0,0,1,Reinickendorf,Accident with minor injuries,Collision with a turning/crossing vehicle,Turning accident,Twilight,Wet/moist/slippery
11094,200397,1,Elberfelder Straße,2019,10,10,3,3,5,2,0,1,1,0,0,0,0,1,Mitte,Accident with minor injuries,Collision with a turning/crossing vehicle,Turning accident,Daylight,Wet/moist/slippery
11095,200398,9,Baumschulenstraße,2019,10,21,3,3,5,2,2,0,1,0,0,0,0,1,Treptow-Köpenick,Accident with minor injuries,Collision with a turning/crossing vehicle,Turning accident,Dark,Wet/moist/slippery
11096,200399,2,Viktoriapark,2019,10,19,4,3,2,6,2,0,1,0,1,0,0,1,Friedrichshain - Kreuzberg,Accident with minor injuries,Collision with the vehicle in front/waiting vehicle,Collision involving vehicles going in the same way,Dark,Wet/moist/slippery
11097,200400,1,Oranienburger Straße,2019,10,20,3,3,1,5,2,1,0,0,0,0,1,1,Mitte,Accident with minor injuries,Collision with a moving/standing/parked vehicle,Accident involving parked vehicles,Dark,Wet/moist/slippery
11098,200401,3,Teutoburger Platz,2019,10,18,3,3,2,6,0,0,1,0,1,0,0,1,Pankow,Accident with minor injuries,Collision with the vehicle in front/waiting vehicle,Collision involving vehicles going in the same way,Daylight,Wet/moist/slippery
11099,200402,2,Richard-Sorge-Viertel,2019,10,17,3,3,6,7,0,0,1,1,0,0,0,1,Friedrichshain - Kreuzberg,Accident with minor injuries,Collision between vehicle and pedestrian,Others,Daylight,Wet/moist/slippery
11100,200403,4,Rüdesheimer Platz,2019,10,18,3,2,0,1,2,1,0,0,0,0,0,1,Charlottenburg - Wilmersdorf,Accident with serious injuries,Others,Driving accident,Dark,Wet/moist/slippery
11101,200404,12,Letteplatz,2019,10,19,4,2,6,4,2,0,0,1,1,0,0,1,Reinickendorf,Accident with serious injuries,Collision between vehicle and pedestrian,Pedestrian crossing accident,Dark,Wet/moist/slippery
11102,200405,1,Soldiner Straße,2019,10,20,3,3,6,4,2,0,1,1,0,0,0,1,Mitte,Accident with minor injuries,Collision between vehicle and pedestrian,Pedestrian crossing accident,Dark,Wet/moist/slippery
11103,200406,10,Oberfeldstraße,2019,10,7,5,3,0,3,0,0,0,0,1,0,1,1,Marzahn-Hellersdorf,Accident with minor injuries,Others,Turning/Crossing accident,Daylight,Wet/moist/slippery
11104,200407,1,Alexanderplatzviertel,2019,10,13,5,3,2,2,0,1,1,0,0,0,0,0,Mitte,Accident with minor injuries,Collision with the vehicle in front/waiting vehicle,Turning accident,Daylight,Dry
11105,200408,12,Teichstraße,2019,10,5,5,3,5,7,2,0,1,0,0,0,1,1,Reinickendorf,Accident with minor injuries,Collision with a turning/crossing vehicle,Others,Dark,Wet/moist/slippery
11106,200409,5,Gartenfelder Straße,2019,10,6,5,3,2,2,1,0,1,0,0,0,0,1,Spandau,Accident with minor injuries,Collision with the vehicle in front/waiting vehicle,Turning accident,Twilight,Wet/moist/slippery
11107,200410,7,Germaniagarten,2019,10,13,5,3,1,5,0,0,0,0,0,1,1,0,Tempelhof-Schöneberg,Accident with minor injuries,Collision with a moving/standing/parked vehicle,Accident involving parked vehicles,Daylight,Dry
11108,200411,8,Silbersteinstraße,2019,10,6,5,3,2,2,2,0,1,0,1,0,0,1,Neukölln,Accident with minor injuries,Collision with the vehicle in front/waiting vehicle,Turning accident,Dark,Wet/moist/slippery
11109,200412,5,Motardstraße,2019,10,12,5,3,2,7,0,0,1,0,0,0,0,1,Spandau,Accident with minor injuries,Collision with the vehicle in front/waiting vehicle,Others,Daylight,Wet/moist/slippery
11110,200413,7,Marienfelde Nordost,2019,10,12,5,3,0,1,0,1,0,0,0,0,0,1,Tempelhof-Schöneberg,Accident with minor injuries,Others,Driving accident,Daylight,Wet/moist/slippery
11111,200414,1,Soldiner Straße,2019,10,6,5,3,0,1,2,0,0,0,1,0,0,1,Mitte,Accident with minor injuries,Others,Driving accident,Dark,Wet/moist/slippery
11112,200415,1,Gesundbrunnen,2019,10,9,5,3,2,2,0,0,1,0,0,0,0,1,Mitte,Accident with minor injuries,Collision with the vehicle in front/waiting vehicle,Turning accident,Daylight,Wet/moist/slippery
11113,200416,1,Humboldthain Süd,2019,10,6,5,3,2,6,2,0,1,0,0,1,0,1,Mitte,Accident with minor injuries,Collision with the vehicle in front/waiting vehicle,Collision involving vehicles going in the same way,Dark,Wet/moist/slippery
11114,200417,1,Großer Tiergarten,2019,10,8,5,2,1,5,0,1,0,0,0,0,1,1,Mitte,Accident with serious injuries,Collision with a moving/standing/parked vehicle,Accident involving parked vehicles,Daylight,Wet/moist/slippery
11115,200418,7,Marienfelde Nordost,2019,10,10,5,3,2,6,0,0,1,0,0,0,0,1,Tempelhof-Schöneberg,Accident with minor injuries,Collision with the vehicle in front/waiting vehicle,Collision involving vehicles going in the same way,Daylight,Wet/moist/slippery
11116,200419,7,Marienhöhe,2019,10,8,5,3,5,2,0,1,1,0,0,0,0,1,Tempelhof-Schöneberg,Accident with minor injuries,Collision with a turning/crossing vehicle,Turning accident,Daylight,Wet/moist/slippery
11117,200420,1,Soldiner Straße,2019,10,9,5,3,1,5,0,1,1,0,0,0,0,0,Mitte,Accident with minor injuries,Collision with a moving/standing/parked vehicle,Accident involving parked vehicles,Daylight,Dry
11118,200421,3,Märchenland,2019,10,8,5,3,2,6,0,0,1,0,0,0,0,1,Pankow,Accident with minor injuries,Collision with the vehicle in front/waiting vehicle,Collision involving vehicles going in the same way,Daylight,Wet/moist/slippery
11119,200422,12,Schäfersee,2019,10,8,5,3,2,6,0,0,1,0,0,0,0,1,Reinickendorf,Accident with minor injuries,Collision with the vehicle in front/waiting vehicle,Collision involving vehicles going in the same way,Daylight,Wet/moist/slippery
11120,200423,1,Charitéviertel,2019,10,8,5,3,5,2,0,1,1,0,0,0,0,1,Mitte,Accident with minor injuries,Collision with a turning/crossing vehicle,Turning accident,Daylight,Wet/moist/slippery
11121,200424,4,Park Ruhwald,2019,10,8,5,2,0,7,0,1,0,0,0,0,0,1,Charlottenburg - Wilmersdorf,Accident with serious injuries,Others,Others,Daylight,Wet/moist/slippery
11122,200425,6,Augustaplatz,2019,10,12,4,3,5,3,0,1,1,0,0,0,0,0,Steglitz-Zehlendorf,Accident with minor injuries,Collision with a turning/crossing vehicle,Turning/Crossing accident,Daylight,Dry
11123,200426,5,Adamstraße,2019,10,18,4,3,5,3,2,0,1,0,1,0,0,0,Spandau,Accident with minor injuries,Collision with a turning/crossing vehicle,Turning/Crossing accident,Dark,Dry
11124,200427,3,Teutoburger Platz,2019,10,9,4,3,5,2,0,1,0,0,0,0,1,0,Pankow,Accident with minor injuries,Collision with a turning/crossing vehicle,Turning accident,Daylight,Dry
11125,200428,4,Breitscheidplatz,2019,10,18,4,3,5,3,2,1,1,0,0,0,0,0,Charlottenburg - Wilmersdorf,Accident with minor injuries,Collision with a turning/crossing vehicle,Turning/Crossing accident,Dark,Dry
11126,200429,7,John-Locke-Straße,2019,10,20,4,3,5,2,2,0,1,0,0,0,0,0,Tempelhof-Schöneberg,Accident with minor injuries,Collision with a turning/crossing vehicle,Turning accident,Dark,Dry
11127,200430,4,Alt-Lietzow,2019,10,10,5,3,5,3,0,1,1,0,0,0,0,0,Charlottenburg - Wilmersdorf,Accident with minor injuries,Collision with a turning/crossing vehicle,Turning/Crossing accident,Daylight,Dry
11128,200431,3,Buschallee,2019,10,20,4,3,5,3,2,1,1,0,0,0,0,0,Pankow,Accident with minor injuries,Collision with a turning/crossing vehicle,Turning/Crossing accident,Dark,Dry
11129,200432,3,Kollwitzplatz,2019,10,19,4,3,5,3,2,1,1,0,0,0,0,0,Pankow,Accident with minor injuries,Collision with a turning/crossing vehicle,Turning/Crossing accident,Dark,Dry
11130,200433,4,Paul-Hertz-Siedlung,2019,10,6,5,3,0,6,1,0,1,0,1,0,0,0,Charlottenburg - Wilmersdorf,Accident with minor injuries,Others,Collision involving vehicles going in the same way,Twilight,Dry
11131,200434,8,Gropiusstadt Süd,2019,10,14,5,3,5,7,0,0,1,0,0,0,0,0,Neukölln,Accident with minor injuries,Collision with a turning/crossing vehicle,Others,Daylight,Dry
11132,200435,6,Schütte-Lanz-Straße,2019,10,16,4,3,5,3,0,0,1,0,0,0,0,0,Steglitz-Zehlendorf,Accident with minor injuries,Collision with a turning/crossing vehicle,Turning/Crossing accident,Daylight,Dry
11133,200436,4,Eichkamp,2019,10,14,4,2,5,3,0,1,0,0,0,0,0,0,Charlottenburg - Wilmersdorf,Accident with serious injuries,Collision with a turning/crossing vehicle,Turning/Crossing accident,Daylight,Dry
11134,200437,8,Blumenviertel,2019,10,14,4,3,5,3,0,1,1,0,0,0,0,0,Neukölln,Accident with minor injuries,Collision with a turning/crossing vehicle,Turning/Crossing accident,Daylight,Dry
11135,200438,1,Gesundbrunnen,2019,10,17,4,3,6,4,2,1,0,1,0,0,0,0,Mitte,Accident with minor injuries,Collision between vehicle and pedestrian,Pedestrian crossing accident,Dark,Dry
11136,200439,12,Wittenau Nord,2019,10,13,4,3,1,5,0,0,1,0,0,0,0,0,Reinickendorf,Accident with minor injuries,Collision with a moving/standing/parked vehicle,Accident involving parked vehicles,Daylight,Dry
11137,200440,5,Zitadellenweg,2019,10,17,4,2,0,1,0,0,0,0,1,0,0,0,Spandau,Accident with serious injuries,Others,Driving accident,Daylight,Dry
11138,200441,4,Reichsstraße,2019,10,13,4,3,6,4,0,0,1,1,0,0,0,0,Charlottenburg - Wilmersdorf,Accident with minor injuries,Collision between vehicle and pedestrian,Pedestrian crossing accident,Daylight,Dry
11139,200442,4,Eichkamp,2019,10,17,4,3,5,2,0,1,1,0,0,0,0,0,Charlottenburg - Wilmersdorf,Accident with minor injuries,Collision with a turning/crossing vehicle,Turning accident,Daylight,Dry
11140,200443,2,Hausburgviertel,2019,10,9,5,2,6,4,0,1,0,1,0,0,0,0,Friedrichshain - Kreuzberg,Accident with serious injuries,Collision between vehicle and pedestrian,Pedestrian crossing accident,Daylight,Dry
11141,200444,3,Pankow Süd,2019,10,17,4,3,1,5,1,1,1,0,0,0,1,1,Pankow,Accident with minor injuries,Collision with a moving/standing/parked vehicle,Accident involving parked vehicles,Twilight,Wet/moist/slippery
11142,200445,6,Stadtpark,2019,10,7,5,2,0,4,0,1,0,1,0,0,0,0,Steglitz-Zehlendorf,Accident with serious injuries,Others,Pedestrian crossing accident,Daylight,Dry
11143,200446,2,Mehringplatz,2019,10,14,4,3,6,7,0,0,1,1,0,0,0,0,Friedrichshain - Kreuzberg,Accident with minor injuries,Collision between vehicle and pedestrian,Others,Daylight,Dry
11144,200447,2,Viktoriapark,2019,10,16,4,3,5,2,0,1,1,0,0,0,0,0,Friedrichshain - Kreuzberg,Accident with minor injuries,Collision with a turning/crossing vehicle,Turning accident,Daylight,Dry
11145,200448,9,Elsenstraße,2019,10,7,4,3,5,2,0,1,0,0,0,0,1,0,Treptow-Köpenick,Accident with minor injuries,Collision with a turning/crossing vehicle,Turning accident,Daylight,Dry
11146,200449,1,Rehberge,2019,10,16,4,2,1,5,0,0,1,0,0,0,0,0,Mitte,Accident with serious injuries,Collision with a moving/standing/parked vehicle,Accident involving parked vehicles,Daylight,Dry
11147,200450,8,Alt-Rudow,2019,10,16,4,3,5,7,0,0,1,0,1,0,0,0,Neukölln,Accident with minor injuries,Collision with a turning/crossing vehicle,Others,Daylight,Dry
11148,200451,1,Hansaviertel,2019,10,16,4,3,3,6,0,1,0,0,0,1,0,0,Mitte,Accident with minor injuries,Collision with a vehicle traveling laterally in the same direction,Collision involving vehicles going in the same way,Daylight,Dry
11149,200452,8,Gropiusstadt Nord,2019,10,15,4,3,2,6,0,0,1,0,0,0,0,0,Neukölln,Accident with minor injuries,Collision with the vehicle in front/waiting vehicle,Collision involving vehicles going in the same way,Daylight,Dry