,object id,district,street,year,month,hour of day,weekday,category,accident type,accident type 2,light situation,bike involved,car involved,pedestrian involved,motor bike involved,big track involved,other vehicle involved,road condition,district name,category name,accident detail,accident type detail,light condition,road condition detail
11150,200453,12,Hermsdorf,2019,10,15,4,3,3,6,0,0,1,0,1,0,0,0,Reinickendorf,Accident with minor injuries,Collision with a vehicle traveling laterally in the same direction,Collision involving vehicles going in the same way,Daylight,Dry
11151,200454,6,Königsberger Straße,2019,10,15,4,3,5,2,0,1,1,0,0,0,0,0,Steglitz-Zehlendorf,Accident with minor injuries,Collision with a turning/crossing vehicle,Turning accident,Daylight,Dry
11152,200455,11,Weitlingstraße,2019,10,15,4,3,5,3,0,1,1,0,0,0,0,0,Lichtenberg,Accident with minor injuries,Collision with a turning/crossing vehicle,Turning/Crossing accident,Daylight,Dry
11153,200456,2,Rathaus Yorckstraße,2019,10,8,5,3,0,6,0,0,0,0,1,0,1,0,Friedrichshain - Kreuzberg,Accident with minor injuries,Others,Collision involving vehicles going in the same way,Daylight,Dry
11154,200457,5,Borkumer Straße,2019,10,12,4,3,6,7,0,0,1,1,0,0,0,0,Spandau,Accident with minor injuries,Collision between vehicle and pedestrian,Others,Daylight,Dry
11155,200458,3,Niederschönhausen,2019,10,10,4,3,5,2,0,1,0,0,0,0,1,0,Pankow,Accident with minor injuries,Collision with a turning/crossing vehicle,Turning accident,Daylight,Dry
11156,200459,7,Rathaus Tempelhof,2019,10,7,5,3,2,6,0,0,1,0,0,0,1,1,Tempelhof-Schöneberg,Accident with minor injuries,Collision with the vehicle in front/waiting vehicle,Collision involving vehicles going in the same way,Daylight,Wet/moist/slippery
11157,200460,1,Westliche Müllerstraße,2019,10,10,4,3,5,2,0,1,1,0,0,0,0,0,Mitte,Accident with minor injuries,Collision with a turning/crossing vehicle,Turning accident,Daylight,Dry
11158,200461,10,Alt-Biesdorf,2019,10,10,4,3,5,3,0,1,0,0,0,0,0,0,Marzahn-Hellersdorf,Accident with minor injuries,Collision with a turning/crossing vehicle,Turning/Crossing accident,Daylight,Dry
11159,200462,1,Nördlicher Landwehrkanal,2019,10,9,4,3,6,4,0,0,1,1,0,0,0,0,Mitte,Accident with minor injuries,Collision between vehicle and pedestrian,Pedestrian crossing accident,Daylight,Dry
11160,200463,3,Pankow Zentrum,2019,10,8,4,3,5,3,0,1,0,0,0,0,1,0,Pankow,Accident with minor injuries,Collision with a turning/crossing vehicle,Turning/Crossing accident,Daylight,Dry
11161,200464,7,Schöneberger Insel,2019,10,8,4,3,5,2,0,1,0,0,0,0,0,0,Tempelhof-Schöneberg,Accident with minor injuries,Collision with a turning/crossing vehicle,Turning accident,Daylight,Dry
11162,200465,7,Wittenbergplatz/Viktoria-Luise-Platz,2019,10,8,4,3,2,6,0,0,1,0,0,0,0,0,Tempelhof-Schöneberg,Accident with minor injuries,Collision with the vehicle in front/waiting vehicle,Collision involving vehicles going in the same way,Daylight,Dry
11163,200466,2,Reichenberger Straße,2019,10,13,4,3,1,7,0,1,1,0,0,0,0,0,Friedrichshain - Kreuzberg,Accident with minor injuries,Collision with a moving/standing/parked vehicle,Others,Daylight,Dry
11164,200467,10,Alt-Marzahn,2019,10,7,4,3,0,7,0,0,1,0,0,0,0,0,Marzahn-Hellersdorf,Accident with minor injuries,Others,Others,Daylight,Dry
11165,200468,2,Wassertorplatz,2019,10,7,4,3,0,6,0,0,1,0,1,0,0,0,Friedrichshain - Kreuzberg,Accident with minor injuries,Others,Collision involving vehicles going in the same way,Daylight,Dry
11166,200469,1,Humboldthain Süd,2019,10,7,4,3,5,7,0,1,1,0,0,0,0,0,Mitte,Accident with minor injuries,Collision with a turning/crossing vehicle,Others,Daylight,Dry
11167,200470,7,Volkspark (Rudolf-Wilde-Park),2019,10,7,4,3,2,7,0,0,1,0,0,0,0,0,Tempelhof-Schöneberg,Accident with minor injuries,Collision with the vehicle in front/waiting vehicle,Others,Daylight,Dry
11168,200471,9,Köpenick Nord,2019,10,7,4,3,2,6,0,0,1,0,0,0,0,0,Treptow-Köpenick,Accident with minor injuries,Collision with the vehicle in front/waiting vehicle,Collision involving vehicles going in the same way,Daylight,Dry
11169,200472,5,Gütersloher Weg,2019,10,6,5,3,0,1,2,0,0,0,1,0,0,1,Spandau,Accident with minor injuries,Others,Driving accident,Dark,Wet/moist/slippery
11170,200473,8,Weiße Siedlung,2019,10,13,4,3,0,2,0,0,1,1,0,0,0,0,Neukölln,Accident with minor injuries,Others,Turning accident,Daylight,Dry
11171,200474,5,Alt-Gatow,2019,10,7,4,2,6,4,2,0,1,1,0,0,0,0,Spandau,Accident with serious injuries,Collision between vehicle and pedestrian,Pedestrian crossing accident,Dark,Dry
11172,200475,12,Alt-Tegel,2019,10,13,4,3,5,2,0,1,1,0,0,0,0,0,Reinickendorf,Accident with minor injuries,Collision with a turning/crossing vehicle,Turning accident,Daylight,Dry
11173,200476,8,Glasower Straße,2019,10,12,4,3,5,7,0,1,1,0,0,0,0,0,Neukölln,Accident with minor injuries,Collision with a turning/crossing vehicle,Others,Daylight,Dry
11174,200477,9,Dorf Altglienicke,2019,10,6,4,3,1,5,2,1,1,0,0,0,0,0,Treptow-Köpenick,Accident with minor injuries,Collision with a moving/standing/parked vehicle,Accident involving parked vehicles,Dark,Dry
11175,200478,12,Mellerbogen,2019,10,5,4,3,1,5,2,0,1,0,0,0,1,1,Reinickendorf,Accident with minor injuries,Collision with a moving/standing/parked vehicle,Accident involving parked vehicles,Dark,Wet/moist/slippery
11176,200479,9,Adlershof West,2019,10,12,4,3,0,7,0,0,1,0,1,0,0,0,Treptow-Köpenick,Accident with minor injuries,Others,Others,Daylight,Dry
11177,200480,11,Fennpfuhl Ost,2019,10,12,4,3,5,2,0,0,1,0,0,0,1,0,Lichtenberg,Accident with minor injuries,Collision with a turning/crossing vehicle,Turning accident,Daylight,Dry
11178,200481,5,Adamstraße,2019,10,11,4,3,1,5,0,1,0,0,0,0,1,0,Spandau,Accident with minor injuries,Collision with a moving/standing/parked vehicle,Accident involving parked vehicles,Daylight,Dry
11179,200482,1,Leopoldplatz,2019,10,11,4,3,2,6,0,0,1,0,0,0,0,0,Mitte,Accident with minor injuries,Collision with the vehicle in front/waiting vehicle,Collision involving vehicles going in the same way,Daylight,Dry
11180,200483,6,Nikolassee,2019,10,1,4,2,9,1,2,0,1,0,0,0,0,0,Steglitz-Zehlendorf,Accident with serious injuries,Departure from the roadway to the left,Driving accident,Dark,Dry
11181,200484,4,Ernst-Reuter-Platz,2019,10,16,3,3,2,6,0,1,1,0,0,0,0,0,Charlottenburg - Wilmersdorf,Accident with minor injuries,Collision with the vehicle in front/waiting vehicle,Collision involving vehicles going in the same way,Daylight,Dry
11182,200485,1,Charitéviertel,2019,10,8,5,3,5,2,0,1,1,0,0,0,0,0,Mitte,Accident with minor injuries,Collision with a turning/crossing vehicle,Turning accident,Daylight,Dry
11183,200486,3,Greifswalder Straße,2019,10,18,3,3,6,7,1,0,1,1,0,0,0,0,Pankow,Accident with minor injuries,Collision between vehicle and pedestrian,Others,Twilight,Dry
11184,200487,4,Preußenpark,2019,10,19,3,3,2,6,2,0,1,0,1,0,0,0,Charlottenburg - Wilmersdorf,Accident with minor injuries,Collision with the vehicle in front/waiting vehicle,Collision involving vehicles going in the same way,Dark,Dry
11185,200488,10,Springpfuhl,2019,10,19,3,3,5,3,2,0,1,0,0,0,0,0,Marzahn-Hellersdorf,Accident with minor injuries,Collision with a turning/crossing vehicle,Turning/Crossing accident,Dark,Dry
11186,200489,8,Buschkrugallee Nord,2019,10,19,3,3,5,7,2,0,1,0,1,0,0,0,Neukölln,Accident with minor injuries,Collision with a turning/crossing vehicle,Others,Dark,Dry
11187,200490,2,Wrangelkiez,2019,10,19,3,3,1,5,2,1,0,0,0,0,1,0,Friedrichshain - Kreuzberg,Accident with minor injuries,Collision with a moving/standing/parked vehicle,Accident involving parked vehicles,Dark,Dry
11188,200491,11,Samariterviertel,2019,10,19,3,3,2,6,2,0,1,0,0,0,0,0,Lichtenberg,Accident with minor injuries,Collision with the vehicle in front/waiting vehicle,Collision involving vehicles going in the same way,Dark,Dry
11189,200492,5,An der Kappe,2019,10,19,3,2,6,4,2,0,1,1,0,0,0,0,Spandau,Accident with serious injuries,Collision between vehicle and pedestrian,Pedestrian crossing accident,Dark,Dry
11190,200493,11,Hauptstraße,2019,10,22,3,3,5,2,2,0,1,0,0,0,0,0,Lichtenberg,Accident with minor injuries,Collision with a turning/crossing vehicle,Turning accident,Dark,Dry
11191,200494,3,Niederschönhausen,2019,10,22,3,3,5,2,2,0,1,0,1,0,0,0,Pankow,Accident with minor injuries,Collision with a turning/crossing vehicle,Turning accident,Dark,Dry
11192,200495,4,Ernst-Reuter-Platz,2019,10,15,3,3,0,6,0,1,0,0,0,0,1,0,Charlottenburg - Wilmersdorf,Accident with minor injuries,Others,Collision involving vehicles going in the same way,Daylight,Dry
11193,200496,1,Humboldthain Nordwest,2019,10,13,3,3,2,2,0,1,1,0,0,0,0,0,Mitte,Accident with minor injuries,Collision with the vehicle in front/waiting vehicle,Turning accident,Daylight,Dry
11194,200497,9,Köpenicker Landstraße,2019,10,12,3,3,5,3,0,0,1,0,0,0,0,0,Treptow-Köpenick,Accident with minor injuries,Collision with a turning/crossing vehicle,Turning/Crossing accident,Daylight,Dry
11195,200498,3,Humannplatz,2019,10,19,5,3,3,6,2,0,1,0,1,0,0,0,Pankow,Accident with minor injuries,Collision with a vehicle traveling laterally in the same direction,Collision involving vehicles going in the same way,Dark,Dry
11196,200499,12,Scharnweberstraße,2019,10,12,3,3,6,4,0,0,0,1,0,0,1,0,Reinickendorf,Accident with minor injuries,Collision between vehicle and pedestrian,Pedestrian crossing accident,Daylight,Dry
11197,200500,5,Carl-Schurz-Straße,2019,10,10,3,3,0,2,0,0,1,0,0,0,1,0,Spandau,Accident with minor injuries,Others,Turning accident,Daylight,Dry
11198,200501,9,Baumschulenstraße,2019,10,10,3,3,5,2,0,1,1,0,0,0,0,0,Treptow-Köpenick,Accident with minor injuries,Collision with a turning/crossing vehicle,Turning accident,Daylight,Dry
11199,200502,3,Pankow Süd,2019,10,22,5,3,1,5,2,0,1,0,0,0,0,0,Pankow,Accident with minor injuries,Collision with a moving/standing/parked vehicle,Accident involving parked vehicles,Dark,Dry
11200,200503,6,Augustaplatz,2019,10,9,3,3,2,6,0,1,1,0,0,0,0,0,Steglitz-Zehlendorf,Accident with minor injuries,Collision with the vehicle in front/waiting vehicle,Collision involving vehicles going in the same way,Daylight,Dry
11201,200504,7,Marienfelde Nordost,2019,10,17,3,3,2,2,0,0,1,0,1,0,0,0,Tempelhof-Schöneberg,Accident with minor injuries,Collision with the vehicle in front/waiting vehicle,Turning accident,Daylight,Dry
11202,200505,3,Pankow Süd,2019,10,17,3,3,6,4,0,0,1,1,0,0,0,0,Pankow,Accident with minor injuries,Collision between vehicle and pedestrian,Pedestrian crossing accident,Daylight,Dry
11203,200506,8,Rixdorf,2019,10,17,3,3,0,7,0,1,0,0,0,0,0,0,Neukölln,Accident with minor injuries,Others,Others,Daylight,Dry
11204,200507,9,Köpenicker Landstraße,2019,10,16,3,3,2,6,0,0,1,0,0,0,0,0,Treptow-Köpenick,Accident with minor injuries,Collision with the vehicle in front/waiting vehicle,Collision involving vehicles going in the same way,Daylight,Dry
11205,200508,7,Marienfelde Nordost,2019,10,8,3,3,2,6,0,0,1,0,0,0,1,0,Tempelhof-Schöneberg,Accident with minor injuries,Collision with the vehicle in front/waiting vehicle,Collision involving vehicles going in the same way,Daylight,Dry
11206,200509,9,Adlershof West,2019,10,6,3,3,5,3,0,1,1,0,0,0,0,0,Treptow-Köpenick,Accident with minor injuries,Collision with a turning/crossing vehicle,Turning/Crossing accident,Daylight,Dry
11207,200510,12,Wittenau Süd,2019,10,1,3,2,9,1,2,0,1,0,0,0,0,0,Reinickendorf,Accident with serious injuries,Departure from the roadway to the left,Driving accident,Dark,Dry
11208,200511,7,Fritz-Werner-Straße,2019,10,7,5,3,0,1,0,1,0,0,0,0,0,1,Tempelhof-Schöneberg,Accident with minor injuries,Others,Driving accident,Daylight,Wet/moist/slippery
11209,200512,5,Gartenfelder Straße,2019,10,7,3,3,5,3,0,0,1,0,1,0,0,0,Spandau,Accident with minor injuries,Collision with a turning/crossing vehicle,Turning/Crossing accident,Daylight,Dry
11210,200513,12,Lübars,2019,10,16,3,3,1,5,0,0,1,0,1,0,0,0,Reinickendorf,Accident with minor injuries,Collision with a moving/standing/parked vehicle,Accident involving parked vehicles,Daylight,Dry
11211,200514,4,Halensee,2019,10,16,3,3,2,6,0,0,1,0,1,0,0,0,Charlottenburg - Wilmersdorf,Accident with minor injuries,Collision with the vehicle in front/waiting vehicle,Collision involving vehicles going in the same way,Daylight,Dry
11212,200515,1,Westhafen,2019,10,15,3,3,5,2,0,1,0,0,0,1,0,0,Mitte,Accident with minor injuries,Collision with a turning/crossing vehicle,Turning accident,Daylight,Dry
11213,200516,2,Viktoriapark,2019,10,16,3,3,1,5,0,1,1,0,0,0,0,0,Friedrichshain - Kreuzberg,Accident with minor injuries,Collision with a moving/standing/parked vehicle,Accident involving parked vehicles,Daylight,Dry
11214,200517,1,Thomasiusstraße,2019,10,7,3,3,6,2,1,0,1,1,0,0,0,0,Mitte,Accident with minor injuries,Collision between vehicle and pedestrian,Turning accident,Twilight,Dry
11215,200518,5,Tiefwerder,2019,10,15,3,3,2,6,0,0,1,0,0,0,0,0,Spandau,Accident with minor injuries,Collision with the vehicle in front/waiting vehicle,Collision involving vehicles going in the same way,Daylight,Dry
11216,200519,6,Gemeindepark Lankwitz,2019,10,15,3,3,6,2,0,0,1,1,0,0,0,0,Steglitz-Zehlendorf,Accident with minor injuries,Collision between vehicle and pedestrian,Turning accident,Daylight,Dry
11217,200520,12,Waldidyll/Flughafensee,2019,10,7,3,3,2,6,0,0,1,0,0,0,0,0,Reinickendorf,Accident with minor injuries,Collision with the vehicle in front/waiting vehicle,Collision involving vehicles going in the same way,Daylight,Dry
11218,200521,6,Mittelstraße,2019,10,15,3,3,3,6,0,1,1,0,0,0,0,0,Steglitz-Zehlendorf,Accident with minor injuries,Collision with a vehicle traveling laterally in the same direction,Collision involving vehicles going in the same way,Daylight,Dry
11219,200522,4,Amtsgerichtsplatz,2019,10,15,3,3,6,4,0,0,0,1,1,0,0,0,Charlottenburg - Wilmersdorf,Accident with minor injuries,Collision between vehicle and pedestrian,Pedestrian crossing accident,Daylight,Dry
11220,200523,5,Motardstraße,2019,10,15,3,3,5,2,0,1,1,0,0,0,0,0,Spandau,Accident with minor injuries,Collision with a turning/crossing vehicle,Turning accident,Daylight,Dry
11221,200524,6,Gemeindepark Lankwitz,2019,10,14,3,3,6,4,0,0,1,1,0,0,0,0,Steglitz-Zehlendorf,Accident with minor injuries,Collision between vehicle and pedestrian,Pedestrian crossing accident,Daylight,Dry
11222,200525,2,Richard-Sorge-Viertel,2019,10,6,3,3,5,3,0,0,1,0,1,0,0,0,Friedrichshain - Kreuzberg,Accident with minor injuries,Collision with a turning/crossing vehicle,Turning/Crossing accident,Daylight,Dry
11223,200526,8,Zittauer Straße,2019,10,7,3,3,0,3,2,1,1,0,0,0,0,1,Neukölln,Accident with minor injuries,Others,Turning/Crossing accident,Dark,Wet/moist/slippery
11224,200527,1,Nördlicher Landwehrkanal,2019,10,17,2,3,5,3,1,1,1,0,0,0,0,0,Mitte,Accident with minor injuries,Collision with a turning/crossing vehicle,Turning/Crossing accident,Twilight,Dry
11225,200528,5,Tiefwerder,2019,10,17,2,3,2,6,0,0,1,0,0,0,0,0,Spandau,Accident with minor injuries,Collision with the vehicle in front/waiting vehicle,Collision involving vehicles going in the same way,Daylight,Dry
11226,200529,1,Humboldthain Süd,2019,10,15,2,3,6,2,0,0,1,1,0,0,0,0,Mitte,Accident with minor injuries,Collision between vehicle and pedestrian,Turning accident,Daylight,Dry
11227,200530,3,Schönholz,2019,10,16,2,3,2,2,0,0,1,0,0,0,1,0,Pankow,Accident with minor injuries,Collision with the vehicle in front/waiting vehicle,Turning accident,Daylight,Dry
11228,200531,8,Waßmannsdorfer Chaussee,2019,10,16,2,3,5,3,0,1,0,0,0,0,1,0,Neukölln,Accident with minor injuries,Collision with a turning/crossing vehicle,Turning/Crossing accident,Daylight,Dry
11229,200532,3,Blankenburg,2019,10,16,2,3,5,3,0,0,1,0,0,0,0,0,Pankow,Accident with minor injuries,Collision with a turning/crossing vehicle,Turning/Crossing accident,Daylight,Dry
11230,200533,4,Schloßstraße,2019,10,15,2,3,5,3,0,1,1,0,0,0,0,0,Charlottenburg - Wilmersdorf,Accident with minor injuries,Collision with a turning/crossing vehicle,Turning/Crossing accident,Daylight,Dry
11231,200534,8,Frauenviertel,2019,10,15,2,3,5,2,0,1,1,0,0,0,0,0,Neukölln,Accident with minor injuries,Collision with a turning/crossing vehicle,Turning accident,Daylight,Dry
11232,200535,3,Falkplatz,2019,10,13,2,3,6,7,0,0,0,1,0,0,1,0,Pankow,Accident with minor injuries,Collision between vehicle and pedestrian,Others,Daylight,Dry
11233,200536,6,Nikolassee,2019,10,19,2,2,5,2,0,0,1,0,0,0,0,0,Steglitz-Zehlendorf,Accident with serious injuries,Collision with a turning/crossing vehicle,Turning accident,Daylight,Dry
11234,200537,3,Teutoburger Platz,2019,10,15,2,3,1,5,0,1,0,0,0,0,1,0,Pankow,Accident with minor injuries,Collision with a moving/standing/parked vehicle,Accident involving parked vehicles,Daylight,Dry
11235,200538,11,Frankfurter Allee Süd,2019,10,14,2,2,5,3,0,1,0,0,0,0,1,0,Lichtenberg,Accident with serious injuries,Collision with a turning/crossing vehicle,Turning/Crossing accident,Daylight,Dry
11236,200539,5,Kurstraße,2019,10,14,2,2,5,3,0,1,1,0,0,0,0,0,Spandau,Accident with serious injuries,Collision with a turning/crossing vehicle,Turning/Crossing accident,Daylight,Dry
11237,200540,4,Schaperstraße,2019,10,14,2,3,2,6,0,0,1,0,0,0,0,0,Charlottenburg - Wilmersdorf,Accident with minor injuries,Collision with the vehicle in front/waiting vehicle,Collision involving vehicles going in the same way,Daylight,Dry
11238,200541,7,Neu-Tempelhof,2019,10,8,5,2,6,4,0,0,0,1,1,0,0,0,Tempelhof-Schöneberg,Accident with serious injuries,Collision between vehicle and pedestrian,Pedestrian crossing accident,Daylight,Dry
11239,200542,5,Maulbeerallee,2019,10,14,2,2,2,6,0,0,1,0,0,0,0,0,Spandau,Accident with serious injuries,Collision with the vehicle in front/waiting vehicle,Collision involving vehicles going in the same way,Daylight,Dry
11240,200543,6,Fischerhüttenstraße,2019,10,14,2,3,5,3,0,1,0,0,0,0,1,0,Steglitz-Zehlendorf,Accident with minor injuries,Collision with a turning/crossing vehicle,Turning/Crossing accident,Daylight,Dry
11241,200544,11,Weitlingstraße,2019,10,13,2,3,5,3,0,1,1,0,0,0,0,0,Lichtenberg,Accident with minor injuries,Collision with a turning/crossing vehicle,Turning/Crossing accident,Daylight,Dry
11242,200545,2,Andreasviertel,2019,10,19,2,3,5,2,2,1,0,0,0,0,1,0,Friedrichshain - Kreuzberg,Accident with minor injuries,Collision with a turning/crossing vehicle,Turning accident,Dark,Dry
11243,200546,6,Munsterdamm,2019,10,19,2,3,0,2,2,0,1,0,1,0,0,0,Steglitz-Zehlendorf,Accident with minor injuries,Others,Turning accident,Dark,Dry
11244,200547,8,Treptower Straße Nord,2019,10,19,2,3,1,5,2,1,1,0,0,0,0,0,Neukölln,Accident with minor injuries,Collision with a moving/standing/parked vehicle,Accident involving parked vehicles,Dark,Dry
11245,200548,1,Heine-Viertel West,2019,10,19,2,3,5,2,2,1,1,0,0,0,0,0,Mitte,Accident with minor injuries,Collision with a turning/crossing vehicle,Turning accident,Dark,Dry
11246,200549,9,Späthsfelde,2019,10,19,2,3,4,6,2,0,1,0,0,0,0,0,Treptow-Köpenick,Accident with minor injuries,Collision with oncoming vehicle,Collision involving vehicles going in the same way,Dark,Dry
11247,200550,1,Schillerpark,2019,10,8,5,3,1,7,0,0,1,0,0,0,0,1,Mitte,Accident with minor injuries,Collision with a moving/standing/parked vehicle,Others,Daylight,Wet/moist/slippery
11248,200551,2,Lausitzer Platz,2019,10,19,2,3,1,5,2,1,1,0,0,0,0,0,Friedrichshain - Kreuzberg,Accident with minor injuries,Collision with a moving/standing/parked vehicle,Accident involving parked vehicles,Dark,Dry
11249,200552,1,Oranienburger Straße,2019,10,18,2,3,0,1,1,1,0,0,0,0,0,1,Mitte,Accident with minor injuries,Others,Driving accident,Twilight,Wet/moist/slippery
11250,200553,1,Unter den Linden Süd,2019,10,8,5,3,5,3,0,0,1,0,0,0,0,0,Mitte,Accident with minor injuries,Collision with a turning/crossing vehicle,Turning/Crossing accident,Daylight,Dry
11251,200554,1,Heine-Viertel West,2019,10,1,2,3,0,1,2,1,0,0,0,0,0,0,Mitte,Accident with minor injuries,Others,Driving accident,Dark,Dry
11252,200555,6,Schweizer Viertel,2019,10,19,5,2,0,3,2,0,1,0,1,0,0,0,Steglitz-Zehlendorf,Accident with serious injuries,Others,Turning/Crossing accident,Dark,Dry
11253,200556,5,Zitadellenweg,2019,10,11,2,3,2,6,0,0,1,0,0,1,0,0,Spandau,Accident with minor injuries,Collision with the vehicle in front/waiting vehicle,Collision involving vehicles going in the same way,Daylight,Dry
11254,200557,3,Blankenburg,2019,10,12,2,3,2,6,0,0,1,0,0,0,0,0,Pankow,Accident with minor injuries,Collision with the vehicle in front/waiting vehicle,Collision involving vehicles going in the same way,Daylight,Dry
11255,200558,7,Friedenau,2019,10,12,2,3,5,3,0,0,1,0,0,0,0,0,Tempelhof-Schöneberg,Accident with minor injuries,Collision with a turning/crossing vehicle,Turning/Crossing accident,Daylight,Dry
11256,200559,11,Landsberger Allee,2019,10,10,2,3,1,7,0,0,1,0,0,0,0,0,Lichtenberg,Accident with minor injuries,Collision with a moving/standing/parked vehicle,Others,Daylight,Dry
11257,200560,3,Behaimstraße,2019,10,9,2,3,5,3,0,0,1,0,1,0,0,0,Pankow,Accident with minor injuries,Collision with a turning/crossing vehicle,Turning/Crossing accident,Daylight,Dry
11258,200561,4,Prager Platz,2019,10,8,2,3,2,6,0,0,1,0,0,0,0,0,Charlottenburg - Wilmersdorf,Accident with minor injuries,Collision with the vehicle in front/waiting vehicle,Collision involving vehicles going in the same way,Daylight,Dry
11259,200562,9,Dammvorstadt,2019,10,8,2,3,0,2,0,1,1,0,0,0,0,0,Treptow-Köpenick,Accident with minor injuries,Others,Turning accident,Daylight,Dry
11260,200563,1,Andreasviertel,2019,10,8,2,3,0,6,0,1,1,0,0,0,0,0,Mitte,Accident with minor injuries,Others,Collision involving vehicles going in the same way,Daylight,Dry
11261,200564,11,Frankfurter Allee Süd,2019,10,6,5,3,5,3,2,1,1,0,0,0,0,1,Lichtenberg,Accident with minor injuries,Collision with a turning/crossing vehicle,Turning/Crossing accident,Dark,Wet/moist/slippery
11262,200565,1,Charitéviertel,2019,10,8,2,3,5,3,0,1,1,0,0,0,0,0,Mitte,Accident with minor injuries,Collision with a turning/crossing vehicle,Turning/Crossing accident,Daylight,Dry
11263,200566,10,Helle Mitte,2019,10,8,2,3,5,3,0,1,1,0,0,0,0,0,Marzahn-Hellersdorf,Accident with minor injuries,Collision with a turning/crossing vehicle,Turning/Crossing accident,Daylight,Dry
11264,200567,12,Heiligensee,2019,10,7,2,3,4,6,1,1,0,0,0,0,0,1,Reinickendorf,Accident with minor injuries,Collision with oncoming vehicle,Collision involving vehicles going in the same way,Twilight,Wet/moist/slippery
11265,200568,2,Samariterviertel,2019,10,7,2,3,0,1,0,0,1,0,1,0,0,1,Friedrichshain - Kreuzberg,Accident with minor injuries,Others,Driving accident,Daylight,Wet/moist/slippery
11266,200569,4,Park Ruhwald,2019,10,7,5,3,0,6,0,0,0,0,1,0,0,1,Charlottenburg - Wilmersdorf,Accident with minor injuries,Others,Collision involving vehicles going in the same way,Daylight,Wet/moist/slippery
11267,200570,6,Teltower Damm,2019,10,7,2,3,0,2,1,1,1,0,0,0,0,1,Steglitz-Zehlendorf,Accident with minor injuries,Others,Turning accident,Twilight,Wet/moist/slippery
11268,200571,9,Adlershof West,2019,10,6,2,3,5,2,2,0,1,0,0,0,0,0,Treptow-Köpenick,Accident with minor injuries,Collision with a turning/crossing vehicle,Turning accident,Dark,Dry
11269,200572,8,Buckow Ost,2019,10,15,1,2,2,6,0,0,1,0,0,0,0,0,Neukölln,Accident with serious injuries,Collision with the vehicle in front/waiting vehicle,Collision involving vehicles going in the same way,Daylight,Dry
11270,200573,6,Dahlem,2019,10,10,1,2,1,1,0,0,1,0,0,0,0,0,Steglitz-Zehlendorf,Accident with serious injuries,Collision with a moving/standing/parked vehicle,Driving accident,Daylight,Dry
11271,200574,1,Rehberge,2019,10,21,1,3,5,2,2,0,1,0,0,0,0,0,Mitte,Accident with minor injuries,Collision with a turning/crossing vehicle,Turning accident,Dark,Dry
11272,200575,12,Letteplatz,2019,10,19,1,2,5,2,2,1,1,0,0,0,0,0,Reinickendorf,Accident with serious injuries,Collision with a turning/crossing vehicle,Turning accident,Dark,Dry
11273,200576,5,Magistratsweg,2019,10,17,1,3,5,2,1,0,1,0,0,0,0,0,Spandau,Accident with minor injuries,Collision with a turning/crossing vehicle,Turning accident,Twilight,Dry
11274,200577,12,Teichstraße,2019,10,16,1,3,2,6,0,0,1,0,0,0,0,0,Reinickendorf,Accident with minor injuries,Collision with the vehicle in front/waiting vehicle,Collision involving vehicles going in the same way,Daylight,Dry
11275,200578,9,Johannisthal Ost,2019,10,3,1,2,8,1,2,0,1,0,0,0,0,0,Treptow-Köpenick,Accident with serious injuries,Departure from the roadway to the right,Driving accident,Dark,Dry
11276,200579,8,Glasower Straße,2019,10,9,1,3,1,5,0,0,1,0,0,0,1,0,Neukölln,Accident with minor injuries,Collision with a moving/standing/parked vehicle,Accident involving parked vehicles,Daylight,Dry
11277,200580,4,Halensee,2019,10,12,1,3,2,6,0,0,1,0,0,0,0,0,Charlottenburg - Wilmersdorf,Accident with minor injuries,Collision with the vehicle in front/waiting vehicle,Collision involving vehicles going in the same way,Daylight,Dry
11278,200581,2,Friedenstraße,2019,10,15,1,3,6,4,0,0,1,1,0,0,0,0,Friedrichshain - Kreuzberg,Accident with minor injuries,Collision between vehicle and pedestrian,Pedestrian crossing accident,Daylight,Dry
11279,200582,2,Viktoriapark,2019,10,11,7,3,0,7,0,1,1,0,0,0,0,0,Friedrichshain - Kreuzberg,Accident with minor injuries,Others,Others,Daylight,Dry
11280,200583,7,Marienfelde Süd,2019,10,12,7,3,0,6,0,0,1,0,0,0,0,0,Tempelhof-Schöneberg,Accident with minor injuries,Others,Collision involving vehicles going in the same way,Daylight,Dry
11281,200584,9,Elsenstraße,2019,10,19,7,2,5,2,2,0,1,0,1,0,0,0,Treptow-Köpenick,Accident with serious injuries,Collision with a turning/crossing vehicle,Turning accident,Dark,Dry
11282,200585,5,Zitadellenweg,2019,10,18,7,2,2,7,0,0,1,0,1,0,1,0,Spandau,Accident with serious injuries,Collision with the vehicle in front/waiting vehicle,Others,Daylight,Dry
11283,200586,1,Alexanderplatzviertel,2019,10,22,7,3,0,1,2,0,0,0,0,0,1,0,Mitte,Accident with minor injuries,Others,Driving accident,Dark,Dry
11284,200587,8,Weiße Siedlung,2019,10,19,7,3,5,3,2,0,1,0,0,0,0,0,Neukölln,Accident with minor injuries,Collision with a turning/crossing vehicle,Turning/Crossing accident,Dark,Dry