,object id,district,street,year,month,hour of day,weekday,category,accident type,accident type 2,light situation,bike involved,car involved,pedestrian involved,motor bike involved,big track involved,other vehicle involved,road condition,district name,category name,accident detail,accident type detail,light condition,road condition detail
11416,200719,1,Emdener Straße,2019,11,20,6,2,6,4,2,0,1,1,0,0,0,1,Mitte,Accident with serious injuries,Collision between vehicle and pedestrian,Pedestrian crossing accident,Dark,Wet/moist/slippery
11417,200720,2,Mehringplatz,2019,10,13,7,2,1,5,0,1,1,0,0,0,0,0,Friedrichshain - Kreuzberg,Accident with serious injuries,Collision with a moving/standing/parked vehicle,Accident involving parked vehicles,Daylight,Dry
11418,200721,2,Viktoriapark,2019,10,7,3,3,0,7,1,0,0,0,1,0,0,1,Friedrichshain - Kreuzberg,Accident with minor injuries,Others,Others,Twilight,Wet/moist/slippery
11419,200722,8,Gewerbegebiet Köllnische Heide,2019,10,10,6,3,2,6,0,0,1,0,0,1,0,0,Neukölln,Accident with minor injuries,Collision with the vehicle in front/waiting vehicle,Collision involving vehicles going in the same way,Daylight,Dry
11420,200723,10,Kaulsdorf Süd,2019,10,18,5,3,5,3,2,1,0,0,0,0,1,1,Marzahn-Hellersdorf,Accident with minor injuries,Collision with a turning/crossing vehicle,Turning/Crossing accident,Dark,Wet/moist/slippery
11421,200724,1,Schillerpark,2019,10,12,6,3,0,2,0,1,1,0,0,0,0,0,Mitte,Accident with minor injuries,Others,Turning accident,Daylight,Dry
11422,200725,4,Eichkamp,2019,10,7,2,3,2,6,0,1,1,0,0,0,0,0,Charlottenburg - Wilmersdorf,Accident with minor injuries,Collision with the vehicle in front/waiting vehicle,Collision involving vehicles going in the same way,Daylight,Dry
11423,200726,10,Springpfuhl,2019,10,18,5,3,6,4,2,0,1,1,0,0,0,0,Marzahn-Hellersdorf,Accident with minor injuries,Collision between vehicle and pedestrian,Pedestrian crossing accident,Dark,Dry
11424,200727,8,Frauenviertel,2019,11,21,7,3,6,2,2,0,1,1,0,0,0,1,Neukölln,Accident with minor injuries,Collision between vehicle and pedestrian,Turning accident,Dark,Wet/moist/slippery
11425,200728,1,Oranienburger Straße,2019,10,16,7,3,6,4,0,1,0,1,0,0,0,0,Mitte,Accident with minor injuries,Collision between vehicle and pedestrian,Pedestrian crossing accident,Daylight,Dry
11426,200729,1,Westliche Müllerstraße,2019,10,18,2,2,0,1,2,0,0,0,1,0,0,1,Mitte,Accident with serious injuries,Others,Driving accident,Dark,Wet/moist/slippery
11427,200730,8,Graefekiez,2019,10,19,5,3,6,4,2,0,1,1,0,0,0,0,Neukölln,Accident with minor injuries,Collision between vehicle and pedestrian,Pedestrian crossing accident,Dark,Dry
11428,200731,11,Herzbergstraße,2019,11,8,7,2,3,6,0,0,0,0,1,0,1,1,Lichtenberg,Accident with serious injuries,Collision with a vehicle traveling laterally in the same direction,Collision involving vehicles going in the same way,Daylight,Wet/moist/slippery
11429,200732,3,Buch,2019,10,17,7,3,2,4,2,0,1,1,0,0,0,0,Pankow,Accident with minor injuries,Collision with the vehicle in front/waiting vehicle,Pedestrian crossing accident,Dark,Dry
11430,200733,1,Soldiner Straße,2019,10,10,4,3,2,2,0,0,1,0,0,0,0,0,Mitte,Accident with minor injuries,Collision with the vehicle in front/waiting vehicle,Turning accident,Daylight,Dry
11431,200734,12,Wittenau Nord,2019,10,8,4,2,5,2,0,0,1,0,0,0,0,0,Reinickendorf,Accident with serious injuries,Collision with a turning/crossing vehicle,Turning accident,Daylight,Dry
11432,200735,1,Wilhelmstraße,2019,11,17,6,2,5,3,2,1,1,0,0,0,0,1,Mitte,Accident with serious injuries,Collision with a turning/crossing vehicle,Turning/Crossing accident,Dark,Wet/moist/slippery
11433,200736,2,Mehringplatz,2019,10,18,6,3,1,5,2,1,1,0,0,0,0,0,Friedrichshain - Kreuzberg,Accident with minor injuries,Collision with a moving/standing/parked vehicle,Accident involving parked vehicles,Dark,Dry
11434,200737,9,Dammvorstadt,2019,10,11,3,2,6,4,0,0,0,1,0,1,0,0,Treptow-Köpenick,Accident with serious injuries,Collision between vehicle and pedestrian,Pedestrian crossing accident,Daylight,Dry
11435,200738,1,Reinickendorfer Straße,2019,10,15,5,3,6,7,0,0,1,1,0,0,0,0,Mitte,Accident with minor injuries,Collision between vehicle and pedestrian,Others,Daylight,Dry
11436,200739,3,Niederschönhausen,2019,10,12,6,3,2,6,0,0,1,0,0,0,0,0,Pankow,Accident with minor injuries,Collision with the vehicle in front/waiting vehicle,Collision involving vehicles going in the same way,Daylight,Dry
11437,200740,11,Weitlingstraße,2019,10,8,2,3,6,4,0,0,1,1,0,0,0,0,Lichtenberg,Accident with minor injuries,Collision between vehicle and pedestrian,Pedestrian crossing accident,Daylight,Dry
11438,200741,8,Rollberg,2019,10,10,5,2,5,5,0,0,1,0,1,0,0,0,Neukölln,Accident with serious injuries,Collision with a turning/crossing vehicle,Accident involving parked vehicles,Daylight,Dry
11439,200742,3,Blankenfelde,2019,11,16,7,2,5,3,2,0,1,0,0,0,1,1,Pankow,Accident with serious injuries,Collision with a turning/crossing vehicle,Turning/Crossing accident,Dark,Wet/moist/slippery
11440,200743,9,Oberschöneweide Ost,2019,10,15,7,3,0,6,0,0,0,0,1,0,1,0,Treptow-Köpenick,Accident with minor injuries,Others,Collision involving vehicles going in the same way,Daylight,Dry
11441,200744,7,Rathaus Tempelhof,2019,10,16,3,3,3,6,2,0,1,0,1,0,0,0,Tempelhof-Schöneberg,Accident with minor injuries,Collision with a vehicle traveling laterally in the same direction,Collision involving vehicles going in the same way,Dark,Dry
11442,200745,1,Leipziger Straße,2019,11,12,6,3,2,2,0,0,1,0,0,0,0,0,Mitte,Accident with minor injuries,Collision with the vehicle in front/waiting vehicle,Turning accident,Daylight,Dry
11443,200746,2,Askanischer Platz,2019,10,15,6,2,5,2,0,0,1,0,1,0,0,0,Friedrichshain - Kreuzberg,Accident with serious injuries,Collision with a turning/crossing vehicle,Turning accident,Daylight,Dry
11444,200747,2,Urbanstraße,2019,10,18,2,3,2,6,2,0,1,0,0,0,0,1,Friedrichshain - Kreuzberg,Accident with minor injuries,Collision with the vehicle in front/waiting vehicle,Collision involving vehicles going in the same way,Dark,Wet/moist/slippery
11445,200748,4,Bismarckallee,2019,10,7,4,3,1,6,0,0,1,0,0,0,1,0,Charlottenburg - Wilmersdorf,Accident with minor injuries,Collision with a moving/standing/parked vehicle,Collision involving vehicles going in the same way,Daylight,Dry
11446,200749,9,Oberschöneweide West,2019,10,19,3,3,5,3,2,1,1,0,0,0,0,0,Treptow-Köpenick,Accident with minor injuries,Collision with a turning/crossing vehicle,Turning/Crossing accident,Dark,Dry
11447,200750,2,Mehringplatz,2019,11,14,6,3,5,3,0,1,1,0,0,0,0,0,Friedrichshain - Kreuzberg,Accident with minor injuries,Collision with a turning/crossing vehicle,Turning/Crossing accident,Daylight,Dry
11448,200751,8,Weiße Siedlung,2019,10,16,6,3,5,2,0,1,1,0,0,0,0,0,Neukölln,Accident with minor injuries,Collision with a turning/crossing vehicle,Turning accident,Daylight,Dry
11449,200752,6,Oberhofer Platz,2019,10,13,2,3,0,2,0,1,1,0,0,0,0,1,Steglitz-Zehlendorf,Accident with minor injuries,Others,Turning accident,Daylight,Wet/moist/slippery
11450,200753,8,Donaustraße,2019,10,13,5,3,1,5,0,1,1,0,0,0,1,0,Neukölln,Accident with minor injuries,Collision with a moving/standing/parked vehicle,Accident involving parked vehicles,Daylight,Dry
11451,200754,1,Lüneburger Straße,2019,10,12,6,3,2,2,0,0,1,0,0,0,0,0,Mitte,Accident with minor injuries,Collision with the vehicle in front/waiting vehicle,Turning accident,Daylight,Dry
11452,200755,4,Forst Grunewald,2019,10,20,2,1,0,7,2,0,1,0,0,0,0,1,Charlottenburg - Wilmersdorf,Accident with fatalities,Others,Others,Dark,Wet/moist/slippery
11453,200756,8,Körnerpark,2019,10,14,5,1,6,7,0,0,0,1,0,1,0,0,Neukölln,Accident with fatalities,Collision between vehicle and pedestrian,Others,Daylight,Dry
11454,200757,5,Adamstraße,2019,11,14,7,3,1,5,0,0,1,0,0,0,0,1,Spandau,Accident with minor injuries,Collision with a moving/standing/parked vehicle,Accident involving parked vehicles,Daylight,Wet/moist/slippery
11455,200758,1,Gesundbrunnen,2019,10,21,7,3,1,5,2,0,1,0,0,0,1,0,Mitte,Accident with minor injuries,Collision with a moving/standing/parked vehicle,Accident involving parked vehicles,Dark,Dry
11456,200759,2,Graefekiez,2019,10,12,3,3,5,2,0,1,1,0,0,0,0,0,Friedrichshain - Kreuzberg,Accident with minor injuries,Collision with a turning/crossing vehicle,Turning accident,Daylight,Dry
11457,200760,11,Sewanstraße,2019,11,10,6,3,6,2,0,0,1,1,0,0,0,0,Lichtenberg,Accident with minor injuries,Collision between vehicle and pedestrian,Turning accident,Daylight,Dry
11458,200761,2,Lausitzer Platz,2019,10,14,6,3,1,5,0,0,1,0,0,0,0,0,Friedrichshain - Kreuzberg,Accident with minor injuries,Collision with a moving/standing/parked vehicle,Accident involving parked vehicles,Daylight,Dry
11459,200762,8,Weiße Siedlung,2019,10,17,2,3,2,6,2,0,1,0,0,0,0,1,Neukölln,Accident with minor injuries,Collision with the vehicle in front/waiting vehicle,Collision involving vehicles going in the same way,Dark,Wet/moist/slippery
11460,200763,12,Breitkopfbecken,2019,10,7,5,3,2,6,0,0,1,0,0,0,0,0,Reinickendorf,Accident with minor injuries,Collision with the vehicle in front/waiting vehicle,Collision involving vehicles going in the same way,Daylight,Dry
11461,200764,2,Wrangelkiez,2019,10,4,1,3,1,5,2,0,1,0,0,0,0,0,Friedrichshain - Kreuzberg,Accident with minor injuries,Collision with a moving/standing/parked vehicle,Accident involving parked vehicles,Dark,Dry
11462,200765,1,Unter den Linden Nord,2019,10,14,4,3,3,6,0,0,1,0,0,0,0,0,Mitte,Accident with minor injuries,Collision with a vehicle traveling laterally in the same direction,Collision involving vehicles going in the same way,Daylight,Dry
11463,200766,2,Rathaus Yorckstraße,2019,10,12,5,3,0,5,0,1,1,0,0,0,0,0,Friedrichshain - Kreuzberg,Accident with minor injuries,Others,Accident involving parked vehicles,Daylight,Dry
11464,200767,1,Heine-Viertel West,2019,10,11,6,3,0,5,0,1,1,0,0,0,0,0,Mitte,Accident with minor injuries,Others,Accident involving parked vehicles,Daylight,Dry
11465,200768,9,Johannisthal West,2019,10,13,1,3,5,3,0,1,1,0,0,0,0,0,Treptow-Köpenick,Accident with minor injuries,Collision with a turning/crossing vehicle,Turning/Crossing accident,Daylight,Dry
11466,200769,1,Stülerstraße,2019,10,17,4,3,5,2,2,1,1,0,0,0,0,0,Mitte,Accident with minor injuries,Collision with a turning/crossing vehicle,Turning accident,Dark,Dry
11467,200770,4,Schaperstraße,2019,11,19,6,3,5,2,2,1,1,0,0,0,0,1,Charlottenburg - Wilmersdorf,Accident with minor injuries,Collision with a turning/crossing vehicle,Turning accident,Dark,Wet/moist/slippery
11468,200771,4,Nikolsburger Platz,2019,10,19,7,3,6,4,2,0,0,1,0,0,1,0,Charlottenburg - Wilmersdorf,Accident with minor injuries,Collision between vehicle and pedestrian,Pedestrian crossing accident,Dark,Dry
11469,200772,5,Borkumer Straße,2019,10,10,3,3,5,3,0,0,1,0,1,0,0,0,Spandau,Accident with minor injuries,Collision with a turning/crossing vehicle,Turning/Crossing accident,Daylight,Dry
11470,200773,12,Schäfersee,2019,11,8,6,3,0,6,0,0,1,0,0,0,1,0,Reinickendorf,Accident with minor injuries,Others,Collision involving vehicles going in the same way,Daylight,Dry
11471,200774,3,Greifswalder Straße,2019,10,13,6,3,5,3,0,0,1,0,0,0,1,0,Pankow,Accident with minor injuries,Collision with a turning/crossing vehicle,Turning/Crossing accident,Daylight,Dry
11472,200775,10,Havemannstraße,2019,10,16,2,2,6,4,0,0,1,1,0,0,0,0,Marzahn-Hellersdorf,Accident with serious injuries,Collision between vehicle and pedestrian,Pedestrian crossing accident,Daylight,Dry
11473,200776,8,Buckow West,2019,10,10,5,3,0,1,0,1,0,0,0,0,0,0,Neukölln,Accident with minor injuries,Others,Driving accident,Daylight,Dry
11474,200777,12,Reinickes Hof,2019,10,14,7,3,5,3,0,0,1,0,0,0,0,0,Reinickendorf,Accident with minor injuries,Collision with a turning/crossing vehicle,Turning/Crossing accident,Daylight,Dry
11475,200778,11,Herzbergstraße,2019,10,11,4,3,1,5,0,0,1,0,0,0,0,0,Lichtenberg,Accident with minor injuries,Collision with a moving/standing/parked vehicle,Accident involving parked vehicles,Daylight,Dry
11476,200779,4,Kaiserin-Augusta-Allee,2019,10,17,4,2,4,7,2,1,0,0,0,0,1,0,Charlottenburg - Wilmersdorf,Accident with serious injuries,Collision with oncoming vehicle,Others,Dark,Dry
11477,200780,9,Kietzer Feld/Nachtheide,2019,11,18,6,2,5,2,2,0,1,0,1,0,0,0,Treptow-Köpenick,Accident with serious injuries,Collision with a turning/crossing vehicle,Turning accident,Dark,Dry
11478,200781,8,Parchimer Allee,2019,10,12,7,3,5,3,0,0,1,0,0,0,0,0,Neukölln,Accident with minor injuries,Collision with a turning/crossing vehicle,Turning/Crossing accident,Daylight,Dry
11479,200782,3,Pankow Süd,2019,10,17,3,2,0,7,2,1,0,0,0,0,0,0,Pankow,Accident with serious injuries,Others,Others,Dark,Dry
11480,200783,4,Preußenpark,2019,11,18,6,3,5,3,2,1,1,0,0,0,0,1,Charlottenburg - Wilmersdorf,Accident with minor injuries,Collision with a turning/crossing vehicle,Turning/Crossing accident,Dark,Wet/moist/slippery
11481,200784,2,Traveplatz,2019,10,1,7,3,5,3,2,1,1,0,0,0,0,0,Friedrichshain - Kreuzberg,Accident with minor injuries,Collision with a turning/crossing vehicle,Turning/Crossing accident,Dark,Dry
11482,200785,5,Zitadellenweg,2019,10,6,3,3,5,2,1,1,1,0,0,0,0,0,Spandau,Accident with minor injuries,Collision with a turning/crossing vehicle,Turning accident,Twilight,Dry
11483,200786,3,Gustav-Adolf-Straße,2019,10,9,5,3,0,3,0,0,1,0,1,0,0,0,Pankow,Accident with minor injuries,Others,Turning/Crossing accident,Daylight,Dry
11484,200787,4,Nikolsburger Platz,2019,10,13,6,3,5,2,0,0,1,0,1,0,0,0,Charlottenburg - Wilmersdorf,Accident with minor injuries,Collision with a turning/crossing vehicle,Turning accident,Daylight,Dry
11485,200788,7,Fritz-Werner-Straße,2019,10,11,2,2,5,3,0,0,1,0,1,0,0,0,Tempelhof-Schöneberg,Accident with serious injuries,Collision with a turning/crossing vehicle,Turning/Crossing accident,Daylight,Dry
11486,200789,7,Schöneberger Insel,2019,10,19,5,3,6,4,2,1,0,1,0,0,0,0,Tempelhof-Schöneberg,Accident with minor injuries,Collision between vehicle and pedestrian,Pedestrian crossing accident,Dark,Dry
11487,200790,8,Waßmannsdorfer Chaussee,2019,11,8,7,3,5,3,0,0,1,0,1,0,0,1,Neukölln,Accident with minor injuries,Collision with a turning/crossing vehicle,Turning/Crossing accident,Daylight,Wet/moist/slippery
11488,200791,2,Samariterviertel,2019,10,17,7,3,5,2,2,1,1,0,0,0,0,0,Friedrichshain - Kreuzberg,Accident with minor injuries,Collision with a turning/crossing vehicle,Turning accident,Dark,Dry
11489,200792,1,Unter den Linden Nord,2019,10,8,4,3,2,6,0,1,1,0,0,0,0,0,Mitte,Accident with minor injuries,Collision with the vehicle in front/waiting vehicle,Collision involving vehicles going in the same way,Daylight,Dry
11490,200793,4,Hildegardstraße,2019,10,18,4,1,5,5,2,0,1,0,1,0,0,0,Charlottenburg - Wilmersdorf,Accident with fatalities,Collision with a turning/crossing vehicle,Accident involving parked vehicles,Dark,Dry
11491,200794,7,Friedenau,2019,11,16,6,3,5,3,2,1,1,0,0,0,0,0,Tempelhof-Schöneberg,Accident with minor injuries,Collision with a turning/crossing vehicle,Turning/Crossing accident,Dark,Dry
11492,200795,10,Marzahner Chaussee,2019,10,17,6,3,0,3,1,0,1,0,0,0,1,0,Marzahn-Hellersdorf,Accident with minor injuries,Others,Turning/Crossing accident,Twilight,Dry
11493,200796,12,Lübars,2019,10,14,3,3,6,2,0,0,1,1,0,0,0,0,Reinickendorf,Accident with minor injuries,Collision between vehicle and pedestrian,Turning accident,Daylight,Dry
11494,200797,1,Oranienburger Straße,2019,10,15,5,3,3,6,0,1,1,0,0,0,0,0,Mitte,Accident with minor injuries,Collision with a vehicle traveling laterally in the same direction,Collision involving vehicles going in the same way,Daylight,Dry
11495,200798,4,Park Ruhwald,2019,10,11,6,3,5,7,0,0,1,0,0,0,0,0,Charlottenburg - Wilmersdorf,Accident with minor injuries,Collision with a turning/crossing vehicle,Others,Daylight,Dry
11496,200799,6,Berlepschstraße,2019,10,8,2,3,5,3,0,1,1,0,0,0,0,0,Steglitz-Zehlendorf,Accident with minor injuries,Collision with a turning/crossing vehicle,Turning/Crossing accident,Daylight,Dry
11497,200800,4,Schlangenbader Straße,2019,10,9,5,3,6,2,0,0,0,1,1,0,0,0,Charlottenburg - Wilmersdorf,Accident with minor injuries,Collision between vehicle and pedestrian,Turning accident,Daylight,Dry
11498,200801,4,Halensee,2019,10,17,5,3,1,5,1,1,1,0,0,0,0,0,Charlottenburg - Wilmersdorf,Accident with minor injuries,Collision with a moving/standing/parked vehicle,Accident involving parked vehicles,Twilight,Dry
11499,200802,12,Scharnweberstraße,2019,10,9,6,3,6,2,0,0,1,1,0,0,0,0,Reinickendorf,Accident with minor injuries,Collision between vehicle and pedestrian,Turning accident,Daylight,Dry
11500,200803,11,Victoriastadt,2019,10,9,2,3,5,2,0,1,1,0,0,0,0,0,Lichtenberg,Accident with minor injuries,Collision with a turning/crossing vehicle,Turning accident,Daylight,Dry
11501,200804,6,Teltower Damm,2019,10,16,5,2,6,4,2,0,1,1,0,0,0,1,Steglitz-Zehlendorf,Accident with serious injuries,Collision between vehicle and pedestrian,Pedestrian crossing accident,Dark,Wet/moist/slippery
11502,200805,6,Lankwitz Kirche,2019,11,22,7,3,5,3,2,1,1,0,0,0,0,1,Steglitz-Zehlendorf,Accident with minor injuries,Collision with a turning/crossing vehicle,Turning/Crossing accident,Dark,Wet/moist/slippery
11503,200806,5,Gütersloher Weg,2019,10,16,7,3,2,6,0,1,1,0,0,0,0,0,Spandau,Accident with minor injuries,Collision with the vehicle in front/waiting vehicle,Collision involving vehicles going in the same way,Daylight,Dry
11504,200807,3,Bucher Forst,2019,10,5,4,3,6,6,2,0,1,1,0,0,0,0,Pankow,Accident with minor injuries,Collision between vehicle and pedestrian,Collision involving vehicles going in the same way,Dark,Dry
11505,200808,8,Schulenburgpark,2019,10,17,3,3,6,4,2,0,0,1,1,0,0,0,Neukölln,Accident with minor injuries,Collision between vehicle and pedestrian,Pedestrian crossing accident,Dark,Dry
11506,200809,12,Schäfersee,2019,11,14,6,3,6,4,0,0,1,1,0,0,0,0,Reinickendorf,Accident with minor injuries,Collision between vehicle and pedestrian,Pedestrian crossing accident,Daylight,Dry
11507,200810,4,Königin-Elisabeth-Straße,2019,10,16,6,3,5,2,0,1,0,0,0,0,1,0,Charlottenburg - Wilmersdorf,Accident with minor injuries,Collision with a turning/crossing vehicle,Turning accident,Daylight,Dry
11508,200811,12,Breitkopfbecken,2019,10,17,2,2,2,6,2,0,1,0,0,0,0,0,Reinickendorf,Accident with serious injuries,Collision with the vehicle in front/waiting vehicle,Collision involving vehicles going in the same way,Dark,Dry
11509,200812,1,Elberfelder Straße,2019,10,13,5,3,0,1,0,0,0,0,1,0,0,0,Mitte,Accident with minor injuries,Others,Driving accident,Daylight,Dry
11510,200813,6,Gemeindepark Lankwitz,2019,10,8,6,3,2,6,0,0,1,0,0,0,0,0,Steglitz-Zehlendorf,Accident with minor injuries,Collision with the vehicle in front/waiting vehicle,Collision involving vehicles going in the same way,Daylight,Dry
11511,200814,12,Alt-Tegel,2019,10,17,1,3,2,6,2,0,1,0,0,0,0,0,Reinickendorf,Accident with minor injuries,Collision with the vehicle in front/waiting vehicle,Collision involving vehicles going in the same way,Dark,Dry
11512,200815,4,Binger Straße,2019,10,19,4,3,6,2,2,0,1,1,0,0,0,0,Charlottenburg - Wilmersdorf,Accident with minor injuries,Collision between vehicle and pedestrian,Turning accident,Dark,Dry
11513,200816,12,Wittenau Süd,2019,11,17,6,3,5,3,1,0,1,0,0,0,0,1,Reinickendorf,Accident with minor injuries,Collision with a turning/crossing vehicle,Turning/Crossing accident,Twilight,Wet/moist/slippery
11514,200817,4,Ludwigkirchplatz,2019,10,14,7,3,0,7,0,0,0,0,0,0,1,0,Charlottenburg - Wilmersdorf,Accident with minor injuries,Others,Others,Daylight,Dry
11515,200818,10,Gut Hellersdorf,2019,10,11,3,3,9,7,0,0,0,0,0,0,1,0,Marzahn-Hellersdorf,Accident with minor injuries,Departure from the roadway to the left,Others,Daylight,Dry
11516,200819,2,Stralauer Kiez,2019,11,10,6,3,2,2,0,0,1,0,0,0,0,0,Friedrichshain - Kreuzberg,Accident with minor injuries,Collision with the vehicle in front/waiting vehicle,Turning accident,Daylight,Dry
11517,200820,2,Andreasviertel,2019,10,22,6,2,5,3,2,0,1,0,0,0,1,0,Friedrichshain - Kreuzberg,Accident with serious injuries,Collision with a turning/crossing vehicle,Turning/Crossing accident,Dark,Dry
11518,200821,7,Nahariyastraße,2019,11,15,7,3,6,2,0,0,0,1,0,0,1,1,Tempelhof-Schöneberg,Accident with minor injuries,Collision between vehicle and pedestrian,Turning accident,Daylight,Wet/moist/slippery
11519,200822,9,Köpenick Nord,2019,10,14,7,3,5,3,0,0,1,0,0,0,0,0,Treptow-Köpenick,Accident with minor injuries,Collision with a turning/crossing vehicle,Turning/Crossing accident,Daylight,Dry
11520,200823,7,Marienhöhe,2019,10,14,3,3,2,6,0,0,1,0,0,0,0,0,Tempelhof-Schöneberg,Accident with minor injuries,Collision with the vehicle in front/waiting vehicle,Collision involving vehicles going in the same way,Daylight,Dry
11521,200824,8,Buschkrugallee Nord,2019,11,10,6,2,2,6,0,0,1,0,1,0,0,0,Neukölln,Accident with serious injuries,Collision with the vehicle in front/waiting vehicle,Collision involving vehicles going in the same way,Daylight,Dry
11522,200825,11,Fennpfuhl Ost,2019,10,15,6,3,0,2,0,0,1,0,0,0,1,0,Lichtenberg,Accident with minor injuries,Others,Turning accident,Daylight,Dry
11523,200826,4,Königin-Elisabeth-Straße,2019,10,18,2,3,5,3,2,0,1,0,0,0,0,1,Charlottenburg - Wilmersdorf,Accident with minor injuries,Collision with a turning/crossing vehicle,Turning/Crossing accident,Dark,Wet/moist/slippery
11524,200827,2,Boxhagener Platz,2019,10,12,5,3,2,6,0,0,1,0,0,0,0,0,Friedrichshain - Kreuzberg,Accident with minor injuries,Collision with the vehicle in front/waiting vehicle,Collision involving vehicles going in the same way,Daylight,Dry
11525,200828,2,Stralauer Kiez,2019,10,2,1,3,5,3,2,0,1,0,0,0,0,0,Friedrichshain - Kreuzberg,Accident with minor injuries,Collision with a turning/crossing vehicle,Turning/Crossing accident,Dark,Dry
11526,200829,7,Grazer Platz,2019,10,16,4,3,5,2,0,0,1,0,1,0,0,0,Tempelhof-Schöneberg,Accident with minor injuries,Collision with a turning/crossing vehicle,Turning accident,Daylight,Dry
11527,200830,12,Dannenwalder Weg,2019,11,18,6,3,6,2,2,0,1,1,0,0,0,1,Reinickendorf,Accident with minor injuries,Collision between vehicle and pedestrian,Turning accident,Dark,Wet/moist/slippery
11528,200831,4,Reichsstraße,2019,10,11,7,3,5,3,0,0,1,0,0,0,0,0,Charlottenburg - Wilmersdorf,Accident with minor injuries,Collision with a turning/crossing vehicle,Turning/Crossing accident,Daylight,Dry
11529,200832,9,Adlershof West,2019,10,10,3,3,1,5,0,1,1,0,0,0,1,0,Treptow-Köpenick,Accident with minor injuries,Collision with a moving/standing/parked vehicle,Accident involving parked vehicles,Daylight,Dry
11530,200833,2,Wrangelkiez,2019,11,1,6,2,5,5,2,0,1,0,0,0,0,0,Friedrichshain - Kreuzberg,Accident with serious injuries,Collision with a turning/crossing vehicle,Accident involving parked vehicles,Dark,Dry
11531,200834,2,Wrangelkiez,2019,10,19,6,3,5,7,2,1,1,0,0,0,0,0,Friedrichshain - Kreuzberg,Accident with minor injuries,Collision with a turning/crossing vehicle,Others,Dark,Dry
11532,200835,1,Oranienburger Straße,2019,10,23,2,2,4,6,2,1,1,0,0,0,0,1,Mitte,Accident with serious injuries,Collision with oncoming vehicle,Collision involving vehicles going in the same way,Dark,Wet/moist/slippery
11533,200836,8,Gropiusstadt Süd,2019,10,22,5,3,1,5,2,0,1,0,0,0,0,0,Neukölln,Accident with minor injuries,Collision with a moving/standing/parked vehicle,Accident involving parked vehicles,Dark,Dry
11534,200837,6,Lichterfelde West,2019,10,17,2,3,5,3,2,0,1,0,0,0,0,1,Steglitz-Zehlendorf,Accident with minor injuries,Collision with a turning/crossing vehicle,Turning/Crossing accident,Dark,Wet/moist/slippery
11535,200838,3,Humannplatz,2019,10,4,5,3,5,2,2,0,1,0,1,0,0,0,Pankow,Accident with minor injuries,Collision with a turning/crossing vehicle,Turning accident,Dark,Dry
11536,200839,4,Eisenzahnstraße,2019,10,19,1,3,6,2,2,0,1,1,0,0,0,0,Charlottenburg - Wilmersdorf,Accident with minor injuries,Collision between vehicle and pedestrian,Turning accident,Dark,Dry
11537,200840,12,Breitkopfbecken,2019,10,13,4,3,2,6,0,0,1,0,0,0,0,0,Reinickendorf,Accident with minor injuries,Collision with the vehicle in front/waiting vehicle,Collision involving vehicles going in the same way,Daylight,Dry
11538,200841,9,Dammvorstadt,2019,11,21,6,2,0,1,2,1,0,0,0,0,0,1,Treptow-Köpenick,Accident with serious injuries,Others,Driving accident,Dark,Wet/moist/slippery
11539,200842,6,Königsberger Straße,2019,10,13,7,3,0,1,0,1,0,0,0,0,0,0,Steglitz-Zehlendorf,Accident with minor injuries,Others,Driving accident,Daylight,Dry
11540,200843,3,Kollwitzplatz,2019,10,8,3,3,5,2,0,1,1,0,0,0,0,0,Pankow,Accident with minor injuries,Collision with a turning/crossing vehicle,Turning accident,Daylight,Dry
11541,200844,1,Unter den Linden Nord,2019,10,17,5,3,5,3,2,1,1,0,0,0,0,0,Mitte,Accident with minor injuries,Collision with a turning/crossing vehicle,Turning/Crossing accident,Dark,Dry
11542,200845,5,Borkumer Straße,2019,10,10,2,3,5,2,0,1,1,0,0,0,0,0,Spandau,Accident with minor injuries,Collision with a turning/crossing vehicle,Turning accident,Daylight,Dry
11543,200846,5,Magistratsweg,2019,10,18,5,3,6,4,2,0,1,1,0,0,0,0,Spandau,Accident with minor injuries,Collision between vehicle and pedestrian,Pedestrian crossing accident,Dark,Dry
11544,200847,1,Westliche Müllerstraße,2019,11,0,7,3,2,6,2,0,1,0,0,0,0,1,Mitte,Accident with minor injuries,Collision with the vehicle in front/waiting vehicle,Collision involving vehicles going in the same way,Dark,Wet/moist/slippery
11545,200848,4,Schaperstraße,2019,10,17,7,3,5,3,1,1,1,0,0,0,0,0,Charlottenburg - Wilmersdorf,Accident with minor injuries,Collision with a turning/crossing vehicle,Turning/Crossing accident,Twilight,Dry
11546,200849,4,Kaiserin-Augusta-Allee,2019,10,8,4,3,2,6,0,0,1,0,0,0,1,0,Charlottenburg - Wilmersdorf,Accident with minor injuries,Collision with the vehicle in front/waiting vehicle,Collision involving vehicles going in the same way,Daylight,Dry
11547,200850,12,Waldidyll/Flughafensee,2019,10,19,3,3,5,2,2,1,1,0,0,0,0,0,Reinickendorf,Accident with minor injuries,Collision with a turning/crossing vehicle,Turning accident,Dark,Dry