,object id,district,street,year,month,hour of day,weekday,category,accident type,accident type 2,light situation,bike involved,car involved,pedestrian involved,motor bike involved,big track involved,other vehicle involved,road condition,district name,category name,accident detail,accident type detail,light condition,road condition detail
11548,200851,12,Teichstraße,2019,11,16,6,3,1,5,0,0,1,0,0,0,0,0,Reinickendorf,Accident with minor injuries,Collision with a moving/standing/parked vehicle,Accident involving parked vehicles,Daylight,Dry
11549,200852,9,Köpenick Nord,2019,10,14,6,3,0,6,0,1,0,0,0,0,0,0,Treptow-Köpenick,Accident with minor injuries,Others,Collision involving vehicles going in the same way,Daylight,Dry
11550,200853,6,Lichterfelde Süd,2019,11,9,7,3,2,2,0,0,1,0,0,0,0,1,Steglitz-Zehlendorf,Accident with minor injuries,Collision with the vehicle in front/waiting vehicle,Turning accident,Daylight,Wet/moist/slippery
11551,200854,5,Staakener Straße,2019,10,17,7,3,0,7,1,1,1,0,0,0,0,0,Spandau,Accident with minor injuries,Others,Others,Twilight,Dry
11552,200855,6,Bismarckstraße,2019,10,10,4,3,5,3,0,0,1,0,0,0,0,0,Steglitz-Zehlendorf,Accident with minor injuries,Collision with a turning/crossing vehicle,Turning/Crossing accident,Daylight,Dry
11553,200856,1,Lüneburger Straße,2019,10,13,4,2,2,6,0,0,0,0,1,1,0,0,Mitte,Accident with serious injuries,Collision with the vehicle in front/waiting vehicle,Collision involving vehicles going in the same way,Daylight,Dry
11554,200857,2,Andreasviertel,2019,11,21,6,3,5,3,2,1,1,0,0,0,0,1,Friedrichshain - Kreuzberg,Accident with minor injuries,Collision with a turning/crossing vehicle,Turning/Crossing accident,Dark,Wet/moist/slippery
11555,200858,1,Unter den Linden Nord,2019,10,19,6,3,5,2,2,1,1,0,0,0,0,0,Mitte,Accident with minor injuries,Collision with a turning/crossing vehicle,Turning accident,Dark,Dry
11556,200859,7,Manteuffelstraße,2019,10,12,3,2,5,3,0,1,0,0,1,0,0,0,Tempelhof-Schöneberg,Accident with serious injuries,Collision with a turning/crossing vehicle,Turning/Crossing accident,Daylight,Dry
11557,200860,11,Fennpfuhl Ost,2019,10,15,5,3,0,2,1,0,1,0,0,0,1,0,Lichtenberg,Accident with minor injuries,Others,Turning accident,Twilight,Dry
11558,200861,4,Kaiserin-Augusta-Allee,2019,10,8,6,3,6,4,0,0,1,1,0,0,0,0,Charlottenburg - Wilmersdorf,Accident with minor injuries,Collision between vehicle and pedestrian,Pedestrian crossing accident,Daylight,Dry
11559,200862,1,Humboldthain Nordwest,2019,10,8,2,3,5,3,0,1,1,0,0,0,0,0,Mitte,Accident with minor injuries,Collision with a turning/crossing vehicle,Turning/Crossing accident,Daylight,Dry
11560,200863,1,Oranienburger Straße,2019,10,14,5,2,5,3,0,1,1,0,0,0,0,0,Mitte,Accident with serious injuries,Collision with a turning/crossing vehicle,Turning/Crossing accident,Daylight,Dry
11561,200864,1,Sparrplatz,2019,11,17,7,3,2,2,2,0,1,0,0,0,0,1,Mitte,Accident with minor injuries,Collision with the vehicle in front/waiting vehicle,Turning accident,Dark,Wet/moist/slippery
11562,200865,1,Rehberge,2019,10,15,7,3,2,6,0,0,1,0,0,0,0,0,Mitte,Accident with minor injuries,Collision with the vehicle in front/waiting vehicle,Collision involving vehicles going in the same way,Daylight,Dry
11563,200866,11,Weiße Taube,2019,10,16,3,3,5,2,1,1,0,0,0,0,1,0,Lichtenberg,Accident with minor injuries,Collision with a turning/crossing vehicle,Turning accident,Twilight,Dry
11564,200867,4,Preußenpark,2019,11,13,6,3,5,3,0,1,1,0,0,0,0,0,Charlottenburg - Wilmersdorf,Accident with minor injuries,Collision with a turning/crossing vehicle,Turning/Crossing accident,Daylight,Dry
11565,200868,8,Gropiusstadt Nord,2019,10,15,6,2,5,3,0,0,1,0,1,0,0,0,Neukölln,Accident with serious injuries,Collision with a turning/crossing vehicle,Turning/Crossing accident,Daylight,Dry
11566,200869,1,Unter den Linden Süd,2019,10,18,2,3,1,5,2,1,1,0,0,0,0,1,Mitte,Accident with minor injuries,Collision with a moving/standing/parked vehicle,Accident involving parked vehicles,Dark,Wet/moist/slippery
11567,200870,9,Oberschöneweide West,2019,10,8,5,3,5,2,0,1,1,0,0,0,0,0,Treptow-Köpenick,Accident with minor injuries,Collision with a turning/crossing vehicle,Turning accident,Daylight,Dry
11568,200871,4,Hagenplatz,2019,10,8,6,3,5,2,0,1,1,0,0,0,0,0,Charlottenburg - Wilmersdorf,Accident with minor injuries,Collision with a turning/crossing vehicle,Turning accident,Daylight,Dry
11569,200872,11,Victoriastadt,2019,10,13,1,3,2,6,0,1,1,0,0,0,0,0,Lichtenberg,Accident with minor injuries,Collision with the vehicle in front/waiting vehicle,Collision involving vehicles going in the same way,Daylight,Dry
11570,200873,3,Alt-Karow,2019,10,6,2,3,5,2,0,1,1,0,0,0,0,0,Pankow,Accident with minor injuries,Collision with a turning/crossing vehicle,Turning accident,Daylight,Dry
11571,200874,3,Buch,2019,10,10,5,3,0,1,0,0,1,0,0,0,0,0,Pankow,Accident with minor injuries,Others,Driving accident,Daylight,Dry
11572,200875,7,Neu-Tempelhof,2019,10,7,6,3,6,2,0,0,1,1,0,0,0,0,Tempelhof-Schöneberg,Accident with minor injuries,Collision between vehicle and pedestrian,Turning accident,Daylight,Dry
11573,200876,5,Borkumer Straße,2019,10,5,2,3,2,6,1,0,1,0,0,0,0,0,Spandau,Accident with minor injuries,Collision with the vehicle in front/waiting vehicle,Collision involving vehicles going in the same way,Twilight,Dry
11574,200877,2,Mehringplatz,2019,10,19,5,3,1,5,2,1,0,0,0,0,1,0,Friedrichshain - Kreuzberg,Accident with minor injuries,Collision with a moving/standing/parked vehicle,Accident involving parked vehicles,Dark,Dry
11575,200878,7,Schöneberger Insel,2019,11,15,7,3,6,4,0,0,1,1,0,0,0,1,Tempelhof-Schöneberg,Accident with minor injuries,Collision between vehicle and pedestrian,Pedestrian crossing accident,Daylight,Wet/moist/slippery
11576,200879,7,Wittenbergplatz/Viktoria-Luise-Platz,2019,10,14,7,3,0,5,0,1,0,0,1,0,0,0,Tempelhof-Schöneberg,Accident with minor injuries,Others,Accident involving parked vehicles,Daylight,Dry
11577,200880,3,Buchholz,2019,10,13,3,3,2,6,0,0,1,0,0,0,0,0,Pankow,Accident with minor injuries,Collision with the vehicle in front/waiting vehicle,Collision involving vehicles going in the same way,Daylight,Dry
11578,200881,6,Fichtenberg,2019,11,10,6,3,2,6,0,0,1,0,0,0,0,0,Steglitz-Zehlendorf,Accident with minor injuries,Collision with the vehicle in front/waiting vehicle,Collision involving vehicles going in the same way,Daylight,Dry
11579,200882,5,Carl-Schurz-Straße,2019,10,15,6,2,0,2,0,0,1,0,0,0,1,0,Spandau,Accident with serious injuries,Others,Turning accident,Daylight,Dry
11580,200883,3,Teutoburger Platz,2019,10,17,2,3,5,3,2,0,1,0,0,0,0,1,Pankow,Accident with minor injuries,Collision with a turning/crossing vehicle,Turning/Crossing accident,Dark,Wet/moist/slippery
11581,200884,6,Feuerbachstraße,2019,10,7,5,3,2,6,0,0,1,0,0,0,0,1,Steglitz-Zehlendorf,Accident with minor injuries,Collision with the vehicle in front/waiting vehicle,Collision involving vehicles going in the same way,Daylight,Wet/moist/slippery
11582,200885,2,Mehringplatz,2019,10,1,1,3,5,2,2,0,1,0,0,0,0,0,Friedrichshain - Kreuzberg,Accident with minor injuries,Collision with a turning/crossing vehicle,Turning accident,Dark,Dry
11583,200886,9,Adlershof West,2019,10,15,4,3,5,2,0,0,1,0,0,0,0,0,Treptow-Köpenick,Accident with minor injuries,Collision with a turning/crossing vehicle,Turning accident,Daylight,Dry
11584,200887,7,Barbarossaplatz,2019,11,18,6,3,2,2,2,1,1,0,0,0,0,1,Tempelhof-Schöneberg,Accident with minor injuries,Collision with the vehicle in front/waiting vehicle,Turning accident,Dark,Wet/moist/slippery
11585,200888,4,Bismarckallee,2019,10,0,7,2,1,5,2,1,1,0,0,0,0,0,Charlottenburg - Wilmersdorf,Accident with serious injuries,Collision with a moving/standing/parked vehicle,Accident involving parked vehicles,Dark,Dry
11586,200889,4,Droysenstraße,2019,10,20,4,3,5,3,1,0,1,0,0,0,0,0,Charlottenburg - Wilmersdorf,Accident with minor injuries,Collision with a turning/crossing vehicle,Turning/Crossing accident,Twilight,Dry
11587,200890,1,Humboldthain Nordwest,2019,11,20,6,3,5,3,2,0,1,0,0,0,0,1,Mitte,Accident with minor injuries,Collision with a turning/crossing vehicle,Turning/Crossing accident,Dark,Wet/moist/slippery
11588,200891,7,Marienhöhe,2019,10,20,7,3,1,7,2,0,1,0,0,0,0,0,Tempelhof-Schöneberg,Accident with minor injuries,Collision with a moving/standing/parked vehicle,Others,Dark,Dry
11589,200892,8,Buckow Mitte,2019,10,16,3,3,0,3,0,0,0,0,1,0,1,1,Neukölln,Accident with minor injuries,Others,Turning/Crossing accident,Daylight,Wet/moist/slippery
11590,200893,7,Kaiser-Wilhelm-Platz,2019,11,9,6,3,2,2,0,0,1,0,0,0,0,0,Tempelhof-Schöneberg,Accident with minor injuries,Collision with the vehicle in front/waiting vehicle,Turning accident,Daylight,Dry
11591,200894,12,Scharnweberstraße,2019,10,14,6,3,5,7,0,0,1,0,1,0,0,0,Reinickendorf,Accident with minor injuries,Collision with a turning/crossing vehicle,Others,Daylight,Dry
11592,200895,8,Schillerpromenade,2019,10,16,2,3,3,6,0,0,1,0,1,0,0,0,Neukölln,Accident with minor injuries,Collision with a vehicle traveling laterally in the same direction,Collision involving vehicles going in the same way,Daylight,Dry
11593,200896,9,Baumschulenstraße,2019,10,10,5,3,3,6,0,0,1,0,0,0,0,0,Treptow-Köpenick,Accident with minor injuries,Collision with a vehicle traveling laterally in the same direction,Collision involving vehicles going in the same way,Daylight,Dry
11594,200897,8,Handwerker-Siedlung,2019,10,12,7,3,5,3,0,1,1,0,0,0,0,0,Neukölln,Accident with minor injuries,Collision with a turning/crossing vehicle,Turning/Crossing accident,Daylight,Dry
11595,200898,1,Oranienburger Straße,2019,10,12,4,3,6,4,0,0,1,1,0,0,0,0,Mitte,Accident with minor injuries,Collision between vehicle and pedestrian,Pedestrian crossing accident,Daylight,Dry
11596,200899,9,Grünau,2019,10,17,4,2,0,6,2,0,0,0,1,0,1,0,Treptow-Köpenick,Accident with serious injuries,Others,Collision involving vehicles going in the same way,Dark,Dry
11597,200900,2,Wassertorplatz,2019,11,23,6,3,2,6,2,0,1,0,0,0,0,1,Friedrichshain - Kreuzberg,Accident with minor injuries,Collision with the vehicle in front/waiting vehicle,Collision involving vehicles going in the same way,Dark,Wet/moist/slippery
11598,200901,10,Adele-Sandrock-Straße,2019,10,12,7,3,0,5,0,0,1,0,1,0,0,0,Marzahn-Hellersdorf,Accident with minor injuries,Others,Accident involving parked vehicles,Daylight,Dry
11599,200902,6,Krumme Lanke,2019,10,8,3,3,5,3,0,1,1,0,0,0,0,1,Steglitz-Zehlendorf,Accident with minor injuries,Collision with a turning/crossing vehicle,Turning/Crossing accident,Daylight,Wet/moist/slippery
11600,200903,4,Halensee,2019,10,17,5,3,6,4,2,0,1,1,0,0,0,0,Charlottenburg - Wilmersdorf,Accident with minor injuries,Collision between vehicle and pedestrian,Pedestrian crossing accident,Dark,Dry
11601,200904,3,Karow Nord,2019,10,7,6,3,7,7,1,0,0,0,1,0,0,0,Pankow,Accident with minor injuries,Collision with a road obstacle,Others,Twilight,Dry
11602,200905,10,Biesdorf Süd,2019,10,9,2,3,5,2,0,0,1,0,1,0,0,0,Marzahn-Hellersdorf,Accident with minor injuries,Collision with a turning/crossing vehicle,Turning accident,Daylight,Dry
11603,200906,1,Leipziger Straße,2019,10,9,3,3,5,2,0,1,0,0,0,0,0,0,Mitte,Accident with minor injuries,Collision with a turning/crossing vehicle,Turning accident,Daylight,Dry
11604,200907,4,Savignyplatz,2019,10,9,5,3,1,5,0,1,1,0,0,0,0,0,Charlottenburg - Wilmersdorf,Accident with minor injuries,Collision with a moving/standing/parked vehicle,Accident involving parked vehicles,Daylight,Dry
11605,200908,10,Mahlsdorf Süd,2019,10,16,6,3,0,1,0,1,0,0,0,0,0,0,Marzahn-Hellersdorf,Accident with minor injuries,Others,Driving accident,Daylight,Dry
11606,200909,8,Gewerbegebiet Köllnische Heide,2019,10,11,2,3,3,6,0,0,1,0,0,0,0,0,Neukölln,Accident with minor injuries,Collision with a vehicle traveling laterally in the same direction,Collision involving vehicles going in the same way,Daylight,Dry
11607,200910,10,Helle Mitte,2019,10,19,5,3,6,4,2,0,1,1,0,0,0,0,Marzahn-Hellersdorf,Accident with minor injuries,Collision between vehicle and pedestrian,Pedestrian crossing accident,Dark,Dry
11608,200911,3,Erich-Weinert-Straße,2019,11,8,7,3,5,2,1,1,1,0,0,0,0,1,Pankow,Accident with minor injuries,Collision with a turning/crossing vehicle,Turning accident,Twilight,Wet/moist/slippery
11609,200912,3,Weißer See,2019,10,17,7,3,1,5,0,1,1,0,0,0,0,0,Pankow,Accident with minor injuries,Collision with a moving/standing/parked vehicle,Accident involving parked vehicles,Daylight,Dry
11610,200913,9,Späthsfelde,2019,10,10,4,3,4,7,0,0,1,0,0,0,1,0,Treptow-Köpenick,Accident with minor injuries,Collision with oncoming vehicle,Others,Daylight,Dry
11611,200914,7,Grazer Platz,2019,10,8,4,3,6,2,0,0,1,1,0,0,0,0,Tempelhof-Schöneberg,Accident with minor injuries,Collision between vehicle and pedestrian,Turning accident,Daylight,Dry
11612,200915,11,Malchower Weg,2019,11,22,6,2,5,3,2,0,1,0,1,0,0,1,Lichtenberg,Accident with serious injuries,Collision with a turning/crossing vehicle,Turning/Crossing accident,Dark,Wet/moist/slippery
11613,200916,10,Adele-Sandrock-Straße,2019,10,18,6,3,2,6,1,0,1,0,0,0,0,0,Marzahn-Hellersdorf,Accident with minor injuries,Collision with the vehicle in front/waiting vehicle,Collision involving vehicles going in the same way,Twilight,Dry
11614,200917,6,Goerzwerke,2019,10,8,3,2,5,3,0,0,1,0,0,0,1,0,Steglitz-Zehlendorf,Accident with serious injuries,Collision with a turning/crossing vehicle,Turning/Crossing accident,Daylight,Dry
11615,200918,6,Lankwitz Süd,2019,10,15,5,3,5,3,0,0,1,0,0,0,0,0,Steglitz-Zehlendorf,Accident with minor injuries,Collision with a turning/crossing vehicle,Turning/Crossing accident,Daylight,Dry
11616,200919,7,Volkspark (Rudolf-Wilde-Park),2019,10,7,6,3,2,6,0,0,1,0,0,0,0,0,Tempelhof-Schöneberg,Accident with minor injuries,Collision with the vehicle in front/waiting vehicle,Collision involving vehicles going in the same way,Daylight,Dry
11617,200920,12,Dannenwalder Weg,2019,10,8,2,3,2,6,0,0,1,0,0,0,0,0,Reinickendorf,Accident with minor injuries,Collision with the vehicle in front/waiting vehicle,Collision involving vehicles going in the same way,Daylight,Dry
11618,200921,10,Alt-Marzahn,2019,10,1,5,2,2,3,2,0,1,0,0,0,0,0,Marzahn-Hellersdorf,Accident with serious injuries,Collision with the vehicle in front/waiting vehicle,Turning/Crossing accident,Dark,Dry
11619,200922,1,Lüneburger Straße,2019,11,16,7,3,5,3,0,0,1,0,0,0,1,1,Mitte,Accident with minor injuries,Collision with a turning/crossing vehicle,Turning/Crossing accident,Daylight,Wet/moist/slippery
11620,200923,1,Elberfelder Straße,2019,10,15,7,2,6,2,0,0,1,1,0,0,0,0,Mitte,Accident with serious injuries,Collision between vehicle and pedestrian,Turning accident,Daylight,Dry
11621,200924,10,Gut Hellersdorf,2019,10,14,3,3,6,6,0,1,0,1,0,0,0,0,Marzahn-Hellersdorf,Accident with minor injuries,Collision between vehicle and pedestrian,Collision involving vehicles going in the same way,Daylight,Dry
11622,200925,8,Schillerpromenade,2019,10,19,5,2,5,5,2,0,1,0,1,0,0,0,Neukölln,Accident with serious injuries,Collision with a turning/crossing vehicle,Accident involving parked vehicles,Dark,Dry
11623,200926,4,Savignyplatz,2019,11,20,7,3,2,6,2,0,1,0,0,0,0,1,Charlottenburg - Wilmersdorf,Accident with minor injuries,Collision with the vehicle in front/waiting vehicle,Collision involving vehicles going in the same way,Dark,Wet/moist/slippery
11624,200927,7,Nollendorfplatz,2019,10,16,7,3,6,7,0,1,0,1,0,0,0,0,Tempelhof-Schöneberg,Accident with minor injuries,Collision between vehicle and pedestrian,Others,Daylight,Dry
11625,200928,3,Märchenland,2019,10,7,4,3,2,6,0,0,1,0,0,0,0,1,Pankow,Accident with minor injuries,Collision with the vehicle in front/waiting vehicle,Collision involving vehicles going in the same way,Daylight,Wet/moist/slippery
11626,200929,11,Weitlingstraße,2019,10,18,3,3,0,1,2,0,0,0,1,0,0,0,Lichtenberg,Accident with minor injuries,Others,Driving accident,Dark,Dry
11627,200930,1,Großer Tiergarten,2019,10,9,6,3,5,7,0,0,1,0,1,0,0,0,Mitte,Accident with minor injuries,Collision with a turning/crossing vehicle,Others,Daylight,Dry
11628,200931,7,Manteuffelstraße,2019,11,15,6,3,5,3,0,1,1,0,0,0,0,0,Tempelhof-Schöneberg,Accident with minor injuries,Collision with a turning/crossing vehicle,Turning/Crossing accident,Daylight,Dry
11629,200932,9,Kölner Viertel,2019,10,16,6,3,6,4,0,0,0,1,0,0,1,0,Treptow-Köpenick,Accident with minor injuries,Collision between vehicle and pedestrian,Pedestrian crossing accident,Daylight,Dry
11630,200933,4,Park Ruhwald,2019,10,20,2,3,5,3,2,0,1,0,0,0,0,1,Charlottenburg - Wilmersdorf,Accident with minor injuries,Collision with a turning/crossing vehicle,Turning/Crossing accident,Dark,Wet/moist/slippery
11631,200934,6,Hindenburgdamm,2019,10,13,5,3,5,3,0,1,1,0,0,0,0,0,Steglitz-Zehlendorf,Accident with minor injuries,Collision with a turning/crossing vehicle,Turning/Crossing accident,Daylight,Dry
11632,200935,5,Jägerallee,2019,10,3,6,3,9,1,2,0,1,0,0,0,0,1,Spandau,Accident with minor injuries,Departure from the roadway to the left,Driving accident,Dark,Wet/moist/slippery
11633,200936,7,Nollendorfplatz,2019,10,18,1,3,2,2,2,0,1,0,0,0,0,0,Tempelhof-Schöneberg,Accident with minor injuries,Collision with the vehicle in front/waiting vehicle,Turning accident,Dark,Dry
11634,200937,9,Kietzer Feld/Nachtheide,2019,10,6,4,3,5,3,2,1,1,0,0,0,0,0,Treptow-Köpenick,Accident with minor injuries,Collision with a turning/crossing vehicle,Turning/Crossing accident,Dark,Dry
11635,200938,2,Friedenstraße,2019,10,9,6,3,2,6,0,1,1,0,0,0,0,0,Friedrichshain - Kreuzberg,Accident with minor injuries,Collision with the vehicle in front/waiting vehicle,Collision involving vehicles going in the same way,Daylight,Dry
11636,200939,2,Boxhagener Platz,2019,11,12,7,3,5,3,0,0,1,0,0,0,0,1,Friedrichshain - Kreuzberg,Accident with minor injuries,Collision with a turning/crossing vehicle,Turning/Crossing accident,Daylight,Wet/moist/slippery
11637,200940,4,Amtsgerichtsplatz,2019,10,21,7,3,0,1,2,0,0,0,0,0,1,0,Charlottenburg - Wilmersdorf,Accident with minor injuries,Others,Driving accident,Dark,Dry
11638,200941,1,Unter den Linden Nord,2019,10,11,3,3,5,3,0,1,0,0,1,0,0,0,Mitte,Accident with minor injuries,Collision with a turning/crossing vehicle,Turning/Crossing accident,Daylight,Dry
11639,200942,2,Andreasviertel,2019,11,10,6,3,2,2,0,1,1,0,0,0,0,0,Friedrichshain - Kreuzberg,Accident with minor injuries,Collision with the vehicle in front/waiting vehicle,Turning accident,Daylight,Dry
11640,200943,2,Lausitzer Platz,2019,10,14,6,3,2,7,0,1,1,0,0,0,0,0,Friedrichshain - Kreuzberg,Accident with minor injuries,Collision with the vehicle in front/waiting vehicle,Others,Daylight,Dry
11641,200944,7,Rathausstraße,2019,10,17,2,3,0,5,2,1,1,0,0,0,0,1,Tempelhof-Schöneberg,Accident with minor injuries,Others,Accident involving parked vehicles,Dark,Wet/moist/slippery
11642,200945,3,Greifswalder Straße,2019,10,7,5,3,2,6,0,0,1,0,0,0,0,0,Pankow,Accident with minor injuries,Collision with the vehicle in front/waiting vehicle,Collision involving vehicles going in the same way,Daylight,Dry
11643,200946,5,Germersheimer Platz,2019,10,15,6,3,2,6,0,0,1,0,0,0,0,0,Spandau,Accident with minor injuries,Collision with the vehicle in front/waiting vehicle,Collision involving vehicles going in the same way,Daylight,Dry
11644,200947,12,Waldidyll/Flughafensee,2019,11,11,6,3,2,6,0,0,0,0,0,0,1,0,Reinickendorf,Accident with minor injuries,Collision with the vehicle in front/waiting vehicle,Collision involving vehicles going in the same way,Daylight,Dry
11645,200948,4,George-Grosz-Platz,2019,10,15,6,3,5,3,0,1,1,0,0,0,0,0,Charlottenburg - Wilmersdorf,Accident with minor injuries,Collision with a turning/crossing vehicle,Turning/Crossing accident,Daylight,Dry
11646,200949,2,Askanischer Platz,2019,10,18,2,3,2,6,2,0,1,0,0,0,0,1,Friedrichshain - Kreuzberg,Accident with minor injuries,Collision with the vehicle in front/waiting vehicle,Collision involving vehicles going in the same way,Dark,Wet/moist/slippery
11647,200950,3,Gustav-Adolf-Straße,2019,10,7,5,3,5,3,0,1,1,0,0,0,0,0,Pankow,Accident with minor injuries,Collision with a turning/crossing vehicle,Turning/Crossing accident,Daylight,Dry
11648,200951,4,Jungfernheide,2019,10,0,6,3,5,2,2,0,1,0,0,0,0,0,Charlottenburg - Wilmersdorf,Accident with minor injuries,Collision with a turning/crossing vehicle,Turning accident,Dark,Dry
11649,200952,1,Invalidenstraße,2019,10,11,1,3,0,1,0,0,0,0,1,0,0,1,Mitte,Accident with minor injuries,Others,Driving accident,Daylight,Wet/moist/slippery
11650,200953,4,Breitscheidplatz,2019,10,16,4,3,5,7,1,0,1,0,0,0,0,0,Charlottenburg - Wilmersdorf,Accident with minor injuries,Collision with a turning/crossing vehicle,Others,Twilight,Dry
11651,200954,10,Helle Mitte,2019,10,17,5,2,1,4,1,1,1,1,0,0,0,0,Marzahn-Hellersdorf,Accident with serious injuries,Collision with a moving/standing/parked vehicle,Pedestrian crossing accident,Twilight,Dry
11652,200955,1,Leopoldplatz,2019,11,19,6,3,2,6,2,0,1,0,0,0,0,1,Mitte,Accident with minor injuries,Collision with the vehicle in front/waiting vehicle,Collision involving vehicles going in the same way,Dark,Wet/moist/slippery
11653,200956,4,Brabanter Platz,2019,10,12,7,3,5,7,0,0,1,0,0,0,0,0,Charlottenburg - Wilmersdorf,Accident with minor injuries,Collision with a turning/crossing vehicle,Others,Daylight,Dry
11654,200957,4,Reichsstraße,2019,10,10,3,3,5,2,0,1,1,0,0,0,0,1,Charlottenburg - Wilmersdorf,Accident with minor injuries,Collision with a turning/crossing vehicle,Turning accident,Daylight,Wet/moist/slippery
11655,200958,10,Kaulsdorf Nord,2019,10,21,5,3,5,3,2,0,1,0,0,0,0,0,Marzahn-Hellersdorf,Accident with minor injuries,Collision with a turning/crossing vehicle,Turning/Crossing accident,Dark,Dry
11656,200959,3,Eldenaer Straße,2019,11,7,6,3,5,2,1,1,1,0,0,0,0,0,Pankow,Accident with minor injuries,Collision with a turning/crossing vehicle,Turning accident,Twilight,Dry
11657,200960,1,Unter den Linden Süd,2019,10,21,6,3,8,1,2,0,0,0,0,0,1,0,Mitte,Accident with minor injuries,Departure from the roadway to the right,Driving accident,Dark,Dry
11658,200961,4,Hindemithplatz,2019,10,15,2,3,5,5,0,0,1,0,0,0,1,0,Charlottenburg - Wilmersdorf,Accident with minor injuries,Collision with a turning/crossing vehicle,Accident involving parked vehicles,Daylight,Dry
11659,200962,2,Mehringplatz,2019,10,7,5,3,5,2,0,1,1,0,0,0,0,0,Friedrichshain - Kreuzberg,Accident with minor injuries,Collision with a turning/crossing vehicle,Turning accident,Daylight,Dry
11660,200963,9,Adlershof West,2019,10,18,5,3,5,2,0,1,1,0,0,0,0,0,Treptow-Köpenick,Accident with minor injuries,Collision with a turning/crossing vehicle,Turning accident,Daylight,Dry
11661,200964,8,Silbersteinstraße,2019,10,17,7,3,0,6,1,0,1,0,1,0,0,0,Neukölln,Accident with minor injuries,Others,Collision involving vehicles going in the same way,Twilight,Dry
11662,200965,1,Soldiner Straße,2019,10,11,4,3,5,3,0,1,1,0,0,0,0,0,Mitte,Accident with minor injuries,Collision with a turning/crossing vehicle,Turning/Crossing accident,Daylight,Dry
11663,200966,10,Oberfeldstraße,2019,10,18,5,2,5,2,2,1,1,0,0,0,0,1,Marzahn-Hellersdorf,Accident with serious injuries,Collision with a turning/crossing vehicle,Turning accident,Dark,Wet/moist/slippery
11664,200967,5,Germersheimer Platz,2019,10,13,4,2,5,2,0,1,1,0,0,0,0,0,Spandau,Accident with serious injuries,Collision with a turning/crossing vehicle,Turning accident,Daylight,Dry
11665,200968,1,Unter den Linden Süd,2019,10,16,5,3,1,5,0,1,1,0,0,0,0,0,Mitte,Accident with minor injuries,Collision with a moving/standing/parked vehicle,Accident involving parked vehicles,Daylight,Dry
11666,200969,3,Pankow Zentrum,2019,10,16,5,2,3,5,0,1,1,0,0,0,0,0,Pankow,Accident with serious injuries,Collision with a vehicle traveling laterally in the same direction,Accident involving parked vehicles,Daylight,Dry
11667,200970,2,Friedenstraße,2019,10,20,1,3,5,3,2,0,1,0,0,0,0,0,Friedrichshain - Kreuzberg,Accident with minor injuries,Collision with a turning/crossing vehicle,Turning/Crossing accident,Dark,Dry
11668,200971,12,Hermsdorf,2019,10,14,4,3,2,6,0,0,1,0,0,0,0,0,Reinickendorf,Accident with minor injuries,Collision with the vehicle in front/waiting vehicle,Collision involving vehicles going in the same way,Daylight,Dry
11669,200972,12,Heiligensee,2019,10,16,5,3,2,6,0,0,1,0,0,0,1,0,Reinickendorf,Accident with minor injuries,Collision with the vehicle in front/waiting vehicle,Collision involving vehicles going in the same way,Daylight,Dry
11670,200973,9,Dammvorstadt,2019,10,15,5,3,3,6,0,0,0,0,0,0,1,0,Treptow-Köpenick,Accident with minor injuries,Collision with a vehicle traveling laterally in the same direction,Collision involving vehicles going in the same way,Daylight,Dry
11671,200974,4,Park Ruhwald,2019,11,17,6,3,3,6,2,0,1,0,0,0,0,1,Charlottenburg - Wilmersdorf,Accident with minor injuries,Collision with a vehicle traveling laterally in the same direction,Collision involving vehicles going in the same way,Dark,Wet/moist/slippery
11672,200975,8,Handwerker-Siedlung,2019,10,13,7,3,2,2,0,0,1,0,1,0,0,0,Neukölln,Accident with minor injuries,Collision with the vehicle in front/waiting vehicle,Turning accident,Daylight,Dry
11673,200976,8,Blumenviertel,2019,10,7,3,3,5,3,0,1,1,0,0,0,0,1,Neukölln,Accident with minor injuries,Collision with a turning/crossing vehicle,Turning/Crossing accident,Daylight,Wet/moist/slippery
11674,200977,9,Kölner Viertel,2019,10,15,5,3,5,3,0,0,1,0,0,0,0,0,Treptow-Köpenick,Accident with minor injuries,Collision with a turning/crossing vehicle,Turning/Crossing accident,Daylight,Dry
11675,200978,7,Ceciliengärten,2019,10,7,5,3,5,2,0,1,1,1,0,0,0,0,Tempelhof-Schöneberg,Accident with minor injuries,Collision with a turning/crossing vehicle,Turning accident,Daylight,Dry
11676,200979,8,Glasower Straße,2019,10,13,6,3,5,3,0,0,1,0,1,0,0,0,Neukölln,Accident with minor injuries,Collision with a turning/crossing vehicle,Turning/Crossing accident,Daylight,Dry
11677,200980,3,Heinersdorf,2019,10,10,2,3,6,4,0,1,0,1,0,0,0,0,Pankow,Accident with minor injuries,Collision between vehicle and pedestrian,Pedestrian crossing accident,Daylight,Dry
11678,200981,6,Stadtpark,2019,10,18,5,3,1,5,2,1,1,0,0,0,0,0,Steglitz-Zehlendorf,Accident with minor injuries,Collision with a moving/standing/parked vehicle,Accident involving parked vehicles,Dark,Dry