,object id,district,street,year,month,hour of day,weekday,category,accident type,accident type 2,light situation,bike involved,car involved,pedestrian involved,motor bike involved,big track involved,other vehicle involved,road condition,district name,category name,accident detail,accident type detail,light condition,road condition detail
11679,200982,4,Brabanter Platz,2019,11,5,7,3,0,1,2,0,1,0,0,0,0,1,Charlottenburg - Wilmersdorf,Accident with minor injuries,Others,Driving accident,Dark,Wet/moist/slippery
11680,200983,3,Niederschönhausen,2019,10,17,7,3,5,7,0,0,1,0,0,0,1,0,Pankow,Accident with minor injuries,Collision with a turning/crossing vehicle,Others,Daylight,Dry
11681,200984,11,Weitlingstraße,2019,10,8,4,3,2,6,0,1,1,0,0,0,0,0,Lichtenberg,Accident with minor injuries,Collision with the vehicle in front/waiting vehicle,Collision involving vehicles going in the same way,Daylight,Dry
11682,200985,8,Donaustraße,2019,10,22,3,3,5,7,2,0,1,0,0,0,0,0,Neukölln,Accident with minor injuries,Collision with a turning/crossing vehicle,Others,Dark,Dry
11683,200986,4,Savignyplatz,2019,11,16,6,3,5,3,1,0,1,0,0,0,0,0,Charlottenburg - Wilmersdorf,Accident with minor injuries,Collision with a turning/crossing vehicle,Turning/Crossing accident,Twilight,Dry
11684,200987,11,Mühlengrund,2019,10,17,6,3,2,6,0,0,1,0,0,0,0,0,Lichtenberg,Accident with minor injuries,Collision with the vehicle in front/waiting vehicle,Collision involving vehicles going in the same way,Daylight,Dry
11685,200988,7,Schöneberger Insel,2019,10,17,3,3,0,7,1,0,0,1,0,0,1,0,Tempelhof-Schöneberg,Accident with minor injuries,Others,Others,Twilight,Dry
11686,200989,1,Alexanderplatzviertel,2019,10,14,5,3,5,5,0,1,1,0,0,0,0,0,Mitte,Accident with minor injuries,Collision with a turning/crossing vehicle,Accident involving parked vehicles,Daylight,Dry
11687,200990,8,Handwerker-Siedlung,2019,10,11,6,3,6,4,0,0,1,1,0,0,0,0,Neukölln,Accident with minor injuries,Collision between vehicle and pedestrian,Pedestrian crossing accident,Daylight,Dry
11688,200991,4,Wilhelmsaue,2019,11,16,7,3,6,4,0,0,1,1,0,0,0,0,Charlottenburg - Wilmersdorf,Accident with minor injuries,Collision between vehicle and pedestrian,Pedestrian crossing accident,Daylight,Dry
11689,200992,8,Glasower Straße,2019,11,20,6,3,8,1,2,0,1,0,0,0,0,1,Neukölln,Accident with minor injuries,Departure from the roadway to the right,Driving accident,Dark,Wet/moist/slippery
11690,200993,6,Zehlendorf Eiche,2019,10,12,7,3,0,2,0,1,1,0,0,0,0,0,Steglitz-Zehlendorf,Accident with minor injuries,Others,Turning accident,Daylight,Dry
11691,200994,8,Glasower Straße,2019,11,22,7,3,5,3,2,0,1,0,0,0,0,1,Neukölln,Accident with minor injuries,Collision with a turning/crossing vehicle,Turning/Crossing accident,Dark,Wet/moist/slippery
11692,200995,10,Rotes Viertel,2019,10,13,3,2,6,2,0,0,1,1,0,0,0,0,Marzahn-Hellersdorf,Accident with serious injuries,Collision between vehicle and pedestrian,Turning accident,Daylight,Dry
11693,200996,4,Brabanter Platz,2019,11,22,7,3,5,2,2,0,1,0,0,0,0,1,Charlottenburg - Wilmersdorf,Accident with minor injuries,Collision with a turning/crossing vehicle,Turning accident,Dark,Wet/moist/slippery
11694,200997,11,Karlshorst West,2019,10,16,5,3,2,6,2,0,1,0,0,0,0,0,Lichtenberg,Accident with minor injuries,Collision with the vehicle in front/waiting vehicle,Collision involving vehicles going in the same way,Dark,Dry
11695,200998,3,Alt-Karow,2019,10,10,6,3,5,3,0,0,1,0,0,0,1,0,Pankow,Accident with minor injuries,Collision with a turning/crossing vehicle,Turning/Crossing accident,Daylight,Dry
11696,200999,8,Parchimer Allee,2019,11,12,7,3,3,6,0,0,1,0,0,0,1,1,Neukölln,Accident with minor injuries,Collision with a vehicle traveling laterally in the same direction,Collision involving vehicles going in the same way,Daylight,Wet/moist/slippery
11697,201000,11,Sewanstraße,2019,11,12,7,3,5,3,0,1,1,0,0,0,0,0,Lichtenberg,Accident with minor injuries,Collision with a turning/crossing vehicle,Turning/Crossing accident,Daylight,Dry
11698,201001,2,Boxhagener Platz,2019,10,8,2,3,5,3,0,0,1,0,1,0,0,0,Friedrichshain - Kreuzberg,Accident with minor injuries,Collision with a turning/crossing vehicle,Turning/Crossing accident,Daylight,Dry
11699,201002,7,Marienfelde Nordost,2019,10,16,5,2,5,3,0,1,1,0,0,0,0,0,Tempelhof-Schöneberg,Accident with serious injuries,Collision with a turning/crossing vehicle,Turning/Crossing accident,Daylight,Dry
11700,201003,12,Teichstraße,2019,11,11,7,2,5,7,0,0,1,0,1,0,0,1,Reinickendorf,Accident with serious injuries,Collision with a turning/crossing vehicle,Others,Daylight,Wet/moist/slippery
11701,201004,9,Dammvorstadt,2019,11,11,7,2,3,2,0,0,1,0,0,0,1,0,Treptow-Köpenick,Accident with serious injuries,Collision with a vehicle traveling laterally in the same direction,Turning accident,Daylight,Dry
11702,201005,12,Borsigwalde,2019,11,17,7,3,6,4,2,0,1,1,0,0,0,1,Reinickendorf,Accident with minor injuries,Collision between vehicle and pedestrian,Pedestrian crossing accident,Dark,Wet/moist/slippery
11703,201006,4,George-Grosz-Platz,2019,10,16,7,3,1,5,0,1,1,0,0,0,0,0,Charlottenburg - Wilmersdorf,Accident with minor injuries,Collision with a moving/standing/parked vehicle,Accident involving parked vehicles,Daylight,Dry
11704,201007,8,Alt-Rudow,2019,10,6,4,3,5,3,2,1,1,0,0,0,0,1,Neukölln,Accident with minor injuries,Collision with a turning/crossing vehicle,Turning/Crossing accident,Dark,Wet/moist/slippery
11705,201008,7,Dennewitzplatz,2019,11,11,7,3,0,2,0,0,1,0,1,0,0,1,Tempelhof-Schöneberg,Accident with minor injuries,Others,Turning accident,Daylight,Wet/moist/slippery
11706,201009,12,Letteplatz,2019,10,17,3,3,0,3,2,0,1,0,1,0,1,0,Reinickendorf,Accident with minor injuries,Others,Turning/Crossing accident,Dark,Dry
11707,201010,3,Falkplatz,2019,11,11,7,3,0,2,0,1,1,0,0,0,0,1,Pankow,Accident with minor injuries,Others,Turning accident,Daylight,Wet/moist/slippery
11708,201011,11,Herzbergstraße,2019,10,17,5,3,6,4,0,0,1,1,0,0,0,0,Lichtenberg,Accident with minor injuries,Collision between vehicle and pedestrian,Pedestrian crossing accident,Daylight,Dry
11709,201012,6,Augustaplatz,2019,11,14,6,3,1,5,0,1,1,0,0,0,0,0,Steglitz-Zehlendorf,Accident with minor injuries,Collision with a moving/standing/parked vehicle,Accident involving parked vehicles,Daylight,Dry
11710,201013,5,Hakenfelde Nord,2019,10,16,6,3,0,4,0,0,0,1,0,0,1,0,Spandau,Accident with minor injuries,Others,Pedestrian crossing accident,Daylight,Dry
11711,201014,10,Helle Mitte,2019,11,10,7,3,5,3,0,0,1,0,0,0,0,1,Marzahn-Hellersdorf,Accident with minor injuries,Collision with a turning/crossing vehicle,Turning/Crossing accident,Daylight,Wet/moist/slippery
11712,201015,3,Rosenthal,2019,10,19,2,3,5,3,2,1,1,0,0,0,0,0,Pankow,Accident with minor injuries,Collision with a turning/crossing vehicle,Turning/Crossing accident,Dark,Dry
11713,201016,11,Rüdigerstraße,2019,10,8,5,3,1,5,0,1,1,0,0,0,0,0,Lichtenberg,Accident with minor injuries,Collision with a moving/standing/parked vehicle,Accident involving parked vehicles,Daylight,Dry
11714,201017,2,Lausitzer Platz,2019,10,10,6,3,1,5,0,0,1,0,0,0,0,0,Friedrichshain - Kreuzberg,Accident with minor injuries,Collision with a moving/standing/parked vehicle,Accident involving parked vehicles,Daylight,Dry
11715,201018,12,Treuenbrietzener Straße,2019,11,10,7,3,5,3,0,0,1,0,0,0,0,1,Reinickendorf,Accident with minor injuries,Collision with a turning/crossing vehicle,Turning/Crossing accident,Daylight,Wet/moist/slippery
11716,201019,9,Adlershof West,2019,11,10,7,3,5,2,0,0,1,0,0,0,0,1,Treptow-Köpenick,Accident with minor injuries,Collision with a turning/crossing vehicle,Turning accident,Daylight,Wet/moist/slippery
11717,201020,6,Düppel,2019,10,16,1,3,0,3,0,1,1,0,0,0,0,1,Steglitz-Zehlendorf,Accident with minor injuries,Others,Turning/Crossing accident,Daylight,Wet/moist/slippery
11718,201021,6,Krumme Lanke,2019,10,18,4,3,5,2,2,0,1,0,0,0,0,1,Steglitz-Zehlendorf,Accident with minor injuries,Collision with a turning/crossing vehicle,Turning accident,Dark,Wet/moist/slippery
11719,201022,6,Dahlem,2019,11,10,7,3,0,3,0,0,0,0,1,0,1,1,Steglitz-Zehlendorf,Accident with minor injuries,Others,Turning/Crossing accident,Daylight,Wet/moist/slippery
11720,201023,1,Charitéviertel,2019,10,15,5,3,1,5,0,1,1,0,0,0,0,0,Mitte,Accident with minor injuries,Collision with a moving/standing/parked vehicle,Accident involving parked vehicles,Daylight,Dry
11721,201024,1,Wilhelmstraße,2019,11,15,6,3,5,2,1,1,0,0,0,0,1,0,Mitte,Accident with minor injuries,Collision with a turning/crossing vehicle,Turning accident,Twilight,Dry
11722,201025,4,Rüdesheimer Platz,2019,10,20,7,3,0,7,1,0,1,0,0,0,0,0,Charlottenburg - Wilmersdorf,Accident with minor injuries,Others,Others,Twilight,Dry
11723,201026,2,Mehringplatz,2019,11,7,3,3,6,4,0,1,0,1,0,0,0,0,Friedrichshain - Kreuzberg,Accident with minor injuries,Collision between vehicle and pedestrian,Pedestrian crossing accident,Daylight,Dry
11724,201027,7,Rathaus Tempelhof,2019,11,6,3,2,1,7,1,0,1,0,0,0,1,0,Tempelhof-Schöneberg,Accident with serious injuries,Collision with a moving/standing/parked vehicle,Others,Twilight,Dry
11725,201028,6,Teltower Damm,2019,11,14,3,2,1,5,0,0,1,0,0,0,0,0,Steglitz-Zehlendorf,Accident with serious injuries,Collision with a moving/standing/parked vehicle,Accident involving parked vehicles,Daylight,Dry
11726,201029,12,Tegeler Forst,2019,11,13,3,3,3,6,0,1,1,0,0,0,0,0,Reinickendorf,Accident with minor injuries,Collision with a vehicle traveling laterally in the same direction,Collision involving vehicles going in the same way,Daylight,Dry
11727,201030,1,Körnerstraße,2019,11,13,3,3,0,2,0,1,1,0,0,0,0,0,Mitte,Accident with minor injuries,Others,Turning accident,Daylight,Dry
11728,201031,1,Schillerpark,2019,11,11,3,3,5,7,0,0,1,0,0,0,0,0,Mitte,Accident with minor injuries,Collision with a turning/crossing vehicle,Others,Daylight,Dry
11729,201032,1,Leipziger Straße,2019,11,9,3,3,5,2,0,1,1,0,0,0,0,0,Mitte,Accident with minor injuries,Collision with a turning/crossing vehicle,Turning accident,Daylight,Dry
11730,201033,12,Teichstraße,2019,11,18,3,3,5,2,2,0,1,0,1,0,0,0,Reinickendorf,Accident with minor injuries,Collision with a turning/crossing vehicle,Turning accident,Dark,Dry
11731,201034,12,Waldidyll/Flughafensee,2019,11,18,3,3,2,6,2,0,1,0,0,0,1,0,Reinickendorf,Accident with minor injuries,Collision with the vehicle in front/waiting vehicle,Collision involving vehicles going in the same way,Dark,Dry
11732,201035,10,Kaulsdorf Süd,2019,11,18,3,3,5,2,2,1,1,0,0,0,0,0,Marzahn-Hellersdorf,Accident with minor injuries,Collision with a turning/crossing vehicle,Turning accident,Dark,Dry
11733,201036,9,Müggelheim,2019,11,17,3,3,6,2,2,0,1,1,0,0,0,0,Treptow-Köpenick,Accident with minor injuries,Collision between vehicle and pedestrian,Turning accident,Dark,Dry
11734,201037,4,Plötzensee,2019,11,17,3,3,0,6,2,0,1,0,0,0,1,0,Charlottenburg - Wilmersdorf,Accident with minor injuries,Others,Collision involving vehicles going in the same way,Dark,Dry
11735,201038,7,John-Locke-Straße,2019,11,16,3,3,5,2,2,0,1,0,0,0,0,0,Tempelhof-Schöneberg,Accident with minor injuries,Collision with a turning/crossing vehicle,Turning accident,Dark,Dry
11736,201039,1,Leipziger Straße,2019,11,16,3,3,5,3,2,1,1,0,0,0,0,0,Mitte,Accident with minor injuries,Collision with a turning/crossing vehicle,Turning/Crossing accident,Dark,Dry
11737,201040,11,Hauptstraße,2019,11,15,3,3,2,6,0,0,1,0,0,0,0,0,Lichtenberg,Accident with minor injuries,Collision with the vehicle in front/waiting vehicle,Collision involving vehicles going in the same way,Daylight,Dry
11738,201041,1,Charitéviertel,2019,11,15,2,3,2,6,0,1,1,0,0,0,0,0,Mitte,Accident with minor injuries,Collision with the vehicle in front/waiting vehicle,Collision involving vehicles going in the same way,Daylight,Dry
11739,201042,9,Köllnische Vorstadt,2019,11,15,2,3,0,6,0,1,0,1,0,0,0,0,Treptow-Köpenick,Accident with minor injuries,Others,Collision involving vehicles going in the same way,Daylight,Dry
11740,201043,3,Pankow Zentrum,2019,11,7,2,2,5,2,2,1,1,0,0,0,0,0,Pankow,Accident with serious injuries,Collision with a turning/crossing vehicle,Turning accident,Dark,Dry
11741,201044,1,Großer Tiergarten,2019,11,6,2,2,6,2,1,0,1,1,0,0,0,0,Mitte,Accident with serious injuries,Collision between vehicle and pedestrian,Turning accident,Twilight,Dry
11742,201045,8,Tempelhofer Weg,2019,11,6,2,3,5,3,1,1,0,0,0,0,1,1,Neukölln,Accident with minor injuries,Collision with a turning/crossing vehicle,Turning/Crossing accident,Twilight,Wet/moist/slippery
11743,201046,1,Emdener Straße,2019,11,12,2,2,3,6,0,1,1,0,0,0,0,0,Mitte,Accident with serious injuries,Collision with a vehicle traveling laterally in the same direction,Collision involving vehicles going in the same way,Daylight,Dry
11744,201047,7,Marienfelde Süd,2019,11,12,2,3,0,3,0,1,0,0,0,0,1,0,Tempelhof-Schöneberg,Accident with minor injuries,Others,Turning/Crossing accident,Daylight,Dry
11745,201048,1,Alexanderplatzviertel,2019,11,11,2,3,2,6,0,0,1,0,0,0,0,0,Mitte,Accident with minor injuries,Collision with the vehicle in front/waiting vehicle,Collision involving vehicles going in the same way,Daylight,Dry
11746,201049,12,Frohnau,2019,11,11,2,3,5,2,0,0,1,0,0,0,1,0,Reinickendorf,Accident with minor injuries,Collision with a turning/crossing vehicle,Turning accident,Daylight,Dry
11747,201050,12,Heiligensee,2019,11,10,2,3,5,7,0,1,1,0,0,0,0,0,Reinickendorf,Accident with minor injuries,Collision with a turning/crossing vehicle,Others,Daylight,Dry
11748,201051,3,Kollwitzplatz,2019,11,10,2,3,5,2,0,1,0,0,0,1,0,0,Pankow,Accident with minor injuries,Collision with a turning/crossing vehicle,Turning accident,Daylight,Dry
11749,201052,6,Thielallee,2019,11,9,2,2,5,2,0,1,0,0,0,1,0,0,Steglitz-Zehlendorf,Accident with serious injuries,Collision with a turning/crossing vehicle,Turning accident,Daylight,Dry
11750,201053,1,Großer Tiergarten,2019,11,19,2,3,2,6,2,0,1,0,1,0,0,0,Mitte,Accident with minor injuries,Collision with the vehicle in front/waiting vehicle,Collision involving vehicles going in the same way,Dark,Dry
11751,201054,11,Fennpfuhl Ost,2019,11,9,2,3,5,2,0,0,1,0,0,1,0,0,Lichtenberg,Accident with minor injuries,Collision with a turning/crossing vehicle,Turning accident,Daylight,Dry
11752,201055,7,Bayerischer Platz,2019,11,18,2,3,2,3,2,0,1,0,0,0,0,0,Tempelhof-Schöneberg,Accident with minor injuries,Collision with the vehicle in front/waiting vehicle,Turning/Crossing accident,Dark,Dry
11753,201056,2,Friedenstraße,2019,11,18,2,3,3,3,2,0,1,0,0,0,0,0,Friedrichshain - Kreuzberg,Accident with minor injuries,Collision with a vehicle traveling laterally in the same direction,Turning/Crossing accident,Dark,Dry
11754,201057,3,Blankenburg,2019,11,17,2,3,5,3,2,1,1,0,0,0,0,0,Pankow,Accident with minor injuries,Collision with a turning/crossing vehicle,Turning/Crossing accident,Dark,Dry
11755,201058,3,Weißer See,2019,11,17,2,3,3,6,2,0,1,0,0,0,1,0,Pankow,Accident with minor injuries,Collision with a vehicle traveling laterally in the same direction,Collision involving vehicles going in the same way,Dark,Dry
11756,201059,3,Pankow Süd,2019,11,15,2,3,5,3,0,0,1,0,0,0,0,0,Pankow,Accident with minor injuries,Collision with a turning/crossing vehicle,Turning/Crossing accident,Daylight,Dry
11757,201060,6,Mittelstraße,2019,11,15,2,3,0,6,1,0,1,0,0,0,1,0,Steglitz-Zehlendorf,Accident with minor injuries,Others,Collision involving vehicles going in the same way,Twilight,Dry
11758,201061,9,Späthsfelde,2019,11,15,2,3,5,3,0,0,1,0,0,0,0,0,Treptow-Köpenick,Accident with minor injuries,Collision with a turning/crossing vehicle,Turning/Crossing accident,Daylight,Dry
11759,201062,1,Westhafen,2019,11,15,2,3,5,2,0,1,1,0,0,0,0,0,Mitte,Accident with minor injuries,Collision with a turning/crossing vehicle,Turning accident,Daylight,Dry
11760,201063,10,Buckower Ring,2019,11,15,2,3,5,3,0,1,1,0,0,0,0,0,Marzahn-Hellersdorf,Accident with minor injuries,Collision with a turning/crossing vehicle,Turning/Crossing accident,Daylight,Dry
11761,201064,3,Erich-Weinert-Straße,2019,11,15,2,3,5,2,0,1,1,0,0,0,0,0,Pankow,Accident with minor injuries,Collision with a turning/crossing vehicle,Turning accident,Daylight,Dry
11762,201065,10,Alt-Mahlsdorf,2019,11,13,2,3,2,2,0,0,1,0,1,0,0,0,Marzahn-Hellersdorf,Accident with minor injuries,Collision with the vehicle in front/waiting vehicle,Turning accident,Daylight,Dry
11763,201066,9,Köllnische Vorstadt,2019,11,13,2,3,2,6,0,0,1,0,0,0,0,0,Treptow-Köpenick,Accident with minor injuries,Collision with the vehicle in front/waiting vehicle,Collision involving vehicles going in the same way,Daylight,Dry
11764,201067,5,Motardstraße,2019,11,12,2,3,5,3,0,0,1,0,0,0,0,0,Spandau,Accident with minor injuries,Collision with a turning/crossing vehicle,Turning/Crossing accident,Daylight,Dry
11765,201068,6,Südende,2019,11,21,1,3,5,3,2,0,1,0,0,0,0,1,Steglitz-Zehlendorf,Accident with minor injuries,Collision with a turning/crossing vehicle,Turning/Crossing accident,Dark,Wet/moist/slippery
11766,201069,1,Gesundbrunnen,2019,11,20,1,3,2,6,2,0,1,0,0,0,0,0,Mitte,Accident with minor injuries,Collision with the vehicle in front/waiting vehicle,Collision involving vehicles going in the same way,Dark,Dry
11767,201070,7,Bayerischer Platz,2019,11,19,1,2,0,7,2,0,0,1,0,0,1,0,Tempelhof-Schöneberg,Accident with serious injuries,Others,Others,Dark,Dry
11768,201071,6,Schütte-Lanz-Straße,2019,11,17,1,3,5,2,2,0,1,0,1,0,0,0,Steglitz-Zehlendorf,Accident with minor injuries,Collision with a turning/crossing vehicle,Turning accident,Dark,Dry
11769,201072,8,Handwerker-Siedlung,2019,11,17,1,3,6,2,2,0,1,1,0,0,0,1,Neukölln,Accident with minor injuries,Collision between vehicle and pedestrian,Turning accident,Dark,Wet/moist/slippery
11770,201073,5,Gütersloher Weg,2019,11,14,1,3,5,2,0,1,1,0,0,0,0,0,Spandau,Accident with minor injuries,Collision with a turning/crossing vehicle,Turning accident,Daylight,Dry
11771,201074,12,Wittenau Süd,2019,11,13,1,3,3,6,0,1,0,0,0,0,0,0,Reinickendorf,Accident with minor injuries,Collision with a vehicle traveling laterally in the same direction,Collision involving vehicles going in the same way,Daylight,Dry
11772,201075,1,Nördlicher Landwehrkanal,2019,11,14,1,3,2,6,0,0,1,0,1,0,0,0,Mitte,Accident with minor injuries,Collision with the vehicle in front/waiting vehicle,Collision involving vehicles going in the same way,Daylight,Dry
11773,201076,3,Schönholz,2019,11,13,1,3,2,6,0,0,1,0,0,0,1,0,Pankow,Accident with minor injuries,Collision with the vehicle in front/waiting vehicle,Collision involving vehicles going in the same way,Daylight,Dry
11774,201077,5,Amorbacher Weg,2019,11,13,1,2,0,2,0,0,1,0,0,0,1,0,Spandau,Accident with serious injuries,Others,Turning accident,Daylight,Dry
11775,201078,2,Wriezener Bahnhof/Entwicklungsgebiet,2019,11,11,1,2,6,4,0,0,1,1,0,0,0,0,Friedrichshain - Kreuzberg,Accident with serious injuries,Collision between vehicle and pedestrian,Pedestrian crossing accident,Daylight,Dry
11776,201079,3,Komponistenviertel Weißensee,2019,11,11,1,3,5,3,0,0,1,0,0,0,0,0,Pankow,Accident with minor injuries,Collision with a turning/crossing vehicle,Turning/Crossing accident,Daylight,Dry
11777,201080,11,Zingster Straße West,2019,11,10,1,2,0,1,0,0,0,0,1,0,0,1,Lichtenberg,Accident with serious injuries,Others,Driving accident,Daylight,Wet/moist/slippery
11778,201081,1,Emdener Straße,2019,11,7,1,3,2,6,0,0,1,0,0,0,0,0,Mitte,Accident with minor injuries,Collision with the vehicle in front/waiting vehicle,Collision involving vehicles going in the same way,Daylight,Dry
11779,201082,7,Marienfelder Allee Nordwest,2019,11,5,1,3,6,7,2,0,1,1,1,0,0,1,Tempelhof-Schöneberg,Accident with minor injuries,Collision between vehicle and pedestrian,Others,Dark,Wet/moist/slippery
11780,201083,3,Falkplatz,2019,11,0,1,3,0,5,2,0,0,0,1,0,1,1,Pankow,Accident with minor injuries,Others,Accident involving parked vehicles,Dark,Wet/moist/slippery
11781,201084,11,Rüdigerstraße,2019,11,18,7,2,5,3,2,0,1,0,1,0,0,1,Lichtenberg,Accident with serious injuries,Collision with a turning/crossing vehicle,Turning/Crossing accident,Dark,Wet/moist/slippery
11782,201085,4,Rathaus Wilmersdorf,2019,11,15,7,3,5,3,0,0,1,1,0,0,0,0,Charlottenburg - Wilmersdorf,Accident with minor injuries,Collision with a turning/crossing vehicle,Turning/Crossing accident,Daylight,Dry
11783,201086,1,Lützowstraße,2019,11,17,7,3,1,5,2,1,1,0,0,0,0,1,Mitte,Accident with minor injuries,Collision with a moving/standing/parked vehicle,Accident involving parked vehicles,Dark,Wet/moist/slippery
11784,201087,5,Zitadellenweg,2019,11,17,7,3,2,7,2,0,1,0,0,0,0,1,Spandau,Accident with minor injuries,Collision with the vehicle in front/waiting vehicle,Others,Dark,Wet/moist/slippery
11785,201088,1,Soldiner Straße,2019,11,17,7,3,2,2,2,0,1,0,0,0,0,1,Mitte,Accident with minor injuries,Collision with the vehicle in front/waiting vehicle,Turning accident,Dark,Wet/moist/slippery
11786,201089,8,Rixdorf,2019,11,16,7,3,5,2,2,1,1,0,0,0,0,1,Neukölln,Accident with minor injuries,Collision with a turning/crossing vehicle,Turning accident,Dark,Wet/moist/slippery
11787,201090,4,Jungfernheide,2019,11,15,7,2,5,2,0,0,1,0,0,0,0,1,Charlottenburg - Wilmersdorf,Accident with serious injuries,Collision with a turning/crossing vehicle,Turning accident,Daylight,Wet/moist/slippery
11788,201091,11,Hauptstraße,2019,11,20,7,3,9,1,2,0,1,0,0,0,0,1,Lichtenberg,Accident with minor injuries,Departure from the roadway to the left,Driving accident,Dark,Wet/moist/slippery
11789,201092,9,Oberschöneweide West,2019,11,14,7,3,5,2,0,0,1,0,0,0,0,1,Treptow-Köpenick,Accident with minor injuries,Collision with a turning/crossing vehicle,Turning accident,Daylight,Wet/moist/slippery
11790,201093,8,Glasower Straße,2019,11,14,7,3,5,2,0,0,1,0,0,0,0,1,Neukölln,Accident with minor injuries,Collision with a turning/crossing vehicle,Turning accident,Daylight,Wet/moist/slippery
11791,201094,1,Arkonaplatz,2019,11,14,7,3,6,2,0,0,1,1,0,0,0,1,Mitte,Accident with minor injuries,Collision between vehicle and pedestrian,Turning accident,Daylight,Wet/moist/slippery
11792,201095,6,Lichterfelde West,2019,11,14,7,3,5,3,0,0,1,0,0,0,0,1,Steglitz-Zehlendorf,Accident with minor injuries,Collision with a turning/crossing vehicle,Turning/Crossing accident,Daylight,Wet/moist/slippery
11793,201096,5,Eckschanze,2019,11,19,7,2,0,1,2,0,0,0,1,0,0,1,Spandau,Accident with serious injuries,Others,Driving accident,Dark,Wet/moist/slippery
11794,201097,1,Stülerstraße,2019,11,14,7,3,0,1,0,0,0,0,1,0,0,1,Mitte,Accident with minor injuries,Others,Driving accident,Daylight,Wet/moist/slippery
11795,201098,8,Flughafenstraße,2019,11,14,7,3,6,2,0,0,1,1,0,0,0,1,Neukölln,Accident with minor injuries,Collision between vehicle and pedestrian,Turning accident,Daylight,Wet/moist/slippery
11796,201099,1,Reinickendorfer Straße,2019,11,14,7,3,2,6,0,0,1,0,0,0,1,1,Mitte,Accident with minor injuries,Collision with the vehicle in front/waiting vehicle,Collision involving vehicles going in the same way,Daylight,Wet/moist/slippery
11797,201100,1,Alexanderplatzviertel,2019,11,18,7,2,1,5,2,0,1,0,0,0,0,0,Mitte,Accident with serious injuries,Collision with a moving/standing/parked vehicle,Accident involving parked vehicles,Dark,Dry
11798,201101,12,Scharnweberstraße,2019,11,18,7,3,5,7,2,0,1,0,0,0,0,1,Reinickendorf,Accident with minor injuries,Collision with a turning/crossing vehicle,Others,Dark,Wet/moist/slippery
11799,201102,1,Oranienburger Straße,2019,11,13,7,3,5,3,0,1,1,0,0,0,0,1,Mitte,Accident with minor injuries,Collision with a turning/crossing vehicle,Turning/Crossing accident,Daylight,Wet/moist/slippery
11800,201103,7,Ceciliengärten,2019,11,18,7,3,0,6,2,0,0,0,1,0,1,1,Tempelhof-Schöneberg,Accident with minor injuries,Others,Collision involving vehicles going in the same way,Dark,Wet/moist/slippery
11801,201104,7,Marienhöhe,2019,11,13,7,3,4,7,0,0,1,0,0,0,0,1,Tempelhof-Schöneberg,Accident with minor injuries,Collision with oncoming vehicle,Others,Daylight,Wet/moist/slippery
11802,201105,8,Reuterkiez,2019,11,12,7,3,3,6,0,0,1,0,1,0,0,1,Neukölln,Accident with minor injuries,Collision with a vehicle traveling laterally in the same direction,Collision involving vehicles going in the same way,Daylight,Wet/moist/slippery
11803,201106,9,Oberschöneweide Ost,2019,11,12,7,3,5,2,0,0,1,0,0,0,0,1,Treptow-Köpenick,Accident with minor injuries,Collision with a turning/crossing vehicle,Turning accident,Daylight,Wet/moist/slippery
11804,201107,8,Parchimer Allee,2019,11,11,7,3,2,6,0,0,1,0,0,0,0,1,Neukölln,Accident with minor injuries,Collision with the vehicle in front/waiting vehicle,Collision involving vehicles going in the same way,Daylight,Wet/moist/slippery
11805,201108,8,Silbersteinstraße,2019,11,11,7,3,2,6,0,0,1,0,0,0,0,1,Neukölln,Accident with minor injuries,Collision with the vehicle in front/waiting vehicle,Collision involving vehicles going in the same way,Daylight,Wet/moist/slippery
11806,201109,5,Gartenfelder Straße,2019,11,0,7,3,1,1,2,0,1,0,0,0,1,1,Spandau,Accident with minor injuries,Collision with a moving/standing/parked vehicle,Driving accident,Dark,Wet/moist/slippery
11807,201110,2,Wriezener Bahnhof/Entwicklungsgebiet,2019,11,0,7,3,0,1,2,1,0,0,0,0,0,1,Friedrichshain - Kreuzberg,Accident with minor injuries,Others,Driving accident,Dark,Wet/moist/slippery
11808,201111,6,Lichterfelde West,2019,11,23,7,3,5,2,2,0,1,0,0,0,0,1,Steglitz-Zehlendorf,Accident with minor injuries,Collision with a turning/crossing vehicle,Turning accident,Dark,Wet/moist/slippery
11809,201112,1,Heine-Viertel Ost,2019,11,23,7,3,1,5,2,1,1,0,0,0,1,0,Mitte,Accident with minor injuries,Collision with a moving/standing/parked vehicle,Accident involving parked vehicles,Dark,Dry
11810,201113,2,Stralauer Kiez,2019,11,22,7,3,5,2,2,1,1,0,0,0,0,1,Friedrichshain - Kreuzberg,Accident with minor injuries,Collision with a turning/crossing vehicle,Turning accident,Dark,Wet/moist/slippery
11811,201114,12,Waldidyll/Flughafensee,2019,11,22,7,3,2,6,2,0,1,0,0,0,0,0,Reinickendorf,Accident with minor injuries,Collision with the vehicle in front/waiting vehicle,Collision involving vehicles going in the same way,Dark,Dry