,object id,district,street,year,month,hour of day,weekday,category,accident type,accident type 2,light situation,bike involved,car involved,pedestrian involved,motor bike involved,big track involved,other vehicle involved,road condition,district name,category name,accident detail,accident type detail,light condition,road condition detail
11812,201115,1,Brunnenstraße,2019,11,21,7,2,6,2,2,0,1,1,0,0,0,0,Mitte,Accident with serious injuries,Collision between vehicle and pedestrian,Turning accident,Dark,Dry
11813,201116,5,Adamstraße,2019,11,21,7,2,2,6,2,0,1,0,0,0,0,1,Spandau,Accident with serious injuries,Collision with the vehicle in front/waiting vehicle,Collision involving vehicles going in the same way,Dark,Wet/moist/slippery
11814,201117,2,Graefekiez,2019,11,21,7,3,2,6,2,0,1,0,0,0,0,1,Friedrichshain - Kreuzberg,Accident with minor injuries,Collision with the vehicle in front/waiting vehicle,Collision involving vehicles going in the same way,Dark,Wet/moist/slippery
11815,201118,1,Lüneburger Straße,2019,11,18,7,3,0,1,2,1,0,0,0,0,0,1,Mitte,Accident with minor injuries,Others,Driving accident,Dark,Wet/moist/slippery
11816,201119,1,Humboldthain Nordwest,2019,11,11,6,3,5,2,0,1,1,0,0,0,0,0,Mitte,Accident with minor injuries,Collision with a turning/crossing vehicle,Turning accident,Daylight,Dry
11817,201120,10,Adele-Sandrock-Straße,2019,11,23,6,3,1,5,2,0,1,0,0,1,0,1,Marzahn-Hellersdorf,Accident with minor injuries,Collision with a moving/standing/parked vehicle,Accident involving parked vehicles,Dark,Wet/moist/slippery
11818,201121,4,George-Grosz-Platz,2019,11,23,6,3,5,3,2,0,1,0,0,0,0,1,Charlottenburg - Wilmersdorf,Accident with minor injuries,Collision with a turning/crossing vehicle,Turning/Crossing accident,Dark,Wet/moist/slippery
11819,201122,2,Wassertorplatz,2019,11,22,6,3,2,6,2,0,1,0,0,0,0,1,Friedrichshain - Kreuzberg,Accident with minor injuries,Collision with the vehicle in front/waiting vehicle,Collision involving vehicles going in the same way,Dark,Wet/moist/slippery
11820,201123,10,Mahlsdorf Süd,2019,11,22,6,2,4,6,2,0,1,0,0,0,0,1,Marzahn-Hellersdorf,Accident with serious injuries,Collision with oncoming vehicle,Collision involving vehicles going in the same way,Dark,Wet/moist/slippery
11821,201124,5,Döberitzer Weg,2019,11,21,6,3,5,2,2,0,1,0,0,0,0,1,Spandau,Accident with minor injuries,Collision with a turning/crossing vehicle,Turning accident,Dark,Wet/moist/slippery
11822,201125,9,Köpenicker Landstraße,2019,11,20,6,3,5,2,2,0,1,0,0,0,0,1,Treptow-Köpenick,Accident with minor injuries,Collision with a turning/crossing vehicle,Turning accident,Dark,Wet/moist/slippery
11823,201126,2,Graefekiez,2019,11,20,6,3,6,2,2,0,1,1,0,0,0,1,Friedrichshain - Kreuzberg,Accident with minor injuries,Collision between vehicle and pedestrian,Turning accident,Dark,Wet/moist/slippery
11824,201127,1,Humboldthain Nordwest,2019,11,19,6,2,6,4,2,0,1,1,0,0,0,1,Mitte,Accident with serious injuries,Collision between vehicle and pedestrian,Pedestrian crossing accident,Dark,Wet/moist/slippery
11825,201128,5,Borkumer Straße,2019,11,19,6,3,5,2,2,0,1,0,1,0,0,1,Spandau,Accident with minor injuries,Collision with a turning/crossing vehicle,Turning accident,Dark,Wet/moist/slippery
11826,201129,6,Südende,2019,11,18,6,3,5,3,2,0,1,0,0,0,0,1,Steglitz-Zehlendorf,Accident with minor injuries,Collision with a turning/crossing vehicle,Turning/Crossing accident,Dark,Wet/moist/slippery
11827,201130,12,Wittenau Süd,2019,11,18,6,3,5,3,2,0,1,0,1,0,0,0,Reinickendorf,Accident with minor injuries,Collision with a turning/crossing vehicle,Turning/Crossing accident,Dark,Dry
11828,201131,12,Scharnweberstraße,2019,11,18,6,2,6,7,1,0,1,1,0,0,0,0,Reinickendorf,Accident with serious injuries,Collision between vehicle and pedestrian,Others,Twilight,Dry
11829,201132,3,Pankow Süd,2019,11,10,6,3,5,2,0,0,1,0,1,0,0,0,Pankow,Accident with minor injuries,Collision with a turning/crossing vehicle,Turning accident,Daylight,Dry
11830,201133,2,Urbanstraße,2019,11,9,6,3,3,6,0,0,1,0,0,0,0,0,Friedrichshain - Kreuzberg,Accident with minor injuries,Collision with a vehicle traveling laterally in the same direction,Collision involving vehicles going in the same way,Daylight,Dry
11831,201134,11,Landsberger Allee,2019,11,14,6,2,6,4,0,0,0,1,0,1,0,0,Lichtenberg,Accident with serious injuries,Collision between vehicle and pedestrian,Pedestrian crossing accident,Daylight,Dry
11832,201135,5,Maulbeerallee,2019,11,9,6,3,5,5,0,0,1,0,0,0,0,0,Spandau,Accident with minor injuries,Collision with a turning/crossing vehicle,Accident involving parked vehicles,Daylight,Dry
11833,201136,3,Wilhelmsruh,2019,11,14,6,3,5,3,0,0,1,0,0,0,0,0,Pankow,Accident with minor injuries,Collision with a turning/crossing vehicle,Turning/Crossing accident,Daylight,Dry
11834,201137,8,Schillerpromenade,2019,11,13,6,3,5,2,0,1,1,0,0,0,0,0,Neukölln,Accident with minor injuries,Collision with a turning/crossing vehicle,Turning accident,Daylight,Dry
11835,201138,12,Klixstraße,2019,11,8,6,3,1,5,0,0,1,0,0,0,0,0,Reinickendorf,Accident with minor injuries,Collision with a moving/standing/parked vehicle,Accident involving parked vehicles,Daylight,Dry
11836,201139,8,Rollberg,2019,11,11,6,3,1,7,0,0,1,0,0,0,0,0,Neukölln,Accident with minor injuries,Collision with a moving/standing/parked vehicle,Others,Daylight,Dry
11837,201140,4,Kaiserin-Augusta-Allee,2019,11,11,6,3,5,3,0,0,1,0,1,0,0,0,Charlottenburg - Wilmersdorf,Accident with minor injuries,Collision with a turning/crossing vehicle,Turning/Crossing accident,Daylight,Dry
11838,201141,2,Graefekiez,2019,11,11,6,3,2,6,0,0,1,0,0,0,0,0,Friedrichshain - Kreuzberg,Accident with minor injuries,Collision with the vehicle in front/waiting vehicle,Collision involving vehicles going in the same way,Daylight,Dry
11839,201142,2,Friedenstraße,2019,11,8,6,3,5,3,0,1,0,0,1,0,0,0,Friedrichshain - Kreuzberg,Accident with minor injuries,Collision with a turning/crossing vehicle,Turning/Crossing accident,Daylight,Dry
11840,201143,7,Alt-Lichtenrade/Töpchiner Weg,2019,11,7,6,3,5,3,0,1,1,0,0,0,0,0,Tempelhof-Schöneberg,Accident with minor injuries,Collision with a turning/crossing vehicle,Turning/Crossing accident,Daylight,Dry
11841,201144,7,Marienfelde Süd,2019,11,6,6,3,0,2,1,1,1,0,0,0,0,0,Tempelhof-Schöneberg,Accident with minor injuries,Others,Turning accident,Twilight,Dry
11842,201145,5,Carl-Schurz-Straße,2019,11,6,6,3,9,1,2,0,1,0,0,0,0,0,Spandau,Accident with minor injuries,Departure from the roadway to the left,Driving accident,Dark,Dry
11843,201146,11,Fennpfuhl West,2019,11,17,6,2,6,4,2,0,1,1,0,0,0,0,Lichtenberg,Accident with serious injuries,Collision between vehicle and pedestrian,Pedestrian crossing accident,Dark,Dry
11844,201147,4,Amtsgerichtsplatz,2019,11,17,6,3,1,5,2,1,1,0,0,0,0,1,Charlottenburg - Wilmersdorf,Accident with minor injuries,Collision with a moving/standing/parked vehicle,Accident involving parked vehicles,Dark,Wet/moist/slippery
11845,201148,4,Messegelände,2019,11,17,6,3,3,2,2,0,1,0,0,1,0,1,Charlottenburg - Wilmersdorf,Accident with minor injuries,Collision with a vehicle traveling laterally in the same direction,Turning accident,Dark,Wet/moist/slippery
11846,201149,8,Donaustraße,2019,11,17,6,3,6,4,2,0,0,1,0,0,1,0,Neukölln,Accident with minor injuries,Collision between vehicle and pedestrian,Pedestrian crossing accident,Dark,Dry
11847,201150,12,Ziekowstraße/Freie Scholle,2019,11,16,6,3,5,2,1,1,1,0,0,0,0,1,Reinickendorf,Accident with minor injuries,Collision with a turning/crossing vehicle,Turning accident,Twilight,Wet/moist/slippery
11848,201151,8,Silbersteinstraße,2019,11,16,6,3,1,5,2,1,1,0,0,0,0,0,Neukölln,Accident with minor injuries,Collision with a moving/standing/parked vehicle,Accident involving parked vehicles,Dark,Dry
11849,201152,8,Zittauer Straße,2019,11,13,6,3,6,4,0,0,1,1,0,0,0,0,Neukölln,Accident with minor injuries,Collision between vehicle and pedestrian,Pedestrian crossing accident,Daylight,Dry
11850,201153,1,Soldiner Straße,2019,11,16,6,3,6,4,1,0,1,1,0,0,0,1,Mitte,Accident with minor injuries,Collision between vehicle and pedestrian,Pedestrian crossing accident,Twilight,Wet/moist/slippery
11851,201154,5,Carl-Schurz-Straße,2019,11,15,6,3,2,7,1,1,1,0,0,0,0,1,Spandau,Accident with minor injuries,Collision with the vehicle in front/waiting vehicle,Others,Twilight,Wet/moist/slippery
11852,201155,5,Weinmeisterhornweg,2019,11,16,6,3,6,2,1,0,1,1,0,0,0,1,Spandau,Accident with minor injuries,Collision between vehicle and pedestrian,Turning accident,Twilight,Wet/moist/slippery
11853,201156,2,Lausitzer Platz,2019,11,9,6,3,3,5,0,1,1,0,0,0,0,0,Friedrichshain - Kreuzberg,Accident with minor injuries,Collision with a vehicle traveling laterally in the same direction,Accident involving parked vehicles,Daylight,Dry
11854,201157,3,Niederschönhausen,2019,11,15,6,3,1,5,0,1,1,0,0,0,0,0,Pankow,Accident with minor injuries,Collision with a moving/standing/parked vehicle,Accident involving parked vehicles,Daylight,Dry
11855,201158,4,Halensee,2019,11,15,6,3,5,2,1,0,1,0,0,0,0,0,Charlottenburg - Wilmersdorf,Accident with minor injuries,Collision with a turning/crossing vehicle,Turning accident,Twilight,Dry
11856,201159,3,Falkplatz,2019,11,15,6,3,5,3,0,1,1,0,0,0,0,0,Pankow,Accident with minor injuries,Collision with a turning/crossing vehicle,Turning/Crossing accident,Daylight,Dry
11857,201160,9,Rahnsdorf/Hessenwinkel,2019,11,15,6,3,5,3,0,1,1,0,0,0,0,0,Treptow-Köpenick,Accident with minor injuries,Collision with a turning/crossing vehicle,Turning/Crossing accident,Daylight,Dry
11858,201161,1,Elberfelder Straße,2019,11,15,6,3,2,6,0,1,1,0,0,0,0,2,Mitte,Accident with minor injuries,Collision with the vehicle in front/waiting vehicle,Collision involving vehicles going in the same way,Daylight,Snowy
11859,201162,4,George-Grosz-Platz,2019,11,15,6,3,5,2,0,1,0,0,1,0,0,0,Charlottenburg - Wilmersdorf,Accident with minor injuries,Collision with a turning/crossing vehicle,Turning accident,Daylight,Dry
11860,201163,2,Andreasviertel,2019,11,16,5,3,6,4,1,0,1,1,0,0,0,1,Friedrichshain - Kreuzberg,Accident with minor injuries,Collision between vehicle and pedestrian,Pedestrian crossing accident,Twilight,Wet/moist/slippery
11861,201164,1,Nördlicher Landwehrkanal,2019,11,8,5,3,0,5,1,1,1,0,0,0,0,0,Mitte,Accident with minor injuries,Others,Accident involving parked vehicles,Twilight,Dry
11862,201165,2,Wassertorplatz,2019,11,20,5,3,2,2,2,0,1,0,0,0,0,0,Friedrichshain - Kreuzberg,Accident with minor injuries,Collision with the vehicle in front/waiting vehicle,Turning accident,Dark,Dry
11863,201166,10,Landsberger Tor,2019,11,20,5,3,9,1,2,0,1,0,0,0,0,0,Marzahn-Hellersdorf,Accident with minor injuries,Departure from the roadway to the left,Driving accident,Dark,Dry
11864,201167,12,Schorfheidestraße,2019,11,19,5,3,6,2,2,0,1,1,0,0,0,0,Reinickendorf,Accident with minor injuries,Collision between vehicle and pedestrian,Turning accident,Dark,Dry
11865,201168,8,Rollberg,2019,11,17,5,3,0,6,2,0,1,0,0,0,1,0,Neukölln,Accident with minor injuries,Others,Collision involving vehicles going in the same way,Dark,Dry
11866,201169,11,Gewerbegebiet Bitterfelder Straße,2019,11,17,5,3,2,6,2,0,1,0,0,0,0,0,Lichtenberg,Accident with minor injuries,Collision with the vehicle in front/waiting vehicle,Collision involving vehicles going in the same way,Dark,Dry
11867,201170,1,Humboldthain Nordwest,2019,11,17,5,3,6,2,2,0,1,1,0,0,0,0,Mitte,Accident with minor injuries,Collision between vehicle and pedestrian,Turning accident,Dark,Dry
11868,201171,6,Schloßstraße,2019,11,17,5,3,3,2,1,1,1,0,0,0,0,0,Steglitz-Zehlendorf,Accident with minor injuries,Collision with a vehicle traveling laterally in the same direction,Turning accident,Twilight,Dry
11869,201172,11,Karlshorst Süd,2019,11,16,5,3,0,2,2,0,1,0,0,0,1,0,Lichtenberg,Accident with minor injuries,Others,Turning accident,Dark,Dry
11870,201173,2,Oranienplatz,2019,11,18,5,3,3,5,2,1,1,0,0,0,0,0,Friedrichshain - Kreuzberg,Accident with minor injuries,Collision with a vehicle traveling laterally in the same direction,Accident involving parked vehicles,Dark,Dry
11871,201174,1,Unter den Linden Süd,2019,11,15,5,3,2,2,0,1,1,0,0,0,0,0,Mitte,Accident with minor injuries,Collision with the vehicle in front/waiting vehicle,Turning accident,Daylight,Dry
11872,201175,1,Sparrplatz,2019,11,15,5,3,2,2,0,0,1,0,0,0,0,0,Mitte,Accident with minor injuries,Collision with the vehicle in front/waiting vehicle,Turning accident,Daylight,Dry
11873,201176,9,Oberschöneweide West,2019,11,14,5,3,2,6,0,0,1,0,0,0,0,0,Treptow-Köpenick,Accident with minor injuries,Collision with the vehicle in front/waiting vehicle,Collision involving vehicles going in the same way,Daylight,Dry
11874,201177,7,Nollendorfplatz,2019,11,17,5,3,5,2,2,0,1,0,1,0,0,0,Tempelhof-Schöneberg,Accident with minor injuries,Collision with a turning/crossing vehicle,Turning accident,Dark,Dry
11875,201178,9,Grünau,2019,11,17,5,3,5,2,2,0,1,0,0,0,1,0,Treptow-Köpenick,Accident with minor injuries,Collision with a turning/crossing vehicle,Turning accident,Dark,Dry
11876,201179,3,Niederschönhausen,2019,11,13,5,2,5,3,0,0,1,0,0,0,0,2,Pankow,Accident with serious injuries,Collision with a turning/crossing vehicle,Turning/Crossing accident,Daylight,Snowy
11877,201180,6,Krumme Lanke,2019,11,17,5,2,1,5,2,1,1,0,0,0,0,1,Steglitz-Zehlendorf,Accident with serious injuries,Collision with a moving/standing/parked vehicle,Accident involving parked vehicles,Dark,Wet/moist/slippery
11878,201181,12,Ziekowstraße/Freie Scholle,2019,11,12,5,3,2,6,0,0,1,0,0,0,0,0,Reinickendorf,Accident with minor injuries,Collision with the vehicle in front/waiting vehicle,Collision involving vehicles going in the same way,Daylight,Dry
11879,201182,2,Friedenstraße,2019,11,12,5,3,4,6,0,1,0,0,0,0,1,0,Friedrichshain - Kreuzberg,Accident with minor injuries,Collision with oncoming vehicle,Collision involving vehicles going in the same way,Daylight,Dry
11880,201183,4,Kaiserin-Augusta-Allee,2019,11,8,5,3,6,7,0,0,0,1,0,0,1,0,Charlottenburg - Wilmersdorf,Accident with minor injuries,Collision between vehicle and pedestrian,Others,Daylight,Dry
11881,201184,11,Herzbergstraße,2019,11,8,5,3,0,2,0,1,1,0,0,0,0,0,Lichtenberg,Accident with minor injuries,Others,Turning accident,Daylight,Dry
11882,201185,1,Großer Tiergarten,2019,11,8,5,3,1,5,0,1,1,0,0,0,1,1,Mitte,Accident with minor injuries,Collision with a moving/standing/parked vehicle,Accident involving parked vehicles,Daylight,Wet/moist/slippery
11883,201186,4,Rüdesheimer Platz,2019,11,7,5,3,5,3,0,1,1,0,0,0,0,0,Charlottenburg - Wilmersdorf,Accident with minor injuries,Collision with a turning/crossing vehicle,Turning/Crossing accident,Daylight,Dry
11884,201187,3,Schönholz,2019,11,7,5,3,2,1,0,0,1,0,0,0,0,1,Pankow,Accident with minor injuries,Collision with the vehicle in front/waiting vehicle,Driving accident,Daylight,Wet/moist/slippery
11885,201188,7,Manteuffelstraße,2019,11,7,5,3,5,2,0,1,1,0,0,0,0,0,Tempelhof-Schöneberg,Accident with minor injuries,Collision with a turning/crossing vehicle,Turning accident,Daylight,Dry
11886,201189,5,Gütersloher Weg,2019,11,5,5,3,6,4,2,0,0,1,0,0,1,1,Spandau,Accident with minor injuries,Collision between vehicle and pedestrian,Pedestrian crossing accident,Dark,Wet/moist/slippery
11887,201190,6,Berlepschstraße,2019,11,14,4,3,6,4,0,0,1,1,0,0,0,0,Steglitz-Zehlendorf,Accident with minor injuries,Collision between vehicle and pedestrian,Pedestrian crossing accident,Daylight,Dry
11888,201191,1,Leipziger Straße,2019,11,8,4,3,5,3,0,1,1,0,0,0,0,1,Mitte,Accident with minor injuries,Collision with a turning/crossing vehicle,Turning/Crossing accident,Daylight,Wet/moist/slippery
11889,201192,7,Rathausstraße,2019,11,8,4,2,0,5,0,0,1,0,0,0,1,1,Tempelhof-Schöneberg,Accident with serious injuries,Others,Accident involving parked vehicles,Daylight,Wet/moist/slippery
11890,201193,1,Hansaviertel,2019,11,9,4,3,5,2,0,1,1,0,0,0,0,1,Mitte,Accident with minor injuries,Collision with a turning/crossing vehicle,Turning accident,Daylight,Wet/moist/slippery
11891,201194,11,Orankesee,2019,11,8,4,3,6,4,0,0,1,1,0,0,0,1,Lichtenberg,Accident with minor injuries,Collision between vehicle and pedestrian,Pedestrian crossing accident,Daylight,Wet/moist/slippery
11892,201195,8,Schillerpromenade,2019,11,8,4,3,3,6,0,0,1,0,0,1,0,1,Neukölln,Accident with minor injuries,Collision with a vehicle traveling laterally in the same direction,Collision involving vehicles going in the same way,Daylight,Wet/moist/slippery
11893,201196,10,Hellersdorfer Promenade,2019,11,8,4,3,5,2,0,0,1,0,0,0,0,,Marzahn-Hellersdorf,Accident with minor injuries,Collision with a turning/crossing vehicle,Turning accident,Daylight,
11894,201197,10,Oberfeldstraße,2019,11,7,4,3,6,2,1,0,1,1,0,0,0,1,Marzahn-Hellersdorf,Accident with minor injuries,Collision between vehicle and pedestrian,Turning accident,Twilight,Wet/moist/slippery
11895,201198,3,Weißer See,2019,11,6,4,3,0,3,0,0,1,0,1,0,0,1,Pankow,Accident with minor injuries,Others,Turning/Crossing accident,Daylight,Wet/moist/slippery
11896,201199,11,Hauptstraße,2019,11,6,4,3,5,2,2,1,1,0,0,0,0,1,Lichtenberg,Accident with minor injuries,Collision with a turning/crossing vehicle,Turning accident,Dark,Wet/moist/slippery
11897,201200,4,Brabanter Platz,2019,11,1,4,3,5,2,2,0,1,0,0,0,1,1,Charlottenburg - Wilmersdorf,Accident with minor injuries,Collision with a turning/crossing vehicle,Turning accident,Dark,Wet/moist/slippery
11898,201201,6,Königsberger Straße,2019,11,23,4,3,8,1,2,0,1,0,0,0,0,0,Steglitz-Zehlendorf,Accident with minor injuries,Departure from the roadway to the right,Driving accident,Dark,Dry
11899,201202,7,Hundsteinweg,2019,11,18,4,3,0,2,2,0,1,0,1,0,0,1,Tempelhof-Schöneberg,Accident with minor injuries,Others,Turning accident,Dark,Wet/moist/slippery
11900,201203,4,Amtsgerichtsplatz,2019,11,20,4,3,0,5,2,0,1,0,1,0,0,1,Charlottenburg - Wilmersdorf,Accident with minor injuries,Others,Accident involving parked vehicles,Dark,Wet/moist/slippery
11901,201204,1,Humboldthain Süd,2019,11,6,4,3,0,5,2,0,1,0,0,0,1,1,Mitte,Accident with minor injuries,Others,Accident involving parked vehicles,Dark,Wet/moist/slippery
11902,201205,9,Köllnische Vorstadt,2019,11,17,4,3,5,2,2,1,1,0,0,0,0,1,Treptow-Köpenick,Accident with minor injuries,Collision with a turning/crossing vehicle,Turning accident,Dark,Wet/moist/slippery
11903,201206,2,Oranienplatz,2019,11,16,4,3,0,5,1,1,1,0,0,0,0,1,Friedrichshain - Kreuzberg,Accident with minor injuries,Others,Accident involving parked vehicles,Twilight,Wet/moist/slippery
11904,201207,1,Stephankiez,2019,11,18,4,3,6,7,2,0,0,1,0,0,1,1,Mitte,Accident with minor injuries,Collision between vehicle and pedestrian,Others,Dark,Wet/moist/slippery
11905,201208,3,Rennbahnstraße,2019,11,16,4,2,6,2,2,0,1,1,0,0,0,1,Pankow,Accident with serious injuries,Collision between vehicle and pedestrian,Turning accident,Dark,Wet/moist/slippery
11906,201209,3,Pankow Süd,2019,11,16,4,2,5,3,2,0,1,0,0,0,0,1,Pankow,Accident with serious injuries,Collision with a turning/crossing vehicle,Turning/Crossing accident,Dark,Wet/moist/slippery
11907,201210,1,Humboldthain Süd,2019,11,15,4,2,5,3,1,1,1,0,0,0,0,1,Mitte,Accident with serious injuries,Collision with a turning/crossing vehicle,Turning/Crossing accident,Twilight,Wet/moist/slippery
11908,201211,11,Sewanstraße,2019,11,15,4,3,5,3,0,1,1,0,0,0,0,1,Lichtenberg,Accident with minor injuries,Collision with a turning/crossing vehicle,Turning/Crossing accident,Daylight,Wet/moist/slippery
11909,201212,1,Heine-Viertel West,2019,11,19,4,3,5,2,2,0,1,0,0,0,1,1,Mitte,Accident with minor injuries,Collision with a turning/crossing vehicle,Turning accident,Dark,Wet/moist/slippery
11910,201213,1,Leopoldplatz,2019,11,15,4,3,2,6,0,0,1,0,0,0,0,1,Mitte,Accident with minor injuries,Collision with the vehicle in front/waiting vehicle,Collision involving vehicles going in the same way,Daylight,Wet/moist/slippery
11911,201214,12,Scharnweberstraße,2019,11,15,4,3,5,3,0,0,1,0,0,0,0,1,Reinickendorf,Accident with minor injuries,Collision with a turning/crossing vehicle,Turning/Crossing accident,Daylight,Wet/moist/slippery
11912,201215,11,Victoriastadt,2019,11,14,4,3,5,3,0,1,1,0,0,0,0,1,Lichtenberg,Accident with minor injuries,Collision with a turning/crossing vehicle,Turning/Crossing accident,Daylight,Wet/moist/slippery
11913,201216,2,Boxhagener Platz,2019,11,14,4,2,6,4,0,0,1,1,0,0,0,1,Friedrichshain - Kreuzberg,Accident with serious injuries,Collision between vehicle and pedestrian,Pedestrian crossing accident,Daylight,Wet/moist/slippery
11914,201217,9,Adlershof Ost,2019,11,13,4,3,3,6,0,1,0,0,0,0,1,1,Treptow-Köpenick,Accident with minor injuries,Collision with a vehicle traveling laterally in the same direction,Collision involving vehicles going in the same way,Daylight,Wet/moist/slippery
11915,201218,7,Neu-Tempelhof,2019,11,13,4,3,1,5,0,1,1,0,0,0,0,1,Tempelhof-Schöneberg,Accident with minor injuries,Collision with a moving/standing/parked vehicle,Accident involving parked vehicles,Daylight,Wet/moist/slippery
11916,201219,3,Wilhelmsruh,2019,11,13,4,3,5,3,0,0,1,0,0,0,0,1,Pankow,Accident with minor injuries,Collision with a turning/crossing vehicle,Turning/Crossing accident,Daylight,Wet/moist/slippery
11917,201220,11,Karlshorst West,2019,11,11,4,3,5,3,0,0,1,0,1,0,0,1,Lichtenberg,Accident with minor injuries,Collision with a turning/crossing vehicle,Turning/Crossing accident,Daylight,Wet/moist/slippery
11918,201221,8,Hertzbergplatz,2019,11,11,4,3,5,3,0,1,1,0,0,0,0,1,Neukölln,Accident with minor injuries,Collision with a turning/crossing vehicle,Turning/Crossing accident,Daylight,Wet/moist/slippery
11919,201222,6,Botanischer Garten,2019,11,10,4,3,2,6,0,0,1,0,1,0,0,1,Steglitz-Zehlendorf,Accident with minor injuries,Collision with the vehicle in front/waiting vehicle,Collision involving vehicles going in the same way,Daylight,Wet/moist/slippery
11920,201223,10,Kaulsdorf Süd,2019,11,9,4,2,5,3,0,0,1,0,0,0,0,1,Marzahn-Hellersdorf,Accident with serious injuries,Collision with a turning/crossing vehicle,Turning/Crossing accident,Daylight,Wet/moist/slippery
11921,201224,1,Karl-Marx-Allee,2019,11,8,4,3,5,2,0,1,1,0,0,0,0,1,Mitte,Accident with minor injuries,Collision with a turning/crossing vehicle,Turning accident,Daylight,Wet/moist/slippery
11922,201225,1,Charitéviertel,2019,11,16,4,3,0,1,2,0,0,0,1,0,0,1,Mitte,Accident with minor injuries,Others,Driving accident,Dark,Wet/moist/slippery
11923,201226,6,Bismarckstraße,2019,11,9,3,3,6,7,0,0,1,1,0,0,0,0,Steglitz-Zehlendorf,Accident with minor injuries,Collision between vehicle and pedestrian,Others,Daylight,Dry
11924,201227,2,Traveplatz,2019,11,17,3,3,0,7,2,0,0,0,1,0,0,1,Friedrichshain - Kreuzberg,Accident with minor injuries,Others,Others,Dark,Wet/moist/slippery
11925,201228,1,Emdener Straße,2019,11,21,3,3,1,5,2,1,1,0,0,0,0,0,Mitte,Accident with minor injuries,Collision with a moving/standing/parked vehicle,Accident involving parked vehicles,Dark,Dry
11926,201229,7,Grazer Platz,2019,11,20,3,3,1,6,2,0,1,0,0,0,0,0,Tempelhof-Schöneberg,Accident with minor injuries,Collision with a moving/standing/parked vehicle,Collision involving vehicles going in the same way,Dark,Dry
11927,201230,1,Nördlicher Landwehrkanal,2019,11,18,3,3,5,2,2,0,1,0,1,0,0,1,Mitte,Accident with minor injuries,Collision with a turning/crossing vehicle,Turning accident,Dark,Wet/moist/slippery
11928,201231,2,Oranienplatz,2019,11,19,3,2,6,4,2,0,1,1,0,0,0,1,Friedrichshain - Kreuzberg,Accident with serious injuries,Collision between vehicle and pedestrian,Pedestrian crossing accident,Dark,Wet/moist/slippery
11929,201232,11,Fennpfuhl Ost,2019,11,19,3,3,2,6,2,0,1,0,0,0,0,1,Lichtenberg,Accident with minor injuries,Collision with the vehicle in front/waiting vehicle,Collision involving vehicles going in the same way,Dark,Wet/moist/slippery
11930,201233,7,Manteuffelstraße,2019,11,22,3,3,5,2,2,0,1,0,1,0,0,0,Tempelhof-Schöneberg,Accident with minor injuries,Collision with a turning/crossing vehicle,Turning accident,Dark,Dry
11931,201234,12,Letteplatz,2019,11,21,3,3,6,2,2,0,1,1,0,0,0,1,Reinickendorf,Accident with minor injuries,Collision between vehicle and pedestrian,Turning accident,Dark,Wet/moist/slippery
11932,201235,8,Rixdorf,2019,11,0,3,3,6,2,2,0,1,1,0,0,0,0,Neukölln,Accident with minor injuries,Collision between vehicle and pedestrian,Turning accident,Dark,Dry
11933,201236,1,Leipziger Straße,2019,11,11,3,3,6,7,0,0,1,1,0,0,0,1,Mitte,Accident with minor injuries,Collision between vehicle and pedestrian,Others,Daylight,Wet/moist/slippery
11934,201237,6,Komponistenviertel Lankwitz,2019,11,10,3,3,2,2,0,0,1,0,0,0,1,0,Steglitz-Zehlendorf,Accident with minor injuries,Collision with the vehicle in front/waiting vehicle,Turning accident,Daylight,Dry
11935,201238,3,Bucher Forst,2019,11,10,3,3,0,3,0,0,1,0,1,0,0,1,Pankow,Accident with minor injuries,Others,Turning/Crossing accident,Daylight,Wet/moist/slippery
11936,201239,8,Reuterkiez,2019,11,10,3,3,1,5,0,1,1,0,0,0,0,0,Neukölln,Accident with minor injuries,Collision with a moving/standing/parked vehicle,Accident involving parked vehicles,Daylight,Dry
11937,201240,1,Großer Tiergarten,2019,11,9,3,3,6,4,0,1,0,1,0,0,0,1,Mitte,Accident with minor injuries,Collision between vehicle and pedestrian,Pedestrian crossing accident,Daylight,Wet/moist/slippery
11938,201241,3,Alt-Karow,2019,11,9,3,2,0,2,0,0,1,0,0,0,1,0,Pankow,Accident with serious injuries,Others,Turning accident,Daylight,Dry
11939,201242,3,Weißenseer Spitze,2019,11,9,3,3,0,1,0,0,0,0,1,0,0,0,Pankow,Accident with minor injuries,Others,Driving accident,Daylight,Dry
11940,201243,8,Gropiusstadt Ost,2019,11,8,3,3,5,3,0,0,1,0,0,0,0,1,Neukölln,Accident with minor injuries,Collision with a turning/crossing vehicle,Turning/Crossing accident,Daylight,Wet/moist/slippery
11941,201244,3,Weißenseer Spitze,2019,11,8,3,2,0,3,0,1,1,0,0,0,0,1,Pankow,Accident with serious injuries,Others,Turning/Crossing accident,Daylight,Wet/moist/slippery
11942,201245,6,Stadtpark,2019,11,8,3,2,6,4,0,0,1,1,0,0,0,1,Steglitz-Zehlendorf,Accident with serious injuries,Collision between vehicle and pedestrian,Pedestrian crossing accident,Daylight,Wet/moist/slippery
11943,201246,7,Kaiser-Wilhelm-Platz,2019,11,7,3,3,6,4,0,0,1,1,0,0,0,0,Tempelhof-Schöneberg,Accident with minor injuries,Collision between vehicle and pedestrian,Pedestrian crossing accident,Daylight,Dry