,object id,district,street,year,month,hour of day,weekday,category,accident type,accident type 2,light situation,bike involved,car involved,pedestrian involved,motor bike involved,big track involved,other vehicle involved,road condition,district name,category name,accident detail,accident type detail,light condition,road condition detail
11944,201247,1,Reinickendorfer Straße,2019,11,8,3,3,0,4,0,0,0,1,1,0,0,1,Mitte,Accident with minor injuries,Others,Pedestrian crossing accident,Daylight,Wet/moist/slippery
11945,201248,2,Viktoriapark,2019,11,7,3,3,1,5,0,0,1,0,0,0,0,0,Friedrichshain - Kreuzberg,Accident with minor injuries,Collision with a moving/standing/parked vehicle,Accident involving parked vehicles,Daylight,Dry
11946,201249,11,Mühlengrund,2019,11,7,3,3,5,2,0,1,0,0,0,0,1,0,Lichtenberg,Accident with minor injuries,Collision with a turning/crossing vehicle,Turning accident,Daylight,Dry
11947,201250,11,Fennpfuhl West,2019,11,7,3,3,0,1,0,1,0,0,0,0,0,1,Lichtenberg,Accident with minor injuries,Others,Driving accident,Daylight,Wet/moist/slippery
11948,201251,11,Fennpfuhl West,2019,11,6,3,3,5,2,1,1,0,0,0,0,0,0,Lichtenberg,Accident with minor injuries,Collision with a turning/crossing vehicle,Turning accident,Twilight,Dry
11949,201252,3,Pankow Zentrum,2019,11,2,3,3,8,1,2,0,1,0,0,0,0,1,Pankow,Accident with minor injuries,Departure from the roadway to the right,Driving accident,Dark,Wet/moist/slippery
11950,201253,4,Plötzensee,2019,11,18,3,3,0,1,2,1,0,0,0,0,0,0,Charlottenburg - Wilmersdorf,Accident with minor injuries,Others,Driving accident,Dark,Dry
11951,201254,3,Pankow Zentrum,2019,11,17,3,3,0,1,1,0,0,0,1,0,0,1,Pankow,Accident with minor injuries,Others,Driving accident,Twilight,Wet/moist/slippery
11952,201255,7,Schöneberger Insel,2019,11,17,3,3,0,1,2,0,0,0,1,0,0,1,Tempelhof-Schöneberg,Accident with minor injuries,Others,Driving accident,Dark,Wet/moist/slippery
11953,201256,12,Waldidyll/Flughafensee,2019,11,16,3,3,5,3,2,1,1,0,0,0,0,1,Reinickendorf,Accident with minor injuries,Collision with a turning/crossing vehicle,Turning/Crossing accident,Dark,Wet/moist/slippery
11954,201257,7,Schöneberger Insel,2019,11,16,3,3,3,6,0,0,1,0,1,0,0,1,Tempelhof-Schöneberg,Accident with minor injuries,Collision with a vehicle traveling laterally in the same direction,Collision involving vehicles going in the same way,Daylight,Wet/moist/slippery
11955,201258,11,Rüdigerstraße,2019,11,17,3,3,5,7,2,0,1,0,1,0,0,1,Lichtenberg,Accident with minor injuries,Collision with a turning/crossing vehicle,Others,Dark,Wet/moist/slippery
11956,201259,1,Oranienburger Straße,2019,11,15,3,3,0,4,1,1,0,1,0,0,0,1,Mitte,Accident with minor injuries,Others,Pedestrian crossing accident,Twilight,Wet/moist/slippery
11957,201260,2,Friedenstraße,2019,11,15,3,3,5,2,1,1,1,0,0,0,0,1,Friedrichshain - Kreuzberg,Accident with minor injuries,Collision with a turning/crossing vehicle,Turning accident,Twilight,Wet/moist/slippery
11958,201261,4,Kissinger Straße,2019,11,15,3,3,5,2,0,1,1,0,0,0,0,1,Charlottenburg - Wilmersdorf,Accident with minor injuries,Collision with a turning/crossing vehicle,Turning accident,Daylight,Wet/moist/slippery
11959,201262,7,Rathausstraße,2019,11,15,3,3,1,5,0,0,1,0,0,0,0,0,Tempelhof-Schöneberg,Accident with minor injuries,Collision with a moving/standing/parked vehicle,Accident involving parked vehicles,Daylight,Dry
11960,201263,2,Oranienplatz,2019,11,14,3,3,5,3,0,1,1,0,0,0,0,1,Friedrichshain - Kreuzberg,Accident with minor injuries,Collision with a turning/crossing vehicle,Turning/Crossing accident,Daylight,Wet/moist/slippery
11961,201264,2,Viktoriapark,2019,11,14,3,2,5,2,0,1,1,0,0,0,0,1,Friedrichshain - Kreuzberg,Accident with serious injuries,Collision with a turning/crossing vehicle,Turning accident,Daylight,Wet/moist/slippery
11962,201265,9,Johannisthal West,2019,11,16,3,3,2,6,2,0,1,0,0,0,0,0,Treptow-Köpenick,Accident with minor injuries,Collision with the vehicle in front/waiting vehicle,Collision involving vehicles going in the same way,Dark,Dry
11963,201266,1,Unter den Linden Süd,2019,11,13,3,3,5,2,0,1,1,0,0,0,0,1,Mitte,Accident with minor injuries,Collision with a turning/crossing vehicle,Turning accident,Daylight,Wet/moist/slippery
11964,201267,1,Brunnenstraße,2019,11,12,3,3,5,3,0,0,1,0,1,0,0,0,Mitte,Accident with minor injuries,Collision with a turning/crossing vehicle,Turning/Crossing accident,Daylight,Dry
11965,201268,6,Dahlem,2019,11,12,3,3,5,3,0,1,1,0,0,0,0,0,Steglitz-Zehlendorf,Accident with minor injuries,Collision with a turning/crossing vehicle,Turning/Crossing accident,Daylight,Dry
11966,201269,7,Nollendorfplatz,2019,11,12,3,3,0,1,0,0,0,0,1,0,0,1,Tempelhof-Schöneberg,Accident with minor injuries,Others,Driving accident,Daylight,Wet/moist/slippery
11967,201270,3,Pankow Zentrum,2019,11,12,3,3,5,3,0,1,0,0,0,0,0,0,Pankow,Accident with minor injuries,Collision with a turning/crossing vehicle,Turning/Crossing accident,Daylight,Dry
11968,201271,1,Emdener Straße,2019,11,11,3,3,3,6,0,1,1,0,0,0,0,1,Mitte,Accident with minor injuries,Collision with a vehicle traveling laterally in the same direction,Collision involving vehicles going in the same way,Daylight,Wet/moist/slippery
11969,201272,4,Kissinger Straße,2019,11,5,3,3,1,5,2,1,1,0,0,0,0,0,Charlottenburg - Wilmersdorf,Accident with minor injuries,Collision with a moving/standing/parked vehicle,Accident involving parked vehicles,Dark,Dry
11970,201273,1,Stephankiez,2019,11,22,2,3,0,1,2,0,0,0,1,0,0,1,Mitte,Accident with minor injuries,Others,Driving accident,Dark,Wet/moist/slippery
11971,201274,1,Heine-Viertel West,2019,11,21,2,3,2,2,2,0,1,0,1,0,0,1,Mitte,Accident with minor injuries,Collision with the vehicle in front/waiting vehicle,Turning accident,Dark,Wet/moist/slippery
11972,201275,1,Hansaviertel,2019,11,20,2,3,2,6,2,0,1,0,0,0,1,1,Mitte,Accident with minor injuries,Collision with the vehicle in front/waiting vehicle,Collision involving vehicles going in the same way,Dark,Wet/moist/slippery
11973,201276,1,Westliche Müllerstraße,2019,11,18,2,3,7,7,1,1,0,0,0,0,0,1,Mitte,Accident with minor injuries,Collision with a road obstacle,Others,Twilight,Wet/moist/slippery
11974,201277,4,Savignyplatz,2019,11,19,2,3,6,4,2,0,1,1,0,0,0,1,Charlottenburg - Wilmersdorf,Accident with minor injuries,Collision between vehicle and pedestrian,Pedestrian crossing accident,Dark,Wet/moist/slippery
11975,201278,1,Sparrplatz,2019,11,17,2,3,1,5,2,0,1,0,0,0,1,1,Mitte,Accident with minor injuries,Collision with a moving/standing/parked vehicle,Accident involving parked vehicles,Dark,Wet/moist/slippery
11976,201279,7,Eisenacher Straße,2019,11,13,2,3,2,6,0,0,1,0,0,0,0,1,Tempelhof-Schöneberg,Accident with minor injuries,Collision with the vehicle in front/waiting vehicle,Collision involving vehicles going in the same way,Daylight,Wet/moist/slippery
11977,201280,7,Nollendorfplatz,2019,11,14,2,3,6,4,0,0,1,1,0,0,0,0,Tempelhof-Schöneberg,Accident with minor injuries,Collision between vehicle and pedestrian,Pedestrian crossing accident,Daylight,Dry
11978,201281,12,Waidmannslust,2019,11,14,2,3,5,7,0,0,1,0,0,0,0,1,Reinickendorf,Accident with minor injuries,Collision with a turning/crossing vehicle,Others,Daylight,Wet/moist/slippery
11979,201282,12,Teichstraße,2019,11,18,2,3,5,2,1,1,1,0,0,0,0,1,Reinickendorf,Accident with minor injuries,Collision with a turning/crossing vehicle,Turning accident,Twilight,Wet/moist/slippery
11980,201283,9,Dammvorstadt,2019,11,14,2,3,5,7,0,0,1,0,0,0,1,0,Treptow-Köpenick,Accident with minor injuries,Collision with a turning/crossing vehicle,Others,Daylight,Dry
11981,201284,3,Weißer See,2019,11,14,2,3,6,4,0,0,1,1,0,0,0,1,Pankow,Accident with minor injuries,Collision between vehicle and pedestrian,Pedestrian crossing accident,Daylight,Wet/moist/slippery
11982,201285,12,Schorfheidestraße,2019,11,18,2,3,5,3,1,0,1,0,0,0,0,1,Reinickendorf,Accident with minor injuries,Collision with a turning/crossing vehicle,Turning/Crossing accident,Twilight,Wet/moist/slippery
11983,201286,4,Schaperstraße,2019,11,18,2,3,5,2,2,0,1,0,1,0,0,1,Charlottenburg - Wilmersdorf,Accident with minor injuries,Collision with a turning/crossing vehicle,Turning accident,Dark,Wet/moist/slippery
11984,201287,7,Eisenacher Straße,2019,11,14,2,3,6,4,0,0,1,1,0,0,0,0,Tempelhof-Schöneberg,Accident with minor injuries,Collision between vehicle and pedestrian,Pedestrian crossing accident,Daylight,Dry
11985,201288,6,Augustaplatz,2019,11,18,2,3,5,2,2,1,1,0,0,0,0,1,Steglitz-Zehlendorf,Accident with minor injuries,Collision with a turning/crossing vehicle,Turning accident,Dark,Wet/moist/slippery
11986,201289,5,Zitadellenweg,2019,11,18,2,3,2,6,2,0,1,0,0,0,0,1,Spandau,Accident with minor injuries,Collision with the vehicle in front/waiting vehicle,Collision involving vehicles going in the same way,Dark,Wet/moist/slippery
11987,201290,2,Viktoriapark,2019,11,13,2,3,2,6,1,0,1,0,0,0,0,1,Friedrichshain - Kreuzberg,Accident with minor injuries,Collision with the vehicle in front/waiting vehicle,Collision involving vehicles going in the same way,Twilight,Wet/moist/slippery
11988,201291,9,Am Treptower Park Süd,2019,11,17,2,3,6,2,2,0,1,1,0,0,0,1,Treptow-Köpenick,Accident with minor injuries,Collision between vehicle and pedestrian,Turning accident,Dark,Wet/moist/slippery
11989,201292,1,Leopoldplatz,2019,11,13,2,3,0,3,0,0,1,0,1,0,0,1,Mitte,Accident with minor injuries,Others,Turning/Crossing accident,Daylight,Wet/moist/slippery
11990,201293,7,Marienfelde Nordost,2019,11,13,2,3,1,5,0,0,1,0,0,0,0,0,Tempelhof-Schöneberg,Accident with minor injuries,Collision with a moving/standing/parked vehicle,Accident involving parked vehicles,Daylight,Dry
11991,201294,3,Alt-Karow,2019,11,13,2,3,5,3,0,0,1,0,0,0,1,1,Pankow,Accident with minor injuries,Collision with a turning/crossing vehicle,Turning/Crossing accident,Daylight,Wet/moist/slippery
11992,201295,4,Eisenzahnstraße,2019,11,13,2,3,5,3,0,0,1,0,0,0,0,1,Charlottenburg - Wilmersdorf,Accident with minor injuries,Collision with a turning/crossing vehicle,Turning/Crossing accident,Daylight,Wet/moist/slippery
11993,201296,6,Gemeindepark Lankwitz,2019,11,12,2,2,5,3,0,1,1,0,0,0,0,1,Steglitz-Zehlendorf,Accident with serious injuries,Collision with a turning/crossing vehicle,Turning/Crossing accident,Daylight,Wet/moist/slippery
11994,201297,10,Mahlsdorf Nord,2019,11,12,2,3,0,3,0,0,1,0,0,0,0,1,Marzahn-Hellersdorf,Accident with minor injuries,Others,Turning/Crossing accident,Daylight,Wet/moist/slippery
11995,201298,1,Leopoldplatz,2019,11,16,2,3,6,4,2,0,1,1,0,0,0,1,Mitte,Accident with minor injuries,Collision between vehicle and pedestrian,Pedestrian crossing accident,Dark,Wet/moist/slippery
11996,201299,4,Reichsstraße,2019,11,15,4,2,6,7,0,0,1,1,0,0,0,0,Charlottenburg - Wilmersdorf,Accident with serious injuries,Collision between vehicle and pedestrian,Others,Daylight,Dry
11997,201300,1,Elberfelder Straße,2019,11,15,4,2,5,2,0,1,1,0,0,0,0,0,Mitte,Accident with serious injuries,Collision with a turning/crossing vehicle,Turning accident,Daylight,Dry
11998,201301,12,Teichstraße,2019,11,16,2,3,1,5,1,1,0,0,0,0,1,0,Reinickendorf,Accident with minor injuries,Collision with a moving/standing/parked vehicle,Accident involving parked vehicles,Twilight,Dry
11999,201302,8,Weiße Siedlung,2019,11,10,2,2,5,2,0,1,0,0,0,1,0,1,Neukölln,Accident with serious injuries,Collision with a turning/crossing vehicle,Turning accident,Daylight,Wet/moist/slippery
12000,201303,6,Botanischer Garten,2019,11,15,2,3,5,2,0,0,0,0,1,1,0,0,Steglitz-Zehlendorf,Accident with minor injuries,Collision with a turning/crossing vehicle,Turning accident,Daylight,Dry
12001,201304,8,Körnerpark,2019,11,15,4,3,6,4,0,0,1,1,0,0,0,0,Neukölln,Accident with minor injuries,Collision between vehicle and pedestrian,Pedestrian crossing accident,Daylight,Dry
12002,201305,5,Motardstraße,2019,11,10,2,3,4,6,0,0,1,0,0,0,0,1,Spandau,Accident with minor injuries,Collision with oncoming vehicle,Collision involving vehicles going in the same way,Daylight,Wet/moist/slippery
12003,201306,4,Lietzensee,2019,11,10,4,3,2,6,0,1,1,0,0,0,0,0,Charlottenburg - Wilmersdorf,Accident with minor injuries,Collision with the vehicle in front/waiting vehicle,Collision involving vehicles going in the same way,Daylight,Dry
12004,201307,9,Spindlersfeld,2019,11,9,2,3,3,6,0,0,1,0,0,0,0,1,Treptow-Köpenick,Accident with minor injuries,Collision with a vehicle traveling laterally in the same direction,Collision involving vehicles going in the same way,Daylight,Wet/moist/slippery
12005,201308,1,Emdener Straße,2019,11,6,2,3,6,2,1,0,1,1,0,0,0,0,Mitte,Accident with minor injuries,Collision between vehicle and pedestrian,Turning accident,Twilight,Dry
12006,201309,8,Gewerbegebiet Köllnische Heide,2019,11,8,4,3,0,3,0,0,1,0,0,0,1,0,Neukölln,Accident with minor injuries,Others,Turning/Crossing accident,Daylight,Dry
12007,201310,8,Zittauer Straße,2019,11,8,2,3,5,3,0,1,1,0,0,0,0,1,Neukölln,Accident with minor injuries,Collision with a turning/crossing vehicle,Turning/Crossing accident,Daylight,Wet/moist/slippery
12008,201311,6,Dahlem,2019,11,7,2,3,5,2,0,1,1,0,0,0,0,1,Steglitz-Zehlendorf,Accident with minor injuries,Collision with a turning/crossing vehicle,Turning accident,Daylight,Wet/moist/slippery
12009,201312,9,Späthsfelde,2019,11,7,2,3,2,6,0,0,1,0,0,0,0,1,Treptow-Köpenick,Accident with minor injuries,Collision with the vehicle in front/waiting vehicle,Collision involving vehicles going in the same way,Daylight,Wet/moist/slippery
12010,201313,12,Letteplatz,2019,11,8,4,3,5,2,0,0,1,0,0,0,0,0,Reinickendorf,Accident with minor injuries,Collision with a turning/crossing vehicle,Turning accident,Daylight,Dry
12011,201314,11,Sewanstraße,2019,11,6,2,3,5,2,1,0,1,0,1,0,0,1,Lichtenberg,Accident with minor injuries,Collision with a turning/crossing vehicle,Turning accident,Twilight,Wet/moist/slippery
12012,201315,1,Humboldthain Nordwest,2019,11,7,2,3,0,6,1,1,1,0,0,0,0,1,Mitte,Accident with minor injuries,Others,Collision involving vehicles going in the same way,Twilight,Wet/moist/slippery
12013,201316,11,Karlshorst West,2019,11,7,4,3,5,3,0,1,1,0,0,0,0,0,Lichtenberg,Accident with minor injuries,Collision with a turning/crossing vehicle,Turning/Crossing accident,Daylight,Dry
12014,201317,5,Tiefwerder,2019,11,7,2,3,5,2,0,0,1,0,0,0,1,1,Spandau,Accident with minor injuries,Collision with a turning/crossing vehicle,Turning accident,Daylight,Wet/moist/slippery
12015,201318,10,Kaulsdorf Nord I,2019,11,6,4,2,5,2,2,0,1,0,1,0,0,0,Marzahn-Hellersdorf,Accident with serious injuries,Collision with a turning/crossing vehicle,Turning accident,Dark,Dry
12016,201319,7,Lindenhofsiedlung,2019,11,6,2,3,6,2,1,0,1,1,0,0,0,1,Tempelhof-Schöneberg,Accident with minor injuries,Collision between vehicle and pedestrian,Turning accident,Twilight,Wet/moist/slippery
12017,201320,11,Victoriastadt,2019,11,6,2,3,6,4,2,0,0,1,1,0,0,1,Lichtenberg,Accident with minor injuries,Collision between vehicle and pedestrian,Pedestrian crossing accident,Dark,Wet/moist/slippery
12018,201321,1,Großer Tiergarten,2019,11,8,4,3,2,3,0,1,0,0,0,0,0,0,Mitte,Accident with minor injuries,Collision with the vehicle in front/waiting vehicle,Turning/Crossing accident,Daylight,Dry
12019,201322,3,Volkspark Prenzlauer Berg,2019,11,16,4,3,5,2,2,1,0,0,0,0,1,0,Pankow,Accident with minor injuries,Collision with a turning/crossing vehicle,Turning accident,Dark,Dry
12020,201323,12,Ziekowstraße/Freie Scholle,2019,11,13,1,3,0,7,0,0,0,0,1,0,0,1,Reinickendorf,Accident with minor injuries,Others,Others,Daylight,Wet/moist/slippery
12021,201324,12,Treuenbrietzener Straße,2019,11,5,1,2,1,5,2,0,1,0,0,0,0,1,Reinickendorf,Accident with serious injuries,Collision with a moving/standing/parked vehicle,Accident involving parked vehicles,Dark,Wet/moist/slippery
12022,201325,9,Johannisthal Ost,2019,11,11,3,3,5,7,0,0,0,0,0,0,1,0,Treptow-Köpenick,Accident with minor injuries,Collision with a turning/crossing vehicle,Others,Daylight,Dry
12023,201326,1,Elberfelder Straße,2019,11,10,3,3,2,2,0,0,1,0,0,0,0,0,Mitte,Accident with minor injuries,Collision with the vehicle in front/waiting vehicle,Turning accident,Daylight,Dry
12024,201327,2,Boxhagener Platz,2019,11,3,1,3,0,1,2,1,0,1,0,0,0,1,Friedrichshain - Kreuzberg,Accident with minor injuries,Others,Driving accident,Dark,Wet/moist/slippery
12025,201328,3,Herthaplatz,2019,11,1,1,3,2,6,2,0,1,0,1,0,0,1,Pankow,Accident with minor injuries,Collision with the vehicle in front/waiting vehicle,Collision involving vehicles going in the same way,Dark,Wet/moist/slippery
12026,201329,8,Parchimer Allee,2019,11,17,1,3,2,7,2,0,1,0,0,0,0,1,Neukölln,Accident with minor injuries,Collision with the vehicle in front/waiting vehicle,Others,Dark,Wet/moist/slippery
12027,201330,2,Traveplatz,2019,11,10,3,3,5,2,0,1,0,0,0,0,1,0,Friedrichshain - Kreuzberg,Accident with minor injuries,Collision with a turning/crossing vehicle,Turning accident,Daylight,Dry
12028,201331,9,Altstadt Kietz,2019,11,17,1,3,0,1,2,1,0,0,0,0,0,1,Treptow-Köpenick,Accident with minor injuries,Others,Driving accident,Dark,Wet/moist/slippery
12029,201332,1,Humboldthain Süd,2019,11,8,3,3,5,2,0,1,1,0,0,0,0,0,Mitte,Accident with minor injuries,Collision with a turning/crossing vehicle,Turning accident,Daylight,Dry
12030,201333,1,Gesundbrunnen,2019,11,15,1,3,5,3,0,1,1,0,0,0,0,1,Mitte,Accident with minor injuries,Collision with a turning/crossing vehicle,Turning/Crossing accident,Daylight,Wet/moist/slippery
12031,201334,1,Reinickendorfer Straße,2019,11,15,1,3,2,6,0,0,1,0,0,0,0,0,Mitte,Accident with minor injuries,Collision with the vehicle in front/waiting vehicle,Collision involving vehicles going in the same way,Daylight,Dry
12032,201335,11,Karlshorst Nord,2019,11,8,3,3,5,3,0,0,1,0,0,0,1,0,Lichtenberg,Accident with minor injuries,Collision with a turning/crossing vehicle,Turning/Crossing accident,Daylight,Dry
12033,201336,3,Schönholz,2019,11,15,1,3,5,3,0,1,1,0,0,0,0,1,Pankow,Accident with minor injuries,Collision with a turning/crossing vehicle,Turning/Crossing accident,Daylight,Wet/moist/slippery
12034,201337,5,Motardstraße,2019,11,14,1,3,0,7,0,0,0,0,1,0,0,1,Spandau,Accident with minor injuries,Others,Others,Daylight,Wet/moist/slippery
12035,201338,1,Soldiner Straße,2019,11,15,1,3,5,3,0,0,1,0,0,0,0,0,Mitte,Accident with minor injuries,Collision with a turning/crossing vehicle,Turning/Crossing accident,Daylight,Dry
12036,201339,5,Freiheit,2019,11,8,3,3,5,7,0,0,1,0,0,0,0,0,Spandau,Accident with minor injuries,Collision with a turning/crossing vehicle,Others,Daylight,Dry
12037,201340,2,Friedenstraße,2019,11,8,3,3,2,6,0,0,1,0,0,0,0,0,Friedrichshain - Kreuzberg,Accident with minor injuries,Collision with the vehicle in front/waiting vehicle,Collision involving vehicles going in the same way,Daylight,Dry
12038,201341,3,Rennbahnstraße,2019,11,14,1,3,0,1,0,1,0,0,0,0,0,1,Pankow,Accident with minor injuries,Others,Driving accident,Daylight,Wet/moist/slippery
12039,201342,2,Boxhagener Platz,2019,11,6,1,3,1,5,2,0,1,0,0,0,0,1,Friedrichshain - Kreuzberg,Accident with minor injuries,Collision with a moving/standing/parked vehicle,Accident involving parked vehicles,Dark,Wet/moist/slippery
12040,201343,1,Charitéviertel,2019,11,8,3,2,5,2,0,1,1,0,0,0,0,0,Mitte,Accident with serious injuries,Collision with a turning/crossing vehicle,Turning accident,Daylight,Dry
12041,201344,6,Zehlendorf Eiche,2019,11,21,1,3,2,7,2,0,1,0,0,0,0,1,Steglitz-Zehlendorf,Accident with minor injuries,Collision with the vehicle in front/waiting vehicle,Others,Dark,Wet/moist/slippery
12042,201345,4,Droysenstraße,2019,11,19,5,3,6,2,2,0,1,1,0,0,0,1,Charlottenburg - Wilmersdorf,Accident with minor injuries,Collision between vehicle and pedestrian,Turning accident,Dark,Wet/moist/slippery
12043,201346,5,Maulbeerallee,2019,11,18,5,3,5,3,2,0,0,0,1,0,0,1,Spandau,Accident with minor injuries,Collision with a turning/crossing vehicle,Turning/Crossing accident,Dark,Wet/moist/slippery
12044,201347,12,Scharnweberstraße,2019,11,18,5,3,6,4,2,0,1,1,0,0,0,1,Reinickendorf,Accident with minor injuries,Collision between vehicle and pedestrian,Pedestrian crossing accident,Dark,Wet/moist/slippery
12045,201348,9,Späthsfelde,2019,11,7,5,3,2,6,0,0,1,0,0,1,0,0,Treptow-Köpenick,Accident with minor injuries,Collision with the vehicle in front/waiting vehicle,Collision involving vehicles going in the same way,Daylight,Dry
12046,201349,8,Buckow Mitte,2019,11,6,5,3,6,4,1,0,1,1,0,0,0,0,Neukölln,Accident with minor injuries,Collision between vehicle and pedestrian,Pedestrian crossing accident,Twilight,Dry
12047,201350,3,Arnimplatz,2019,11,5,5,3,6,4,2,0,1,1,0,0,0,1,Pankow,Accident with minor injuries,Collision between vehicle and pedestrian,Pedestrian crossing accident,Dark,Wet/moist/slippery
12048,201351,5,Carl-Schurz-Straße,2019,11,7,5,3,5,2,0,0,1,0,0,0,1,0,Spandau,Accident with minor injuries,Collision with a turning/crossing vehicle,Turning accident,Daylight,Dry
12049,201352,3,Buchholz,2019,11,8,4,3,0,2,0,1,1,0,0,0,0,1,Pankow,Accident with minor injuries,Others,Turning accident,Daylight,Wet/moist/slippery
12050,201353,2,Andreasviertel,2019,11,21,4,3,5,3,2,0,1,0,0,0,0,1,Friedrichshain - Kreuzberg,Accident with minor injuries,Collision with a turning/crossing vehicle,Turning/Crossing accident,Dark,Wet/moist/slippery
12051,201354,11,Mühlengrund,2019,11,19,4,3,6,4,2,0,1,1,0,0,0,0,Lichtenberg,Accident with minor injuries,Collision between vehicle and pedestrian,Pedestrian crossing accident,Dark,Dry
12052,201355,3,Alt-Karow,2019,11,19,4,3,5,3,2,0,1,0,0,0,0,1,Pankow,Accident with minor injuries,Collision with a turning/crossing vehicle,Turning/Crossing accident,Dark,Wet/moist/slippery
12053,201356,2,Graefekiez,2019,11,17,4,3,4,7,2,1,0,0,0,0,0,1,Friedrichshain - Kreuzberg,Accident with minor injuries,Collision with oncoming vehicle,Others,Dark,Wet/moist/slippery
12054,201357,1,Humboldthain Süd,2019,11,17,4,3,5,3,2,1,1,0,0,0,0,1,Mitte,Accident with minor injuries,Collision with a turning/crossing vehicle,Turning/Crossing accident,Dark,Wet/moist/slippery
12055,201358,10,Kaulsdorf Nord,2019,11,17,4,3,5,3,2,0,1,0,0,1,0,1,Marzahn-Hellersdorf,Accident with minor injuries,Collision with a turning/crossing vehicle,Turning/Crossing accident,Dark,Wet/moist/slippery
12056,201359,10,Springpfuhl,2019,11,17,4,3,5,2,2,1,1,0,0,0,0,1,Marzahn-Hellersdorf,Accident with minor injuries,Collision with a turning/crossing vehicle,Turning accident,Dark,Wet/moist/slippery
12057,201360,5,Gartenfelder Straße,2019,11,16,4,3,5,3,2,0,1,0,0,0,0,0,Spandau,Accident with minor injuries,Collision with a turning/crossing vehicle,Turning/Crossing accident,Dark,Dry
12058,201361,9,Baumschulenstraße,2019,11,22,4,3,0,1,2,0,0,0,0,0,1,0,Treptow-Köpenick,Accident with minor injuries,Others,Driving accident,Dark,Dry
12059,201362,8,Silbersteinstraße,2019,11,22,4,3,0,7,2,0,1,0,1,0,0,0,Neukölln,Accident with minor injuries,Others,Others,Dark,Dry
12060,201363,2,Viktoriapark,2019,11,19,4,3,0,2,2,0,1,0,1,0,0,1,Friedrichshain - Kreuzberg,Accident with minor injuries,Others,Turning accident,Dark,Wet/moist/slippery
12061,201364,4,Eisenzahnstraße,2019,11,21,4,3,5,3,2,0,1,0,0,0,0,0,Charlottenburg - Wilmersdorf,Accident with minor injuries,Collision with a turning/crossing vehicle,Turning/Crossing accident,Dark,Dry
12062,201365,9,Adlershof West,2019,11,12,4,3,5,3,0,0,1,0,0,0,0,1,Treptow-Köpenick,Accident with minor injuries,Collision with a turning/crossing vehicle,Turning/Crossing accident,Daylight,Wet/moist/slippery
12063,201366,7,Marienfelde Süd,2019,11,11,4,3,9,1,0,0,1,0,0,0,0,1,Tempelhof-Schöneberg,Accident with minor injuries,Departure from the roadway to the left,Driving accident,Daylight,Wet/moist/slippery
12064,201367,8,Rixdorf,2019,11,10,4,3,2,6,0,1,1,0,0,0,0,1,Neukölln,Accident with minor injuries,Collision with the vehicle in front/waiting vehicle,Collision involving vehicles going in the same way,Daylight,Wet/moist/slippery
12065,201368,1,Unter den Linden Nord,2019,11,10,4,2,2,6,0,1,1,0,0,0,0,1,Mitte,Accident with serious injuries,Collision with the vehicle in front/waiting vehicle,Collision involving vehicles going in the same way,Daylight,Wet/moist/slippery
12066,201369,2,Boxhagener Platz,2019,11,10,4,3,5,7,0,1,1,0,0,0,0,1,Friedrichshain - Kreuzberg,Accident with minor injuries,Collision with a turning/crossing vehicle,Others,Daylight,Wet/moist/slippery
12067,201370,8,Reuterkiez,2019,11,10,4,3,0,6,0,0,1,0,1,0,0,1,Neukölln,Accident with minor injuries,Others,Collision involving vehicles going in the same way,Daylight,Wet/moist/slippery
12068,201371,7,Hundsteinweg,2019,11,9,4,3,4,7,0,1,0,0,0,0,0,0,Tempelhof-Schöneberg,Accident with minor injuries,Collision with oncoming vehicle,Others,Daylight,Dry
12069,201372,11,Große-Leege-Straße,2019,11,9,4,3,6,4,0,0,1,1,0,0,0,1,Lichtenberg,Accident with minor injuries,Collision between vehicle and pedestrian,Pedestrian crossing accident,Daylight,Wet/moist/slippery
12070,201373,5,Hakenfelde Nord,2019,11,8,4,3,0,1,0,0,0,0,1,0,0,1,Spandau,Accident with minor injuries,Others,Driving accident,Daylight,Wet/moist/slippery
12071,201374,4,Königin-Elisabeth-Straße,2019,11,8,4,2,6,4,0,0,0,1,1,0,0,1,Charlottenburg - Wilmersdorf,Accident with serious injuries,Collision between vehicle and pedestrian,Pedestrian crossing accident,Daylight,Wet/moist/slippery
12072,201375,4,Preußenpark,2019,11,8,4,2,6,2,0,0,0,1,0,1,0,1,Charlottenburg - Wilmersdorf,Accident with serious injuries,Collision between vehicle and pedestrian,Turning accident,Daylight,Wet/moist/slippery
12073,201376,4,Karl-August-Platz,2019,11,8,4,3,2,6,0,0,1,0,0,0,0,1,Charlottenburg - Wilmersdorf,Accident with minor injuries,Collision with the vehicle in front/waiting vehicle,Collision involving vehicles going in the same way,Daylight,Wet/moist/slippery
12074,201377,4,Spreestadt,2019,11,6,4,3,6,4,1,0,1,1,0,0,0,1,Charlottenburg - Wilmersdorf,Accident with minor injuries,Collision between vehicle and pedestrian,Pedestrian crossing accident,Twilight,Wet/moist/slippery
12075,201378,6,Lichterfelde West,2019,11,7,4,2,5,2,0,1,1,0,0,0,0,1,Steglitz-Zehlendorf,Accident with serious injuries,Collision with a turning/crossing vehicle,Turning accident,Daylight,Wet/moist/slippery