,object id,district,street,year,month,hour of day,weekday,category,accident type,accident type 2,light situation,bike involved,car involved,pedestrian involved,motor bike involved,big track involved,other vehicle involved,road condition,district name,category name,accident detail,accident type detail,light condition,road condition detail
12207,201510,11,Landsberger Allee,2019,11,7,6,3,6,4,2,0,1,1,0,0,0,1,Lichtenberg,Accident with minor injuries,Collision between vehicle and pedestrian,Pedestrian crossing accident,Dark,Wet/moist/slippery
12208,201511,7,Friedenau,2019,11,19,6,3,5,2,2,1,1,0,0,0,0,0,Tempelhof-Schöneberg,Accident with minor injuries,Collision with a turning/crossing vehicle,Turning accident,Dark,Dry
12209,201512,4,Schaperstraße,2019,11,17,6,3,0,5,2,1,1,0,0,0,0,0,Charlottenburg - Wilmersdorf,Accident with minor injuries,Others,Accident involving parked vehicles,Dark,Dry
12210,201513,12,Scharnweberstraße,2019,11,17,6,3,2,6,2,0,1,0,0,0,0,0,Reinickendorf,Accident with minor injuries,Collision with the vehicle in front/waiting vehicle,Collision involving vehicles going in the same way,Dark,Dry
12211,201514,1,Wilhelmstraße,2019,11,13,1,3,5,3,0,0,1,0,1,0,0,0,Mitte,Accident with minor injuries,Collision with a turning/crossing vehicle,Turning/Crossing accident,Daylight,Dry
12212,201515,11,Tierpark,2019,11,12,1,3,5,3,0,1,1,0,0,0,0,0,Lichtenberg,Accident with minor injuries,Collision with a turning/crossing vehicle,Turning/Crossing accident,Daylight,Dry
12213,201516,7,Neu-Tempelhof,2019,11,17,6,3,3,6,2,0,1,0,0,1,0,0,Tempelhof-Schöneberg,Accident with minor injuries,Collision with a vehicle traveling laterally in the same direction,Collision involving vehicles going in the same way,Dark,Dry
12214,201517,4,Königin-Elisabeth-Straße,2019,11,12,1,3,3,6,0,0,1,0,0,0,1,0,Charlottenburg - Wilmersdorf,Accident with minor injuries,Collision with a vehicle traveling laterally in the same direction,Collision involving vehicles going in the same way,Daylight,Dry
12215,201518,4,Park Ruhwald,2019,11,16,6,3,2,6,0,0,1,0,0,0,1,0,Charlottenburg - Wilmersdorf,Accident with minor injuries,Collision with the vehicle in front/waiting vehicle,Collision involving vehicles going in the same way,Daylight,Dry
12216,201519,7,Kaiser-Wilhelm-Platz,2019,11,11,1,3,0,5,0,1,1,0,0,0,0,0,Tempelhof-Schöneberg,Accident with minor injuries,Others,Accident involving parked vehicles,Daylight,Dry
12217,201520,3,Alt-Karow,2019,11,10,1,3,5,3,0,0,1,0,0,0,0,0,Pankow,Accident with minor injuries,Collision with a turning/crossing vehicle,Turning/Crossing accident,Daylight,Dry
12218,201521,1,Humboldthain Süd,2019,11,16,6,3,0,1,0,1,0,0,0,0,0,1,Mitte,Accident with minor injuries,Others,Driving accident,Daylight,Wet/moist/slippery
12219,201522,4,Jungfernheide,2019,11,1,1,3,1,1,2,0,1,0,0,0,0,0,Charlottenburg - Wilmersdorf,Accident with minor injuries,Collision with a moving/standing/parked vehicle,Driving accident,Dark,Dry
12220,201523,4,Breite Straße,2019,11,16,1,3,6,2,2,0,1,1,0,0,0,0,Charlottenburg - Wilmersdorf,Accident with minor injuries,Collision between vehicle and pedestrian,Turning accident,Dark,Dry
12221,201524,9,Köllnische Vorstadt,2019,11,2,1,3,0,1,2,1,0,0,0,0,0,1,Treptow-Köpenick,Accident with minor injuries,Others,Driving accident,Dark,Wet/moist/slippery
12222,201525,2,Andreasviertel,2019,11,14,6,3,5,3,0,1,1,0,0,0,0,0,Friedrichshain - Kreuzberg,Accident with minor injuries,Collision with a turning/crossing vehicle,Turning/Crossing accident,Daylight,Dry
12223,201526,3,Gustav-Adolf-Straße,2019,11,14,6,3,5,3,0,1,1,0,0,0,0,0,Pankow,Accident with minor injuries,Collision with a turning/crossing vehicle,Turning/Crossing accident,Daylight,Dry
12224,201527,7,Rathausstraße,2019,11,19,1,2,6,4,2,0,1,1,0,0,0,0,Tempelhof-Schöneberg,Accident with serious injuries,Collision between vehicle and pedestrian,Pedestrian crossing accident,Dark,Dry
12225,201528,1,Thomasiusstraße,2019,11,17,1,3,0,1,2,0,0,0,0,0,1,0,Mitte,Accident with minor injuries,Others,Driving accident,Dark,Dry
12226,201529,10,Oberfeldstraße,2019,11,15,6,2,5,3,0,1,1,0,0,0,0,0,Marzahn-Hellersdorf,Accident with serious injuries,Collision with a turning/crossing vehicle,Turning/Crossing accident,Daylight,Dry
12227,201530,11,Herzbergstraße,2019,11,17,7,3,2,6,2,0,1,0,0,0,0,0,Lichtenberg,Accident with minor injuries,Collision with the vehicle in front/waiting vehicle,Collision involving vehicles going in the same way,Dark,Dry
12228,201531,1,Charitéviertel,2019,11,17,7,2,0,1,2,1,0,0,0,0,0,0,Mitte,Accident with serious injuries,Others,Driving accident,Dark,Dry
12229,201532,7,Marienfelde Süd,2019,11,15,6,3,5,3,1,0,1,0,0,0,0,0,Tempelhof-Schöneberg,Accident with minor injuries,Collision with a turning/crossing vehicle,Turning/Crossing accident,Twilight,Dry
12230,201533,4,Lietzensee,2019,11,14,6,3,5,3,0,0,1,0,0,0,0,0,Charlottenburg - Wilmersdorf,Accident with minor injuries,Collision with a turning/crossing vehicle,Turning/Crossing accident,Daylight,Dry
12231,201534,1,Westliche Müllerstraße,2019,11,15,7,3,6,4,0,0,1,1,0,0,0,0,Mitte,Accident with minor injuries,Collision between vehicle and pedestrian,Pedestrian crossing accident,Daylight,Dry
12232,201535,11,Fennpfuhl Ost,2019,11,13,7,3,2,6,0,0,1,0,0,0,0,0,Lichtenberg,Accident with minor injuries,Collision with the vehicle in front/waiting vehicle,Collision involving vehicles going in the same way,Daylight,Dry
12233,201536,3,Humannplatz,2019,11,14,6,3,2,6,0,0,1,0,0,0,0,0,Pankow,Accident with minor injuries,Collision with the vehicle in front/waiting vehicle,Collision involving vehicles going in the same way,Daylight,Dry
12234,201537,2,Wriezener Bahnhof/Entwicklungsgebiet,2019,11,14,6,3,2,2,0,0,0,0,1,0,1,0,Friedrichshain - Kreuzberg,Accident with minor injuries,Collision with the vehicle in front/waiting vehicle,Turning accident,Daylight,Dry
12235,201538,3,Komponistenviertel Weißensee,2019,11,12,7,3,0,5,0,0,1,0,0,0,0,0,Pankow,Accident with minor injuries,Others,Accident involving parked vehicles,Daylight,Dry
12236,201539,7,Marienfelde Süd,2019,11,12,7,3,3,6,0,1,1,0,0,0,0,0,Tempelhof-Schöneberg,Accident with minor injuries,Collision with a vehicle traveling laterally in the same direction,Collision involving vehicles going in the same way,Daylight,Dry
12237,201540,11,Rüdigerstraße,2019,11,22,7,3,0,2,2,1,1,0,0,0,0,0,Lichtenberg,Accident with minor injuries,Others,Turning accident,Dark,Dry
12238,201541,7,Neu-Tempelhof,2019,11,12,6,3,6,7,0,0,1,1,0,0,0,0,Tempelhof-Schöneberg,Accident with minor injuries,Collision between vehicle and pedestrian,Others,Daylight,Dry
12239,201542,10,Landsberger Tor,2019,11,20,7,2,6,4,2,0,1,1,0,0,0,0,Marzahn-Hellersdorf,Accident with serious injuries,Collision between vehicle and pedestrian,Pedestrian crossing accident,Dark,Dry
12240,201543,4,Alt-Lietzow,2019,11,14,6,3,0,7,0,1,1,0,0,0,0,0,Charlottenburg - Wilmersdorf,Accident with minor injuries,Others,Others,Daylight,Dry
12241,201544,1,Soldiner Straße,2019,11,19,7,3,0,5,2,0,1,0,0,0,0,0,Mitte,Accident with minor injuries,Others,Accident involving parked vehicles,Dark,Dry
12242,201545,6,Königsberger Straße,2019,11,20,7,2,4,6,2,0,1,0,0,0,0,0,Steglitz-Zehlendorf,Accident with serious injuries,Collision with oncoming vehicle,Collision involving vehicles going in the same way,Dark,Dry
12243,201546,1,Beusselkiez,2019,11,13,6,2,0,6,0,0,1,0,1,0,0,0,Mitte,Accident with serious injuries,Others,Collision involving vehicles going in the same way,Daylight,Dry
12244,201547,10,Gut Hellersdorf,2019,11,19,7,3,0,1,2,0,0,0,1,0,0,0,Marzahn-Hellersdorf,Accident with minor injuries,Others,Driving accident,Dark,Dry
12245,201548,12,Wittenau Süd,2019,11,10,7,3,2,6,0,0,1,0,0,0,0,0,Reinickendorf,Accident with minor injuries,Collision with the vehicle in front/waiting vehicle,Collision involving vehicles going in the same way,Daylight,Dry
12246,201549,4,Schloßgarten,2019,11,10,7,3,5,2,0,0,1,0,0,0,0,0,Charlottenburg - Wilmersdorf,Accident with minor injuries,Collision with a turning/crossing vehicle,Turning accident,Daylight,Dry
12247,201550,11,Malchower Weg,2019,11,13,6,3,6,7,0,0,1,1,0,0,0,0,Lichtenberg,Accident with minor injuries,Collision between vehicle and pedestrian,Others,Daylight,Dry
12248,201551,1,Alexanderplatzviertel,2019,11,13,6,2,0,2,0,1,1,0,0,0,0,0,Mitte,Accident with serious injuries,Others,Turning accident,Daylight,Dry
12249,201552,8,Flughafenstraße,2019,11,7,7,3,0,1,2,1,0,0,0,0,0,0,Neukölln,Accident with minor injuries,Others,Driving accident,Dark,Dry
12250,201553,11,Hauptstraße,2019,11,2,7,3,9,1,2,0,1,0,0,0,0,1,Lichtenberg,Accident with minor injuries,Departure from the roadway to the left,Driving accident,Dark,Wet/moist/slippery
12251,201554,1,Soldiner Straße,2019,11,12,6,3,0,2,0,1,1,0,0,0,0,0,Mitte,Accident with minor injuries,Others,Turning accident,Daylight,Dry
12252,201555,4,Breite Straße,2019,11,12,6,3,1,5,0,1,1,0,0,0,0,0,Charlottenburg - Wilmersdorf,Accident with minor injuries,Collision with a moving/standing/parked vehicle,Accident involving parked vehicles,Daylight,Dry
12253,201556,12,Dannenwalder Weg,2019,11,9,6,3,5,3,0,1,1,0,0,0,0,1,Reinickendorf,Accident with minor injuries,Collision with a turning/crossing vehicle,Turning/Crossing accident,Daylight,Wet/moist/slippery
12254,201557,8,Parchimer Allee,2019,11,17,6,3,6,2,2,0,1,1,0,0,0,0,Neukölln,Accident with minor injuries,Collision between vehicle and pedestrian,Turning accident,Dark,Dry
12255,201558,1,Humboldthain Nordwest,2019,11,12,6,3,3,6,0,0,1,0,1,0,0,0,Mitte,Accident with minor injuries,Collision with a vehicle traveling laterally in the same direction,Collision involving vehicles going in the same way,Daylight,Dry
12256,201559,12,Alt-Tegel,2019,11,21,6,3,5,3,2,0,1,0,0,0,0,0,Reinickendorf,Accident with minor injuries,Collision with a turning/crossing vehicle,Turning/Crossing accident,Dark,Dry
12257,201560,1,Gesundbrunnen,2019,11,20,6,3,6,7,2,0,1,1,0,0,0,0,Mitte,Accident with minor injuries,Collision between vehicle and pedestrian,Others,Dark,Dry
12258,201561,1,Heine-Viertel West,2019,11,10,6,3,5,5,0,1,0,0,0,0,1,0,Mitte,Accident with minor injuries,Collision with a turning/crossing vehicle,Accident involving parked vehicles,Daylight,Dry
12259,201562,5,Freiheit,2019,11,10,6,3,5,7,0,0,1,0,1,0,0,0,Spandau,Accident with minor injuries,Collision with a turning/crossing vehicle,Others,Daylight,Dry
12260,201563,8,Buschkrugallee Nord,2019,11,19,6,3,5,2,2,0,1,0,0,0,0,0,Neukölln,Accident with minor injuries,Collision with a turning/crossing vehicle,Turning accident,Dark,Dry
12261,201564,2,Chamissokiez,2019,11,23,6,3,0,7,2,1,0,0,0,0,0,0,Friedrichshain - Kreuzberg,Accident with minor injuries,Others,Others,Dark,Dry
12262,201565,6,Thielallee,2019,11,19,6,2,1,7,2,0,1,0,0,0,0,1,Steglitz-Zehlendorf,Accident with serious injuries,Collision with a moving/standing/parked vehicle,Others,Dark,Wet/moist/slippery
12263,201566,3,Teutoburger Platz,2019,11,9,6,3,1,5,0,1,1,0,0,0,0,0,Pankow,Accident with minor injuries,Collision with a moving/standing/parked vehicle,Accident involving parked vehicles,Daylight,Dry
12264,201567,4,Flinsberger Platz,2019,11,19,6,3,3,5,2,0,1,0,1,0,0,1,Charlottenburg - Wilmersdorf,Accident with minor injuries,Collision with a vehicle traveling laterally in the same direction,Accident involving parked vehicles,Dark,Wet/moist/slippery
12265,201568,5,Staakener Straße,2019,11,10,6,2,0,7,0,0,1,0,0,0,1,0,Spandau,Accident with serious injuries,Others,Others,Daylight,Dry
12266,201569,1,Unter den Linden Nord,2019,11,18,6,3,5,2,2,1,1,0,0,0,0,0,Mitte,Accident with minor injuries,Collision with a turning/crossing vehicle,Turning accident,Dark,Dry
12267,201570,2,Andreasviertel,2019,11,18,6,3,1,5,2,1,1,0,0,0,1,1,Friedrichshain - Kreuzberg,Accident with minor injuries,Collision with a moving/standing/parked vehicle,Accident involving parked vehicles,Dark,Wet/moist/slippery
12268,201571,9,Baumschulenstraße,2019,11,8,6,3,2,6,0,0,1,0,0,0,0,0,Treptow-Köpenick,Accident with minor injuries,Collision with the vehicle in front/waiting vehicle,Collision involving vehicles going in the same way,Daylight,Dry
12269,201572,1,Lüneburger Straße,2019,11,8,6,3,5,2,0,0,1,0,0,0,0,0,Mitte,Accident with minor injuries,Collision with a turning/crossing vehicle,Turning accident,Daylight,Dry
12270,201573,3,Komponistenviertel Weißensee,2019,11,18,6,3,0,5,2,0,1,0,0,0,0,0,Pankow,Accident with minor injuries,Others,Accident involving parked vehicles,Dark,Dry
12271,201574,11,Fennpfuhl West,2019,11,6,6,3,0,6,1,0,1,0,1,0,0,0,Lichtenberg,Accident with minor injuries,Others,Collision involving vehicles going in the same way,Twilight,Dry
12272,201575,3,Falkplatz,2019,11,17,6,3,2,6,2,0,1,0,0,0,0,0,Pankow,Accident with minor injuries,Collision with the vehicle in front/waiting vehicle,Collision involving vehicles going in the same way,Dark,Dry
12273,201576,3,Arnimplatz,2019,11,17,6,3,1,5,2,1,1,0,0,0,0,0,Pankow,Accident with minor injuries,Collision with a moving/standing/parked vehicle,Accident involving parked vehicles,Dark,Dry
12274,201577,3,Behaimstraße,2019,11,8,6,3,6,7,0,1,0,1,0,0,0,0,Pankow,Accident with minor injuries,Collision between vehicle and pedestrian,Others,Daylight,Dry
12275,201578,5,Freiheit,2019,11,6,6,2,6,4,2,0,1,1,0,0,0,0,Spandau,Accident with serious injuries,Collision between vehicle and pedestrian,Pedestrian crossing accident,Dark,Dry
12276,201579,8,Blumenviertel,2019,11,17,6,3,2,6,2,0,1,0,0,0,0,1,Neukölln,Accident with minor injuries,Collision with the vehicle in front/waiting vehicle,Collision involving vehicles going in the same way,Dark,Wet/moist/slippery
12277,201580,5,Borkumer Straße,2019,11,17,6,2,0,1,2,1,0,0,0,0,0,0,Spandau,Accident with serious injuries,Others,Driving accident,Dark,Dry
12278,201581,1,Westhafen,2019,11,8,6,3,3,6,0,0,1,0,0,1,0,0,Mitte,Accident with minor injuries,Collision with a vehicle traveling laterally in the same direction,Collision involving vehicles going in the same way,Daylight,Dry
12279,201582,5,Pillnitzer Weg,2019,11,5,6,2,6,4,2,0,0,1,0,0,1,0,Spandau,Accident with serious injuries,Collision between vehicle and pedestrian,Pedestrian crossing accident,Dark,Dry
12280,201583,9,Johannisthal Ost,2019,11,17,6,3,0,7,2,1,0,0,0,0,0,0,Treptow-Köpenick,Accident with minor injuries,Others,Others,Dark,Dry
12281,201584,9,Adlershof Ost,2019,11,17,6,3,6,7,2,0,1,1,0,0,0,0,Treptow-Köpenick,Accident with minor injuries,Collision between vehicle and pedestrian,Others,Dark,Dry
12282,201585,10,Gut Hellersdorf,2019,11,7,6,2,5,3,1,1,1,0,0,0,0,0,Marzahn-Hellersdorf,Accident with serious injuries,Collision with a turning/crossing vehicle,Turning/Crossing accident,Twilight,Dry
12283,201586,10,Oberfeldstraße,2019,11,17,6,3,0,5,2,0,1,0,0,0,0,0,Marzahn-Hellersdorf,Accident with minor injuries,Others,Accident involving parked vehicles,Dark,Dry
12284,201587,7,Marienfelde Süd,2019,11,16,5,3,6,2,1,0,0,1,0,0,1,0,Tempelhof-Schöneberg,Accident with minor injuries,Collision between vehicle and pedestrian,Turning accident,Twilight,Dry
12285,201588,6,Schütte-Lanz-Straße,2019,11,11,6,3,5,3,0,0,1,0,0,0,0,1,Steglitz-Zehlendorf,Accident with minor injuries,Collision with a turning/crossing vehicle,Turning/Crossing accident,Daylight,Wet/moist/slippery
12286,201589,9,Dorf Altglienicke,2019,11,10,6,3,8,7,0,0,1,0,0,0,0,1,Treptow-Köpenick,Accident with minor injuries,Departure from the roadway to the right,Others,Daylight,Wet/moist/slippery
12287,201590,4,Breitscheidplatz,2019,11,19,5,3,6,7,2,0,0,1,0,0,1,0,Charlottenburg - Wilmersdorf,Accident with minor injuries,Collision between vehicle and pedestrian,Others,Dark,Dry
12288,201591,12,Letteplatz,2019,11,7,5,3,3,6,2,0,1,0,0,0,0,0,Reinickendorf,Accident with minor injuries,Collision with a vehicle traveling laterally in the same direction,Collision involving vehicles going in the same way,Dark,Dry
12289,201592,2,Reichenberger Straße,2019,11,16,6,3,1,5,1,1,1,0,0,0,0,0,Friedrichshain - Kreuzberg,Accident with minor injuries,Collision with a moving/standing/parked vehicle,Accident involving parked vehicles,Twilight,Dry
12290,201593,10,Alt-Mahlsdorf,2019,11,15,6,3,1,5,1,0,1,0,0,0,0,0,Marzahn-Hellersdorf,Accident with minor injuries,Collision with a moving/standing/parked vehicle,Accident involving parked vehicles,Twilight,Dry
12291,201594,12,Frohnau,2019,11,7,5,3,5,3,0,1,1,0,0,0,0,0,Reinickendorf,Accident with minor injuries,Collision with a turning/crossing vehicle,Turning/Crossing accident,Daylight,Dry
12292,201595,6,Oberhofer Platz,2019,11,9,5,3,6,2,0,0,1,1,0,0,0,0,Steglitz-Zehlendorf,Accident with minor injuries,Collision between vehicle and pedestrian,Turning accident,Daylight,Dry
12293,201596,4,Alt-Lietzow,2019,11,15,6,3,5,2,0,0,1,0,0,0,1,0,Charlottenburg - Wilmersdorf,Accident with minor injuries,Collision with a turning/crossing vehicle,Turning accident,Daylight,Dry
12294,201597,7,Neu-Tempelhof,2019,11,13,6,3,0,6,0,1,1,0,0,0,0,0,Tempelhof-Schöneberg,Accident with minor injuries,Others,Collision involving vehicles going in the same way,Daylight,Dry
12295,201598,4,Tegeler Weg,2019,11,1,5,3,5,2,2,0,1,0,0,1,0,0,Charlottenburg - Wilmersdorf,Accident with minor injuries,Collision with a turning/crossing vehicle,Turning accident,Dark,Dry
12296,201599,9,Köllnische Vorstadt,2019,11,19,5,3,4,6,2,0,1,0,0,0,0,0,Treptow-Köpenick,Accident with minor injuries,Collision with oncoming vehicle,Collision involving vehicles going in the same way,Dark,Dry
12297,201600,11,Mühlengrund,2019,11,13,6,3,6,4,0,0,1,1,0,0,0,0,Lichtenberg,Accident with minor injuries,Collision between vehicle and pedestrian,Pedestrian crossing accident,Daylight,Dry
12298,201601,2,Samariterviertel,2019,11,9,6,3,5,2,0,1,1,0,0,0,0,1,Friedrichshain - Kreuzberg,Accident with minor injuries,Collision with a turning/crossing vehicle,Turning accident,Daylight,Wet/moist/slippery
12299,201602,11,Hauptstraße,2019,11,9,6,3,5,2,0,0,1,0,0,0,0,0,Lichtenberg,Accident with minor injuries,Collision with a turning/crossing vehicle,Turning accident,Daylight,Dry
12300,201603,10,Adele-Sandrock-Straße,2019,11,19,5,2,1,5,2,0,1,0,0,0,1,0,Marzahn-Hellersdorf,Accident with serious injuries,Collision with a moving/standing/parked vehicle,Accident involving parked vehicles,Dark,Dry
12301,201604,11,Mühlengrund,2019,11,18,5,2,6,4,2,0,0,1,0,0,1,0,Lichtenberg,Accident with serious injuries,Collision between vehicle and pedestrian,Pedestrian crossing accident,Dark,Dry
12302,201605,3,Humannplatz,2019,11,9,6,3,5,3,0,0,1,0,0,0,0,0,Pankow,Accident with minor injuries,Collision with a turning/crossing vehicle,Turning/Crossing accident,Daylight,Dry
12303,201606,10,Mahlsdorf Nord,2019,11,13,6,3,5,3,0,0,1,0,0,0,0,0,Marzahn-Hellersdorf,Accident with minor injuries,Collision with a turning/crossing vehicle,Turning/Crossing accident,Daylight,Dry
12304,201607,1,Reinickendorfer Straße,2019,11,17,5,3,2,6,2,0,1,0,0,0,0,0,Mitte,Accident with minor injuries,Collision with the vehicle in front/waiting vehicle,Collision involving vehicles going in the same way,Dark,Dry
12305,201608,10,Gut Hellersdorf,2019,11,15,5,3,5,3,0,1,1,0,0,0,0,0,Marzahn-Hellersdorf,Accident with minor injuries,Collision with a turning/crossing vehicle,Turning/Crossing accident,Daylight,Dry
12306,201609,1,Humboldthain Nordwest,2019,11,8,6,3,2,6,0,0,1,0,1,0,0,1,Mitte,Accident with minor injuries,Collision with the vehicle in front/waiting vehicle,Collision involving vehicles going in the same way,Daylight,Wet/moist/slippery
12307,201610,2,Stralauer Halbinsel,2019,11,7,6,3,0,6,1,0,1,0,1,0,0,1,Friedrichshain - Kreuzberg,Accident with minor injuries,Others,Collision involving vehicles going in the same way,Twilight,Wet/moist/slippery
12308,201611,7,Manteuffelstraße,2019,11,15,5,3,5,2,0,1,1,0,0,0,0,0,Tempelhof-Schöneberg,Accident with minor injuries,Collision with a turning/crossing vehicle,Turning accident,Daylight,Dry
12309,201612,3,Humannplatz,2019,11,12,6,3,5,3,0,0,1,0,0,0,0,0,Pankow,Accident with minor injuries,Collision with a turning/crossing vehicle,Turning/Crossing accident,Daylight,Dry
12310,201613,8,Alt-Rudow,2019,11,12,5,2,5,2,0,1,1,0,0,0,0,0,Neukölln,Accident with serious injuries,Collision with a turning/crossing vehicle,Turning accident,Daylight,Dry
12311,201614,1,Reinickendorfer Straße,2019,11,6,6,3,2,6,2,0,1,0,0,0,0,1,Mitte,Accident with minor injuries,Collision with the vehicle in front/waiting vehicle,Collision involving vehicles going in the same way,Dark,Wet/moist/slippery
12312,201615,10,Helle Mitte,2019,11,7,6,2,6,2,2,0,1,1,0,0,0,1,Marzahn-Hellersdorf,Accident with serious injuries,Collision between vehicle and pedestrian,Turning accident,Dark,Wet/moist/slippery
12313,201616,7,Kettinger Straße/Schillerstraße,2019,11,12,5,2,1,7,0,0,1,0,0,0,0,0,Tempelhof-Schöneberg,Accident with serious injuries,Collision with a moving/standing/parked vehicle,Others,Daylight,Dry
12314,201617,4,Hindemithplatz,2019,11,12,5,3,2,6,0,0,1,0,0,0,0,0,Charlottenburg - Wilmersdorf,Accident with minor injuries,Collision with the vehicle in front/waiting vehicle,Collision involving vehicles going in the same way,Daylight,Dry
12315,201618,1,Westhafen,2019,11,5,6,3,5,2,2,1,0,0,0,1,0,1,Mitte,Accident with minor injuries,Collision with a turning/crossing vehicle,Turning accident,Dark,Wet/moist/slippery
12316,201619,8,Rixdorf,2019,11,5,6,3,6,2,2,0,1,1,0,0,0,1,Neukölln,Accident with minor injuries,Collision between vehicle and pedestrian,Turning accident,Dark,Wet/moist/slippery
12317,201620,10,Marzahner Promenade,2019,11,11,5,3,3,6,0,0,1,0,0,0,1,0,Marzahn-Hellersdorf,Accident with minor injuries,Collision with a vehicle traveling laterally in the same direction,Collision involving vehicles going in the same way,Daylight,Dry
12318,201621,1,Karl-Marx-Allee,2019,11,10,5,3,5,7,0,1,1,0,0,0,0,0,Mitte,Accident with minor injuries,Collision with a turning/crossing vehicle,Others,Daylight,Dry
12319,201622,9,Kietzer Feld/Nachtheide,2019,11,12,6,2,4,6,0,0,1,0,0,0,0,1,Treptow-Köpenick,Accident with serious injuries,Collision with oncoming vehicle,Collision involving vehicles going in the same way,Daylight,Wet/moist/slippery
12320,201623,9,Altstadt Kietz,2019,11,11,6,3,2,6,0,0,1,0,0,0,0,1,Treptow-Köpenick,Accident with minor injuries,Collision with the vehicle in front/waiting vehicle,Collision involving vehicles going in the same way,Daylight,Wet/moist/slippery
12321,201624,6,Augustaplatz,2019,11,15,5,3,2,6,0,0,1,0,1,0,0,0,Steglitz-Zehlendorf,Accident with minor injuries,Collision with the vehicle in front/waiting vehicle,Collision involving vehicles going in the same way,Daylight,Dry
12322,201625,5,Staakener Straße,2019,11,11,6,3,1,5,0,1,0,0,0,0,1,1,Spandau,Accident with minor injuries,Collision with a moving/standing/parked vehicle,Accident involving parked vehicles,Daylight,Wet/moist/slippery
12323,201626,1,Stephankiez,2019,11,14,5,3,5,2,0,1,1,0,0,0,0,0,Mitte,Accident with minor injuries,Collision with a turning/crossing vehicle,Turning accident,Daylight,Dry
12324,201627,11,Rüdigerstraße,2019,11,13,5,3,5,2,0,1,1,0,0,0,0,0,Lichtenberg,Accident with minor injuries,Collision with a turning/crossing vehicle,Turning accident,Daylight,Dry
12325,201628,1,Heine-Viertel West,2019,11,11,6,3,3,5,0,1,1,0,0,0,0,0,Mitte,Accident with minor injuries,Collision with a vehicle traveling laterally in the same direction,Accident involving parked vehicles,Daylight,Dry
12326,201629,11,Zingster Straße Ost,2019,11,13,5,3,6,4,0,0,1,1,0,0,0,0,Lichtenberg,Accident with minor injuries,Collision between vehicle and pedestrian,Pedestrian crossing accident,Daylight,Dry
12327,201630,7,Grazer Platz,2019,11,19,6,3,0,7,2,0,0,0,0,0,1,1,Tempelhof-Schöneberg,Accident with minor injuries,Others,Others,Dark,Wet/moist/slippery
12328,201631,1,Humboldthain Nordwest,2019,11,22,5,3,5,2,2,0,1,0,1,0,0,0,Mitte,Accident with minor injuries,Collision with a turning/crossing vehicle,Turning accident,Dark,Dry
12329,201632,11,Herzbergstraße,2019,11,19,5,3,3,6,2,1,0,0,0,0,1,0,Lichtenberg,Accident with minor injuries,Collision with a vehicle traveling laterally in the same direction,Collision involving vehicles going in the same way,Dark,Dry
12330,201633,8,Rixdorf,2019,11,14,5,3,5,2,0,1,1,0,0,0,0,0,Neukölln,Accident with minor injuries,Collision with a turning/crossing vehicle,Turning accident,Daylight,Dry
12331,201634,5,Motardstraße,2019,11,17,5,3,2,6,2,0,1,0,0,0,0,1,Spandau,Accident with minor injuries,Collision with the vehicle in front/waiting vehicle,Collision involving vehicles going in the same way,Dark,Wet/moist/slippery
12332,201635,12,Heiligensee,2019,11,10,5,3,5,3,0,0,1,0,0,0,0,0,Reinickendorf,Accident with minor injuries,Collision with a turning/crossing vehicle,Turning/Crossing accident,Daylight,Dry
12333,201636,12,Ziekowstraße/Freie Scholle,2019,11,17,5,2,6,2,2,0,1,1,0,0,0,1,Reinickendorf,Accident with serious injuries,Collision between vehicle and pedestrian,Turning accident,Dark,Wet/moist/slippery
12334,201637,4,Plötzensee,2019,11,17,5,2,5,2,2,0,1,0,1,0,0,1,Charlottenburg - Wilmersdorf,Accident with serious injuries,Collision with a turning/crossing vehicle,Turning accident,Dark,Wet/moist/slippery
12335,201638,10,Marzahner Chaussee,2019,11,17,5,3,2,6,2,0,1,0,0,0,0,1,Marzahn-Hellersdorf,Accident with minor injuries,Collision with the vehicle in front/waiting vehicle,Collision involving vehicles going in the same way,Dark,Wet/moist/slippery
12336,201639,10,Alt-Marzahn,2019,11,17,5,3,6,2,2,0,1,1,0,0,0,1,Marzahn-Hellersdorf,Accident with minor injuries,Collision between vehicle and pedestrian,Turning accident,Dark,Wet/moist/slippery
12337,201640,7,Bayerischer Platz,2019,11,16,5,3,2,6,2,0,1,0,0,0,0,1,Tempelhof-Schöneberg,Accident with minor injuries,Collision with the vehicle in front/waiting vehicle,Collision involving vehicles going in the same way,Dark,Wet/moist/slippery
12338,201641,11,Tierpark,2019,11,19,5,3,6,3,2,0,1,1,0,0,0,0,Lichtenberg,Accident with minor injuries,Collision between vehicle and pedestrian,Turning/Crossing accident,Dark,Dry
12339,201642,8,Reuterkiez,2019,11,9,5,3,5,3,0,0,1,0,1,0,0,0,Neukölln,Accident with minor injuries,Collision with a turning/crossing vehicle,Turning/Crossing accident,Daylight,Dry
12340,201643,3,Alt-Karow,2019,11,16,5,3,1,5,2,1,1,0,0,0,1,1,Pankow,Accident with minor injuries,Collision with a moving/standing/parked vehicle,Accident involving parked vehicles,Dark,Wet/moist/slippery