,object id,district,street,year,month,hour of day,weekday,category,accident type,accident type 2,light situation,bike involved,car involved,pedestrian involved,motor bike involved,big track involved,other vehicle involved,road condition,district name,category name,accident detail,accident type detail,light condition,road condition detail
12469,201772,9,Köpenicker Landstraße,2019,12,11,2,3,5,2,0,0,1,0,0,0,0,0,Treptow-Köpenick,Accident with minor injuries,Collision with a turning/crossing vehicle,Turning accident,Daylight,Dry
12470,201773,7,Marienfelde Süd,2019,12,17,2,3,1,5,2,0,1,0,0,0,0,1,Tempelhof-Schöneberg,Accident with minor injuries,Collision with a moving/standing/parked vehicle,Accident involving parked vehicles,Dark,Wet/moist/slippery
12471,201774,6,Schütte-Lanz-Straße,2019,12,11,2,3,0,3,0,0,0,0,0,0,1,0,Steglitz-Zehlendorf,Accident with minor injuries,Others,Turning/Crossing accident,Daylight,Dry
12472,201775,4,Spreestadt,2019,12,9,2,3,5,2,0,0,1,0,1,0,0,1,Charlottenburg - Wilmersdorf,Accident with minor injuries,Collision with a turning/crossing vehicle,Turning accident,Daylight,Wet/moist/slippery
12473,201776,4,Halensee,2019,12,5,2,3,5,7,2,0,1,0,0,1,0,0,Charlottenburg - Wilmersdorf,Accident with minor injuries,Collision with a turning/crossing vehicle,Others,Dark,Dry
12474,201777,3,Bucher Forst,2019,12,5,2,3,5,3,2,1,1,0,0,0,0,0,Pankow,Accident with minor injuries,Collision with a turning/crossing vehicle,Turning/Crossing accident,Dark,Dry
12475,201778,8,Weiße Siedlung,2019,12,4,2,3,4,6,2,0,1,0,0,0,0,1,Neukölln,Accident with minor injuries,Collision with oncoming vehicle,Collision involving vehicles going in the same way,Dark,Wet/moist/slippery
12476,201779,2,Boxhagener Platz,2019,12,2,2,3,6,4,2,0,1,1,0,0,0,0,Friedrichshain - Kreuzberg,Accident with minor injuries,Collision between vehicle and pedestrian,Pedestrian crossing accident,Dark,Dry
12477,201780,3,Pankow Zentrum,2019,12,17,2,3,5,7,2,1,1,0,0,0,0,1,Pankow,Accident with minor injuries,Collision with a turning/crossing vehicle,Others,Dark,Wet/moist/slippery
12478,201781,11,Karlshorst Süd,2019,12,7,2,3,5,2,0,1,1,0,0,0,0,0,Lichtenberg,Accident with minor injuries,Collision with a turning/crossing vehicle,Turning accident,Daylight,Dry
12479,201782,7,Manteuffelstraße,2019,12,22,1,3,5,3,2,0,1,0,0,0,0,0,Tempelhof-Schöneberg,Accident with minor injuries,Collision with a turning/crossing vehicle,Turning/Crossing accident,Dark,Dry
12480,201783,1,Rehberge,2019,12,21,1,3,1,6,2,0,1,0,0,0,1,0,Mitte,Accident with minor injuries,Collision with a moving/standing/parked vehicle,Collision involving vehicles going in the same way,Dark,Dry
12481,201784,3,Arnimplatz,2019,12,19,1,2,6,4,2,0,0,1,0,0,1,0,Pankow,Accident with serious injuries,Collision between vehicle and pedestrian,Pedestrian crossing accident,Dark,Dry
12482,201785,5,Adamstraße,2019,12,18,1,3,5,2,2,0,1,0,1,0,0,0,Spandau,Accident with minor injuries,Collision with a turning/crossing vehicle,Turning accident,Dark,Dry
12483,201786,11,Rüdigerstraße,2019,12,14,1,3,0,4,0,1,0,1,0,0,0,0,Lichtenberg,Accident with minor injuries,Others,Pedestrian crossing accident,Daylight,Dry
12484,201787,8,Körnerpark,2019,12,13,1,3,5,3,0,0,1,0,0,0,0,0,Neukölln,Accident with minor injuries,Collision with a turning/crossing vehicle,Turning/Crossing accident,Daylight,Dry
12485,201788,3,Rennbahnstraße,2019,12,10,1,3,2,6,0,0,1,0,0,0,0,0,Pankow,Accident with minor injuries,Collision with the vehicle in front/waiting vehicle,Collision involving vehicles going in the same way,Daylight,Dry
12486,201789,8,Vogelviertel Süd,2019,12,4,1,2,5,3,2,0,1,0,0,0,0,0,Neukölln,Accident with serious injuries,Collision with a turning/crossing vehicle,Turning/Crossing accident,Dark,Dry
12487,201790,2,Friedenstraße,2019,12,1,1,2,6,7,2,0,1,1,0,0,0,0,Friedrichshain - Kreuzberg,Accident with serious injuries,Collision between vehicle and pedestrian,Others,Dark,Dry
12488,201791,1,Alexanderplatzviertel,2019,12,1,1,3,5,3,2,0,1,0,0,0,1,0,Mitte,Accident with minor injuries,Collision with a turning/crossing vehicle,Turning/Crossing accident,Dark,Dry
12489,201792,2,Urbanstraße,2019,11,15,7,3,0,6,0,0,1,0,1,0,0,0,Friedrichshain - Kreuzberg,Accident with minor injuries,Others,Collision involving vehicles going in the same way,Daylight,Dry
12490,201793,1,Lüneburger Straße,2019,11,12,7,3,5,3,0,1,1,0,0,0,0,0,Mitte,Accident with minor injuries,Collision with a turning/crossing vehicle,Turning/Crossing accident,Daylight,Dry
12491,201794,12,Ziekowstraße/Freie Scholle,2019,11,0,7,3,2,6,2,0,1,0,0,0,0,0,Reinickendorf,Accident with minor injuries,Collision with the vehicle in front/waiting vehicle,Collision involving vehicles going in the same way,Dark,Dry
12492,201795,5,Carl-Schurz-Straße,2019,11,9,7,3,6,2,0,0,1,1,0,0,0,0,Spandau,Accident with minor injuries,Collision between vehicle and pedestrian,Turning accident,Daylight,Dry
12493,201796,1,Alexanderplatzviertel,2019,11,3,7,3,2,6,2,0,1,0,0,0,0,0,Mitte,Accident with minor injuries,Collision with the vehicle in front/waiting vehicle,Collision involving vehicles going in the same way,Dark,Dry
12494,201797,1,Charitéviertel,2019,11,23,7,3,1,5,2,1,0,0,0,0,1,0,Mitte,Accident with minor injuries,Collision with a moving/standing/parked vehicle,Accident involving parked vehicles,Dark,Dry
12495,201798,2,Samariterviertel,2019,11,19,7,3,5,3,2,0,1,0,1,0,0,0,Friedrichshain - Kreuzberg,Accident with minor injuries,Collision with a turning/crossing vehicle,Turning/Crossing accident,Dark,Dry
12496,201799,3,Buchholz,2019,11,18,7,3,5,2,2,1,1,0,0,0,0,0,Pankow,Accident with minor injuries,Collision with a turning/crossing vehicle,Turning accident,Dark,Dry
12497,201800,8,Flughafenstraße,2019,11,18,7,3,5,2,2,0,1,0,0,0,0,0,Neukölln,Accident with minor injuries,Collision with a turning/crossing vehicle,Turning accident,Dark,Dry
12498,201801,5,Gartenfelder Straße,2019,11,16,7,3,5,2,1,0,1,0,0,0,0,0,Spandau,Accident with minor injuries,Collision with a turning/crossing vehicle,Turning accident,Twilight,Dry
12499,201802,12,Alt-Tegel,2019,11,16,7,3,2,6,1,0,1,0,0,0,0,0,Reinickendorf,Accident with minor injuries,Collision with the vehicle in front/waiting vehicle,Collision involving vehicles going in the same way,Twilight,Dry
12500,201803,3,Erich-Weinert-Straße,2019,11,18,7,3,2,6,2,0,1,0,0,0,0,0,Pankow,Accident with minor injuries,Collision with the vehicle in front/waiting vehicle,Collision involving vehicles going in the same way,Dark,Dry
12501,201804,5,Carl-Schurz-Straße,2019,11,14,7,2,6,4,0,0,1,1,0,0,0,0,Spandau,Accident with serious injuries,Collision between vehicle and pedestrian,Pedestrian crossing accident,Daylight,Dry
12502,201805,11,Hohenschönhausener Straße,2019,11,12,7,2,5,2,0,0,1,0,0,0,1,0,Lichtenberg,Accident with serious injuries,Collision with a turning/crossing vehicle,Turning accident,Daylight,Dry
12503,201806,7,Rathausstraße,2019,11,14,7,3,2,6,0,0,1,0,0,0,0,0,Tempelhof-Schöneberg,Accident with minor injuries,Collision with the vehicle in front/waiting vehicle,Collision involving vehicles going in the same way,Daylight,Dry
12504,201807,2,Lausitzer Platz,2019,11,7,7,3,0,7,0,1,0,0,0,0,0,0,Friedrichshain - Kreuzberg,Accident with minor injuries,Others,Others,Daylight,Dry
12505,201808,2,Stralauer Kiez,2019,11,4,7,3,0,1,2,0,0,0,0,0,1,0,Friedrichshain - Kreuzberg,Accident with minor injuries,Others,Driving accident,Dark,Dry
12506,201809,2,Stralauer Kiez,2019,11,19,7,3,6,2,2,0,1,1,0,0,0,1,Friedrichshain - Kreuzberg,Accident with minor injuries,Collision between vehicle and pedestrian,Turning accident,Dark,Wet/moist/slippery
12507,201810,2,Wassertorplatz,2019,11,17,6,3,5,2,2,0,1,0,0,0,0,0,Friedrichshain - Kreuzberg,Accident with minor injuries,Collision with a turning/crossing vehicle,Turning accident,Dark,Dry
12508,201811,8,Gropiusstadt Nord,2019,11,19,6,3,5,7,2,0,1,0,0,0,0,1,Neukölln,Accident with minor injuries,Collision with a turning/crossing vehicle,Others,Dark,Wet/moist/slippery
12509,201812,5,Carl-Schurz-Straße,2019,11,18,6,3,5,2,2,1,1,0,0,0,0,0,Spandau,Accident with minor injuries,Collision with a turning/crossing vehicle,Turning accident,Dark,Dry
12510,201813,5,Carl-Schurz-Straße,2019,11,18,6,3,6,4,2,0,1,1,0,0,0,0,Spandau,Accident with minor injuries,Collision between vehicle and pedestrian,Pedestrian crossing accident,Dark,Dry
12511,201814,8,Silbersteinstraße,2019,11,18,6,3,0,6,2,0,0,0,1,0,1,0,Neukölln,Accident with minor injuries,Others,Collision involving vehicles going in the same way,Dark,Dry
12512,201815,2,Wassertorplatz,2019,11,17,6,3,3,2,1,1,1,0,0,0,0,0,Friedrichshain - Kreuzberg,Accident with minor injuries,Collision with a vehicle traveling laterally in the same direction,Turning accident,Twilight,Dry
12513,201816,2,Graefekiez,2019,11,16,6,3,5,2,2,1,1,0,0,0,0,0,Friedrichshain - Kreuzberg,Accident with minor injuries,Collision with a turning/crossing vehicle,Turning accident,Dark,Dry
12514,201817,1,Gesundbrunnen,2019,11,15,6,3,1,5,0,0,1,0,0,1,0,0,Mitte,Accident with minor injuries,Collision with a moving/standing/parked vehicle,Accident involving parked vehicles,Daylight,Dry
12515,201818,8,Bouchéstraße,2019,11,14,6,3,5,3,0,0,1,0,0,0,0,1,Neukölln,Accident with minor injuries,Collision with a turning/crossing vehicle,Turning/Crossing accident,Daylight,Wet/moist/slippery
12516,201819,9,Schmöckwitz/Rauchfangswerder,2019,11,12,6,3,0,6,0,0,1,0,1,0,0,1,Treptow-Köpenick,Accident with minor injuries,Others,Collision involving vehicles going in the same way,Daylight,Wet/moist/slippery
12517,201820,6,Zehlendorf Mitte,2019,11,12,6,3,5,7,0,0,1,0,0,0,1,0,Steglitz-Zehlendorf,Accident with minor injuries,Collision with a turning/crossing vehicle,Others,Daylight,Dry
12518,201821,1,Humboldthain Süd,2019,11,12,6,3,5,2,0,0,1,0,0,0,0,0,Mitte,Accident with minor injuries,Collision with a turning/crossing vehicle,Turning accident,Daylight,Dry
12519,201822,6,Bismarckstraße,2019,11,11,6,3,6,4,0,0,1,1,0,0,0,0,Steglitz-Zehlendorf,Accident with minor injuries,Collision between vehicle and pedestrian,Pedestrian crossing accident,Daylight,Dry
12520,201823,12,Ziekowstraße/Freie Scholle,2019,11,11,6,3,5,2,0,0,1,0,0,0,0,0,Reinickendorf,Accident with minor injuries,Collision with a turning/crossing vehicle,Turning accident,Daylight,Dry
12521,201824,7,Marienfelder Allee Nordwest,2019,11,11,6,2,1,5,0,0,1,0,0,0,0,0,Tempelhof-Schöneberg,Accident with serious injuries,Collision with a moving/standing/parked vehicle,Accident involving parked vehicles,Daylight,Dry
12522,201825,2,Mehringplatz,2019,11,9,6,3,6,4,0,0,0,1,0,0,1,0,Friedrichshain - Kreuzberg,Accident with minor injuries,Collision between vehicle and pedestrian,Pedestrian crossing accident,Daylight,Dry
12523,201826,5,Gartenfelder Straße,2019,11,9,6,3,2,6,0,0,1,0,0,1,0,0,Spandau,Accident with minor injuries,Collision with the vehicle in front/waiting vehicle,Collision involving vehicles going in the same way,Daylight,Dry
12524,201827,7,Ceciliengärten,2019,11,9,6,3,5,3,0,1,1,0,0,0,0,0,Tempelhof-Schöneberg,Accident with minor injuries,Collision with a turning/crossing vehicle,Turning/Crossing accident,Daylight,Dry
12525,201828,2,Mehringplatz,2019,11,16,6,2,0,7,2,1,0,0,0,0,0,0,Friedrichshain - Kreuzberg,Accident with serious injuries,Others,Others,Dark,Dry
12526,201829,1,Soldiner Straße,2019,11,9,6,3,2,6,0,0,1,0,0,0,0,0,Mitte,Accident with minor injuries,Collision with the vehicle in front/waiting vehicle,Collision involving vehicles going in the same way,Daylight,Dry
12527,201830,7,Nollendorfplatz,2019,11,9,6,3,6,4,0,1,0,1,0,0,0,1,Tempelhof-Schöneberg,Accident with minor injuries,Collision between vehicle and pedestrian,Pedestrian crossing accident,Daylight,Wet/moist/slippery
12528,201831,2,Friedenstraße,2019,11,8,6,3,5,2,0,1,0,0,0,0,1,0,Friedrichshain - Kreuzberg,Accident with minor injuries,Collision with a turning/crossing vehicle,Turning accident,Daylight,Dry
12529,201832,2,Chamissokiez,2019,11,8,6,3,6,4,0,1,0,1,0,0,0,1,Friedrichshain - Kreuzberg,Accident with minor injuries,Collision between vehicle and pedestrian,Pedestrian crossing accident,Daylight,Wet/moist/slippery
12530,201833,10,Havemannstraße,2019,11,7,6,3,6,4,2,0,1,1,0,0,0,1,Marzahn-Hellersdorf,Accident with minor injuries,Collision between vehicle and pedestrian,Pedestrian crossing accident,Dark,Wet/moist/slippery
12531,201834,5,Zitadellenweg,2019,11,19,5,3,2,6,2,0,1,0,0,0,0,1,Spandau,Accident with minor injuries,Collision with the vehicle in front/waiting vehicle,Collision involving vehicles going in the same way,Dark,Wet/moist/slippery
12532,201835,9,Köpenick Nord,2019,11,19,5,2,1,5,2,0,1,0,0,0,1,1,Treptow-Köpenick,Accident with serious injuries,Collision with a moving/standing/parked vehicle,Accident involving parked vehicles,Dark,Wet/moist/slippery
12533,201836,4,Hindemithplatz,2019,11,19,5,3,2,6,2,0,1,0,0,0,0,1,Charlottenburg - Wilmersdorf,Accident with minor injuries,Collision with the vehicle in front/waiting vehicle,Collision involving vehicles going in the same way,Dark,Wet/moist/slippery
12534,201837,4,Alt-Lietzow,2019,11,18,5,3,3,6,2,0,1,0,1,0,0,1,Charlottenburg - Wilmersdorf,Accident with minor injuries,Collision with a vehicle traveling laterally in the same direction,Collision involving vehicles going in the same way,Dark,Wet/moist/slippery
12535,201838,8,Reuterkiez,2019,11,18,5,3,2,3,2,0,1,0,0,0,0,1,Neukölln,Accident with minor injuries,Collision with the vehicle in front/waiting vehicle,Turning/Crossing accident,Dark,Wet/moist/slippery
12536,201839,1,Sparrplatz,2019,11,18,5,2,6,2,2,0,1,1,0,0,0,1,Mitte,Accident with serious injuries,Collision between vehicle and pedestrian,Turning accident,Dark,Wet/moist/slippery
12537,201840,3,Arnimplatz,2019,11,19,5,2,6,2,2,0,0,1,0,0,1,0,Pankow,Accident with serious injuries,Collision between vehicle and pedestrian,Turning accident,Dark,Dry
12538,201841,7,Fritz-Werner-Straße,2019,11,18,5,3,5,2,2,0,1,0,0,0,0,1,Tempelhof-Schöneberg,Accident with minor injuries,Collision with a turning/crossing vehicle,Turning accident,Dark,Wet/moist/slippery
12539,201842,11,Victoriastadt,2019,11,17,5,3,0,6,2,0,1,0,1,0,0,1,Lichtenberg,Accident with minor injuries,Others,Collision involving vehicles going in the same way,Dark,Wet/moist/slippery
12540,201843,1,Sparrplatz,2019,11,17,5,3,2,6,2,0,1,0,0,0,0,1,Mitte,Accident with minor injuries,Collision with the vehicle in front/waiting vehicle,Collision involving vehicles going in the same way,Dark,Wet/moist/slippery
12541,201844,11,Orankesee,2019,11,17,5,3,5,2,2,0,1,0,0,0,0,1,Lichtenberg,Accident with minor injuries,Collision with a turning/crossing vehicle,Turning accident,Dark,Wet/moist/slippery
12542,201845,6,Schweizer Viertel,2019,11,17,5,3,6,2,2,0,1,1,0,0,0,1,Steglitz-Zehlendorf,Accident with minor injuries,Collision between vehicle and pedestrian,Turning accident,Dark,Wet/moist/slippery
12543,201846,11,Herzbergstraße,2019,11,17,5,2,6,4,2,1,0,1,0,0,0,1,Lichtenberg,Accident with serious injuries,Collision between vehicle and pedestrian,Pedestrian crossing accident,Dark,Wet/moist/slippery
12544,201847,12,Hermsdorf,2019,11,17,5,3,1,5,2,0,1,0,0,0,0,0,Reinickendorf,Accident with minor injuries,Collision with a moving/standing/parked vehicle,Accident involving parked vehicles,Dark,Dry
12545,201848,1,Invalidenstraße,2019,11,17,5,3,5,3,2,1,1,0,0,0,0,1,Mitte,Accident with minor injuries,Collision with a turning/crossing vehicle,Turning/Crossing accident,Dark,Wet/moist/slippery
12546,201849,5,Carl-Schurz-Straße,2019,11,17,5,3,6,4,2,0,1,1,0,0,0,1,Spandau,Accident with minor injuries,Collision between vehicle and pedestrian,Pedestrian crossing accident,Dark,Wet/moist/slippery
12547,201850,10,Mahlsdorf Süd,2019,11,16,5,3,5,3,2,1,1,0,0,0,0,1,Marzahn-Hellersdorf,Accident with minor injuries,Collision with a turning/crossing vehicle,Turning/Crossing accident,Dark,Wet/moist/slippery
12548,201851,10,Kaulsdorf Nord I,2019,11,16,5,3,6,7,2,0,0,1,0,0,1,0,Marzahn-Hellersdorf,Accident with minor injuries,Collision between vehicle and pedestrian,Others,Dark,Dry
12549,201852,9,Altstadt Kietz,2019,11,16,5,3,6,4,2,0,1,1,0,0,0,1,Treptow-Köpenick,Accident with minor injuries,Collision between vehicle and pedestrian,Pedestrian crossing accident,Dark,Wet/moist/slippery
12550,201853,1,Alexanderplatzviertel,2019,11,15,5,3,5,2,0,1,1,0,0,0,0,0,Mitte,Accident with minor injuries,Collision with a turning/crossing vehicle,Turning accident,Daylight,Dry
12551,201854,10,Wuhletalstraße,2019,11,14,5,3,6,4,0,0,1,1,0,0,0,0,Marzahn-Hellersdorf,Accident with minor injuries,Collision between vehicle and pedestrian,Pedestrian crossing accident,Daylight,Dry
12552,201855,4,Rathaus Wilmersdorf,2019,11,21,5,3,5,2,2,1,1,0,0,0,0,1,Charlottenburg - Wilmersdorf,Accident with minor injuries,Collision with a turning/crossing vehicle,Turning accident,Dark,Wet/moist/slippery
12553,201856,9,Adlershof West,2019,11,12,5,3,1,5,0,0,1,0,0,0,0,0,Treptow-Köpenick,Accident with minor injuries,Collision with a moving/standing/parked vehicle,Accident involving parked vehicles,Daylight,Dry
12554,201857,12,Teichstraße,2019,11,13,5,3,2,6,0,0,1,0,0,0,0,1,Reinickendorf,Accident with minor injuries,Collision with the vehicle in front/waiting vehicle,Collision involving vehicles going in the same way,Daylight,Wet/moist/slippery
12555,201858,3,Kollwitzplatz,2019,11,13,5,3,7,7,0,1,0,0,0,0,0,0,Pankow,Accident with minor injuries,Collision with a road obstacle,Others,Daylight,Dry
12556,201859,11,Weitlingstraße,2019,11,12,5,3,5,2,0,0,1,0,0,0,0,0,Lichtenberg,Accident with minor injuries,Collision with a turning/crossing vehicle,Turning accident,Daylight,Dry
12557,201860,5,Darbystraße,2019,11,12,5,3,2,3,0,0,1,0,1,0,0,0,Spandau,Accident with minor injuries,Collision with the vehicle in front/waiting vehicle,Turning/Crossing accident,Daylight,Dry
12558,201861,4,Eisenzahnstraße,2019,11,20,5,3,5,7,2,0,1,0,1,0,0,1,Charlottenburg - Wilmersdorf,Accident with minor injuries,Collision with a turning/crossing vehicle,Others,Dark,Wet/moist/slippery
12559,201862,9,Oberschöneweide West,2019,11,12,5,3,5,7,0,0,1,0,0,1,0,0,Treptow-Köpenick,Accident with minor injuries,Collision with a turning/crossing vehicle,Others,Daylight,Dry
12560,201863,9,Köpenicker Landstraße,2019,11,20,5,3,5,3,2,1,1,0,0,0,0,1,Treptow-Köpenick,Accident with minor injuries,Collision with a turning/crossing vehicle,Turning/Crossing accident,Dark,Wet/moist/slippery
12561,201864,2,Lausitzer Platz,2019,11,11,5,3,5,7,0,1,1,0,0,0,0,0,Friedrichshain - Kreuzberg,Accident with minor injuries,Collision with a turning/crossing vehicle,Others,Daylight,Dry
12562,201865,12,Scharnweberstraße,2019,11,10,5,3,5,2,0,1,1,0,0,0,0,0,Reinickendorf,Accident with minor injuries,Collision with a turning/crossing vehicle,Turning accident,Daylight,Dry
12563,201866,11,Mühlengrund,2019,11,10,5,3,6,2,0,0,0,1,0,1,0,0,Lichtenberg,Accident with minor injuries,Collision between vehicle and pedestrian,Turning accident,Daylight,Dry
12564,201867,3,Buchholz,2019,11,10,5,3,1,5,0,1,0,0,0,0,1,0,Pankow,Accident with minor injuries,Collision with a moving/standing/parked vehicle,Accident involving parked vehicles,Daylight,Dry
12565,201868,10,Hellersdorfer Promenade,2019,11,8,5,3,5,3,0,1,1,0,0,0,0,0,Marzahn-Hellersdorf,Accident with minor injuries,Collision with a turning/crossing vehicle,Turning/Crossing accident,Daylight,Dry
12566,201869,5,Alt-Gatow,2019,11,8,5,3,2,6,0,0,1,0,0,0,0,0,Spandau,Accident with minor injuries,Collision with the vehicle in front/waiting vehicle,Collision involving vehicles going in the same way,Daylight,Dry
12567,201870,2,Lausitzer Platz,2019,11,7,5,3,6,4,0,1,1,1,0,0,0,1,Friedrichshain - Kreuzberg,Accident with minor injuries,Collision between vehicle and pedestrian,Pedestrian crossing accident,Daylight,Wet/moist/slippery
12568,201871,5,Gartenfelder Straße,2019,11,5,5,3,5,2,2,1,1,0,0,0,0,1,Spandau,Accident with minor injuries,Collision with a turning/crossing vehicle,Turning accident,Dark,Wet/moist/slippery
12569,201872,7,Nollendorfplatz,2019,11,18,4,3,2,7,2,1,1,0,0,0,0,1,Tempelhof-Schöneberg,Accident with minor injuries,Collision with the vehicle in front/waiting vehicle,Others,Dark,Wet/moist/slippery
12570,201873,7,Rathaus Tempelhof,2019,11,17,4,3,6,6,2,1,0,1,0,0,0,0,Tempelhof-Schöneberg,Accident with minor injuries,Collision between vehicle and pedestrian,Collision involving vehicles going in the same way,Dark,Dry
12571,201874,3,Erich-Weinert-Straße,2019,11,19,4,3,5,3,2,0,1,0,0,0,0,1,Pankow,Accident with minor injuries,Collision with a turning/crossing vehicle,Turning/Crossing accident,Dark,Wet/moist/slippery
12572,201875,8,Glasower Straße,2019,11,20,4,3,1,5,2,1,1,0,0,0,0,0,Neukölln,Accident with minor injuries,Collision with a moving/standing/parked vehicle,Accident involving parked vehicles,Dark,Dry
12573,201876,8,Buckow Mitte,2019,11,16,4,3,6,2,1,0,1,1,0,0,0,1,Neukölln,Accident with minor injuries,Collision between vehicle and pedestrian,Turning accident,Twilight,Wet/moist/slippery
12574,201877,1,Soldiner Straße,2019,11,19,4,2,1,5,2,0,1,0,0,0,1,1,Mitte,Accident with serious injuries,Collision with a moving/standing/parked vehicle,Accident involving parked vehicles,Dark,Wet/moist/slippery
12575,201878,8,Rixdorf,2019,11,19,4,3,6,4,2,0,1,1,0,0,0,1,Neukölln,Accident with minor injuries,Collision between vehicle and pedestrian,Pedestrian crossing accident,Dark,Wet/moist/slippery
12576,201879,9,Späthsfelde,2019,11,19,4,3,2,6,2,0,1,0,0,0,0,1,Treptow-Köpenick,Accident with minor injuries,Collision with the vehicle in front/waiting vehicle,Collision involving vehicles going in the same way,Dark,Wet/moist/slippery
12577,201880,6,Komponistenviertel Lankwitz,2019,11,18,4,3,6,2,2,0,1,1,0,0,0,1,Steglitz-Zehlendorf,Accident with minor injuries,Collision between vehicle and pedestrian,Turning accident,Dark,Wet/moist/slippery
12578,201881,3,Erich-Weinert-Straße,2019,12,8,6,3,5,3,0,1,1,0,0,0,0,1,Pankow,Accident with minor injuries,Collision with a turning/crossing vehicle,Turning/Crossing accident,Daylight,Wet/moist/slippery
12579,201882,4,Plötzensee,2019,11,18,4,3,5,2,2,0,1,0,0,0,0,1,Charlottenburg - Wilmersdorf,Accident with minor injuries,Collision with a turning/crossing vehicle,Turning accident,Dark,Wet/moist/slippery
12580,201883,8,Tempelhofer Weg,2019,11,18,4,3,8,1,2,0,1,0,0,0,0,1,Neukölln,Accident with minor injuries,Departure from the roadway to the right,Driving accident,Dark,Wet/moist/slippery
12581,201884,6,Berlepschstraße,2019,12,8,6,3,5,7,0,0,0,0,1,0,1,0,Steglitz-Zehlendorf,Accident with minor injuries,Collision with a turning/crossing vehicle,Others,Daylight,Dry
12582,201885,3,Erich-Weinert-Straße,2019,11,17,4,3,2,6,2,0,1,0,0,0,0,1,Pankow,Accident with minor injuries,Collision with the vehicle in front/waiting vehicle,Collision involving vehicles going in the same way,Dark,Wet/moist/slippery
12583,201886,7,Alt-Lichtenrade/Töpchiner Weg,2019,12,5,6,3,5,3,2,0,1,0,0,0,0,0,Tempelhof-Schöneberg,Accident with minor injuries,Collision with a turning/crossing vehicle,Turning/Crossing accident,Dark,Dry
12584,201887,4,Eisenzahnstraße,2019,11,17,4,3,5,2,2,1,1,0,0,0,0,1,Charlottenburg - Wilmersdorf,Accident with minor injuries,Collision with a turning/crossing vehicle,Turning accident,Dark,Wet/moist/slippery
12585,201888,12,Wittenau Süd,2019,11,17,4,3,6,4,2,0,1,1,0,0,0,1,Reinickendorf,Accident with minor injuries,Collision between vehicle and pedestrian,Pedestrian crossing accident,Dark,Wet/moist/slippery
12586,201889,4,Halensee,2019,12,6,6,3,2,6,0,0,1,0,0,0,0,1,Charlottenburg - Wilmersdorf,Accident with minor injuries,Collision with the vehicle in front/waiting vehicle,Collision involving vehicles going in the same way,Daylight,Wet/moist/slippery
12587,201890,7,Eisenacher Straße,2019,11,17,4,3,5,7,2,0,1,0,1,0,0,1,Tempelhof-Schöneberg,Accident with minor injuries,Collision with a turning/crossing vehicle,Others,Dark,Wet/moist/slippery
12588,201891,7,Grazer Platz,2019,11,17,4,3,5,3,2,0,1,0,0,0,0,1,Tempelhof-Schöneberg,Accident with minor injuries,Collision with a turning/crossing vehicle,Turning/Crossing accident,Dark,Wet/moist/slippery
12589,201892,6,Mittelstraße,2019,11,17,4,3,5,3,2,1,1,0,0,0,0,1,Steglitz-Zehlendorf,Accident with minor injuries,Collision with a turning/crossing vehicle,Turning/Crossing accident,Dark,Wet/moist/slippery
12590,201893,12,Alt-Tegel,2019,12,6,6,3,5,2,2,0,1,0,0,0,1,2,Reinickendorf,Accident with minor injuries,Collision with a turning/crossing vehicle,Turning accident,Dark,Snowy
12591,201894,3,Pankow Zentrum,2019,12,6,6,2,5,3,2,1,1,0,0,0,0,0,Pankow,Accident with serious injuries,Collision with a turning/crossing vehicle,Turning/Crossing accident,Dark,Dry
12592,201895,2,Lausitzer Platz,2019,11,17,4,3,5,2,2,1,1,0,0,0,0,1,Friedrichshain - Kreuzberg,Accident with minor injuries,Collision with a turning/crossing vehicle,Turning accident,Dark,Wet/moist/slippery
12593,201896,1,Großer Tiergarten,2019,11,17,4,3,5,2,2,0,1,0,1,0,0,1,Mitte,Accident with minor injuries,Collision with a turning/crossing vehicle,Turning accident,Dark,Wet/moist/slippery
12594,201897,7,Kaiser-Wilhelm-Platz,2019,12,7,6,3,5,3,1,1,1,0,0,0,0,0,Tempelhof-Schöneberg,Accident with minor injuries,Collision with a turning/crossing vehicle,Turning/Crossing accident,Twilight,Dry
12595,201898,1,Sparrplatz,2019,11,17,4,3,6,2,2,0,1,1,0,0,0,1,Mitte,Accident with minor injuries,Collision between vehicle and pedestrian,Turning accident,Dark,Wet/moist/slippery
12596,201899,1,Elberfelder Straße,2019,11,20,4,3,5,2,2,1,1,0,0,0,0,0,Mitte,Accident with minor injuries,Collision with a turning/crossing vehicle,Turning accident,Dark,Dry
12597,201900,5,Hakenfelde Nord,2019,12,7,6,3,5,3,1,1,1,0,0,0,0,1,Spandau,Accident with minor injuries,Collision with a turning/crossing vehicle,Turning/Crossing accident,Twilight,Wet/moist/slippery
12598,201901,8,Rixdorf,2019,12,0,6,2,6,2,2,0,1,1,0,0,0,0,Neukölln,Accident with serious injuries,Collision between vehicle and pedestrian,Turning accident,Dark,Dry
12599,201902,1,Invalidenstraße,2019,11,22,4,3,0,7,2,0,0,0,0,0,1,1,Mitte,Accident with minor injuries,Others,Others,Dark,Wet/moist/slippery
12600,201903,3,Lietzengraben,2019,11,13,4,3,3,6,0,1,1,0,0,0,0,0,Pankow,Accident with minor injuries,Collision with a vehicle traveling laterally in the same direction,Collision involving vehicles going in the same way,Daylight,Dry