,object id,district,street,year,month,hour of day,weekday,category,accident type,accident type 2,light situation,bike involved,car involved,pedestrian involved,motor bike involved,big track involved,other vehicle involved,road condition,district name,category name,accident detail,accident type detail,light condition,road condition detail
12601,201904,11,Landsberger Allee,2019,12,13,6,2,6,4,0,0,1,1,0,0,0,1,Lichtenberg,Accident with serious injuries,Collision between vehicle and pedestrian,Pedestrian crossing accident,Daylight,Wet/moist/slippery
12602,201905,6,Dahlem,2019,12,13,6,3,2,6,0,0,1,0,0,0,0,1,Steglitz-Zehlendorf,Accident with minor injuries,Collision with the vehicle in front/waiting vehicle,Collision involving vehicles going in the same way,Daylight,Wet/moist/slippery
12603,201906,10,Biesdorf Süd,2019,11,13,4,3,2,6,0,0,1,0,0,0,1,0,Marzahn-Hellersdorf,Accident with minor injuries,Collision with the vehicle in front/waiting vehicle,Collision involving vehicles going in the same way,Daylight,Dry
12604,201907,2,Weberwiese,2019,11,12,4,3,0,1,0,0,0,0,0,0,1,0,Friedrichshain - Kreuzberg,Accident with minor injuries,Others,Driving accident,Daylight,Dry
12605,201908,9,Baumschulenstraße,2019,11,12,4,3,2,6,0,0,1,0,0,0,0,1,Treptow-Köpenick,Accident with minor injuries,Collision with the vehicle in front/waiting vehicle,Collision involving vehicles going in the same way,Daylight,Wet/moist/slippery
12606,201909,11,Fennpfuhl Ost,2019,12,12,6,3,5,7,0,0,1,0,0,0,1,1,Lichtenberg,Accident with minor injuries,Collision with a turning/crossing vehicle,Others,Daylight,Wet/moist/slippery
12607,201910,7,Neu-Tempelhof,2019,11,12,4,3,3,6,0,1,0,0,0,1,0,0,Tempelhof-Schöneberg,Accident with minor injuries,Collision with a vehicle traveling laterally in the same direction,Collision involving vehicles going in the same way,Daylight,Dry
12608,201911,4,Kaiserin-Augusta-Allee,2019,12,12,6,3,0,1,0,0,0,0,1,0,0,1,Charlottenburg - Wilmersdorf,Accident with minor injuries,Others,Driving accident,Daylight,Wet/moist/slippery
12609,201912,8,Graefekiez,2019,11,11,4,3,2,6,0,0,1,0,0,0,1,0,Neukölln,Accident with minor injuries,Collision with the vehicle in front/waiting vehicle,Collision involving vehicles going in the same way,Daylight,Dry
12610,201913,3,Hansastraße,2019,11,11,4,3,5,3,0,0,1,0,0,0,0,0,Pankow,Accident with minor injuries,Collision with a turning/crossing vehicle,Turning/Crossing accident,Daylight,Dry
12611,201914,2,Askanischer Platz,2019,12,12,6,3,0,1,0,0,0,0,1,0,0,1,Friedrichshain - Kreuzberg,Accident with minor injuries,Others,Driving accident,Daylight,Wet/moist/slippery
12612,201915,6,Südende,2019,11,10,4,3,2,7,0,0,1,0,0,0,0,0,Steglitz-Zehlendorf,Accident with minor injuries,Collision with the vehicle in front/waiting vehicle,Others,Daylight,Dry
12613,201916,10,Helle Mitte,2019,11,16,4,3,6,4,2,0,0,1,0,0,1,1,Marzahn-Hellersdorf,Accident with minor injuries,Collision between vehicle and pedestrian,Pedestrian crossing accident,Dark,Wet/moist/slippery
12614,201917,1,Charitéviertel,2019,11,9,4,2,5,3,0,1,1,0,0,0,0,0,Mitte,Accident with serious injuries,Collision with a turning/crossing vehicle,Turning/Crossing accident,Daylight,Dry
12615,201918,1,Westliche Müllerstraße,2019,12,11,6,3,6,2,0,0,0,1,0,0,1,0,Mitte,Accident with minor injuries,Collision between vehicle and pedestrian,Turning accident,Daylight,Dry
12616,201919,12,Reinickes Hof,2019,12,11,6,3,0,3,0,0,1,0,1,0,0,1,Reinickendorf,Accident with minor injuries,Others,Turning/Crossing accident,Daylight,Wet/moist/slippery
12617,201920,12,Lübarser Straße,2019,11,7,4,3,5,3,0,0,1,0,0,0,0,0,Reinickendorf,Accident with minor injuries,Collision with a turning/crossing vehicle,Turning/Crossing accident,Daylight,Dry
12618,201921,1,Heine-Viertel Ost,2019,11,16,4,3,6,2,2,0,1,1,0,0,0,1,Mitte,Accident with minor injuries,Collision between vehicle and pedestrian,Turning accident,Dark,Wet/moist/slippery
12619,201922,11,Rosenfelder Ring,2019,12,10,6,3,3,6,0,0,1,0,0,0,0,1,Lichtenberg,Accident with minor injuries,Collision with a vehicle traveling laterally in the same direction,Collision involving vehicles going in the same way,Daylight,Wet/moist/slippery
12620,201923,6,Lankwitz Kirche,2019,12,18,6,1,6,2,2,0,1,1,0,0,0,1,Steglitz-Zehlendorf,Accident with fatalities,Collision between vehicle and pedestrian,Turning accident,Dark,Wet/moist/slippery
12621,201924,5,Carl-Schurz-Straße,2019,11,7,4,2,5,2,0,0,0,0,0,0,1,0,Spandau,Accident with serious injuries,Collision with a turning/crossing vehicle,Turning accident,Daylight,Dry
12622,201925,11,Weitlingstraße,2019,11,16,4,3,6,2,1,0,1,1,0,0,0,1,Lichtenberg,Accident with minor injuries,Collision between vehicle and pedestrian,Turning accident,Twilight,Wet/moist/slippery
12623,201926,6,Fischtal,2019,12,17,6,1,6,2,2,0,1,1,0,0,0,1,Steglitz-Zehlendorf,Accident with fatalities,Collision between vehicle and pedestrian,Turning accident,Dark,Wet/moist/slippery
12624,201927,2,Moritzplatz,2019,11,16,4,3,5,3,2,1,1,0,0,0,0,1,Friedrichshain - Kreuzberg,Accident with minor injuries,Collision with a turning/crossing vehicle,Turning/Crossing accident,Dark,Wet/moist/slippery
12625,201928,10,Springpfuhl,2019,11,5,4,3,5,3,2,0,1,0,1,0,0,0,Marzahn-Hellersdorf,Accident with minor injuries,Collision with a turning/crossing vehicle,Turning/Crossing accident,Dark,Dry
12626,201929,1,Lübecker Straße,2019,12,17,5,3,1,5,2,1,1,0,0,0,0,1,Mitte,Accident with minor injuries,Collision with a moving/standing/parked vehicle,Accident involving parked vehicles,Dark,Wet/moist/slippery
12627,201930,10,Adele-Sandrock-Straße,2019,12,13,5,3,0,4,0,0,0,1,0,0,1,0,Marzahn-Hellersdorf,Accident with minor injuries,Others,Pedestrian crossing accident,Daylight,Dry
12628,201931,4,Karl-August-Platz,2019,11,15,4,3,2,6,0,0,1,0,0,0,0,1,Charlottenburg - Wilmersdorf,Accident with minor injuries,Collision with the vehicle in front/waiting vehicle,Collision involving vehicles going in the same way,Daylight,Wet/moist/slippery
12629,201932,3,Heinersdorf,2019,11,15,4,3,6,4,1,0,1,1,0,0,0,1,Pankow,Accident with minor injuries,Collision between vehicle and pedestrian,Pedestrian crossing accident,Twilight,Wet/moist/slippery
12630,201933,2,Stralauer Kiez,2019,11,15,4,3,6,4,0,0,1,1,0,0,0,1,Friedrichshain - Kreuzberg,Accident with minor injuries,Collision between vehicle and pedestrian,Pedestrian crossing accident,Daylight,Wet/moist/slippery
12631,201934,3,Alt-Karow,2019,12,12,5,3,5,3,0,0,1,0,0,0,0,0,Pankow,Accident with minor injuries,Collision with a turning/crossing vehicle,Turning/Crossing accident,Daylight,Dry
12632,201935,1,Lüneburger Straße,2019,11,15,4,3,2,1,0,1,0,0,0,0,1,1,Mitte,Accident with minor injuries,Collision with the vehicle in front/waiting vehicle,Driving accident,Daylight,Wet/moist/slippery
12633,201936,10,Havemannstraße,2019,12,12,5,3,0,3,0,0,0,0,0,0,1,0,Marzahn-Hellersdorf,Accident with minor injuries,Others,Turning/Crossing accident,Daylight,Dry
12634,201937,11,Rüdigerstraße,2019,11,7,4,3,0,1,1,1,0,0,0,0,0,0,Lichtenberg,Accident with minor injuries,Others,Driving accident,Twilight,Dry
12635,201938,8,Wissmannstraße,2019,11,17,4,3,4,5,2,0,1,0,1,0,0,0,Neukölln,Accident with minor injuries,Collision with oncoming vehicle,Accident involving parked vehicles,Dark,Dry
12636,201939,12,Tegel Süd,2019,12,9,5,3,6,4,0,0,1,1,0,0,0,0,Reinickendorf,Accident with minor injuries,Collision between vehicle and pedestrian,Pedestrian crossing accident,Daylight,Dry
12637,201940,4,George-Grosz-Platz,2019,12,9,5,2,2,6,0,0,1,0,1,0,0,1,Charlottenburg - Wilmersdorf,Accident with serious injuries,Collision with the vehicle in front/waiting vehicle,Collision involving vehicles going in the same way,Daylight,Wet/moist/slippery
12638,201941,3,Niederschönhausen,2019,11,7,3,3,6,4,1,0,1,1,0,0,0,0,Pankow,Accident with minor injuries,Collision between vehicle and pedestrian,Pedestrian crossing accident,Twilight,Dry
12639,201942,3,Weißenseer Spitze,2019,12,9,5,3,2,6,0,1,1,0,0,0,0,0,Pankow,Accident with minor injuries,Collision with the vehicle in front/waiting vehicle,Collision involving vehicles going in the same way,Daylight,Dry
12640,201943,8,Flughafenstraße,2019,11,19,3,2,0,1,2,1,0,0,0,0,0,0,Neukölln,Accident with serious injuries,Others,Driving accident,Dark,Dry
12641,201944,10,Alt-Marzahn,2019,11,18,3,2,6,4,2,0,0,1,0,0,1,0,Marzahn-Hellersdorf,Accident with serious injuries,Collision between vehicle and pedestrian,Pedestrian crossing accident,Dark,Dry
12642,201945,8,Rixdorf,2019,12,23,5,2,6,4,2,0,1,1,0,0,0,0,Neukölln,Accident with serious injuries,Collision between vehicle and pedestrian,Pedestrian crossing accident,Dark,Dry
12643,201946,8,Reuterkiez,2019,12,8,5,3,2,6,0,0,1,0,0,0,0,0,Neukölln,Accident with minor injuries,Collision with the vehicle in front/waiting vehicle,Collision involving vehicles going in the same way,Daylight,Dry
12644,201947,12,Waldidyll/Flughafensee,2019,11,17,3,3,5,3,2,0,1,0,1,0,0,0,Reinickendorf,Accident with minor injuries,Collision with a turning/crossing vehicle,Turning/Crossing accident,Dark,Dry
12645,201948,8,Glasower Straße,2019,11,16,3,3,5,3,2,0,1,0,0,0,0,0,Neukölln,Accident with minor injuries,Collision with a turning/crossing vehicle,Turning/Crossing accident,Dark,Dry
12646,201949,6,Schweizer Viertel,2019,12,7,5,3,1,5,0,1,1,0,0,0,0,0,Steglitz-Zehlendorf,Accident with minor injuries,Collision with a moving/standing/parked vehicle,Accident involving parked vehicles,Daylight,Dry
12647,201950,4,Prager Platz,2019,12,21,5,3,5,2,2,1,1,0,0,0,0,0,Charlottenburg - Wilmersdorf,Accident with minor injuries,Collision with a turning/crossing vehicle,Turning accident,Dark,Dry
12648,201951,4,Kranzallee,2019,11,16,3,3,2,6,2,0,1,0,0,0,0,0,Charlottenburg - Wilmersdorf,Accident with minor injuries,Collision with the vehicle in front/waiting vehicle,Collision involving vehicles going in the same way,Dark,Dry
12649,201952,1,Humboldthain Nordwest,2019,11,16,3,3,2,6,1,0,1,0,0,0,0,0,Mitte,Accident with minor injuries,Collision with the vehicle in front/waiting vehicle,Collision involving vehicles going in the same way,Twilight,Dry
12650,201953,11,Sewanstraße,2019,12,7,5,3,5,3,2,1,1,0,0,0,0,1,Lichtenberg,Accident with minor injuries,Collision with a turning/crossing vehicle,Turning/Crossing accident,Dark,Wet/moist/slippery
12651,201954,6,Fichtenberg,2019,11,16,3,2,6,4,2,0,1,1,0,0,0,0,Steglitz-Zehlendorf,Accident with serious injuries,Collision between vehicle and pedestrian,Pedestrian crossing accident,Dark,Dry
12652,201955,11,Landsberger Allee,2019,12,7,5,3,5,3,2,1,1,0,0,0,0,1,Lichtenberg,Accident with minor injuries,Collision with a turning/crossing vehicle,Turning/Crossing accident,Dark,Wet/moist/slippery
12653,201956,12,Letteplatz,2019,11,16,3,3,2,6,2,0,1,0,0,0,0,0,Reinickendorf,Accident with minor injuries,Collision with the vehicle in front/waiting vehicle,Collision involving vehicles going in the same way,Dark,Dry
12654,201957,9,Hirschgarten,2019,11,16,3,3,0,5,1,0,1,0,0,0,0,0,Treptow-Köpenick,Accident with minor injuries,Others,Accident involving parked vehicles,Twilight,Dry
12655,201958,4,Breitscheidplatz,2019,12,21,5,3,1,5,2,0,1,0,0,0,0,0,Charlottenburg - Wilmersdorf,Accident with minor injuries,Collision with a moving/standing/parked vehicle,Accident involving parked vehicles,Dark,Dry
12656,201959,4,Amtsgerichtsplatz,2019,12,0,5,2,0,7,2,0,0,0,0,0,1,0,Charlottenburg - Wilmersdorf,Accident with serious injuries,Others,Others,Dark,Dry
12657,201960,8,Reuterkiez,2019,11,15,3,3,3,6,1,1,0,0,0,0,1,0,Neukölln,Accident with minor injuries,Collision with a vehicle traveling laterally in the same direction,Collision involving vehicles going in the same way,Twilight,Dry
12658,201961,6,Fichtenberg,2019,11,20,3,3,5,3,2,1,1,0,0,0,0,1,Steglitz-Zehlendorf,Accident with minor injuries,Collision with a turning/crossing vehicle,Turning/Crossing accident,Dark,Wet/moist/slippery
12659,201962,7,Lindenhofsiedlung,2019,12,10,5,2,5,3,0,1,0,0,0,1,0,0,Tempelhof-Schöneberg,Accident with serious injuries,Collision with a turning/crossing vehicle,Turning/Crossing accident,Daylight,Dry
12660,201963,6,Berlepschstraße,2019,12,19,5,3,1,1,2,0,1,0,1,0,0,1,Steglitz-Zehlendorf,Accident with minor injuries,Collision with a moving/standing/parked vehicle,Driving accident,Dark,Wet/moist/slippery
12661,201964,2,Moritzplatz,2019,11,19,3,3,5,2,2,1,1,0,0,0,0,0,Friedrichshain - Kreuzberg,Accident with minor injuries,Collision with a turning/crossing vehicle,Turning accident,Dark,Dry
12662,201965,4,Kaiserin-Augusta-Allee,2019,11,19,3,3,5,3,1,0,1,0,0,0,0,0,Charlottenburg - Wilmersdorf,Accident with minor injuries,Collision with a turning/crossing vehicle,Turning/Crossing accident,Twilight,Dry
12663,201966,12,Wittenau Nord,2019,12,17,5,3,6,4,2,0,1,1,0,0,0,0,Reinickendorf,Accident with minor injuries,Collision between vehicle and pedestrian,Pedestrian crossing accident,Dark,Dry
12664,201967,2,Urbanstraße,2019,12,18,5,3,0,1,2,0,0,0,1,0,0,0,Friedrichshain - Kreuzberg,Accident with minor injuries,Others,Driving accident,Dark,Dry
12665,201968,12,Waldidyll/Flughafensee,2019,11,19,3,3,2,6,2,0,1,0,1,0,0,0,Reinickendorf,Accident with minor injuries,Collision with the vehicle in front/waiting vehicle,Collision involving vehicles going in the same way,Dark,Dry
12666,201969,7,Friedenau,2019,11,19,3,3,1,5,2,1,1,0,0,0,0,0,Tempelhof-Schöneberg,Accident with minor injuries,Collision with a moving/standing/parked vehicle,Accident involving parked vehicles,Dark,Dry
12667,201970,5,Borkumer Straße,2019,11,19,3,3,5,2,2,0,1,0,0,0,0,0,Spandau,Accident with minor injuries,Collision with a turning/crossing vehicle,Turning accident,Dark,Dry
12668,201971,2,Lausitzer Platz,2019,12,17,5,3,6,4,2,0,1,1,0,0,0,0,Friedrichshain - Kreuzberg,Accident with minor injuries,Collision between vehicle and pedestrian,Pedestrian crossing accident,Dark,Dry
12669,201972,3,Humannplatz,2019,12,17,5,3,3,6,2,0,1,0,0,0,1,0,Pankow,Accident with minor injuries,Collision with a vehicle traveling laterally in the same direction,Collision involving vehicles going in the same way,Dark,Dry
12670,201973,6,Königsberger Straße,2019,11,18,3,3,2,6,2,0,1,0,0,0,0,0,Steglitz-Zehlendorf,Accident with minor injuries,Collision with the vehicle in front/waiting vehicle,Collision involving vehicles going in the same way,Dark,Dry
12671,201974,12,Ziekowstraße/Freie Scholle,2019,11,15,3,3,5,3,1,0,1,0,0,0,0,0,Reinickendorf,Accident with minor injuries,Collision with a turning/crossing vehicle,Turning/Crossing accident,Twilight,Dry
12672,201975,4,Schloßstraße,2019,12,18,5,3,1,5,2,1,0,0,0,0,1,0,Charlottenburg - Wilmersdorf,Accident with minor injuries,Collision with a moving/standing/parked vehicle,Accident involving parked vehicles,Dark,Dry
12673,201976,2,Traveplatz,2019,12,17,5,3,6,6,1,0,1,1,0,0,0,0,Friedrichshain - Kreuzberg,Accident with minor injuries,Collision between vehicle and pedestrian,Collision involving vehicles going in the same way,Twilight,Dry
12674,201977,2,Wassertorplatz,2019,11,14,3,3,5,2,0,0,1,0,0,1,0,0,Friedrichshain - Kreuzberg,Accident with minor injuries,Collision with a turning/crossing vehicle,Turning accident,Daylight,Dry
12675,201978,1,Stephankiez,2019,11,15,3,3,0,1,0,0,0,0,1,0,0,0,Mitte,Accident with minor injuries,Others,Driving accident,Daylight,Dry
12676,201979,6,Düppel,2019,12,18,5,3,5,3,2,1,1,0,0,0,0,0,Steglitz-Zehlendorf,Accident with minor injuries,Collision with a turning/crossing vehicle,Turning/Crossing accident,Dark,Dry
12677,201980,4,Park Ruhwald,2019,11,14,3,3,1,5,0,0,1,0,0,0,0,0,Charlottenburg - Wilmersdorf,Accident with minor injuries,Collision with a moving/standing/parked vehicle,Accident involving parked vehicles,Daylight,Dry
12678,201981,4,George-Grosz-Platz,2019,12,16,5,3,0,3,2,1,0,0,1,0,0,1,Charlottenburg - Wilmersdorf,Accident with minor injuries,Others,Turning/Crossing accident,Dark,Wet/moist/slippery
12679,201982,7,Manteuffelstraße,2019,11,14,3,3,5,3,0,1,1,0,0,0,0,0,Tempelhof-Schöneberg,Accident with minor injuries,Collision with a turning/crossing vehicle,Turning/Crossing accident,Daylight,Dry
12680,201983,2,Moritzplatz,2019,11,13,3,3,5,2,0,1,0,0,0,0,1,0,Friedrichshain - Kreuzberg,Accident with minor injuries,Collision with a turning/crossing vehicle,Turning accident,Daylight,Dry
12681,201984,7,Kaiser-Wilhelm-Platz,2019,12,16,5,3,5,2,2,0,1,0,1,0,0,1,Tempelhof-Schöneberg,Accident with minor injuries,Collision with a turning/crossing vehicle,Turning accident,Dark,Wet/moist/slippery
12682,201985,3,Bötzowstraße,2019,12,16,5,3,1,5,2,1,1,0,0,0,0,0,Pankow,Accident with minor injuries,Collision with a moving/standing/parked vehicle,Accident involving parked vehicles,Dark,Dry
12683,201986,9,Adlershof West,2019,11,13,3,3,5,2,0,0,1,0,0,0,0,0,Treptow-Köpenick,Accident with minor injuries,Collision with a turning/crossing vehicle,Turning accident,Daylight,Dry
12684,201987,11,Weitlingstraße,2019,11,10,3,3,5,3,0,0,1,0,0,0,0,0,Lichtenberg,Accident with minor injuries,Collision with a turning/crossing vehicle,Turning/Crossing accident,Daylight,Dry
12685,201988,11,Wartenberg Nord,2019,12,16,5,3,6,4,2,0,1,1,0,0,0,1,Lichtenberg,Accident with minor injuries,Collision between vehicle and pedestrian,Pedestrian crossing accident,Dark,Wet/moist/slippery
12686,201989,3,Buch,2019,12,14,5,3,5,3,0,1,1,0,0,0,0,0,Pankow,Accident with minor injuries,Collision with a turning/crossing vehicle,Turning/Crossing accident,Daylight,Dry
12687,201990,7,John-Locke-Straße,2019,11,10,3,3,0,7,0,0,1,0,0,0,1,0,Tempelhof-Schöneberg,Accident with minor injuries,Others,Others,Daylight,Dry
12688,201991,1,Elberfelder Straße,2019,11,12,3,3,0,7,0,0,0,0,1,0,1,0,Mitte,Accident with minor injuries,Others,Others,Daylight,Dry
12689,201992,1,Wilhelmstraße,2019,12,15,5,3,2,2,0,1,1,0,0,0,0,0,Mitte,Accident with minor injuries,Collision with the vehicle in front/waiting vehicle,Turning accident,Daylight,Dry
12690,201993,4,Lietzensee,2019,11,9,3,3,3,6,0,0,1,0,1,0,0,0,Charlottenburg - Wilmersdorf,Accident with minor injuries,Collision with a vehicle traveling laterally in the same direction,Collision involving vehicles going in the same way,Daylight,Dry
12691,201994,5,Zitadellenweg,2019,12,14,5,3,2,6,0,0,1,0,0,0,0,0,Spandau,Accident with minor injuries,Collision with the vehicle in front/waiting vehicle,Collision involving vehicles going in the same way,Daylight,Dry
12692,201995,9,Oberschöneweide West,2019,12,14,5,2,6,4,0,0,1,1,0,0,0,0,Treptow-Köpenick,Accident with serious injuries,Collision between vehicle and pedestrian,Pedestrian crossing accident,Daylight,Dry
12693,201996,1,Soldiner Straße,2019,11,9,3,3,5,2,0,0,1,0,0,0,1,0,Mitte,Accident with minor injuries,Collision with a turning/crossing vehicle,Turning accident,Daylight,Dry
12694,201997,12,Borsigwalde,2019,12,14,5,3,0,6,0,0,1,0,1,0,0,0,Reinickendorf,Accident with minor injuries,Others,Collision involving vehicles going in the same way,Daylight,Dry
12695,201998,2,Chamissokiez,2019,11,7,3,3,0,3,0,1,0,0,1,0,0,0,Friedrichshain - Kreuzberg,Accident with minor injuries,Others,Turning/Crossing accident,Daylight,Dry
12696,201999,6,Schweizer Viertel,2019,12,14,5,2,5,3,0,1,1,0,0,0,0,0,Steglitz-Zehlendorf,Accident with serious injuries,Collision with a turning/crossing vehicle,Turning/Crossing accident,Daylight,Dry
12697,202000,12,Wittenau Süd,2019,12,13,5,3,2,7,0,0,1,0,0,0,0,0,Reinickendorf,Accident with minor injuries,Collision with the vehicle in front/waiting vehicle,Others,Daylight,Dry
12698,202001,5,Rohrdamm,2019,11,7,3,3,2,6,1,0,1,0,0,0,0,0,Spandau,Accident with minor injuries,Collision with the vehicle in front/waiting vehicle,Collision involving vehicles going in the same way,Twilight,Dry
12699,202002,4,Halensee,2019,11,7,3,3,5,3,0,1,1,0,0,0,0,0,Charlottenburg - Wilmersdorf,Accident with minor injuries,Collision with a turning/crossing vehicle,Turning/Crossing accident,Daylight,Dry
12700,202003,8,Tempelhofer Weg,2019,12,13,5,3,5,7,0,1,1,0,0,0,0,0,Neukölln,Accident with minor injuries,Collision with a turning/crossing vehicle,Others,Daylight,Dry
12701,202004,6,Dahlem,2019,11,7,3,3,1,5,1,0,0,0,0,0,1,0,Steglitz-Zehlendorf,Accident with minor injuries,Collision with a moving/standing/parked vehicle,Accident involving parked vehicles,Twilight,Dry
12702,202005,8,Buckow Ost,2019,11,12,3,3,6,4,0,0,1,1,0,0,1,0,Neukölln,Accident with minor injuries,Collision between vehicle and pedestrian,Pedestrian crossing accident,Daylight,Dry
12703,202006,8,Rixdorf,2019,11,10,3,3,3,6,0,1,1,0,0,0,0,0,Neukölln,Accident with minor injuries,Collision with a vehicle traveling laterally in the same direction,Collision involving vehicles going in the same way,Daylight,Dry
12704,202007,1,Lützowstraße,2019,11,11,3,3,1,5,0,1,1,0,0,0,0,0,Mitte,Accident with minor injuries,Collision with a moving/standing/parked vehicle,Accident involving parked vehicles,Daylight,Dry
12705,202008,11,Mühlengrund,2019,11,10,3,3,6,4,0,0,0,1,0,0,1,0,Lichtenberg,Accident with minor injuries,Collision between vehicle and pedestrian,Pedestrian crossing accident,Daylight,Dry
12706,202009,2,Askanischer Platz,2019,12,13,5,3,1,5,0,0,1,0,0,0,0,0,Friedrichshain - Kreuzberg,Accident with minor injuries,Collision with a moving/standing/parked vehicle,Accident involving parked vehicles,Daylight,Dry
12707,202010,5,Graetschelsteig,2019,12,18,4,3,5,2,1,0,1,0,0,0,1,0,Spandau,Accident with minor injuries,Collision with a turning/crossing vehicle,Turning accident,Twilight,Dry
12708,202011,3,Buchholz,2019,11,10,3,3,5,2,0,0,1,0,0,0,1,0,Pankow,Accident with minor injuries,Collision with a turning/crossing vehicle,Turning accident,Daylight,Dry
12709,202012,11,Karlshorst Süd,2019,11,13,2,3,5,2,0,1,0,0,0,0,1,0,Lichtenberg,Accident with minor injuries,Collision with a turning/crossing vehicle,Turning accident,Daylight,Dry
12710,202013,1,Rehberge,2019,11,8,2,3,5,3,0,0,1,0,0,0,0,0,Mitte,Accident with minor injuries,Collision with a turning/crossing vehicle,Turning/Crossing accident,Daylight,Dry
12711,202014,4,Flinsberger Platz,2019,12,7,4,3,6,2,1,0,1,1,0,0,0,0,Charlottenburg - Wilmersdorf,Accident with minor injuries,Collision between vehicle and pedestrian,Turning accident,Twilight,Dry
12712,202015,1,Unter den Linden Nord,2019,11,8,2,3,6,4,0,1,0,1,0,0,0,0,Mitte,Accident with minor injuries,Collision between vehicle and pedestrian,Pedestrian crossing accident,Daylight,Dry
12713,202016,1,Sparrplatz,2019,12,14,4,3,6,4,0,0,1,1,0,0,0,0,Mitte,Accident with minor injuries,Collision between vehicle and pedestrian,Pedestrian crossing accident,Daylight,Dry
12714,202017,11,Malchower Weg,2019,11,15,2,2,6,7,0,0,1,1,0,0,0,0,Lichtenberg,Accident with serious injuries,Collision between vehicle and pedestrian,Others,Daylight,Dry
12715,202018,8,Rixdorf,2019,11,21,2,3,6,4,2,0,1,1,0,0,0,0,Neukölln,Accident with minor injuries,Collision between vehicle and pedestrian,Pedestrian crossing accident,Dark,Dry
12716,202019,6,Lichterfelde Süd,2019,12,19,4,2,5,2,2,0,1,0,1,0,0,0,Steglitz-Zehlendorf,Accident with serious injuries,Collision with a turning/crossing vehicle,Turning accident,Dark,Dry
12717,202020,10,Alt-Marzahn,2019,11,20,2,2,5,2,2,1,1,0,0,0,0,0,Marzahn-Hellersdorf,Accident with serious injuries,Collision with a turning/crossing vehicle,Turning accident,Dark,Dry
12718,202021,2,Wrangelkiez,2019,11,19,2,3,0,1,2,1,1,0,0,0,0,0,Friedrichshain - Kreuzberg,Accident with minor injuries,Others,Driving accident,Dark,Dry
12719,202022,5,Jägerallee,2019,11,17,2,3,5,3,2,1,1,0,0,0,0,0,Spandau,Accident with minor injuries,Collision with a turning/crossing vehicle,Turning/Crossing accident,Dark,Dry
12720,202023,7,Rathausstraße,2019,12,18,4,3,5,2,2,0,1,0,1,0,0,0,Tempelhof-Schöneberg,Accident with minor injuries,Collision with a turning/crossing vehicle,Turning accident,Dark,Dry
12721,202024,8,Gewerbegebiet Köllnische Heide,2019,11,16,2,3,2,6,2,0,1,0,0,0,0,0,Neukölln,Accident with minor injuries,Collision with the vehicle in front/waiting vehicle,Collision involving vehicles going in the same way,Dark,Dry
12722,202025,8,Buschkrugallee Nord,2019,11,16,2,3,5,3,2,0,1,0,1,0,0,0,Neukölln,Accident with minor injuries,Collision with a turning/crossing vehicle,Turning/Crossing accident,Dark,Dry
12723,202026,12,Tegeler Forst,2019,12,18,4,3,9,1,2,0,1,0,0,0,0,0,Reinickendorf,Accident with minor injuries,Departure from the roadway to the left,Driving accident,Dark,Dry
12724,202027,4,Amtsgerichtsplatz,2019,11,16,2,3,2,3,2,1,1,0,0,0,0,0,Charlottenburg - Wilmersdorf,Accident with minor injuries,Collision with the vehicle in front/waiting vehicle,Turning/Crossing accident,Dark,Dry
12725,202028,7,Manteuffelstraße,2019,12,18,4,2,6,4,2,0,0,1,1,0,0,1,Tempelhof-Schöneberg,Accident with serious injuries,Collision between vehicle and pedestrian,Pedestrian crossing accident,Dark,Wet/moist/slippery
12726,202029,2,Urbanstraße,2019,11,15,2,3,1,1,0,0,1,0,0,0,0,0,Friedrichshain - Kreuzberg,Accident with minor injuries,Collision with a moving/standing/parked vehicle,Driving accident,Daylight,Dry
12727,202030,8,Flughafenstraße,2019,11,18,2,3,0,1,2,1,0,0,0,0,0,0,Neukölln,Accident with minor injuries,Others,Driving accident,Dark,Dry
12728,202031,4,George-Grosz-Platz,2019,12,17,4,3,1,5,2,1,1,0,0,0,1,0,Charlottenburg - Wilmersdorf,Accident with minor injuries,Collision with a moving/standing/parked vehicle,Accident involving parked vehicles,Dark,Dry
12729,202032,8,Donaustraße,2019,12,17,4,3,6,4,2,1,0,1,0,0,0,0,Neukölln,Accident with minor injuries,Collision between vehicle and pedestrian,Pedestrian crossing accident,Dark,Dry
12730,202033,2,Viktoriapark,2019,11,11,2,3,5,3,0,1,1,0,0,0,0,0,Friedrichshain - Kreuzberg,Accident with minor injuries,Collision with a turning/crossing vehicle,Turning/Crossing accident,Daylight,Dry
12731,202034,7,Friedenau,2019,11,14,2,3,0,4,0,1,0,1,0,0,0,0,Tempelhof-Schöneberg,Accident with minor injuries,Others,Pedestrian crossing accident,Daylight,Dry
12732,202035,4,Amtsgerichtsplatz,2019,12,17,4,3,0,7,2,0,0,0,1,0,0,0,Charlottenburg - Wilmersdorf,Accident with minor injuries,Others,Others,Dark,Dry
12733,202036,2,Friedenstraße,2019,12,16,4,3,5,3,2,1,1,0,0,0,0,0,Friedrichshain - Kreuzberg,Accident with minor injuries,Collision with a turning/crossing vehicle,Turning/Crossing accident,Dark,Dry