,object id,district,street,year,month,hour of day,weekday,category,accident type,accident type 2,light situation,bike involved,car involved,pedestrian involved,motor bike involved,big track involved,other vehicle involved,road condition,district name,category name,accident detail,accident type detail,light condition,road condition detail
12734,202037,9,Dorf Altglienicke,2019,11,15,2,3,7,7,0,0,1,0,0,0,1,0,Treptow-Köpenick,Accident with minor injuries,Collision with a road obstacle,Others,Daylight,Dry
12735,202038,12,Waldidyll/Flughafensee,2019,11,15,2,3,4,6,0,0,1,0,0,0,0,0,Reinickendorf,Accident with minor injuries,Collision with oncoming vehicle,Collision involving vehicles going in the same way,Daylight,Dry
12736,202039,9,Dammvorstadt,2019,11,15,2,3,2,6,0,0,1,0,0,0,0,0,Treptow-Köpenick,Accident with minor injuries,Collision with the vehicle in front/waiting vehicle,Collision involving vehicles going in the same way,Daylight,Dry
12737,202040,1,Nördlicher Landwehrkanal,2019,12,18,4,3,5,2,2,1,1,0,0,0,0,0,Mitte,Accident with minor injuries,Collision with a turning/crossing vehicle,Turning accident,Dark,Dry
12738,202041,10,Marzahner Promenade,2019,11,15,2,3,2,6,0,0,1,0,0,0,0,0,Marzahn-Hellersdorf,Accident with minor injuries,Collision with the vehicle in front/waiting vehicle,Collision involving vehicles going in the same way,Daylight,Dry
12739,202042,1,Alexanderplatzviertel,2019,12,15,4,3,5,3,1,0,1,0,0,0,0,0,Mitte,Accident with minor injuries,Collision with a turning/crossing vehicle,Turning/Crossing accident,Twilight,Dry
12740,202043,3,Alt-Karow,2019,11,13,2,3,6,2,0,0,1,1,0,0,0,0,Pankow,Accident with minor injuries,Collision between vehicle and pedestrian,Turning accident,Daylight,Dry
12741,202044,2,Chamissokiez,2019,11,11,2,3,5,3,0,1,1,0,0,0,0,0,Friedrichshain - Kreuzberg,Accident with minor injuries,Collision with a turning/crossing vehicle,Turning/Crossing accident,Daylight,Dry
12742,202045,9,Köllnische Vorstadt,2019,12,23,4,3,6,2,2,0,1,1,0,0,0,0,Treptow-Köpenick,Accident with minor injuries,Collision between vehicle and pedestrian,Turning accident,Dark,Dry
12743,202046,11,Mühlengrund,2019,11,9,2,3,0,6,0,0,1,0,1,0,0,0,Lichtenberg,Accident with minor injuries,Others,Collision involving vehicles going in the same way,Daylight,Dry
12744,202047,1,Sparrplatz,2019,11,8,2,3,6,4,0,1,0,1,0,0,0,0,Mitte,Accident with minor injuries,Collision between vehicle and pedestrian,Pedestrian crossing accident,Daylight,Dry
12745,202048,4,Paul-Hertz-Siedlung,2019,11,8,2,3,9,1,0,0,0,0,0,0,1,0,Charlottenburg - Wilmersdorf,Accident with minor injuries,Departure from the roadway to the left,Driving accident,Daylight,Dry
12746,202049,2,Lausitzer Platz,2019,12,23,4,3,2,6,2,0,1,0,0,0,0,1,Friedrichshain - Kreuzberg,Accident with minor injuries,Collision with the vehicle in front/waiting vehicle,Collision involving vehicles going in the same way,Dark,Wet/moist/slippery
12747,202050,2,Samariterviertel,2019,12,22,4,3,2,6,2,0,1,0,0,0,0,0,Friedrichshain - Kreuzberg,Accident with minor injuries,Collision with the vehicle in front/waiting vehicle,Collision involving vehicles going in the same way,Dark,Dry
12748,202051,12,Tegel Süd,2019,11,6,2,2,5,3,2,1,1,0,0,0,0,0,Reinickendorf,Accident with serious injuries,Collision with a turning/crossing vehicle,Turning/Crossing accident,Dark,Dry
12749,202052,8,Reuterkiez,2019,11,0,2,3,1,5,2,1,1,0,0,0,0,0,Neukölln,Accident with minor injuries,Collision with a moving/standing/parked vehicle,Accident involving parked vehicles,Dark,Dry
12750,202053,3,Humannplatz,2019,12,14,7,3,2,1,0,1,1,0,0,0,0,1,Pankow,Accident with minor injuries,Collision with the vehicle in front/waiting vehicle,Driving accident,Daylight,Wet/moist/slippery
12751,202054,4,Schaperstraße,2019,12,14,7,3,0,1,0,1,0,0,0,0,0,1,Charlottenburg - Wilmersdorf,Accident with minor injuries,Others,Driving accident,Daylight,Wet/moist/slippery
12752,202055,8,Reuterkiez,2019,12,13,7,3,4,2,0,1,1,0,0,0,0,1,Neukölln,Accident with minor injuries,Collision with oncoming vehicle,Turning accident,Daylight,Wet/moist/slippery
12753,202056,10,Gut Hellersdorf,2019,12,13,7,3,5,2,0,0,1,0,0,0,0,1,Marzahn-Hellersdorf,Accident with minor injuries,Collision with a turning/crossing vehicle,Turning accident,Daylight,Wet/moist/slippery
12754,202057,5,Staakener Straße,2019,12,13,7,3,0,1,0,1,0,0,0,0,0,1,Spandau,Accident with minor injuries,Others,Driving accident,Daylight,Wet/moist/slippery
12755,202058,6,Lichterfelde Süd,2019,12,12,7,3,5,3,0,0,1,0,0,0,0,1,Steglitz-Zehlendorf,Accident with minor injuries,Collision with a turning/crossing vehicle,Turning/Crossing accident,Daylight,Wet/moist/slippery
12756,202059,6,Lichterfelde Süd,2019,12,12,7,3,5,7,0,0,1,0,0,0,0,1,Steglitz-Zehlendorf,Accident with minor injuries,Collision with a turning/crossing vehicle,Others,Daylight,Wet/moist/slippery
12757,202060,6,Feuerbachstraße,2019,12,11,7,3,5,2,0,1,1,0,0,0,0,1,Steglitz-Zehlendorf,Accident with minor injuries,Collision with a turning/crossing vehicle,Turning accident,Daylight,Wet/moist/slippery
12758,202061,1,Humboldthain Süd,2019,12,11,7,3,2,6,0,0,1,0,1,0,0,1,Mitte,Accident with minor injuries,Collision with the vehicle in front/waiting vehicle,Collision involving vehicles going in the same way,Daylight,Wet/moist/slippery
12759,202062,3,Falkplatz,2019,12,10,7,3,5,3,0,1,1,0,0,0,0,1,Pankow,Accident with minor injuries,Collision with a turning/crossing vehicle,Turning/Crossing accident,Daylight,Wet/moist/slippery
12760,202063,2,Stralauer Kiez,2019,12,5,7,3,6,2,2,0,1,1,0,0,0,1,Friedrichshain - Kreuzberg,Accident with minor injuries,Collision between vehicle and pedestrian,Turning accident,Dark,Wet/moist/slippery
12761,202064,2,Traveplatz,2019,12,3,7,3,0,1,2,0,0,0,0,0,1,1,Friedrichshain - Kreuzberg,Accident with minor injuries,Others,Driving accident,Dark,Wet/moist/slippery
12762,202065,8,Reuterkiez,2019,12,23,7,3,5,2,2,0,1,0,0,0,0,1,Neukölln,Accident with minor injuries,Collision with a turning/crossing vehicle,Turning accident,Dark,Wet/moist/slippery
12763,202066,2,Oranienplatz,2019,12,23,7,3,2,6,2,0,1,0,0,0,0,1,Friedrichshain - Kreuzberg,Accident with minor injuries,Collision with the vehicle in front/waiting vehicle,Collision involving vehicles going in the same way,Dark,Wet/moist/slippery
12764,202067,11,Herzbergstraße,2019,12,21,7,2,6,4,2,0,1,1,0,0,0,1,Lichtenberg,Accident with serious injuries,Collision between vehicle and pedestrian,Pedestrian crossing accident,Dark,Wet/moist/slippery
12765,202068,7,Kettinger Straße/Schillerstraße,2019,12,20,7,2,5,2,2,0,1,0,0,0,0,1,Tempelhof-Schöneberg,Accident with serious injuries,Collision with a turning/crossing vehicle,Turning accident,Dark,Wet/moist/slippery
12766,202069,4,Leon-Jessel-Platz,2019,12,19,7,3,6,6,2,1,0,1,0,0,0,1,Charlottenburg - Wilmersdorf,Accident with minor injuries,Collision between vehicle and pedestrian,Collision involving vehicles going in the same way,Dark,Wet/moist/slippery
12767,202070,8,Vogelviertel Süd,2019,12,16,7,3,2,6,2,0,1,0,0,0,0,1,Neukölln,Accident with minor injuries,Collision with the vehicle in front/waiting vehicle,Collision involving vehicles going in the same way,Dark,Wet/moist/slippery
12768,202071,11,Orankesee,2019,12,17,7,3,0,7,2,0,1,0,0,0,1,0,Lichtenberg,Accident with minor injuries,Others,Others,Dark,Dry
12769,202072,10,Helle Mitte,2019,12,17,7,3,6,2,2,0,1,1,0,0,0,1,Marzahn-Hellersdorf,Accident with minor injuries,Collision between vehicle and pedestrian,Turning accident,Dark,Wet/moist/slippery
12770,202073,1,Soldiner Straße,2019,12,15,7,3,0,1,1,0,0,0,1,0,0,1,Mitte,Accident with minor injuries,Others,Driving accident,Twilight,Wet/moist/slippery
12771,202074,2,Askanischer Platz,2019,12,15,7,3,5,3,0,0,1,0,0,0,0,1,Friedrichshain - Kreuzberg,Accident with minor injuries,Collision with a turning/crossing vehicle,Turning/Crossing accident,Daylight,Wet/moist/slippery
12772,202075,5,Kurstraße,2019,12,22,6,3,6,2,2,0,1,1,0,0,0,0,Spandau,Accident with minor injuries,Collision between vehicle and pedestrian,Turning accident,Dark,Dry
12773,202076,9,Altstadt Kietz,2019,12,21,6,3,1,5,2,1,0,0,0,0,1,1,Treptow-Köpenick,Accident with minor injuries,Collision with a moving/standing/parked vehicle,Accident involving parked vehicles,Dark,Wet/moist/slippery
12774,202077,9,Kietzer Feld/Nachtheide,2019,12,13,6,3,6,4,0,0,1,1,0,0,0,0,Treptow-Köpenick,Accident with minor injuries,Collision between vehicle and pedestrian,Pedestrian crossing accident,Daylight,Dry
12775,202078,1,Arkonaplatz,2019,12,13,6,3,5,3,0,0,1,0,0,0,0,0,Mitte,Accident with minor injuries,Collision with a turning/crossing vehicle,Turning/Crossing accident,Daylight,Dry
12776,202079,9,Dammvorstadt,2019,12,13,6,3,0,6,0,0,1,0,0,0,1,0,Treptow-Köpenick,Accident with minor injuries,Others,Collision involving vehicles going in the same way,Daylight,Dry
12777,202080,12,Scharnweberstraße,2019,12,12,6,3,6,4,0,0,1,1,0,0,0,0,Reinickendorf,Accident with minor injuries,Collision between vehicle and pedestrian,Pedestrian crossing accident,Daylight,Dry
12778,202081,7,Grazer Platz,2019,12,11,6,3,5,3,0,0,1,0,0,0,1,0,Tempelhof-Schöneberg,Accident with minor injuries,Collision with a turning/crossing vehicle,Turning/Crossing accident,Daylight,Dry
12779,202082,6,Augustaplatz,2019,12,7,6,3,6,2,1,0,1,1,0,0,0,1,Steglitz-Zehlendorf,Accident with minor injuries,Collision between vehicle and pedestrian,Turning accident,Twilight,Wet/moist/slippery
12780,202083,7,Nollendorfplatz,2019,12,10,6,3,5,3,0,1,1,0,0,0,0,0,Tempelhof-Schöneberg,Accident with minor injuries,Collision with a turning/crossing vehicle,Turning/Crossing accident,Daylight,Dry
12781,202084,4,George-Grosz-Platz,2019,12,10,6,3,5,2,0,0,1,0,1,0,0,0,Charlottenburg - Wilmersdorf,Accident with minor injuries,Collision with a turning/crossing vehicle,Turning accident,Daylight,Dry
12782,202085,7,John-Locke-Straße,2019,12,10,6,3,0,1,0,1,0,0,0,0,0,2,Tempelhof-Schöneberg,Accident with minor injuries,Others,Driving accident,Daylight,Snowy
12783,202086,10,Alt-Marzahn,2019,12,10,6,3,0,1,0,0,0,0,1,0,0,2,Marzahn-Hellersdorf,Accident with minor injuries,Others,Driving accident,Daylight,Snowy
12784,202087,4,Preußenpark,2019,12,9,6,2,6,2,0,0,1,1,0,0,0,0,Charlottenburg - Wilmersdorf,Accident with serious injuries,Collision between vehicle and pedestrian,Turning accident,Daylight,Dry
12785,202088,9,Adlershof West,2019,12,9,6,3,4,1,0,0,1,0,0,0,0,2,Treptow-Köpenick,Accident with minor injuries,Collision with oncoming vehicle,Driving accident,Daylight,Snowy
12786,202089,6,Oberhofer Platz,2019,12,8,6,3,5,3,0,0,0,0,1,1,0,1,Steglitz-Zehlendorf,Accident with minor injuries,Collision with a turning/crossing vehicle,Turning/Crossing accident,Daylight,Wet/moist/slippery
12787,202090,4,Prager Platz,2019,12,8,6,3,5,2,0,1,1,0,0,0,0,0,Charlottenburg - Wilmersdorf,Accident with minor injuries,Collision with a turning/crossing vehicle,Turning accident,Daylight,Dry
12788,202091,1,Hansaviertel,2019,12,8,6,2,0,1,1,0,0,0,1,0,0,2,Mitte,Accident with serious injuries,Others,Driving accident,Twilight,Snowy
12789,202092,12,Lübarser Straße,2019,12,8,6,3,3,6,0,1,1,0,0,0,0,0,Reinickendorf,Accident with minor injuries,Collision with a vehicle traveling laterally in the same direction,Collision involving vehicles going in the same way,Daylight,Dry
12790,202093,4,Stadion Wilmersdorf,2019,12,7,6,3,5,2,1,1,0,0,0,0,1,0,Charlottenburg - Wilmersdorf,Accident with minor injuries,Collision with a turning/crossing vehicle,Turning accident,Twilight,Dry
12791,202094,7,Germaniagarten,2019,12,7,6,3,5,2,0,1,1,0,0,0,0,1,Tempelhof-Schöneberg,Accident with minor injuries,Collision with a turning/crossing vehicle,Turning accident,Daylight,Wet/moist/slippery
12792,202095,11,Karlshorst West,2019,12,7,6,3,5,7,2,1,1,0,0,0,0,1,Lichtenberg,Accident with minor injuries,Collision with a turning/crossing vehicle,Others,Dark,Wet/moist/slippery
12793,202096,4,Breitscheidplatz,2019,12,14,6,2,6,4,0,0,1,1,0,0,0,0,Charlottenburg - Wilmersdorf,Accident with serious injuries,Collision between vehicle and pedestrian,Pedestrian crossing accident,Daylight,Dry
12794,202097,1,Unter den Linden Nord,2019,12,19,6,3,5,3,2,0,1,0,0,0,0,0,Mitte,Accident with minor injuries,Collision with a turning/crossing vehicle,Turning/Crossing accident,Dark,Dry
12795,202098,3,Falkplatz,2019,12,19,6,2,0,1,2,1,0,0,0,0,0,0,Pankow,Accident with serious injuries,Others,Driving accident,Dark,Dry
12796,202099,5,Darbystraße,2019,12,19,6,3,2,6,2,0,1,0,0,0,0,0,Spandau,Accident with minor injuries,Collision with the vehicle in front/waiting vehicle,Collision involving vehicles going in the same way,Dark,Dry
12797,202100,9,Elsenstraße,2019,12,18,6,3,1,5,2,1,1,0,0,0,0,0,Treptow-Köpenick,Accident with minor injuries,Collision with a moving/standing/parked vehicle,Accident involving parked vehicles,Dark,Dry
12798,202101,1,Rehberge,2019,12,18,6,2,5,3,2,1,1,0,0,0,0,0,Mitte,Accident with serious injuries,Collision with a turning/crossing vehicle,Turning/Crossing accident,Dark,Dry
12799,202102,7,Hundsteinweg,2019,12,17,6,3,2,6,2,0,1,0,0,0,0,0,Tempelhof-Schöneberg,Accident with minor injuries,Collision with the vehicle in front/waiting vehicle,Collision involving vehicles going in the same way,Dark,Dry
12800,202103,11,Mühlengrund,2019,12,17,6,3,2,6,2,0,1,0,0,0,0,1,Lichtenberg,Accident with minor injuries,Collision with the vehicle in front/waiting vehicle,Collision involving vehicles going in the same way,Dark,Wet/moist/slippery
12801,202104,5,Carl-Schurz-Straße,2019,12,16,6,3,0,6,2,0,1,0,0,0,1,0,Spandau,Accident with minor injuries,Others,Collision involving vehicles going in the same way,Dark,Dry
12802,202105,6,Südende,2019,12,16,6,3,2,2,1,0,1,0,0,0,0,0,Steglitz-Zehlendorf,Accident with minor injuries,Collision with the vehicle in front/waiting vehicle,Turning accident,Twilight,Dry
12803,202106,1,Thomasiusstraße,2019,12,16,6,3,0,1,0,1,0,0,0,0,0,0,Mitte,Accident with minor injuries,Others,Driving accident,Daylight,Dry
12804,202107,3,Wilhelmsruh,2019,12,16,6,3,8,1,2,0,1,0,0,0,0,0,Pankow,Accident with minor injuries,Departure from the roadway to the right,Driving accident,Dark,Dry
12805,202108,5,Carl-Schurz-Straße,2019,12,15,6,3,5,3,0,0,1,0,0,0,1,0,Spandau,Accident with minor injuries,Collision with a turning/crossing vehicle,Turning/Crossing accident,Daylight,Dry
12806,202109,1,Unter den Linden Nord,2019,12,15,6,3,2,2,2,0,0,0,0,0,1,1,Mitte,Accident with minor injuries,Collision with the vehicle in front/waiting vehicle,Turning accident,Dark,Wet/moist/slippery
12807,202110,2,Richard-Sorge-Viertel,2019,12,15,6,3,2,7,0,1,1,0,0,0,0,0,Friedrichshain - Kreuzberg,Accident with minor injuries,Collision with the vehicle in front/waiting vehicle,Others,Daylight,Dry
12808,202111,3,Niederschönhausen,2019,12,14,6,3,6,4,0,0,1,1,0,0,0,0,Pankow,Accident with minor injuries,Collision between vehicle and pedestrian,Pedestrian crossing accident,Daylight,Dry
12809,202112,3,Pankow Zentrum,2019,12,6,5,3,6,7,2,1,0,1,0,0,0,0,Pankow,Accident with minor injuries,Collision between vehicle and pedestrian,Others,Dark,Dry
12810,202113,4,Halensee,2019,12,13,5,2,6,4,0,0,1,1,0,0,0,0,Charlottenburg - Wilmersdorf,Accident with serious injuries,Collision between vehicle and pedestrian,Pedestrian crossing accident,Daylight,Dry
12811,202114,2,Wrangelkiez,2019,12,11,5,3,5,2,0,1,1,0,0,0,0,0,Friedrichshain - Kreuzberg,Accident with minor injuries,Collision with a turning/crossing vehicle,Turning accident,Daylight,Dry
12812,202115,1,Charitéviertel,2019,12,16,5,3,3,6,2,1,0,0,0,0,1,0,Mitte,Accident with minor injuries,Collision with a vehicle traveling laterally in the same direction,Collision involving vehicles going in the same way,Dark,Dry
12813,202116,8,Donaustraße,2019,12,16,5,3,5,3,2,1,1,0,0,0,0,0,Neukölln,Accident with minor injuries,Collision with a turning/crossing vehicle,Turning/Crossing accident,Dark,Dry
12814,202117,12,Märkisches Zentrum,2019,12,16,5,3,6,4,1,0,1,1,0,0,0,1,Reinickendorf,Accident with minor injuries,Collision between vehicle and pedestrian,Pedestrian crossing accident,Twilight,Wet/moist/slippery
12815,202118,6,Thielallee,2019,12,15,5,3,3,6,2,0,1,0,0,0,0,1,Steglitz-Zehlendorf,Accident with minor injuries,Collision with a vehicle traveling laterally in the same direction,Collision involving vehicles going in the same way,Dark,Wet/moist/slippery
12816,202119,7,Birnhornweg,2019,12,15,5,3,5,3,1,0,1,0,0,0,0,1,Tempelhof-Schöneberg,Accident with minor injuries,Collision with a turning/crossing vehicle,Turning/Crossing accident,Twilight,Wet/moist/slippery
12817,202120,9,Johannisthal West,2019,12,15,5,3,5,3,2,0,1,0,0,0,0,1,Treptow-Köpenick,Accident with minor injuries,Collision with a turning/crossing vehicle,Turning/Crossing accident,Dark,Wet/moist/slippery
12818,202121,1,Wilhelmstraße,2019,12,14,5,3,1,5,0,0,1,0,0,0,0,0,Mitte,Accident with minor injuries,Collision with a moving/standing/parked vehicle,Accident involving parked vehicles,Daylight,Dry
12819,202122,8,Rixdorf,2019,12,20,5,3,6,7,2,0,0,1,0,0,1,1,Neukölln,Accident with minor injuries,Collision between vehicle and pedestrian,Others,Dark,Wet/moist/slippery
12820,202123,1,Brunnenstraße,2019,12,13,5,3,0,5,0,0,1,0,1,0,0,1,Mitte,Accident with minor injuries,Others,Accident involving parked vehicles,Daylight,Wet/moist/slippery
12821,202124,6,Goerzwerke,2019,12,13,5,3,2,2,0,0,1,0,0,0,0,1,Steglitz-Zehlendorf,Accident with minor injuries,Collision with the vehicle in front/waiting vehicle,Turning accident,Daylight,Wet/moist/slippery
12822,202125,1,Reinickendorfer Straße,2019,12,12,5,3,5,3,0,1,1,0,0,0,0,1,Mitte,Accident with minor injuries,Collision with a turning/crossing vehicle,Turning/Crossing accident,Daylight,Wet/moist/slippery
12823,202126,10,Mahlsdorf Nord,2019,12,12,5,3,5,3,0,1,1,0,0,0,0,1,Marzahn-Hellersdorf,Accident with minor injuries,Collision with a turning/crossing vehicle,Turning/Crossing accident,Daylight,Wet/moist/slippery
12824,202127,11,Victoriastadt,2019,12,12,5,3,0,1,0,0,0,0,1,0,0,1,Lichtenberg,Accident with minor injuries,Others,Driving accident,Daylight,Wet/moist/slippery
12825,202128,9,Johannisthal West,2019,12,12,5,2,5,2,1,1,0,0,0,1,0,0,Treptow-Köpenick,Accident with serious injuries,Collision with a turning/crossing vehicle,Turning accident,Twilight,Dry
12826,202129,9,Johannisthal West,2019,12,11,5,3,8,1,0,0,1,0,0,0,0,1,Treptow-Köpenick,Accident with minor injuries,Departure from the roadway to the right,Driving accident,Daylight,Wet/moist/slippery
12827,202130,1,Oranienburger Straße,2019,12,11,5,3,5,3,0,0,1,0,1,0,0,1,Mitte,Accident with minor injuries,Collision with a turning/crossing vehicle,Turning/Crossing accident,Daylight,Wet/moist/slippery
12828,202131,2,Mehringplatz,2019,12,10,5,3,0,5,0,0,1,0,0,0,0,0,Friedrichshain - Kreuzberg,Accident with minor injuries,Others,Accident involving parked vehicles,Daylight,Dry
12829,202132,8,Buckow Mitte,2019,12,10,5,2,2,6,0,0,1,0,0,1,0,0,Neukölln,Accident with serious injuries,Collision with the vehicle in front/waiting vehicle,Collision involving vehicles going in the same way,Daylight,Dry
12830,202133,9,Dammvorstadt,2019,12,9,5,3,3,6,0,0,1,0,0,0,1,1,Treptow-Köpenick,Accident with minor injuries,Collision with a vehicle traveling laterally in the same direction,Collision involving vehicles going in the same way,Daylight,Wet/moist/slippery
12831,202134,2,Viktoriapark,2019,12,21,5,2,5,3,2,1,0,0,0,0,0,1,Friedrichshain - Kreuzberg,Accident with serious injuries,Collision with a turning/crossing vehicle,Turning/Crossing accident,Dark,Wet/moist/slippery
12832,202135,1,Invalidenstraße,2019,12,20,5,3,1,5,0,1,1,0,0,0,0,0,Mitte,Accident with minor injuries,Collision with a moving/standing/parked vehicle,Accident involving parked vehicles,Daylight,Dry
12833,202136,8,Buschkrugallee Nord,2019,12,19,5,2,6,1,2,0,1,1,0,0,0,0,Neukölln,Accident with serious injuries,Collision between vehicle and pedestrian,Driving accident,Dark,Dry
12834,202137,5,Zitadellenweg,2019,12,19,5,3,2,6,2,0,1,0,0,0,0,0,Spandau,Accident with minor injuries,Collision with the vehicle in front/waiting vehicle,Collision involving vehicles going in the same way,Dark,Dry
12835,202138,6,Zehlendorf Mitte,2019,12,18,5,3,5,3,2,1,1,0,0,0,0,1,Steglitz-Zehlendorf,Accident with minor injuries,Collision with a turning/crossing vehicle,Turning/Crossing accident,Dark,Wet/moist/slippery
12836,202139,2,Oranienplatz,2019,12,18,5,3,2,2,2,1,1,0,0,0,0,0,Friedrichshain - Kreuzberg,Accident with minor injuries,Collision with the vehicle in front/waiting vehicle,Turning accident,Dark,Dry
12837,202140,3,Heinersdorf,2019,12,17,5,2,5,3,2,0,1,0,0,0,0,1,Pankow,Accident with serious injuries,Collision with a turning/crossing vehicle,Turning/Crossing accident,Dark,Wet/moist/slippery
12838,202141,3,Rennbahnstraße,2019,12,17,5,2,6,4,2,0,1,1,0,0,0,1,Pankow,Accident with serious injuries,Collision between vehicle and pedestrian,Pedestrian crossing accident,Dark,Wet/moist/slippery
12839,202142,4,Plötzensee,2019,12,16,5,3,5,2,2,0,1,0,0,0,0,0,Charlottenburg - Wilmersdorf,Accident with minor injuries,Collision with a turning/crossing vehicle,Turning accident,Dark,Dry
12840,202143,1,Unter den Linden Süd,2019,12,8,5,3,5,3,0,0,1,0,0,0,1,1,Mitte,Accident with minor injuries,Collision with a turning/crossing vehicle,Turning/Crossing accident,Daylight,Wet/moist/slippery
12841,202144,9,Köpenicker Landstraße,2019,12,7,5,3,3,5,0,0,0,0,1,0,1,1,Treptow-Köpenick,Accident with minor injuries,Collision with a vehicle traveling laterally in the same direction,Accident involving parked vehicles,Daylight,Wet/moist/slippery
12842,202145,3,Pankow Süd,2019,12,7,5,3,5,2,0,0,1,0,0,0,0,1,Pankow,Accident with minor injuries,Collision with a turning/crossing vehicle,Turning accident,Daylight,Wet/moist/slippery
12843,202146,3,Volkspark Prenzlauer Berg,2019,12,7,5,3,2,6,1,0,1,0,0,0,0,1,Pankow,Accident with minor injuries,Collision with the vehicle in front/waiting vehicle,Collision involving vehicles going in the same way,Twilight,Wet/moist/slippery
12844,202147,6,Teltower Damm,2019,12,7,5,2,6,4,0,0,1,1,0,0,0,1,Steglitz-Zehlendorf,Accident with serious injuries,Collision between vehicle and pedestrian,Pedestrian crossing accident,Daylight,Wet/moist/slippery
12845,202148,1,Brunnenstraße,2019,12,7,5,3,5,2,2,0,1,0,0,0,0,1,Mitte,Accident with minor injuries,Collision with a turning/crossing vehicle,Turning accident,Dark,Wet/moist/slippery
12846,202149,9,Dammvorstadt,2019,12,6,5,3,4,6,2,1,0,0,0,0,0,1,Treptow-Köpenick,Accident with minor injuries,Collision with oncoming vehicle,Collision involving vehicles going in the same way,Dark,Wet/moist/slippery
12847,202150,8,Alt-Rudow,2019,12,6,5,3,6,2,1,0,0,1,0,0,1,1,Neukölln,Accident with minor injuries,Collision between vehicle and pedestrian,Turning accident,Twilight,Wet/moist/slippery
12848,202151,12,Hermsdorf,2019,12,6,5,3,2,6,2,0,1,0,0,0,0,1,Reinickendorf,Accident with minor injuries,Collision with the vehicle in front/waiting vehicle,Collision involving vehicles going in the same way,Dark,Wet/moist/slippery
12849,202152,5,Magistratsweg,2019,12,5,5,3,6,2,2,0,0,1,0,0,1,1,Spandau,Accident with minor injuries,Collision between vehicle and pedestrian,Turning accident,Dark,Wet/moist/slippery
12850,202153,9,Baumschulenstraße,2019,12,7,4,3,4,5,0,1,1,0,0,0,0,0,Treptow-Köpenick,Accident with minor injuries,Collision with oncoming vehicle,Accident involving parked vehicles,Daylight,Dry
12851,202154,3,Helmholtzplatz,2019,12,16,4,3,0,6,1,1,1,0,0,0,0,0,Pankow,Accident with minor injuries,Others,Collision involving vehicles going in the same way,Twilight,Dry
12852,202155,8,Donaustraße,2019,12,20,4,3,0,2,2,1,0,0,0,0,1,0,Neukölln,Accident with minor injuries,Others,Turning accident,Dark,Dry
12853,202156,12,Wittenau Nord,2019,12,20,4,3,1,1,2,0,1,0,0,0,0,2,Reinickendorf,Accident with minor injuries,Collision with a moving/standing/parked vehicle,Driving accident,Dark,Snowy
12854,202157,3,Rennbahnstraße,2019,12,17,4,3,4,6,1,0,1,0,1,0,0,0,Pankow,Accident with minor injuries,Collision with oncoming vehicle,Collision involving vehicles going in the same way,Twilight,Dry
12855,202158,1,Emdener Straße,2019,12,17,4,3,5,2,2,1,1,0,0,0,0,0,Mitte,Accident with minor injuries,Collision with a turning/crossing vehicle,Turning accident,Dark,Dry
12856,202159,6,Oberhofer Platz,2019,12,16,4,3,5,3,0,0,1,0,0,0,0,0,Steglitz-Zehlendorf,Accident with minor injuries,Collision with a turning/crossing vehicle,Turning/Crossing accident,Daylight,Dry
12857,202160,9,Adlershof Ost,2019,12,16,4,3,6,4,2,0,1,1,0,0,0,0,Treptow-Köpenick,Accident with minor injuries,Collision between vehicle and pedestrian,Pedestrian crossing accident,Dark,Dry
12858,202161,11,Falkenberg West,2019,12,16,4,3,5,2,2,0,1,0,0,0,0,0,Lichtenberg,Accident with minor injuries,Collision with a turning/crossing vehicle,Turning accident,Dark,Dry
12859,202162,1,Humboldthain Nordwest,2019,12,15,4,3,5,3,0,0,1,0,0,0,0,1,Mitte,Accident with minor injuries,Collision with a turning/crossing vehicle,Turning/Crossing accident,Daylight,Wet/moist/slippery
12860,202163,10,Alt-Marzahn,2019,12,15,4,3,2,2,1,0,1,0,0,0,0,0,Marzahn-Hellersdorf,Accident with minor injuries,Collision with the vehicle in front/waiting vehicle,Turning accident,Twilight,Dry
12861,202164,4,George-Grosz-Platz,2019,12,15,4,3,0,6,0,0,1,0,0,0,1,0,Charlottenburg - Wilmersdorf,Accident with minor injuries,Others,Collision involving vehicles going in the same way,Daylight,Dry
12862,202165,5,Zitadellenweg,2019,12,15,4,2,9,1,0,0,1,0,0,0,0,0,Spandau,Accident with serious injuries,Departure from the roadway to the left,Driving accident,Daylight,Dry
12863,202166,5,Maulbeerallee,2019,12,14,4,2,5,2,0,0,1,0,0,0,0,0,Spandau,Accident with serious injuries,Collision with a turning/crossing vehicle,Turning accident,Daylight,Dry
12864,202167,7,Marienhöhe,2019,12,13,4,3,6,4,0,0,1,1,0,0,0,0,Tempelhof-Schöneberg,Accident with minor injuries,Collision between vehicle and pedestrian,Pedestrian crossing accident,Daylight,Dry
12865,202168,4,Schloßstraße,2019,12,13,4,3,0,4,0,1,0,1,0,0,0,0,Charlottenburg - Wilmersdorf,Accident with minor injuries,Others,Pedestrian crossing accident,Daylight,Dry
12866,202169,1,Heine-Viertel West,2019,12,12,4,3,5,2,0,1,1,0,0,0,0,0,Mitte,Accident with minor injuries,Collision with a turning/crossing vehicle,Turning accident,Daylight,Dry