,object id,district,street,year,month,hour of day,weekday,category,accident type,accident type 2,light situation,bike involved,car involved,pedestrian involved,motor bike involved,big track involved,other vehicle involved,road condition,district name,category name,accident detail,accident type detail,light condition,road condition detail
12867,202170,8,Parchimer Allee,2019,12,12,4,3,0,2,0,0,1,0,0,0,1,0,Neukölln,Accident with minor injuries,Others,Turning accident,Daylight,Dry
12868,202171,3,Heinersdorf,2019,12,7,4,3,0,6,1,0,1,0,0,0,1,0,Pankow,Accident with minor injuries,Others,Collision involving vehicles going in the same way,Twilight,Dry
12869,202172,9,Adlershof West,2019,12,7,4,3,2,2,1,0,1,0,0,0,0,0,Treptow-Köpenick,Accident with minor injuries,Collision with the vehicle in front/waiting vehicle,Turning accident,Twilight,Dry
12870,202173,4,Babelsberger Straße,2019,12,6,4,3,6,2,2,0,1,1,0,0,0,0,Charlottenburg - Wilmersdorf,Accident with minor injuries,Collision between vehicle and pedestrian,Turning accident,Dark,Dry
12871,202174,12,Schorfheidestraße,2019,12,22,4,2,6,4,2,0,0,1,1,0,0,0,Reinickendorf,Accident with serious injuries,Collision between vehicle and pedestrian,Pedestrian crossing accident,Dark,Dry
12872,202175,1,Reinickendorfer Straße,2019,12,19,4,3,2,6,2,0,1,0,0,0,0,0,Mitte,Accident with minor injuries,Collision with the vehicle in front/waiting vehicle,Collision involving vehicles going in the same way,Dark,Dry
12873,202176,1,Leipziger Straße,2019,12,17,4,3,6,2,2,1,0,1,0,0,0,0,Mitte,Accident with minor injuries,Collision between vehicle and pedestrian,Turning accident,Dark,Dry
12874,202177,4,Schloßgarten,2019,12,15,4,1,5,3,0,1,1,0,0,0,0,0,Charlottenburg - Wilmersdorf,Accident with fatalities,Collision with a turning/crossing vehicle,Turning/Crossing accident,Daylight,Dry
12875,202178,9,Bohnsdorf,2019,12,17,3,3,6,6,2,0,1,1,0,0,0,0,Treptow-Köpenick,Accident with minor injuries,Collision between vehicle and pedestrian,Collision involving vehicles going in the same way,Dark,Dry
12876,202179,12,Waldidyll/Flughafensee,2019,12,7,3,3,2,6,0,0,1,0,0,0,0,0,Reinickendorf,Accident with minor injuries,Collision with the vehicle in front/waiting vehicle,Collision involving vehicles going in the same way,Daylight,Dry
12877,202180,1,Unter den Linden Süd,2019,12,14,3,3,3,2,0,1,0,0,0,0,1,0,Mitte,Accident with minor injuries,Collision with a vehicle traveling laterally in the same direction,Turning accident,Daylight,Dry
12878,202181,12,Waldidyll/Flughafensee,2019,12,11,3,2,6,7,0,0,1,1,0,1,1,0,Reinickendorf,Accident with serious injuries,Collision between vehicle and pedestrian,Others,Daylight,Dry
12879,202182,7,Marienfelder Allee Nordwest,2019,12,16,3,3,6,7,2,0,0,1,0,0,1,0,Tempelhof-Schöneberg,Accident with minor injuries,Collision between vehicle and pedestrian,Others,Dark,Dry
12880,202183,4,Bismarckallee,2019,12,15,3,3,2,6,1,0,1,0,0,0,1,0,Charlottenburg - Wilmersdorf,Accident with minor injuries,Collision with the vehicle in front/waiting vehicle,Collision involving vehicles going in the same way,Twilight,Dry
12881,202184,12,Hermsdorf,2019,12,15,3,3,2,2,1,0,1,0,0,0,0,0,Reinickendorf,Accident with minor injuries,Collision with the vehicle in front/waiting vehicle,Turning accident,Twilight,Dry
12882,202185,1,Stephankiez,2019,12,23,3,3,5,2,2,0,1,0,1,0,0,0,Mitte,Accident with minor injuries,Collision with a turning/crossing vehicle,Turning accident,Dark,Dry
12883,202186,7,Franziusweg/Rohrbachstraße,2019,12,14,3,3,5,3,0,1,1,0,0,0,0,0,Tempelhof-Schöneberg,Accident with minor injuries,Collision with a turning/crossing vehicle,Turning/Crossing accident,Daylight,Dry
12884,202187,4,Flinsberger Platz,2019,12,13,3,3,5,3,0,0,1,0,0,0,0,0,Charlottenburg - Wilmersdorf,Accident with minor injuries,Collision with a turning/crossing vehicle,Turning/Crossing accident,Daylight,Dry
12885,202188,7,Manteuffelstraße,2019,12,13,3,3,6,2,0,0,1,1,0,0,0,0,Tempelhof-Schöneberg,Accident with minor injuries,Collision between vehicle and pedestrian,Turning accident,Daylight,Dry
12886,202189,11,Herzbergstraße,2019,12,13,3,3,2,6,0,0,1,0,0,0,0,0,Lichtenberg,Accident with minor injuries,Collision with the vehicle in front/waiting vehicle,Collision involving vehicles going in the same way,Daylight,Dry
12887,202190,11,Hauptstraße,2019,12,12,3,3,1,5,0,1,1,0,0,0,0,1,Lichtenberg,Accident with minor injuries,Collision with a moving/standing/parked vehicle,Accident involving parked vehicles,Daylight,Wet/moist/slippery
12888,202191,9,Adlershof West,2019,12,12,3,3,5,2,0,1,1,0,0,0,0,1,Treptow-Köpenick,Accident with minor injuries,Collision with a turning/crossing vehicle,Turning accident,Daylight,Wet/moist/slippery
12889,202192,1,Emdener Straße,2019,12,12,3,3,5,2,0,1,1,0,0,0,0,2,Mitte,Accident with minor injuries,Collision with a turning/crossing vehicle,Turning accident,Daylight,Snowy
12890,202193,5,Adamstraße,2019,12,11,3,3,1,5,0,0,1,0,1,0,0,0,Spandau,Accident with minor injuries,Collision with a moving/standing/parked vehicle,Accident involving parked vehicles,Daylight,Dry
12891,202194,2,Chamissokiez,2019,12,10,3,3,1,5,0,0,1,0,0,0,0,1,Friedrichshain - Kreuzberg,Accident with minor injuries,Collision with a moving/standing/parked vehicle,Accident involving parked vehicles,Daylight,Wet/moist/slippery
12892,202195,2,Wrangelkiez,2019,12,10,3,3,6,7,0,0,1,1,0,0,0,0,Friedrichshain - Kreuzberg,Accident with minor injuries,Collision between vehicle and pedestrian,Others,Daylight,Dry
12893,202196,4,Preußenpark,2019,12,9,3,2,5,2,0,1,1,0,0,0,0,0,Charlottenburg - Wilmersdorf,Accident with serious injuries,Collision with a turning/crossing vehicle,Turning accident,Daylight,Dry
12894,202197,5,Carl-Schurz-Straße,2019,12,10,3,3,2,6,0,0,1,0,0,0,0,1,Spandau,Accident with minor injuries,Collision with the vehicle in front/waiting vehicle,Collision involving vehicles going in the same way,Daylight,Wet/moist/slippery
12895,202198,3,Schönholz,2019,12,9,3,3,1,5,0,0,1,0,0,0,1,0,Pankow,Accident with minor injuries,Collision with a moving/standing/parked vehicle,Accident involving parked vehicles,Daylight,Dry
12896,202199,10,Alt-Mahlsdorf,2019,12,8,3,3,7,7,0,1,0,0,0,0,0,0,Marzahn-Hellersdorf,Accident with minor injuries,Collision with a road obstacle,Others,Daylight,Dry
12897,202200,2,Viktoriapark,2019,12,22,3,3,5,3,2,1,1,0,0,0,0,1,Friedrichshain - Kreuzberg,Accident with minor injuries,Collision with a turning/crossing vehicle,Turning/Crossing accident,Dark,Wet/moist/slippery
12898,202201,1,Huttenkiez,2019,12,20,3,3,5,2,2,0,1,0,0,0,0,0,Mitte,Accident with minor injuries,Collision with a turning/crossing vehicle,Turning accident,Dark,Dry
12899,202202,9,Adlershof Ost,2019,12,20,3,3,5,2,2,0,1,0,0,0,0,1,Treptow-Köpenick,Accident with minor injuries,Collision with a turning/crossing vehicle,Turning accident,Dark,Wet/moist/slippery
12900,202203,2,Urbanstraße,2019,12,19,3,3,6,4,2,0,1,1,0,0,0,0,Friedrichshain - Kreuzberg,Accident with minor injuries,Collision between vehicle and pedestrian,Pedestrian crossing accident,Dark,Dry
12901,202204,5,Kurstraße,2019,12,19,3,3,1,5,2,0,1,0,0,0,0,0,Spandau,Accident with minor injuries,Collision with a moving/standing/parked vehicle,Accident involving parked vehicles,Dark,Dry
12902,202205,7,Neu-Tempelhof,2019,12,19,3,3,1,5,2,0,1,0,0,0,0,0,Tempelhof-Schöneberg,Accident with minor injuries,Collision with a moving/standing/parked vehicle,Accident involving parked vehicles,Dark,Dry
12903,202206,1,Nördlicher Landwehrkanal,2019,12,19,3,3,5,3,2,0,1,0,1,0,0,0,Mitte,Accident with minor injuries,Collision with a turning/crossing vehicle,Turning/Crossing accident,Dark,Dry
12904,202207,3,Pankow Süd,2019,12,18,3,3,2,6,2,0,1,0,0,0,0,0,Pankow,Accident with minor injuries,Collision with the vehicle in front/waiting vehicle,Collision involving vehicles going in the same way,Dark,Dry
12905,202208,4,Breitscheidplatz,2019,12,17,3,3,1,5,2,1,1,0,0,0,0,1,Charlottenburg - Wilmersdorf,Accident with minor injuries,Collision with a moving/standing/parked vehicle,Accident involving parked vehicles,Dark,Wet/moist/slippery
12906,202209,6,Zehlendorf Süd,2019,12,17,3,3,6,2,2,0,1,1,0,0,0,0,Steglitz-Zehlendorf,Accident with minor injuries,Collision between vehicle and pedestrian,Turning accident,Dark,Dry
12907,202210,1,Emdener Straße,2019,12,17,3,3,1,5,2,1,1,0,0,0,1,0,Mitte,Accident with minor injuries,Collision with a moving/standing/parked vehicle,Accident involving parked vehicles,Dark,Dry
12908,202211,8,Gropiusstadt Nord,2019,12,16,3,2,5,3,2,0,1,0,0,0,0,0,Neukölln,Accident with serious injuries,Collision with a turning/crossing vehicle,Turning/Crossing accident,Dark,Dry
12909,202212,6,Alt-Lankwitz,2019,12,16,3,3,5,3,1,1,1,0,0,0,0,0,Steglitz-Zehlendorf,Accident with minor injuries,Collision with a turning/crossing vehicle,Turning/Crossing accident,Twilight,Dry
12910,202213,4,Kranzallee,2019,12,7,3,2,0,1,2,1,0,0,0,0,0,2,Charlottenburg - Wilmersdorf,Accident with serious injuries,Others,Driving accident,Dark,Snowy
12911,202214,7,Friedenau,2019,12,6,3,3,5,2,2,0,1,0,0,0,0,1,Tempelhof-Schöneberg,Accident with minor injuries,Collision with a turning/crossing vehicle,Turning accident,Dark,Wet/moist/slippery
12912,202215,11,Hauptstraße,2019,12,4,3,3,0,2,2,1,0,0,0,0,1,1,Lichtenberg,Accident with minor injuries,Others,Turning accident,Dark,Wet/moist/slippery
12913,202216,2,Richard-Sorge-Viertel,2019,12,16,3,3,6,4,2,0,1,1,0,0,0,0,Friedrichshain - Kreuzberg,Accident with minor injuries,Collision between vehicle and pedestrian,Pedestrian crossing accident,Dark,Dry
12914,202217,11,Fennpfuhl West,2019,12,0,3,2,9,1,2,0,1,0,0,0,0,1,Lichtenberg,Accident with serious injuries,Departure from the roadway to the left,Driving accident,Dark,Wet/moist/slippery
12915,202218,1,Emdener Straße,2019,12,8,3,3,0,2,0,0,0,1,0,0,1,0,Mitte,Accident with minor injuries,Others,Turning accident,Daylight,Dry
12916,202219,6,Dahlem,2019,12,8,3,3,0,1,0,1,0,0,0,0,0,2,Steglitz-Zehlendorf,Accident with minor injuries,Others,Driving accident,Daylight,Snowy
12917,202220,4,Flinsberger Platz,2019,12,7,3,3,5,2,0,0,1,0,0,0,0,1,Charlottenburg - Wilmersdorf,Accident with minor injuries,Collision with a turning/crossing vehicle,Turning accident,Daylight,Wet/moist/slippery
12918,202221,3,Alt-Karow,2019,12,7,3,3,6,7,0,1,0,1,0,0,0,0,Pankow,Accident with minor injuries,Collision between vehicle and pedestrian,Others,Daylight,Dry
12919,202222,4,Schloßgarten,2019,12,7,3,3,5,2,1,0,1,0,0,0,0,0,Charlottenburg - Wilmersdorf,Accident with minor injuries,Collision with a turning/crossing vehicle,Turning accident,Twilight,Dry
12920,202223,12,Waldidyll/Flughafensee,2019,12,7,3,2,5,3,2,0,1,0,0,1,0,1,Reinickendorf,Accident with serious injuries,Collision with a turning/crossing vehicle,Turning/Crossing accident,Dark,Wet/moist/slippery
12921,202224,12,Wittenau Süd,2019,12,20,2,3,2,6,2,0,1,0,0,0,0,1,Reinickendorf,Accident with minor injuries,Collision with the vehicle in front/waiting vehicle,Collision involving vehicles going in the same way,Dark,Wet/moist/slippery
12922,202225,9,Siedlung Kämmereiheide,2019,12,17,2,3,6,6,0,1,0,1,0,0,0,0,Treptow-Köpenick,Accident with minor injuries,Collision between vehicle and pedestrian,Collision involving vehicles going in the same way,Daylight,Dry
12923,202226,1,Wilhelmstraße,2019,12,9,2,3,5,3,0,1,1,0,0,0,0,1,Mitte,Accident with minor injuries,Collision with a turning/crossing vehicle,Turning/Crossing accident,Daylight,Wet/moist/slippery
12924,202227,8,Parchimer Allee,2019,12,12,2,3,5,3,0,1,1,0,0,0,0,0,Neukölln,Accident with minor injuries,Collision with a turning/crossing vehicle,Turning/Crossing accident,Daylight,Dry
12925,202228,5,Jägerallee,2019,12,15,2,3,2,6,1,0,1,0,0,0,0,1,Spandau,Accident with minor injuries,Collision with the vehicle in front/waiting vehicle,Collision involving vehicles going in the same way,Twilight,Wet/moist/slippery
12926,202229,12,Alt-Tegel,2019,12,21,2,3,6,4,2,0,1,1,0,0,0,1,Reinickendorf,Accident with minor injuries,Collision between vehicle and pedestrian,Pedestrian crossing accident,Dark,Wet/moist/slippery
12927,202230,6,Munsterdamm,2019,12,20,2,3,0,7,2,1,1,0,0,0,0,1,Steglitz-Zehlendorf,Accident with minor injuries,Others,Others,Dark,Wet/moist/slippery
12928,202231,11,Herzbergstraße,2019,12,19,2,3,3,6,2,0,1,0,0,0,0,1,Lichtenberg,Accident with minor injuries,Collision with a vehicle traveling laterally in the same direction,Collision involving vehicles going in the same way,Dark,Wet/moist/slippery
12929,202232,2,Viktoriapark,2019,12,19,2,3,6,2,2,0,1,1,0,0,0,1,Friedrichshain - Kreuzberg,Accident with minor injuries,Collision between vehicle and pedestrian,Turning accident,Dark,Wet/moist/slippery
12930,202233,7,Manteuffelstraße,2019,12,19,2,3,6,2,2,0,1,1,0,0,0,1,Tempelhof-Schöneberg,Accident with minor injuries,Collision between vehicle and pedestrian,Turning accident,Dark,Wet/moist/slippery
12931,202234,5,Zitadellenweg,2019,12,20,2,3,2,6,0,0,1,0,0,0,0,1,Spandau,Accident with minor injuries,Collision with the vehicle in front/waiting vehicle,Collision involving vehicles going in the same way,Daylight,Wet/moist/slippery
12932,202235,9,Oberschöneweide Ost,2019,12,19,2,3,5,2,2,0,1,0,1,0,0,1,Treptow-Köpenick,Accident with minor injuries,Collision with a turning/crossing vehicle,Turning accident,Dark,Wet/moist/slippery
12933,202236,2,Samariterviertel,2019,12,5,2,3,0,6,2,0,1,0,1,0,0,1,Friedrichshain - Kreuzberg,Accident with minor injuries,Others,Collision involving vehicles going in the same way,Dark,Wet/moist/slippery
12934,202237,3,Kollwitzplatz,2019,12,18,4,3,5,3,2,1,1,0,0,0,0,0,Pankow,Accident with minor injuries,Collision with a turning/crossing vehicle,Turning/Crossing accident,Dark,Dry
12935,202238,7,Marienfelder Allee Nordwest,2019,12,18,2,3,6,2,2,0,1,1,0,0,0,1,Tempelhof-Schöneberg,Accident with minor injuries,Collision between vehicle and pedestrian,Turning accident,Dark,Wet/moist/slippery
12936,202239,12,Reinickes Hof,2019,12,18,2,2,6,2,2,0,0,1,0,0,1,1,Reinickendorf,Accident with serious injuries,Collision between vehicle and pedestrian,Turning accident,Dark,Wet/moist/slippery
12937,202240,6,Südende,2019,12,17,4,3,5,2,2,0,1,0,0,0,0,0,Steglitz-Zehlendorf,Accident with minor injuries,Collision with a turning/crossing vehicle,Turning accident,Dark,Dry
12938,202241,8,Reuterkiez,2019,12,17,4,3,5,2,2,1,1,0,0,0,0,0,Neukölln,Accident with minor injuries,Collision with a turning/crossing vehicle,Turning accident,Dark,Dry
12939,202242,12,Märkisches Zentrum,2019,12,18,2,2,6,2,2,0,1,1,0,0,0,1,Reinickendorf,Accident with serious injuries,Collision between vehicle and pedestrian,Turning accident,Dark,Wet/moist/slippery
12940,202243,8,Reuterkiez,2019,12,18,2,3,6,4,2,0,1,1,0,0,0,1,Neukölln,Accident with minor injuries,Collision between vehicle and pedestrian,Pedestrian crossing accident,Dark,Wet/moist/slippery
12941,202244,3,Teutoburger Platz,2019,12,17,4,2,9,1,2,0,1,0,0,0,0,0,Pankow,Accident with serious injuries,Departure from the roadway to the left,Driving accident,Dark,Dry
12942,202245,7,Grazer Platz,2019,12,17,4,3,5,2,2,1,1,0,0,0,0,0,Tempelhof-Schöneberg,Accident with minor injuries,Collision with a turning/crossing vehicle,Turning accident,Dark,Dry
12943,202246,6,Königsberger Straße,2019,12,17,2,3,5,2,2,0,1,0,0,0,0,1,Steglitz-Zehlendorf,Accident with minor injuries,Collision with a turning/crossing vehicle,Turning accident,Dark,Wet/moist/slippery
12944,202247,4,Breitscheidplatz,2019,12,13,4,3,2,6,0,1,1,0,0,0,1,0,Charlottenburg - Wilmersdorf,Accident with minor injuries,Collision with the vehicle in front/waiting vehicle,Collision involving vehicles going in the same way,Daylight,Dry
12945,202248,8,Gropiusstadt Süd,2019,12,17,2,3,5,2,2,0,1,0,0,0,1,1,Neukölln,Accident with minor injuries,Collision with a turning/crossing vehicle,Turning accident,Dark,Wet/moist/slippery
12946,202249,4,Reichsstraße,2019,12,11,4,3,2,6,0,0,1,0,0,0,0,0,Charlottenburg - Wilmersdorf,Accident with minor injuries,Collision with the vehicle in front/waiting vehicle,Collision involving vehicles going in the same way,Daylight,Dry
12947,202250,9,Wohngebiet II,2019,12,10,4,3,5,3,0,0,1,0,0,0,0,0,Treptow-Köpenick,Accident with minor injuries,Collision with a turning/crossing vehicle,Turning/Crossing accident,Daylight,Dry
12948,202251,7,Marienfelde Nordost,2019,12,17,2,2,2,2,2,0,1,0,0,1,0,1,Tempelhof-Schöneberg,Accident with serious injuries,Collision with the vehicle in front/waiting vehicle,Turning accident,Dark,Wet/moist/slippery
12949,202252,7,Nollendorfplatz,2019,12,17,2,3,5,3,2,0,1,0,0,0,1,1,Tempelhof-Schöneberg,Accident with minor injuries,Collision with a turning/crossing vehicle,Turning/Crossing accident,Dark,Wet/moist/slippery
12950,202253,9,Dammvorstadt,2019,12,10,4,3,6,7,0,0,1,1,0,0,0,1,Treptow-Köpenick,Accident with minor injuries,Collision between vehicle and pedestrian,Others,Daylight,Wet/moist/slippery
12951,202254,5,Magistratsweg,2019,12,9,4,3,0,1,0,0,0,0,1,0,0,0,Spandau,Accident with minor injuries,Others,Driving accident,Daylight,Dry
12952,202255,6,Königsberger Straße,2019,12,17,2,3,2,6,2,0,1,0,0,0,0,1,Steglitz-Zehlendorf,Accident with minor injuries,Collision with the vehicle in front/waiting vehicle,Collision involving vehicles going in the same way,Dark,Wet/moist/slippery
12953,202256,1,Stülerstraße,2019,12,23,3,3,2,6,2,0,1,0,0,0,0,0,Mitte,Accident with minor injuries,Collision with the vehicle in front/waiting vehicle,Collision involving vehicles going in the same way,Dark,Dry
12954,202257,8,Reuterkiez,2019,12,23,3,2,6,4,2,0,1,1,0,0,0,0,Neukölln,Accident with serious injuries,Collision between vehicle and pedestrian,Pedestrian crossing accident,Dark,Dry
12955,202258,3,Hansastraße,2019,12,16,2,2,5,2,2,0,1,0,1,0,0,1,Pankow,Accident with serious injuries,Collision with a turning/crossing vehicle,Turning accident,Dark,Wet/moist/slippery
12956,202259,3,Buchholz,2019,12,16,2,3,5,3,2,0,1,0,0,0,1,1,Pankow,Accident with minor injuries,Collision with a turning/crossing vehicle,Turning/Crossing accident,Dark,Wet/moist/slippery
12957,202260,9,Johannisthal West,2019,12,20,3,3,5,2,2,1,1,0,0,0,0,0,Treptow-Köpenick,Accident with minor injuries,Collision with a turning/crossing vehicle,Turning accident,Dark,Dry
12958,202261,6,Hüttenweg,2019,12,19,3,3,2,2,2,0,1,0,0,0,0,0,Steglitz-Zehlendorf,Accident with minor injuries,Collision with the vehicle in front/waiting vehicle,Turning accident,Dark,Dry
12959,202262,5,Maulbeerallee,2019,12,19,3,3,5,2,2,1,1,0,0,0,0,0,Spandau,Accident with minor injuries,Collision with a turning/crossing vehicle,Turning accident,Dark,Dry
12960,202263,10,Kaulsdorf Nord I,2019,12,17,3,3,2,6,2,1,1,0,0,0,0,0,Marzahn-Hellersdorf,Accident with minor injuries,Collision with the vehicle in front/waiting vehicle,Collision involving vehicles going in the same way,Dark,Dry
12961,202264,4,Flinsberger Platz,2019,12,16,3,3,2,6,2,0,1,0,0,0,0,0,Charlottenburg - Wilmersdorf,Accident with minor injuries,Collision with the vehicle in front/waiting vehicle,Collision involving vehicles going in the same way,Dark,Dry
12962,202265,4,Richard-Wagner-Straße,2019,12,15,2,3,1,5,1,1,1,0,0,0,0,1,Charlottenburg - Wilmersdorf,Accident with minor injuries,Collision with a moving/standing/parked vehicle,Accident involving parked vehicles,Twilight,Wet/moist/slippery
12963,202266,8,Zittauer Straße,2019,12,16,2,3,6,2,2,0,1,1,0,0,0,1,Neukölln,Accident with minor injuries,Collision between vehicle and pedestrian,Turning accident,Dark,Wet/moist/slippery
12964,202267,1,Heine-Viertel West,2019,12,16,3,3,5,3,2,1,1,0,0,0,0,0,Mitte,Accident with minor injuries,Collision with a turning/crossing vehicle,Turning/Crossing accident,Dark,Dry
12965,202268,10,Kaulsdorf Nord I,2019,12,16,2,3,2,6,2,0,1,0,0,0,0,1,Marzahn-Hellersdorf,Accident with minor injuries,Collision with the vehicle in front/waiting vehicle,Collision involving vehicles going in the same way,Dark,Wet/moist/slippery
12966,202269,6,Lankwitz Süd,2019,12,16,3,3,5,3,2,0,1,0,0,0,0,1,Steglitz-Zehlendorf,Accident with minor injuries,Collision with a turning/crossing vehicle,Turning/Crossing accident,Dark,Wet/moist/slippery
12967,202270,4,Amtsgerichtsplatz,2019,12,15,2,3,5,3,1,1,1,0,0,0,0,1,Charlottenburg - Wilmersdorf,Accident with minor injuries,Collision with a turning/crossing vehicle,Turning/Crossing accident,Twilight,Wet/moist/slippery
12968,202271,4,Ludwigkirchplatz,2019,12,15,2,3,5,3,0,0,1,0,0,0,0,0,Charlottenburg - Wilmersdorf,Accident with minor injuries,Collision with a turning/crossing vehicle,Turning/Crossing accident,Daylight,Dry
12969,202272,5,Germersheimer Platz,2019,12,16,3,2,6,4,2,0,1,1,0,0,0,0,Spandau,Accident with serious injuries,Collision between vehicle and pedestrian,Pedestrian crossing accident,Dark,Dry
12970,202273,2,Traveplatz,2019,12,13,2,3,5,2,0,0,1,0,1,0,0,0,Friedrichshain - Kreuzberg,Accident with minor injuries,Collision with a turning/crossing vehicle,Turning accident,Daylight,Dry
12971,202274,1,Oranienburger Straße,2019,12,13,2,3,1,5,0,1,0,0,0,1,0,0,Mitte,Accident with minor injuries,Collision with a moving/standing/parked vehicle,Accident involving parked vehicles,Daylight,Dry
12972,202275,1,Westhafen,2019,12,12,2,3,2,6,0,0,1,0,0,0,1,0,Mitte,Accident with minor injuries,Collision with the vehicle in front/waiting vehicle,Collision involving vehicles going in the same way,Daylight,Dry
12973,202276,10,Marzahner Chaussee,2019,12,10,3,2,0,7,1,1,0,0,0,0,0,0,Marzahn-Hellersdorf,Accident with serious injuries,Others,Others,Twilight,Dry
12974,202277,12,Teichstraße,2019,12,5,3,3,6,2,2,0,1,1,0,0,0,0,Reinickendorf,Accident with minor injuries,Collision between vehicle and pedestrian,Turning accident,Dark,Dry
12975,202278,8,Gropiusstadt Ost,2019,12,11,2,3,0,3,0,0,1,0,1,0,0,1,Neukölln,Accident with minor injuries,Others,Turning/Crossing accident,Daylight,Wet/moist/slippery
12976,202279,4,Brabanter Platz,2019,12,11,2,3,2,6,0,0,1,0,1,0,0,0,Charlottenburg - Wilmersdorf,Accident with minor injuries,Collision with the vehicle in front/waiting vehicle,Collision involving vehicles going in the same way,Daylight,Dry
12977,202280,7,Bayerischer Platz,2019,12,15,3,3,5,2,0,1,1,0,0,0,0,0,Tempelhof-Schöneberg,Accident with minor injuries,Collision with a turning/crossing vehicle,Turning accident,Daylight,Dry
12978,202281,10,Alt-Mahlsdorf,2019,12,11,2,2,5,3,0,0,1,0,0,0,0,0,Marzahn-Hellersdorf,Accident with serious injuries,Collision with a turning/crossing vehicle,Turning/Crossing accident,Daylight,Dry
12979,202282,3,Rosenthal,2019,12,9,2,2,4,6,0,0,1,0,0,0,0,0,Pankow,Accident with serious injuries,Collision with oncoming vehicle,Collision involving vehicles going in the same way,Daylight,Dry
12980,202283,7,Nahariyastraße,2019,12,15,3,3,5,2,0,1,1,0,0,0,0,0,Tempelhof-Schöneberg,Accident with minor injuries,Collision with a turning/crossing vehicle,Turning accident,Daylight,Dry
12981,202284,7,Franziusweg/Rohrbachstraße,2019,12,13,3,3,5,3,0,1,1,0,0,0,0,1,Tempelhof-Schöneberg,Accident with minor injuries,Collision with a turning/crossing vehicle,Turning/Crossing accident,Daylight,Wet/moist/slippery
12982,202285,2,Mehringplatz,2019,12,9,2,3,5,2,0,1,1,0,0,0,0,0,Friedrichshain - Kreuzberg,Accident with minor injuries,Collision with a turning/crossing vehicle,Turning accident,Daylight,Dry
12983,202286,9,Wendenschloß,2019,12,9,2,3,1,5,0,0,1,0,0,0,0,0,Treptow-Köpenick,Accident with minor injuries,Collision with a moving/standing/parked vehicle,Accident involving parked vehicles,Daylight,Dry
12984,202287,6,Nikolassee,2019,12,13,3,3,0,1,0,1,0,0,0,0,0,1,Steglitz-Zehlendorf,Accident with minor injuries,Others,Driving accident,Daylight,Wet/moist/slippery
12985,202288,10,Gut Hellersdorf,2019,12,13,3,3,5,3,0,1,1,0,0,0,0,0,Marzahn-Hellersdorf,Accident with minor injuries,Collision with a turning/crossing vehicle,Turning/Crossing accident,Daylight,Dry
12986,202289,3,Heinersdorf,2019,12,7,2,2,5,3,1,1,0,0,0,0,1,1,Pankow,Accident with serious injuries,Collision with a turning/crossing vehicle,Turning/Crossing accident,Twilight,Wet/moist/slippery
12987,202290,4,Rüdesheimer Platz,2019,12,7,2,3,5,3,2,1,1,0,0,0,0,0,Charlottenburg - Wilmersdorf,Accident with minor injuries,Collision with a turning/crossing vehicle,Turning/Crossing accident,Dark,Dry
12988,202291,8,Bouchéstraße,2019,12,6,2,3,5,3,1,1,0,0,0,0,1,0,Neukölln,Accident with minor injuries,Collision with a turning/crossing vehicle,Turning/Crossing accident,Twilight,Dry
12989,202292,4,Leon-Jessel-Platz,2019,12,13,3,3,5,3,0,1,0,0,0,0,0,0,Charlottenburg - Wilmersdorf,Accident with minor injuries,Collision with a turning/crossing vehicle,Turning/Crossing accident,Daylight,Dry
12990,202293,8,Hertzbergplatz,2019,12,6,2,3,5,3,2,1,1,0,0,0,0,0,Neukölln,Accident with minor injuries,Collision with a turning/crossing vehicle,Turning/Crossing accident,Dark,Dry
12991,202294,4,Halensee,2019,12,12,3,3,5,2,0,0,1,0,0,0,0,0,Charlottenburg - Wilmersdorf,Accident with minor injuries,Collision with a turning/crossing vehicle,Turning accident,Daylight,Dry
12992,202295,9,Dammvorstadt,2019,12,6,2,3,5,2,2,1,0,0,0,0,1,1,Treptow-Köpenick,Accident with minor injuries,Collision with a turning/crossing vehicle,Turning accident,Dark,Wet/moist/slippery
12993,202296,11,Hauptstraße,2019,12,6,2,3,5,3,2,0,1,0,0,0,0,0,Lichtenberg,Accident with minor injuries,Collision with a turning/crossing vehicle,Turning/Crossing accident,Dark,Dry
12994,202297,2,Askanischer Platz,2019,12,12,3,3,0,2,0,1,1,0,0,0,0,0,Friedrichshain - Kreuzberg,Accident with minor injuries,Others,Turning accident,Daylight,Dry
12995,202298,3,Blankenburg,2019,12,15,2,3,5,3,1,0,1,0,0,0,1,1,Pankow,Accident with minor injuries,Collision with a turning/crossing vehicle,Turning/Crossing accident,Twilight,Wet/moist/slippery
12996,202299,1,Leopoldplatz,2019,12,20,1,3,2,6,2,0,1,0,0,0,1,1,Mitte,Accident with minor injuries,Collision with the vehicle in front/waiting vehicle,Collision involving vehicles going in the same way,Dark,Wet/moist/slippery
12997,202300,1,Reinickendorfer Straße,2019,12,18,1,3,3,6,2,0,1,0,0,0,0,1,Mitte,Accident with minor injuries,Collision with a vehicle traveling laterally in the same direction,Collision involving vehicles going in the same way,Dark,Wet/moist/slippery