,object id,district,street,year,month,hour of day,weekday,category,accident type,accident type 2,light situation,bike involved,car involved,pedestrian involved,motor bike involved,big track involved,other vehicle involved,road condition,district name,category name,accident detail,accident type detail,light condition,road condition detail
12998,202301,5,Rohrdamm,2019,12,11,3,2,6,7,0,0,1,1,0,0,0,0,Spandau,Accident with serious injuries,Collision between vehicle and pedestrian,Others,Daylight,Dry
12999,202302,11,Weitlingstraße,2019,12,11,3,3,5,3,0,1,1,0,0,0,0,0,Lichtenberg,Accident with minor injuries,Collision with a turning/crossing vehicle,Turning/Crossing accident,Daylight,Dry
13000,202303,7,Nollendorfplatz,2019,12,18,1,3,2,6,2,0,1,0,0,0,0,1,Tempelhof-Schöneberg,Accident with minor injuries,Collision with the vehicle in front/waiting vehicle,Collision involving vehicles going in the same way,Dark,Wet/moist/slippery
13001,202304,8,Flughafenstraße,2019,12,18,1,3,5,7,2,0,1,0,0,0,1,0,Neukölln,Accident with minor injuries,Collision with a turning/crossing vehicle,Others,Dark,Dry
13002,202305,4,Branitzer Platz,2019,12,9,3,3,5,3,0,0,1,0,0,0,0,1,Charlottenburg - Wilmersdorf,Accident with minor injuries,Collision with a turning/crossing vehicle,Turning/Crossing accident,Daylight,Wet/moist/slippery
13003,202306,8,Buckow Mitte,2019,12,9,3,3,5,2,0,0,1,0,0,0,0,1,Neukölln,Accident with minor injuries,Collision with a turning/crossing vehicle,Turning accident,Daylight,Wet/moist/slippery
13004,202307,3,Pankow Zentrum,2019,12,17,1,3,6,4,2,0,1,1,0,0,0,1,Pankow,Accident with minor injuries,Collision between vehicle and pedestrian,Pedestrian crossing accident,Dark,Wet/moist/slippery
13005,202308,1,Körnerstraße,2019,12,16,1,3,5,3,2,0,1,0,0,0,0,1,Mitte,Accident with minor injuries,Collision with a turning/crossing vehicle,Turning/Crossing accident,Dark,Wet/moist/slippery
13006,202309,9,Dorf Altglienicke,2019,12,9,3,3,5,3,0,1,1,0,0,0,0,1,Treptow-Köpenick,Accident with minor injuries,Collision with a turning/crossing vehicle,Turning/Crossing accident,Daylight,Wet/moist/slippery
13007,202310,5,Carl-Schurz-Straße,2019,12,16,1,3,3,6,2,0,1,0,0,0,0,1,Spandau,Accident with minor injuries,Collision with a vehicle traveling laterally in the same direction,Collision involving vehicles going in the same way,Dark,Wet/moist/slippery
13008,202311,6,Krumme Lanke,2019,12,16,1,3,1,5,2,0,1,0,0,0,0,1,Steglitz-Zehlendorf,Accident with minor injuries,Collision with a moving/standing/parked vehicle,Accident involving parked vehicles,Dark,Wet/moist/slippery
13009,202312,4,Hindemithplatz,2019,12,8,3,3,0,2,0,0,1,0,1,0,0,1,Charlottenburg - Wilmersdorf,Accident with minor injuries,Others,Turning accident,Daylight,Wet/moist/slippery
13010,202313,8,Rixdorf,2019,12,7,3,3,6,2,2,0,1,1,0,0,0,1,Neukölln,Accident with minor injuries,Collision between vehicle and pedestrian,Turning accident,Dark,Wet/moist/slippery
13011,202314,3,Alt-Karow,2019,12,15,1,3,5,3,1,0,1,0,0,0,0,1,Pankow,Accident with minor injuries,Collision with a turning/crossing vehicle,Turning/Crossing accident,Twilight,Wet/moist/slippery
13012,202315,6,Nikolassee,2019,12,15,1,3,3,6,0,0,1,0,0,0,0,1,Steglitz-Zehlendorf,Accident with minor injuries,Collision with a vehicle traveling laterally in the same direction,Collision involving vehicles going in the same way,Daylight,Wet/moist/slippery
13013,202316,4,Schloßgarten,2019,12,13,1,3,5,5,0,0,1,0,0,0,0,1,Charlottenburg - Wilmersdorf,Accident with minor injuries,Collision with a turning/crossing vehicle,Accident involving parked vehicles,Daylight,Wet/moist/slippery
13014,202317,8,Buckow Mitte,2019,12,8,3,3,6,4,0,0,1,1,0,0,0,1,Neukölln,Accident with minor injuries,Collision between vehicle and pedestrian,Pedestrian crossing accident,Daylight,Wet/moist/slippery
13015,202318,7,Germaniagarten,2019,12,14,1,3,3,6,0,0,1,0,0,0,0,1,Tempelhof-Schöneberg,Accident with minor injuries,Collision with a vehicle traveling laterally in the same direction,Collision involving vehicles going in the same way,Daylight,Wet/moist/slippery
13016,202319,12,Treuenbrietzener Straße,2019,12,7,3,3,2,2,0,0,1,0,1,0,0,1,Reinickendorf,Accident with minor injuries,Collision with the vehicle in front/waiting vehicle,Turning accident,Daylight,Wet/moist/slippery
13017,202320,5,Adamstraße,2019,12,3,1,2,9,1,2,0,1,0,0,0,0,1,Spandau,Accident with serious injuries,Departure from the roadway to the left,Driving accident,Dark,Wet/moist/slippery
13018,202321,8,Silbersteinstraße,2019,12,3,1,3,9,1,2,0,1,0,0,0,0,0,Neukölln,Accident with minor injuries,Departure from the roadway to the left,Driving accident,Dark,Dry
13019,202322,10,Mahlsdorf Süd,2019,12,7,3,3,5,2,0,0,1,0,0,0,1,1,Marzahn-Hellersdorf,Accident with minor injuries,Collision with a turning/crossing vehicle,Turning accident,Daylight,Wet/moist/slippery
13020,202323,9,Johannisthal Ost,2019,12,7,3,3,6,4,2,0,1,1,0,0,0,1,Treptow-Köpenick,Accident with minor injuries,Collision between vehicle and pedestrian,Pedestrian crossing accident,Dark,Wet/moist/slippery
13021,202324,3,Winsstraße,2019,12,7,1,3,0,7,0,0,0,0,1,0,1,1,Pankow,Accident with minor injuries,Others,Others,Daylight,Wet/moist/slippery
13022,202325,10,Kaulsdorf Nord,2019,12,6,3,3,4,6,2,1,1,0,0,0,0,1,Marzahn-Hellersdorf,Accident with minor injuries,Collision with oncoming vehicle,Collision involving vehicles going in the same way,Dark,Wet/moist/slippery
13023,202326,12,Hermsdorf,2019,12,0,1,2,6,4,2,0,1,1,0,0,0,1,Reinickendorf,Accident with serious injuries,Collision between vehicle and pedestrian,Pedestrian crossing accident,Dark,Wet/moist/slippery
13024,202327,7,Marienfelde Süd,2019,12,17,7,2,5,2,2,0,1,0,0,0,0,0,Tempelhof-Schöneberg,Accident with serious injuries,Collision with a turning/crossing vehicle,Turning accident,Dark,Dry
13025,202328,7,Neu-Tempelhof,2019,12,9,3,2,6,3,0,0,0,1,0,0,1,0,Tempelhof-Schöneberg,Accident with serious injuries,Collision between vehicle and pedestrian,Turning/Crossing accident,Daylight,Dry
13026,202329,11,Fennpfuhl Ost,2019,12,16,3,1,6,4,2,0,1,1,0,0,0,0,Lichtenberg,Accident with fatalities,Collision between vehicle and pedestrian,Pedestrian crossing accident,Dark,Dry
13027,202330,5,Zitadellenweg,2019,12,17,7,2,1,5,2,0,1,0,0,0,0,1,Spandau,Accident with serious injuries,Collision with a moving/standing/parked vehicle,Accident involving parked vehicles,Dark,Wet/moist/slippery
13028,202331,7,John-Locke-Straße,2019,12,17,7,3,6,4,2,0,1,1,0,0,0,1,Tempelhof-Schöneberg,Accident with minor injuries,Collision between vehicle and pedestrian,Pedestrian crossing accident,Dark,Wet/moist/slippery
13029,202332,12,Heiligensee,2019,12,11,3,1,9,1,0,0,1,0,0,0,0,0,Reinickendorf,Accident with fatalities,Departure from the roadway to the left,Driving accident,Daylight,Dry
13030,202333,3,Pankow Zentrum,2019,12,17,2,3,4,5,0,0,1,0,0,0,1,0,Pankow,Accident with minor injuries,Collision with oncoming vehicle,Accident involving parked vehicles,Daylight,Dry
13031,202334,10,Gewerbegebiet Bitterfelder Straße,2019,12,17,7,3,6,4,2,0,0,1,0,0,1,1,Marzahn-Hellersdorf,Accident with minor injuries,Collision between vehicle and pedestrian,Pedestrian crossing accident,Dark,Wet/moist/slippery
13032,202335,12,Hermsdorf,2019,12,17,7,2,5,2,2,0,1,0,1,0,0,1,Reinickendorf,Accident with serious injuries,Collision with a turning/crossing vehicle,Turning accident,Dark,Wet/moist/slippery
13033,202336,3,Blankenburg,2019,12,6,2,3,2,6,2,0,1,0,0,0,0,0,Pankow,Accident with minor injuries,Collision with the vehicle in front/waiting vehicle,Collision involving vehicles going in the same way,Dark,Dry
13034,202337,5,Zitadellenweg,2019,12,16,7,3,2,6,2,0,1,0,0,0,0,0,Spandau,Accident with minor injuries,Collision with the vehicle in front/waiting vehicle,Collision involving vehicles going in the same way,Dark,Dry
13035,202338,1,Beusselkiez,2019,12,23,2,3,2,6,2,0,1,0,0,0,0,1,Mitte,Accident with minor injuries,Collision with the vehicle in front/waiting vehicle,Collision involving vehicles going in the same way,Dark,Wet/moist/slippery
13036,202339,7,Kettinger Straße/Schillerstraße,2019,12,15,7,3,5,3,0,0,1,0,0,0,0,0,Tempelhof-Schöneberg,Accident with minor injuries,Collision with a turning/crossing vehicle,Turning/Crossing accident,Daylight,Dry
13037,202340,10,Biesdorf Süd,2019,12,21,7,3,2,6,2,0,1,0,0,0,0,1,Marzahn-Hellersdorf,Accident with minor injuries,Collision with the vehicle in front/waiting vehicle,Collision involving vehicles going in the same way,Dark,Wet/moist/slippery
13038,202341,4,Reichsstraße,2019,12,21,2,2,0,1,2,1,0,0,0,0,0,1,Charlottenburg - Wilmersdorf,Accident with serious injuries,Others,Driving accident,Dark,Wet/moist/slippery
13039,202342,1,Sparrplatz,2019,12,21,2,3,5,3,2,0,1,0,0,0,0,1,Mitte,Accident with minor injuries,Collision with a turning/crossing vehicle,Turning/Crossing accident,Dark,Wet/moist/slippery
13040,202343,4,Babelsberger Straße,2019,12,20,7,2,6,4,2,0,1,1,0,0,0,1,Charlottenburg - Wilmersdorf,Accident with serious injuries,Collision between vehicle and pedestrian,Pedestrian crossing accident,Dark,Wet/moist/slippery
13041,202344,3,Herthaplatz,2019,12,12,7,3,0,5,0,0,1,0,0,0,1,1,Pankow,Accident with minor injuries,Others,Accident involving parked vehicles,Daylight,Wet/moist/slippery
13042,202345,12,Borsigwalde,2019,12,21,2,3,6,2,2,0,1,1,0,0,0,1,Reinickendorf,Accident with minor injuries,Collision between vehicle and pedestrian,Turning accident,Dark,Wet/moist/slippery
13043,202346,2,Chamissokiez,2019,12,20,2,3,0,1,2,1,0,0,0,0,0,1,Friedrichshain - Kreuzberg,Accident with minor injuries,Others,Driving accident,Dark,Wet/moist/slippery
13044,202347,4,Breitscheidplatz,2019,12,11,7,3,6,4,0,0,1,1,0,0,0,1,Charlottenburg - Wilmersdorf,Accident with minor injuries,Collision between vehicle and pedestrian,Pedestrian crossing accident,Daylight,Wet/moist/slippery
13045,202348,12,Alt-Tegel,2019,12,11,7,3,5,2,0,0,1,0,0,0,0,0,Reinickendorf,Accident with minor injuries,Collision with a turning/crossing vehicle,Turning accident,Daylight,Dry
13046,202349,4,Breitscheidplatz,2019,12,19,2,3,5,7,2,1,1,0,0,0,0,1,Charlottenburg - Wilmersdorf,Accident with minor injuries,Collision with a turning/crossing vehicle,Others,Dark,Wet/moist/slippery
13047,202350,1,Brunnenstraße,2019,12,19,2,3,6,2,2,0,1,1,0,0,0,1,Mitte,Accident with minor injuries,Collision between vehicle and pedestrian,Turning accident,Dark,Wet/moist/slippery
13048,202351,4,Breitscheidplatz,2019,12,11,7,3,2,6,0,0,1,0,0,0,0,1,Charlottenburg - Wilmersdorf,Accident with minor injuries,Collision with the vehicle in front/waiting vehicle,Collision involving vehicles going in the same way,Daylight,Wet/moist/slippery
13049,202352,8,Rixdorf,2019,12,6,7,3,6,2,2,0,1,1,0,0,0,1,Neukölln,Accident with minor injuries,Collision between vehicle and pedestrian,Turning accident,Dark,Wet/moist/slippery
13050,202353,5,Weinmeisterhornweg,2019,12,4,7,3,5,3,2,0,1,0,0,0,0,1,Spandau,Accident with minor injuries,Collision with a turning/crossing vehicle,Turning/Crossing accident,Dark,Wet/moist/slippery
13051,202354,4,Ernst-Reuter-Platz,2019,12,16,2,3,3,6,2,1,1,0,0,0,0,0,Charlottenburg - Wilmersdorf,Accident with minor injuries,Collision with a vehicle traveling laterally in the same direction,Collision involving vehicles going in the same way,Dark,Dry
13052,202355,6,Lichterfelde West,2019,12,7,2,3,5,2,1,0,1,0,0,0,1,0,Steglitz-Zehlendorf,Accident with minor injuries,Collision with a turning/crossing vehicle,Turning accident,Twilight,Dry
13053,202356,4,Binger Straße,2019,12,9,7,3,5,2,0,1,1,0,0,0,0,1,Charlottenburg - Wilmersdorf,Accident with minor injuries,Collision with a turning/crossing vehicle,Turning accident,Daylight,Wet/moist/slippery
13054,202357,1,Wilhelmstraße,2019,12,1,7,3,8,1,2,0,1,0,0,0,0,1,Mitte,Accident with minor injuries,Departure from the roadway to the right,Driving accident,Dark,Wet/moist/slippery
13055,202358,1,Reinickendorfer Straße,2019,12,9,2,3,0,3,0,0,1,0,1,0,0,0,Mitte,Accident with minor injuries,Others,Turning/Crossing accident,Daylight,Dry
13056,202359,2,Mehringplatz,2019,12,6,2,3,5,3,2,0,1,0,0,0,1,0,Friedrichshain - Kreuzberg,Accident with minor injuries,Collision with a turning/crossing vehicle,Turning/Crossing accident,Dark,Dry
13057,202360,11,Gensinger Straße,2019,12,19,7,2,6,4,2,0,1,1,0,0,0,1,Lichtenberg,Accident with serious injuries,Collision between vehicle and pedestrian,Pedestrian crossing accident,Dark,Wet/moist/slippery
13058,202361,8,Silbersteinstraße,2019,12,19,7,3,5,3,2,0,1,0,0,0,1,1,Neukölln,Accident with minor injuries,Collision with a turning/crossing vehicle,Turning/Crossing accident,Dark,Wet/moist/slippery
13059,202362,9,Adlershof West,2019,12,5,2,3,5,3,2,1,1,0,0,0,0,1,Treptow-Köpenick,Accident with minor injuries,Collision with a turning/crossing vehicle,Turning/Crossing accident,Dark,Wet/moist/slippery
13060,202363,1,Reinickendorfer Straße,2019,12,19,7,3,5,2,2,0,1,0,0,0,0,1,Mitte,Accident with minor injuries,Collision with a turning/crossing vehicle,Turning accident,Dark,Wet/moist/slippery
13061,202364,1,Rehberge,2019,12,18,2,3,3,6,2,1,1,0,0,0,0,1,Mitte,Accident with minor injuries,Collision with a vehicle traveling laterally in the same direction,Collision involving vehicles going in the same way,Dark,Wet/moist/slippery
13062,202365,2,Mehringplatz,2019,12,18,7,3,2,6,2,0,1,0,1,0,0,1,Friedrichshain - Kreuzberg,Accident with minor injuries,Collision with the vehicle in front/waiting vehicle,Collision involving vehicles going in the same way,Dark,Wet/moist/slippery
13063,202366,8,Rixdorf,2019,12,18,7,3,1,5,2,1,1,0,0,0,0,1,Neukölln,Accident with minor injuries,Collision with a moving/standing/parked vehicle,Accident involving parked vehicles,Dark,Wet/moist/slippery
13064,202367,6,Gemeindepark Lankwitz,2019,12,18,2,3,2,6,2,0,1,0,1,0,0,0,Steglitz-Zehlendorf,Accident with minor injuries,Collision with the vehicle in front/waiting vehicle,Collision involving vehicles going in the same way,Dark,Dry
13065,202368,12,Scharnweberstraße,2019,12,17,2,3,5,3,2,1,1,0,0,0,0,1,Reinickendorf,Accident with minor injuries,Collision with a turning/crossing vehicle,Turning/Crossing accident,Dark,Wet/moist/slippery
13066,202369,11,Weitlingstraße,2019,12,18,7,3,2,6,2,0,1,0,0,0,0,1,Lichtenberg,Accident with minor injuries,Collision with the vehicle in front/waiting vehicle,Collision involving vehicles going in the same way,Dark,Wet/moist/slippery
13067,202370,8,Flughafenstraße,2019,12,18,7,3,2,6,2,0,1,0,0,0,0,0,Neukölln,Accident with minor injuries,Collision with the vehicle in front/waiting vehicle,Collision involving vehicles going in the same way,Dark,Dry
13068,202371,1,Schillerpark,2019,12,17,2,3,5,7,2,0,1,0,1,0,0,1,Mitte,Accident with minor injuries,Collision with a turning/crossing vehicle,Others,Dark,Wet/moist/slippery
13069,202372,11,Mühlengrund,2019,12,17,2,3,2,6,2,0,1,0,0,0,0,1,Lichtenberg,Accident with minor injuries,Collision with the vehicle in front/waiting vehicle,Collision involving vehicles going in the same way,Dark,Wet/moist/slippery
13070,202373,5,Freiheit,2019,12,18,7,3,5,2,2,1,1,0,0,0,0,1,Spandau,Accident with minor injuries,Collision with a turning/crossing vehicle,Turning accident,Dark,Wet/moist/slippery
13071,202374,2,Viktoriapark,2019,12,20,6,3,6,4,2,0,0,1,0,0,1,0,Friedrichshain - Kreuzberg,Accident with minor injuries,Collision between vehicle and pedestrian,Pedestrian crossing accident,Dark,Dry
13072,202375,10,Landsberger Tor,2019,12,16,2,3,2,6,2,0,1,0,0,0,0,2,Marzahn-Hellersdorf,Accident with minor injuries,Collision with the vehicle in front/waiting vehicle,Collision involving vehicles going in the same way,Dark,Snowy
13073,202376,9,Dorf Altglienicke,2019,12,20,6,3,6,4,2,0,0,1,0,0,1,1,Treptow-Köpenick,Accident with minor injuries,Collision between vehicle and pedestrian,Pedestrian crossing accident,Dark,Wet/moist/slippery
13074,202377,8,Alt-Rudow,2019,12,14,2,2,0,3,0,0,0,0,1,0,1,1,Neukölln,Accident with serious injuries,Others,Turning/Crossing accident,Daylight,Wet/moist/slippery
13075,202378,2,Urbanstraße,2019,12,13,2,3,2,6,0,0,1,0,0,0,0,0,Friedrichshain - Kreuzberg,Accident with minor injuries,Collision with the vehicle in front/waiting vehicle,Collision involving vehicles going in the same way,Daylight,Dry
13076,202379,12,Heiligensee,2019,12,20,6,2,4,6,2,1,0,0,0,0,0,0,Reinickendorf,Accident with serious injuries,Collision with oncoming vehicle,Collision involving vehicles going in the same way,Dark,Dry
13077,202380,3,Bötzowstraße,2019,12,12,2,3,9,1,0,0,1,0,0,0,1,1,Pankow,Accident with minor injuries,Departure from the roadway to the left,Driving accident,Daylight,Wet/moist/slippery
13078,202381,7,Nollendorfplatz,2019,12,16,6,3,6,4,2,1,0,1,0,0,0,1,Tempelhof-Schöneberg,Accident with minor injuries,Collision between vehicle and pedestrian,Pedestrian crossing accident,Dark,Wet/moist/slippery
13079,202382,4,Rathaus Wilmersdorf,2019,12,9,2,3,2,6,0,0,1,0,0,0,0,0,Charlottenburg - Wilmersdorf,Accident with minor injuries,Collision with the vehicle in front/waiting vehicle,Collision involving vehicles going in the same way,Daylight,Dry
13080,202383,10,Marzahner Chaussee,2019,12,18,1,3,5,3,2,0,1,0,0,0,1,1,Marzahn-Hellersdorf,Accident with minor injuries,Collision with a turning/crossing vehicle,Turning/Crossing accident,Dark,Wet/moist/slippery
13081,202384,6,Augustaplatz,2019,12,17,6,3,6,2,2,0,1,1,0,0,0,1,Steglitz-Zehlendorf,Accident with minor injuries,Collision between vehicle and pedestrian,Turning accident,Dark,Wet/moist/slippery
13082,202385,12,Rollbergesiedlung,2019,12,17,6,3,6,4,2,0,1,1,0,0,0,1,Reinickendorf,Accident with minor injuries,Collision between vehicle and pedestrian,Pedestrian crossing accident,Dark,Wet/moist/slippery
13083,202386,4,Preußenpark,2019,12,2,1,3,5,3,2,0,1,0,0,0,0,1,Charlottenburg - Wilmersdorf,Accident with minor injuries,Collision with a turning/crossing vehicle,Turning/Crossing accident,Dark,Wet/moist/slippery
13084,202387,9,Köpenick Nord,2019,12,17,6,3,6,4,2,0,1,1,0,0,0,1,Treptow-Köpenick,Accident with minor injuries,Collision between vehicle and pedestrian,Pedestrian crossing accident,Dark,Wet/moist/slippery
13085,202388,1,Arkonaplatz,2019,12,17,6,3,0,2,2,0,1,1,0,0,0,1,Mitte,Accident with minor injuries,Others,Turning accident,Dark,Wet/moist/slippery
13086,202389,12,Schäfersee,2019,12,17,6,3,6,2,2,0,1,1,0,0,0,1,Reinickendorf,Accident with minor injuries,Collision between vehicle and pedestrian,Turning accident,Dark,Wet/moist/slippery
13087,202390,3,Behaimstraße,2019,12,17,6,3,6,4,2,0,1,1,0,0,0,1,Pankow,Accident with minor injuries,Collision between vehicle and pedestrian,Pedestrian crossing accident,Dark,Wet/moist/slippery
13088,202391,4,Brabanter Platz,2019,12,15,6,3,5,2,1,1,1,0,0,0,0,1,Charlottenburg - Wilmersdorf,Accident with minor injuries,Collision with a turning/crossing vehicle,Turning accident,Twilight,Wet/moist/slippery
13089,202392,8,Waltersdorfer Chaussee Ost,2019,12,17,1,2,1,5,2,0,1,0,0,1,0,1,Neukölln,Accident with serious injuries,Collision with a moving/standing/parked vehicle,Accident involving parked vehicles,Dark,Wet/moist/slippery
13090,202393,4,Rüdesheimer Platz,2019,12,19,1,3,5,3,2,1,1,0,0,0,0,1,Charlottenburg - Wilmersdorf,Accident with minor injuries,Collision with a turning/crossing vehicle,Turning/Crossing accident,Dark,Wet/moist/slippery
13091,202394,10,Alt-Marzahn,2019,12,16,6,3,5,3,2,1,1,0,0,0,0,1,Marzahn-Hellersdorf,Accident with minor injuries,Collision with a turning/crossing vehicle,Turning/Crossing accident,Dark,Wet/moist/slippery
13092,202395,8,Buckow Mitte,2019,12,16,6,3,2,6,2,0,1,0,0,0,0,1,Neukölln,Accident with minor injuries,Collision with the vehicle in front/waiting vehicle,Collision involving vehicles going in the same way,Dark,Wet/moist/slippery
13093,202396,6,Augustaplatz,2019,12,16,6,3,8,1,2,0,1,0,0,0,0,1,Steglitz-Zehlendorf,Accident with minor injuries,Departure from the roadway to the right,Driving accident,Dark,Wet/moist/slippery
13094,202397,12,Waldidyll/Flughafensee,2019,12,19,1,3,2,6,2,0,1,0,0,0,0,0,Reinickendorf,Accident with minor injuries,Collision with the vehicle in front/waiting vehicle,Collision involving vehicles going in the same way,Dark,Dry
13095,202398,1,Reinickendorfer Straße,2019,12,16,6,3,2,6,2,0,1,0,0,0,1,1,Mitte,Accident with minor injuries,Collision with the vehicle in front/waiting vehicle,Collision involving vehicles going in the same way,Dark,Wet/moist/slippery
13096,202399,6,Zehlendorf Eiche,2019,12,17,1,3,5,3,2,0,1,0,0,0,0,1,Steglitz-Zehlendorf,Accident with minor injuries,Collision with a turning/crossing vehicle,Turning/Crossing accident,Dark,Wet/moist/slippery
13097,202400,6,Zehlendorf Mitte,2019,12,12,6,2,2,7,0,0,1,0,0,0,0,1,Steglitz-Zehlendorf,Accident with serious injuries,Collision with the vehicle in front/waiting vehicle,Others,Daylight,Wet/moist/slippery
13098,202401,9,Dammvorstadt,2019,12,22,6,3,6,2,2,0,1,1,0,0,0,1,Treptow-Köpenick,Accident with minor injuries,Collision between vehicle and pedestrian,Turning accident,Dark,Wet/moist/slippery
13099,202402,6,Krumme Lanke,2019,12,17,1,3,6,7,2,1,0,1,0,0,0,1,Steglitz-Zehlendorf,Accident with minor injuries,Collision between vehicle and pedestrian,Others,Dark,Wet/moist/slippery
13100,202403,2,Moritzplatz,2019,12,21,6,3,6,2,2,0,1,1,0,0,0,1,Friedrichshain - Kreuzberg,Accident with minor injuries,Collision between vehicle and pedestrian,Turning accident,Dark,Wet/moist/slippery
13101,202404,4,Kaiserin-Augusta-Allee,2019,12,20,6,3,5,7,2,0,1,0,0,0,1,1,Charlottenburg - Wilmersdorf,Accident with minor injuries,Collision with a turning/crossing vehicle,Others,Dark,Wet/moist/slippery
13102,202405,10,Alt-Marzahn,2019,12,19,6,3,2,6,2,0,1,0,0,0,0,1,Marzahn-Hellersdorf,Accident with minor injuries,Collision with the vehicle in front/waiting vehicle,Collision involving vehicles going in the same way,Dark,Wet/moist/slippery
13103,202406,4,Jungfernheide,2019,12,16,1,3,5,3,2,0,1,0,0,0,0,0,Charlottenburg - Wilmersdorf,Accident with minor injuries,Collision with a turning/crossing vehicle,Turning/Crossing accident,Dark,Dry
13104,202407,9,Adlershof West,2019,12,19,6,3,5,3,2,0,1,0,0,0,0,1,Treptow-Köpenick,Accident with minor injuries,Collision with a turning/crossing vehicle,Turning/Crossing accident,Dark,Wet/moist/slippery
13105,202408,6,Mittelstraße,2019,12,19,6,3,5,3,2,0,1,0,0,0,0,1,Steglitz-Zehlendorf,Accident with minor injuries,Collision with a turning/crossing vehicle,Turning/Crossing accident,Dark,Wet/moist/slippery
13106,202409,8,Reuterkiez,2019,12,14,1,3,5,3,0,1,1,0,0,0,0,1,Neukölln,Accident with minor injuries,Collision with a turning/crossing vehicle,Turning/Crossing accident,Daylight,Wet/moist/slippery
13107,202410,8,Glasower Straße,2019,12,19,6,3,2,6,2,0,1,0,0,0,0,1,Neukölln,Accident with minor injuries,Collision with the vehicle in front/waiting vehicle,Collision involving vehicles going in the same way,Dark,Wet/moist/slippery
13108,202411,8,Waßmannsdorfer Chaussee,2019,12,14,1,2,5,2,0,0,1,0,0,0,0,1,Neukölln,Accident with serious injuries,Collision with a turning/crossing vehicle,Turning accident,Daylight,Wet/moist/slippery
13109,202412,7,Kaiser-Wilhelm-Platz,2019,12,19,6,3,0,4,2,1,0,1,0,0,0,1,Tempelhof-Schöneberg,Accident with minor injuries,Others,Pedestrian crossing accident,Dark,Wet/moist/slippery
13110,202413,4,Park Ruhwald,2019,12,18,6,3,2,6,2,0,1,0,0,0,0,1,Charlottenburg - Wilmersdorf,Accident with minor injuries,Collision with the vehicle in front/waiting vehicle,Collision involving vehicles going in the same way,Dark,Wet/moist/slippery
13111,202414,4,Motardstraße,2019,12,13,1,3,2,6,0,0,1,0,0,0,0,1,Charlottenburg - Wilmersdorf,Accident with minor injuries,Collision with the vehicle in front/waiting vehicle,Collision involving vehicles going in the same way,Daylight,Wet/moist/slippery
13112,202415,12,Waldidyll/Flughafensee,2019,12,11,1,3,5,2,0,0,1,0,0,0,0,1,Reinickendorf,Accident with minor injuries,Collision with a turning/crossing vehicle,Turning accident,Daylight,Wet/moist/slippery
13113,202416,12,Ziekowstraße/Freie Scholle,2019,12,18,6,3,6,4,2,0,1,1,0,0,0,1,Reinickendorf,Accident with minor injuries,Collision between vehicle and pedestrian,Pedestrian crossing accident,Dark,Wet/moist/slippery
13114,202417,4,Halensee,2019,12,18,6,3,0,7,2,0,1,0,0,0,0,1,Charlottenburg - Wilmersdorf,Accident with minor injuries,Others,Others,Dark,Wet/moist/slippery
13115,202418,9,Johannisthal West,2019,12,6,1,3,8,1,2,0,1,0,0,0,0,2,Treptow-Köpenick,Accident with minor injuries,Departure from the roadway to the right,Driving accident,Dark,Snowy
13116,202419,4,Ernst-Reuter-Platz,2019,12,5,1,3,9,1,2,0,1,0,0,0,0,1,Charlottenburg - Wilmersdorf,Accident with minor injuries,Departure from the roadway to the left,Driving accident,Dark,Wet/moist/slippery
13117,202420,4,Breite Straße,2019,12,18,6,2,6,4,2,1,0,1,0,0,0,1,Charlottenburg - Wilmersdorf,Accident with serious injuries,Collision between vehicle and pedestrian,Pedestrian crossing accident,Dark,Wet/moist/slippery
13118,202421,5,Motardstraße,2019,12,16,6,2,6,2,2,0,1,1,0,0,0,1,Spandau,Accident with serious injuries,Collision between vehicle and pedestrian,Turning accident,Dark,Wet/moist/slippery
13119,202422,4,Hindemithplatz,2019,12,16,6,2,0,7,2,1,0,0,0,0,0,1,Charlottenburg - Wilmersdorf,Accident with serious injuries,Others,Others,Dark,Wet/moist/slippery
13120,202423,9,Kietzer Feld/Nachtheide,2019,12,5,1,3,9,1,2,0,1,0,0,0,0,1,Treptow-Köpenick,Accident with minor injuries,Departure from the roadway to the left,Driving accident,Dark,Wet/moist/slippery
13121,202424,2,Traveplatz,2019,12,14,6,3,5,3,0,0,1,0,0,0,0,1,Friedrichshain - Kreuzberg,Accident with minor injuries,Collision with a turning/crossing vehicle,Turning/Crossing accident,Daylight,Wet/moist/slippery
13122,202425,1,Karl-Marx-Allee,2019,12,1,1,2,5,3,2,1,1,0,0,0,0,1,Mitte,Accident with serious injuries,Collision with a turning/crossing vehicle,Turning/Crossing accident,Dark,Wet/moist/slippery
13123,202426,9,Wohngebiet II,2019,12,14,6,3,5,2,0,1,1,0,0,0,0,1,Treptow-Köpenick,Accident with minor injuries,Collision with a turning/crossing vehicle,Turning accident,Daylight,Wet/moist/slippery
13124,202427,4,Bismarckallee,2019,12,10,6,3,5,3,0,1,1,0,0,0,0,1,Charlottenburg - Wilmersdorf,Accident with minor injuries,Collision with a turning/crossing vehicle,Turning/Crossing accident,Daylight,Wet/moist/slippery