,object id,district,street,year,month,hour of day,weekday,category,accident type,accident type 2,light situation,bike involved,car involved,pedestrian involved,motor bike involved,big track involved,other vehicle involved,road condition,district name,category name,accident detail,accident type detail,light condition,road condition detail
13125,202428,3,Heinersdorf,2019,12,12,1,3,2,6,0,0,1,0,0,0,0,0,Pankow,Accident with minor injuries,Collision with the vehicle in front/waiting vehicle,Collision involving vehicles going in the same way,Daylight,Dry
13126,202429,11,Weitlingstraße,2019,12,9,6,3,5,3,0,0,1,0,0,0,0,1,Lichtenberg,Accident with minor injuries,Collision with a turning/crossing vehicle,Turning/Crossing accident,Daylight,Wet/moist/slippery
13127,202430,4,Hagenplatz,2019,12,9,6,3,6,4,0,0,1,1,0,0,0,1,Charlottenburg - Wilmersdorf,Accident with minor injuries,Collision between vehicle and pedestrian,Pedestrian crossing accident,Daylight,Wet/moist/slippery
13128,202431,8,Körnerpark,2019,12,8,6,3,5,7,0,1,1,0,0,0,0,0,Neukölln,Accident with minor injuries,Collision with a turning/crossing vehicle,Others,Daylight,Dry
13129,202432,11,Herzbergstraße,2019,12,0,1,1,6,4,2,0,1,1,0,0,0,1,Lichtenberg,Accident with fatalities,Collision between vehicle and pedestrian,Pedestrian crossing accident,Dark,Wet/moist/slippery
13130,202433,8,Bouchéstraße,2019,12,14,7,2,5,7,0,0,1,0,1,0,0,1,Neukölln,Accident with serious injuries,Collision with a turning/crossing vehicle,Others,Daylight,Wet/moist/slippery
13131,202434,2,Graefekiez,2019,12,8,6,3,0,1,0,1,0,0,0,0,0,0,Friedrichshain - Kreuzberg,Accident with minor injuries,Others,Driving accident,Daylight,Dry
13132,202435,8,Zittauer Straße,2019,12,14,2,3,5,3,0,0,1,0,0,0,0,0,Neukölln,Accident with minor injuries,Collision with a turning/crossing vehicle,Turning/Crossing accident,Daylight,Dry
13133,202436,8,Flughafenstraße,2019,12,13,2,3,1,5,0,1,1,0,0,0,0,0,Neukölln,Accident with minor injuries,Collision with a moving/standing/parked vehicle,Accident involving parked vehicles,Daylight,Dry
13134,202437,12,Letteplatz,2019,12,11,2,3,5,3,0,0,1,0,0,0,0,0,Reinickendorf,Accident with minor injuries,Collision with a turning/crossing vehicle,Turning/Crossing accident,Daylight,Dry
13135,202438,8,Donaustraße,2019,12,10,2,3,5,2,0,0,1,0,1,0,0,0,Neukölln,Accident with minor injuries,Collision with a turning/crossing vehicle,Turning accident,Daylight,Dry
13136,202439,4,Plötzensee,2019,12,8,2,3,6,4,0,0,0,1,1,0,0,0,Charlottenburg - Wilmersdorf,Accident with minor injuries,Collision between vehicle and pedestrian,Pedestrian crossing accident,Daylight,Dry
13137,202440,6,Oberhofer Platz,2019,12,21,2,2,5,3,2,0,1,0,0,1,0,0,Steglitz-Zehlendorf,Accident with serious injuries,Collision with a turning/crossing vehicle,Turning/Crossing accident,Dark,Dry
13138,202441,9,Oberschöneweide West,2019,12,6,2,2,0,1,2,1,0,0,0,0,0,0,Treptow-Köpenick,Accident with serious injuries,Others,Driving accident,Dark,Dry
13139,202442,8,Gropiusstadt Ost,2019,12,16,1,3,6,7,2,0,1,1,0,0,0,0,Neukölln,Accident with minor injuries,Collision between vehicle and pedestrian,Others,Dark,Dry
13140,202443,11,Victoriastadt,2019,12,15,1,3,5,3,0,0,1,0,0,0,0,0,Lichtenberg,Accident with minor injuries,Collision with a turning/crossing vehicle,Turning/Crossing accident,Daylight,Dry
13141,202444,4,Kissinger Straße,2019,12,14,1,3,2,6,0,0,1,0,0,0,0,0,Charlottenburg - Wilmersdorf,Accident with minor injuries,Collision with the vehicle in front/waiting vehicle,Collision involving vehicles going in the same way,Daylight,Dry
13142,202445,6,Lankwitz Kirche,2019,12,4,1,3,5,3,2,0,1,0,0,0,0,0,Steglitz-Zehlendorf,Accident with minor injuries,Collision with a turning/crossing vehicle,Turning/Crossing accident,Dark,Dry
13143,202446,4,Karl-August-Platz,2019,12,2,1,3,1,5,2,0,1,0,0,0,0,0,Charlottenburg - Wilmersdorf,Accident with minor injuries,Collision with a moving/standing/parked vehicle,Accident involving parked vehicles,Dark,Dry
13144,202447,11,Falkenberg West,2019,12,21,7,2,6,4,2,0,1,1,0,0,0,0,Lichtenberg,Accident with serious injuries,Collision between vehicle and pedestrian,Pedestrian crossing accident,Dark,Dry
13145,202448,1,Oranienburger Straße,2019,12,21,7,3,1,5,2,0,1,0,0,0,1,0,Mitte,Accident with minor injuries,Collision with a moving/standing/parked vehicle,Accident involving parked vehicles,Dark,Dry
13146,202449,8,Gewerbegebiet Köllnische Heide,2019,12,20,7,3,2,2,2,0,1,0,0,0,0,1,Neukölln,Accident with minor injuries,Collision with the vehicle in front/waiting vehicle,Turning accident,Dark,Wet/moist/slippery
13147,202450,1,Reinickendorfer Straße,2019,12,17,7,3,6,7,2,0,1,1,0,0,0,0,Mitte,Accident with minor injuries,Collision between vehicle and pedestrian,Others,Dark,Dry
13148,202451,1,Zillesiedlung,2019,12,16,7,3,0,1,2,1,0,0,0,0,0,0,Mitte,Accident with minor injuries,Others,Driving accident,Dark,Dry
13149,202452,7,Rathaus Tempelhof,2019,12,17,7,3,6,4,2,0,1,1,0,0,0,0,Tempelhof-Schöneberg,Accident with minor injuries,Collision between vehicle and pedestrian,Pedestrian crossing accident,Dark,Dry
13150,202453,2,Friedenstraße,2019,12,15,7,3,6,3,0,1,0,1,0,0,0,0,Friedrichshain - Kreuzberg,Accident with minor injuries,Collision between vehicle and pedestrian,Turning/Crossing accident,Daylight,Dry
13151,202454,6,Südende,2019,12,14,7,3,6,4,0,0,1,1,0,0,0,0,Steglitz-Zehlendorf,Accident with minor injuries,Collision between vehicle and pedestrian,Pedestrian crossing accident,Daylight,Dry
13152,202455,8,Ortolanweg,2019,12,13,7,3,5,3,0,0,1,0,0,0,1,0,Neukölln,Accident with minor injuries,Collision with a turning/crossing vehicle,Turning/Crossing accident,Daylight,Dry
13153,202456,1,Alexanderplatzviertel,2019,12,12,7,3,5,3,0,0,0,0,0,0,1,0,Mitte,Accident with minor injuries,Collision with a turning/crossing vehicle,Turning/Crossing accident,Daylight,Dry
13154,202457,4,Schloßstraße,2019,12,12,7,3,5,7,0,0,1,0,1,0,0,0,Charlottenburg - Wilmersdorf,Accident with minor injuries,Collision with a turning/crossing vehicle,Others,Daylight,Dry
13155,202458,8,Reuterkiez,2019,12,12,7,3,6,4,0,0,1,1,0,0,0,0,Neukölln,Accident with minor injuries,Collision between vehicle and pedestrian,Pedestrian crossing accident,Daylight,Dry
13156,202459,2,Lausitzer Platz,2019,12,7,7,3,5,3,2,1,1,0,0,0,0,0,Friedrichshain - Kreuzberg,Accident with minor injuries,Collision with a turning/crossing vehicle,Turning/Crossing accident,Dark,Dry
13157,202460,8,Reuterkiez,2019,12,23,7,2,0,1,2,1,0,0,0,0,0,0,Neukölln,Accident with serious injuries,Others,Driving accident,Dark,Dry
13158,202461,1,Heine-Viertel West,2019,12,0,7,2,5,3,2,0,1,0,0,0,1,0,Mitte,Accident with serious injuries,Collision with a turning/crossing vehicle,Turning/Crossing accident,Dark,Dry
13159,202462,4,Alt-Lietzow,2019,12,0,6,2,8,1,2,0,1,0,0,0,0,1,Charlottenburg - Wilmersdorf,Accident with serious injuries,Departure from the roadway to the right,Driving accident,Dark,Wet/moist/slippery
13160,202463,1,Westhafen,2019,12,16,6,3,5,3,2,1,1,0,0,0,0,0,Mitte,Accident with minor injuries,Collision with a turning/crossing vehicle,Turning/Crossing accident,Dark,Dry
13161,202464,2,Graefekiez,2019,12,13,6,3,0,7,0,0,1,0,0,0,0,0,Friedrichshain - Kreuzberg,Accident with minor injuries,Others,Others,Daylight,Dry
13162,202465,9,Köpenick Nord,2019,12,10,6,3,3,6,0,1,1,0,0,0,0,1,Treptow-Köpenick,Accident with minor injuries,Collision with a vehicle traveling laterally in the same direction,Collision involving vehicles going in the same way,Daylight,Wet/moist/slippery
13163,202466,7,Grazer Platz,2019,12,10,6,3,0,3,0,0,0,0,1,0,1,1,Tempelhof-Schöneberg,Accident with minor injuries,Others,Turning/Crossing accident,Daylight,Wet/moist/slippery
13164,202467,2,Urbanstraße,2019,12,9,6,3,8,1,0,0,1,0,0,0,0,1,Friedrichshain - Kreuzberg,Accident with minor injuries,Departure from the roadway to the right,Driving accident,Daylight,Wet/moist/slippery
13165,202468,4,Bismarckallee,2019,12,7,6,3,5,3,1,1,0,0,0,0,1,0,Charlottenburg - Wilmersdorf,Accident with minor injuries,Collision with a turning/crossing vehicle,Turning/Crossing accident,Twilight,Dry
13166,202469,1,Lützowstraße,2019,12,21,6,3,2,6,2,0,1,0,0,0,0,1,Mitte,Accident with minor injuries,Collision with the vehicle in front/waiting vehicle,Collision involving vehicles going in the same way,Dark,Wet/moist/slippery
13167,202470,5,Eiswerder,2019,12,20,6,3,6,2,2,0,1,1,0,0,0,1,Spandau,Accident with minor injuries,Collision between vehicle and pedestrian,Turning accident,Dark,Wet/moist/slippery
13168,202471,4,Rüdesheimer Platz,2019,12,19,6,3,1,5,2,1,1,0,0,0,0,0,Charlottenburg - Wilmersdorf,Accident with minor injuries,Collision with a moving/standing/parked vehicle,Accident involving parked vehicles,Dark,Dry
13169,202472,8,Parchimer Allee,2019,12,17,6,3,2,6,2,0,1,0,0,0,0,1,Neukölln,Accident with minor injuries,Collision with the vehicle in front/waiting vehicle,Collision involving vehicles going in the same way,Dark,Wet/moist/slippery
13170,202473,7,Schöneberger Insel,2019,12,17,6,3,5,3,2,1,1,0,0,0,0,1,Tempelhof-Schöneberg,Accident with minor injuries,Collision with a turning/crossing vehicle,Turning/Crossing accident,Dark,Wet/moist/slippery
13171,202474,11,Herzbergstraße,2019,12,16,6,3,5,3,2,0,1,0,0,0,0,1,Lichtenberg,Accident with minor injuries,Collision with a turning/crossing vehicle,Turning/Crossing accident,Dark,Wet/moist/slippery
13172,202475,9,Bölschestraße,2019,12,19,6,2,6,4,2,0,1,1,0,0,0,1,Treptow-Köpenick,Accident with serious injuries,Collision between vehicle and pedestrian,Pedestrian crossing accident,Dark,Wet/moist/slippery
13173,202476,3,Schönholz,2019,12,14,6,2,0,1,0,1,0,0,0,0,0,1,Pankow,Accident with serious injuries,Others,Driving accident,Daylight,Wet/moist/slippery
13174,202477,6,Zehlendorf Eiche,2019,12,9,6,2,5,3,0,1,1,0,0,0,0,1,Steglitz-Zehlendorf,Accident with serious injuries,Collision with a turning/crossing vehicle,Turning/Crossing accident,Daylight,Wet/moist/slippery
13175,202478,12,Hausotterplatz,2019,12,17,5,3,2,2,2,1,1,0,0,0,0,1,Reinickendorf,Accident with minor injuries,Collision with the vehicle in front/waiting vehicle,Turning accident,Dark,Wet/moist/slippery
13176,202479,8,Rixdorf,2019,12,20,5,3,5,3,2,0,1,0,0,0,0,1,Neukölln,Accident with minor injuries,Collision with a turning/crossing vehicle,Turning/Crossing accident,Dark,Wet/moist/slippery
13177,202480,10,Kaulsdorf Nord I,2019,12,17,5,3,5,2,2,0,1,0,0,0,0,1,Marzahn-Hellersdorf,Accident with minor injuries,Collision with a turning/crossing vehicle,Turning accident,Dark,Wet/moist/slippery
13178,202481,11,Große-Leege-Straße,2019,12,17,5,3,5,3,2,0,1,0,0,0,0,1,Lichtenberg,Accident with minor injuries,Collision with a turning/crossing vehicle,Turning/Crossing accident,Dark,Wet/moist/slippery
13179,202482,11,Rummelsburg,2019,12,17,5,3,2,6,2,0,1,0,1,0,0,1,Lichtenberg,Accident with minor injuries,Collision with the vehicle in front/waiting vehicle,Collision involving vehicles going in the same way,Dark,Wet/moist/slippery
13180,202483,8,Donaustraße,2019,12,16,5,3,5,3,2,0,1,0,0,0,0,1,Neukölln,Accident with minor injuries,Collision with a turning/crossing vehicle,Turning/Crossing accident,Dark,Wet/moist/slippery
13181,202484,1,Brunnenstraße,2019,12,11,5,3,0,1,0,0,1,0,1,0,0,1,Mitte,Accident with minor injuries,Others,Driving accident,Daylight,Wet/moist/slippery
13182,202485,9,Bölschestraße,2019,12,9,5,3,0,1,0,1,0,0,0,0,0,1,Treptow-Köpenick,Accident with minor injuries,Others,Driving accident,Daylight,Wet/moist/slippery
13183,202486,5,Borkumer Straße,2019,12,2,5,3,8,1,2,0,1,0,0,0,0,1,Spandau,Accident with minor injuries,Departure from the roadway to the right,Driving accident,Dark,Wet/moist/slippery
13184,202487,4,Tegeler Weg,2019,12,0,5,3,0,1,2,0,0,0,0,0,1,1,Charlottenburg - Wilmersdorf,Accident with minor injuries,Others,Driving accident,Dark,Wet/moist/slippery
13185,202488,11,Herzbergstraße,2019,12,15,5,2,5,1,0,0,1,0,0,0,0,1,Lichtenberg,Accident with serious injuries,Collision with a turning/crossing vehicle,Driving accident,Daylight,Wet/moist/slippery
13186,202489,9,Baumschulenstraße,2019,12,14,5,2,5,2,0,0,1,0,0,0,0,1,Treptow-Köpenick,Accident with serious injuries,Collision with a turning/crossing vehicle,Turning accident,Daylight,Wet/moist/slippery
13187,202490,1,Humboldthain Nordwest,2019,12,6,5,2,3,6,2,1,1,0,0,0,0,1,Mitte,Accident with serious injuries,Collision with a vehicle traveling laterally in the same direction,Collision involving vehicles going in the same way,Dark,Wet/moist/slippery
13188,202491,4,Babelsberger Straße,2019,12,12,4,3,5,2,0,0,1,0,0,0,0,1,Charlottenburg - Wilmersdorf,Accident with minor injuries,Collision with a turning/crossing vehicle,Turning accident,Daylight,Wet/moist/slippery
13189,202492,1,Brunnenstraße,2019,12,23,4,3,5,7,2,0,1,0,1,0,0,1,Mitte,Accident with minor injuries,Collision with a turning/crossing vehicle,Others,Dark,Wet/moist/slippery
13190,202493,4,Hindemithplatz,2019,12,19,4,3,2,7,2,0,1,0,0,0,0,1,Charlottenburg - Wilmersdorf,Accident with minor injuries,Collision with the vehicle in front/waiting vehicle,Others,Dark,Wet/moist/slippery
13191,202494,7,Grazer Platz,2019,12,16,4,3,1,1,2,0,1,0,0,0,1,1,Tempelhof-Schöneberg,Accident with minor injuries,Collision with a moving/standing/parked vehicle,Driving accident,Dark,Wet/moist/slippery
13192,202495,8,Buckow Ost,2019,12,13,4,3,5,3,0,0,1,0,0,0,1,1,Neukölln,Accident with minor injuries,Collision with a turning/crossing vehicle,Turning/Crossing accident,Daylight,Wet/moist/slippery
13193,202496,4,Kranzallee,2019,12,23,3,3,6,2,2,0,1,1,0,0,0,1,Charlottenburg - Wilmersdorf,Accident with minor injuries,Collision between vehicle and pedestrian,Turning accident,Dark,Wet/moist/slippery
13194,202497,9,Baumschulenstraße,2019,12,21,3,3,5,2,2,0,1,0,0,0,0,1,Treptow-Köpenick,Accident with minor injuries,Collision with a turning/crossing vehicle,Turning accident,Dark,Wet/moist/slippery
13195,202498,5,Hakenfelde Nord,2019,12,20,3,3,6,2,2,0,1,1,0,0,0,1,Spandau,Accident with minor injuries,Collision between vehicle and pedestrian,Turning accident,Dark,Wet/moist/slippery
13196,202499,10,Mahlsdorf Nord,2019,12,19,3,3,5,3,2,0,1,0,0,0,0,1,Marzahn-Hellersdorf,Accident with minor injuries,Collision with a turning/crossing vehicle,Turning/Crossing accident,Dark,Wet/moist/slippery
13197,202500,11,Zingster Straße Ost,2019,12,18,3,3,1,5,2,0,1,0,0,0,0,1,Lichtenberg,Accident with minor injuries,Collision with a moving/standing/parked vehicle,Accident involving parked vehicles,Dark,Wet/moist/slippery
13198,202501,6,Kaiser-Wilhelm-Straße,2019,12,18,3,3,8,1,2,0,1,0,0,0,0,1,Steglitz-Zehlendorf,Accident with minor injuries,Departure from the roadway to the right,Driving accident,Dark,Wet/moist/slippery
13199,202502,1,Stephankiez,2019,12,14,3,3,0,1,0,0,1,0,1,0,0,0,Mitte,Accident with minor injuries,Others,Driving accident,Daylight,Dry
13200,202503,5,Freiheit,2019,12,13,3,3,0,6,0,0,1,0,0,0,1,1,Spandau,Accident with minor injuries,Others,Collision involving vehicles going in the same way,Daylight,Wet/moist/slippery
13201,202504,8,Rixdorf,2019,12,13,3,3,6,4,0,0,1,1,0,0,0,0,Neukölln,Accident with minor injuries,Collision between vehicle and pedestrian,Pedestrian crossing accident,Daylight,Dry
13202,202505,3,Pankow Süd,2019,12,11,3,3,5,2,0,1,1,0,0,0,0,0,Pankow,Accident with minor injuries,Collision with a turning/crossing vehicle,Turning accident,Daylight,Dry
13203,202506,2,Friedenstraße,2019,12,10,3,3,5,3,0,1,0,0,0,0,0,0,Friedrichshain - Kreuzberg,Accident with minor injuries,Collision with a turning/crossing vehicle,Turning/Crossing accident,Daylight,Dry
13204,202507,10,Wuhletalstraße,2019,12,9,3,3,2,2,0,0,1,0,0,0,0,0,Marzahn-Hellersdorf,Accident with minor injuries,Collision with the vehicle in front/waiting vehicle,Turning accident,Daylight,Dry
13205,202508,3,Weißenseer Spitze,2019,12,20,2,3,6,4,2,0,1,1,0,0,0,0,Pankow,Accident with minor injuries,Collision between vehicle and pedestrian,Pedestrian crossing accident,Dark,Dry
13206,202509,2,Wassertorplatz,2019,12,17,2,3,2,2,1,0,1,0,1,0,0,0,Friedrichshain - Kreuzberg,Accident with minor injuries,Collision with the vehicle in front/waiting vehicle,Turning accident,Twilight,Dry
13207,202510,10,Ringkolonnaden,2019,12,7,2,3,6,7,2,1,0,1,0,0,0,0,Marzahn-Hellersdorf,Accident with minor injuries,Collision between vehicle and pedestrian,Others,Dark,Dry
13208,202511,10,Oberfeldstraße,2019,12,13,2,3,2,6,0,0,1,0,0,0,1,1,Marzahn-Hellersdorf,Accident with minor injuries,Collision with the vehicle in front/waiting vehicle,Collision involving vehicles going in the same way,Daylight,Wet/moist/slippery
13209,202512,4,Reichsstraße,2019,12,12,2,3,6,7,0,0,1,1,0,0,0,1,Charlottenburg - Wilmersdorf,Accident with minor injuries,Collision between vehicle and pedestrian,Others,Daylight,Wet/moist/slippery
13210,202513,9,Köpenick Nord,2019,12,12,2,3,1,5,0,0,1,0,0,0,0,0,Treptow-Köpenick,Accident with minor injuries,Collision with a moving/standing/parked vehicle,Accident involving parked vehicles,Daylight,Dry
13211,202514,2,Lausitzer Platz,2019,12,19,2,3,1,5,2,1,1,0,0,0,0,0,Friedrichshain - Kreuzberg,Accident with minor injuries,Collision with a moving/standing/parked vehicle,Accident involving parked vehicles,Dark,Dry
13212,202515,4,Breitscheidplatz,2019,12,20,2,3,6,4,2,0,1,1,0,0,0,0,Charlottenburg - Wilmersdorf,Accident with minor injuries,Collision between vehicle and pedestrian,Pedestrian crossing accident,Dark,Dry
13213,202516,2,Stralauer Kiez,2019,12,18,2,3,5,7,2,0,1,0,0,0,0,0,Friedrichshain - Kreuzberg,Accident with minor injuries,Collision with a turning/crossing vehicle,Others,Dark,Dry
13214,202517,11,Große-Leege-Straße,2019,12,12,2,2,6,4,0,0,1,1,0,0,0,1,Lichtenberg,Accident with serious injuries,Collision between vehicle and pedestrian,Pedestrian crossing accident,Daylight,Wet/moist/slippery
13215,202518,9,Späthsfelde,2019,12,17,2,3,2,6,2,0,1,0,0,0,0,0,Treptow-Köpenick,Accident with minor injuries,Collision with the vehicle in front/waiting vehicle,Collision involving vehicles going in the same way,Dark,Dry
13216,202519,6,Lankwitz Süd,2019,12,16,2,2,9,1,2,0,1,0,0,0,0,0,Steglitz-Zehlendorf,Accident with serious injuries,Departure from the roadway to the left,Driving accident,Dark,Dry
13217,202520,12,Alt-Tegel,2019,12,16,2,3,2,6,1,0,1,0,0,0,0,0,Reinickendorf,Accident with minor injuries,Collision with the vehicle in front/waiting vehicle,Collision involving vehicles going in the same way,Twilight,Dry
13218,202521,6,Alt-Lankwitz,2019,12,16,2,3,5,3,2,0,1,0,0,0,0,1,Steglitz-Zehlendorf,Accident with minor injuries,Collision with a turning/crossing vehicle,Turning/Crossing accident,Dark,Wet/moist/slippery
13219,202522,8,Gropiusstadt Ost,2019,12,16,2,3,0,5,1,1,1,0,0,0,0,1,Neukölln,Accident with minor injuries,Others,Accident involving parked vehicles,Twilight,Wet/moist/slippery
13220,202523,12,Waldidyll/Flughafensee,2019,12,15,2,2,5,2,0,1,1,0,0,0,0,0,Reinickendorf,Accident with serious injuries,Collision with a turning/crossing vehicle,Turning accident,Daylight,Dry
13221,202524,4,Hagenplatz,2019,12,11,2,2,9,7,0,0,1,0,0,0,0,1,Charlottenburg - Wilmersdorf,Accident with serious injuries,Departure from the roadway to the left,Others,Daylight,Wet/moist/slippery
13222,202525,8,Tempelhofer Weg,2019,12,11,2,3,5,3,0,1,1,0,0,0,0,1,Neukölln,Accident with minor injuries,Collision with a turning/crossing vehicle,Turning/Crossing accident,Daylight,Wet/moist/slippery
13223,202526,6,Bismarckstraße,2019,12,9,2,3,6,4,0,1,0,1,0,0,0,1,Steglitz-Zehlendorf,Accident with minor injuries,Collision between vehicle and pedestrian,Pedestrian crossing accident,Daylight,Wet/moist/slippery
13224,202527,4,Breitscheidplatz,2019,12,9,2,2,6,2,0,0,1,1,0,0,0,1,Charlottenburg - Wilmersdorf,Accident with serious injuries,Collision between vehicle and pedestrian,Turning accident,Daylight,Wet/moist/slippery
13225,202528,2,Wrangelkiez,2019,12,8,2,3,1,5,0,1,0,0,0,0,1,1,Friedrichshain - Kreuzberg,Accident with minor injuries,Collision with a moving/standing/parked vehicle,Accident involving parked vehicles,Daylight,Wet/moist/slippery
13226,202529,1,Rehberge,2019,12,7,2,3,5,3,1,0,1,0,0,0,0,1,Mitte,Accident with minor injuries,Collision with a turning/crossing vehicle,Turning/Crossing accident,Twilight,Wet/moist/slippery
13227,202530,8,Rixdorf,2019,12,7,2,3,6,2,2,0,1,1,0,0,0,1,Neukölln,Accident with minor injuries,Collision between vehicle and pedestrian,Turning accident,Dark,Wet/moist/slippery
13228,202531,5,Borkumer Straße,2019,12,18,2,3,5,3,2,0,1,0,0,0,1,0,Spandau,Accident with minor injuries,Collision with a turning/crossing vehicle,Turning/Crossing accident,Dark,Dry
13229,202532,2,Chamissokiez,2019,12,14,1,3,0,1,0,1,0,0,0,0,0,1,Friedrichshain - Kreuzberg,Accident with minor injuries,Others,Driving accident,Daylight,Wet/moist/slippery
13230,202533,3,Bötzowstraße,2019,12,14,1,3,0,5,0,0,1,0,0,0,0,0,Pankow,Accident with minor injuries,Others,Accident involving parked vehicles,Daylight,Dry
13231,202534,12,Teichstraße,2019,12,12,1,2,5,2,0,1,1,0,0,0,0,0,Reinickendorf,Accident with serious injuries,Collision with a turning/crossing vehicle,Turning accident,Daylight,Dry
13232,202535,8,Buschkrugallee Nord,2019,12,12,1,3,5,2,0,0,1,0,0,0,0,1,Neukölln,Accident with minor injuries,Collision with a turning/crossing vehicle,Turning accident,Daylight,Wet/moist/slippery
13233,202536,12,Klixstraße,2019,12,9,1,3,2,2,0,0,1,0,1,0,0,1,Reinickendorf,Accident with minor injuries,Collision with the vehicle in front/waiting vehicle,Turning accident,Daylight,Wet/moist/slippery
13234,202537,4,Breitscheidplatz,2019,12,8,1,3,5,3,0,0,1,0,0,0,0,1,Charlottenburg - Wilmersdorf,Accident with minor injuries,Collision with a turning/crossing vehicle,Turning/Crossing accident,Daylight,Wet/moist/slippery
13235,202538,2,Graefekiez,2019,12,7,1,3,5,3,2,0,1,0,0,0,0,1,Friedrichshain - Kreuzberg,Accident with minor injuries,Collision with a turning/crossing vehicle,Turning/Crossing accident,Dark,Wet/moist/slippery
13236,202539,11,Sewanstraße,2019,12,18,1,3,1,5,2,0,1,0,0,0,0,1,Lichtenberg,Accident with minor injuries,Collision with a moving/standing/parked vehicle,Accident involving parked vehicles,Dark,Wet/moist/slippery
13237,202540,12,Scharnweberstraße,2019,12,21,1,3,2,6,2,0,1,0,0,0,0,0,Reinickendorf,Accident with minor injuries,Collision with the vehicle in front/waiting vehicle,Collision involving vehicles going in the same way,Dark,Dry
13238,202541,4,George-Grosz-Platz,2019,12,18,1,3,5,3,2,0,1,0,1,0,0,0,Charlottenburg - Wilmersdorf,Accident with minor injuries,Collision with a turning/crossing vehicle,Turning/Crossing accident,Dark,Dry
13239,202542,1,Arkonaplatz,2019,12,16,1,3,3,6,2,1,0,0,0,0,0,1,Mitte,Accident with minor injuries,Collision with a vehicle traveling laterally in the same direction,Collision involving vehicles going in the same way,Dark,Wet/moist/slippery
13240,202543,8,Gropiusstadt Ost,2019,12,14,1,3,1,5,0,0,1,0,0,0,0,0,Neukölln,Accident with minor injuries,Collision with a moving/standing/parked vehicle,Accident involving parked vehicles,Daylight,Dry
13241,202544,6,Nikolassee,2019,12,13,1,3,5,3,0,0,1,0,0,0,0,0,Steglitz-Zehlendorf,Accident with minor injuries,Collision with a turning/crossing vehicle,Turning/Crossing accident,Daylight,Dry
13242,202545,7,Manteuffelstraße,2019,12,21,7,3,2,2,2,0,1,0,0,0,0,0,Tempelhof-Schöneberg,Accident with minor injuries,Collision with the vehicle in front/waiting vehicle,Turning accident,Dark,Dry
13243,202546,2,Reichenberger Straße,2019,12,20,7,2,0,3,2,0,1,0,0,0,0,1,Friedrichshain - Kreuzberg,Accident with serious injuries,Others,Turning/Crossing accident,Dark,Wet/moist/slippery
13244,202547,5,Magistratsweg,2019,12,19,7,3,2,6,2,0,1,0,0,0,1,1,Spandau,Accident with minor injuries,Collision with the vehicle in front/waiting vehicle,Collision involving vehicles going in the same way,Dark,Wet/moist/slippery
13245,202548,12,Letteplatz,2019,12,17,7,2,0,4,2,0,0,1,0,0,1,0,Reinickendorf,Accident with serious injuries,Others,Pedestrian crossing accident,Dark,Dry
13246,202549,8,Rixdorf,2019,12,16,7,3,0,1,2,0,0,0,1,0,0,1,Neukölln,Accident with minor injuries,Others,Driving accident,Dark,Wet/moist/slippery
13247,202550,6,Zehlendorf Eiche,2019,12,14,7,3,2,2,0,0,1,0,0,0,0,1,Steglitz-Zehlendorf,Accident with minor injuries,Collision with the vehicle in front/waiting vehicle,Turning accident,Daylight,Wet/moist/slippery
13248,202551,5,Borkumer Straße,2019,12,13,7,3,2,7,0,0,1,0,0,0,0,0,Spandau,Accident with minor injuries,Collision with the vehicle in front/waiting vehicle,Others,Daylight,Dry
13249,202552,9,Bölschestraße,2019,12,13,7,3,6,4,0,0,1,1,0,0,0,0,Treptow-Köpenick,Accident with minor injuries,Collision between vehicle and pedestrian,Pedestrian crossing accident,Daylight,Dry
13250,202553,8,Zittauer Straße,2019,12,13,7,2,5,2,0,0,1,0,0,0,0,0,Neukölln,Accident with serious injuries,Collision with a turning/crossing vehicle,Turning accident,Daylight,Dry
13251,202554,6,Goerzwerke,2019,12,12,7,3,1,1,0,0,1,0,0,0,1,1,Steglitz-Zehlendorf,Accident with minor injuries,Collision with a moving/standing/parked vehicle,Driving accident,Daylight,Wet/moist/slippery
13252,202555,7,Marienfelder Allee Nordwest,2019,12,12,7,3,0,3,0,1,1,0,0,0,0,1,Tempelhof-Schöneberg,Accident with minor injuries,Others,Turning/Crossing accident,Daylight,Wet/moist/slippery
13253,202556,7,Marienfelde Süd,2019,12,11,7,2,8,1,0,0,1,0,0,0,0,1,Tempelhof-Schöneberg,Accident with serious injuries,Departure from the roadway to the right,Driving accident,Daylight,Wet/moist/slippery
13254,202557,12,Klixstraße,2019,12,11,7,3,5,7,0,0,1,0,0,0,0,1,Reinickendorf,Accident with minor injuries,Collision with a turning/crossing vehicle,Others,Daylight,Wet/moist/slippery
13255,202558,12,Ziekowstraße/Freie Scholle,2019,12,10,7,3,2,6,0,0,1,0,0,0,0,1,Reinickendorf,Accident with minor injuries,Collision with the vehicle in front/waiting vehicle,Collision involving vehicles going in the same way,Daylight,Wet/moist/slippery
13256,202559,1,Charitéviertel,2019,12,10,7,3,2,6,0,0,1,0,0,0,0,0,Mitte,Accident with minor injuries,Collision with the vehicle in front/waiting vehicle,Collision involving vehicles going in the same way,Daylight,Dry