,object id,district,street,year,month,hour of day,weekday,category,accident type,accident type 2,light situation,bike involved,car involved,pedestrian involved,motor bike involved,big track involved,other vehicle involved,road condition,district name,category name,accident detail,accident type detail,light condition,road condition detail
13257,202560,2,Traveplatz,2019,12,9,7,3,2,6,0,0,1,0,0,0,1,1,Friedrichshain - Kreuzberg,Accident with minor injuries,Collision with the vehicle in front/waiting vehicle,Collision involving vehicles going in the same way,Daylight,Wet/moist/slippery
13258,202561,8,Reuterkiez,2019,12,8,7,3,0,3,0,0,1,0,0,0,1,1,Neukölln,Accident with minor injuries,Others,Turning/Crossing accident,Daylight,Wet/moist/slippery
13259,202562,2,Wassertorplatz,2019,12,3,7,3,5,2,2,0,1,0,0,0,0,1,Friedrichshain - Kreuzberg,Accident with minor injuries,Collision with a turning/crossing vehicle,Turning accident,Dark,Wet/moist/slippery
13260,202563,10,Wuhletalstraße,2019,12,16,6,3,2,6,1,0,1,0,0,0,0,1,Marzahn-Hellersdorf,Accident with minor injuries,Collision with the vehicle in front/waiting vehicle,Collision involving vehicles going in the same way,Twilight,Wet/moist/slippery
13261,202564,1,Gesundbrunnen,2019,12,15,6,3,0,3,0,1,1,0,0,0,0,1,Mitte,Accident with minor injuries,Others,Turning/Crossing accident,Daylight,Wet/moist/slippery
13262,202565,6,Markelstraße,2019,12,17,6,3,0,7,2,0,1,1,0,0,0,1,Steglitz-Zehlendorf,Accident with minor injuries,Others,Others,Dark,Wet/moist/slippery
13263,202566,4,Schloßgarten,2019,12,16,6,3,5,3,2,0,1,0,0,0,0,0,Charlottenburg - Wilmersdorf,Accident with minor injuries,Collision with a turning/crossing vehicle,Turning/Crossing accident,Dark,Dry
13264,202567,8,Reuterkiez,2019,12,16,6,3,1,5,2,1,1,0,0,0,0,1,Neukölln,Accident with minor injuries,Collision with a moving/standing/parked vehicle,Accident involving parked vehicles,Dark,Wet/moist/slippery
13265,202568,7,Manteuffelstraße,2019,12,20,6,3,5,2,2,0,1,0,0,0,0,1,Tempelhof-Schöneberg,Accident with minor injuries,Collision with a turning/crossing vehicle,Turning accident,Dark,Wet/moist/slippery
13266,202569,3,Alt-Karow,2019,12,19,6,2,5,2,2,0,1,0,1,0,0,1,Pankow,Accident with serious injuries,Collision with a turning/crossing vehicle,Turning accident,Dark,Wet/moist/slippery
13267,202570,4,Hindemithplatz,2019,12,19,6,3,2,6,2,0,1,0,0,0,0,0,Charlottenburg - Wilmersdorf,Accident with minor injuries,Collision with the vehicle in front/waiting vehicle,Collision involving vehicles going in the same way,Dark,Dry
13268,202571,11,Weitlingstraße,2019,12,19,6,3,6,2,2,0,1,1,0,0,0,0,Lichtenberg,Accident with minor injuries,Collision between vehicle and pedestrian,Turning accident,Dark,Dry
13269,202572,12,Frohnau,2019,12,18,6,3,5,3,2,0,1,0,0,0,0,1,Reinickendorf,Accident with minor injuries,Collision with a turning/crossing vehicle,Turning/Crossing accident,Dark,Wet/moist/slippery
13270,202573,1,Großer Tiergarten,2019,12,18,6,3,5,3,2,0,1,0,0,0,0,0,Mitte,Accident with minor injuries,Collision with a turning/crossing vehicle,Turning/Crossing accident,Dark,Dry
13271,202574,7,Neu-Tempelhof,2019,12,17,6,2,6,4,2,0,1,1,0,0,0,1,Tempelhof-Schöneberg,Accident with serious injuries,Collision between vehicle and pedestrian,Pedestrian crossing accident,Dark,Wet/moist/slippery
13272,202575,10,Buckower Ring,2019,12,10,6,2,6,4,0,0,1,1,0,0,0,1,Marzahn-Hellersdorf,Accident with serious injuries,Collision between vehicle and pedestrian,Pedestrian crossing accident,Daylight,Wet/moist/slippery
13273,202576,1,Lüneburger Straße,2019,12,16,6,3,6,2,2,0,1,1,0,0,0,1,Mitte,Accident with minor injuries,Collision between vehicle and pedestrian,Turning accident,Dark,Wet/moist/slippery
13274,202577,5,Gütersloher Weg,2019,12,17,6,3,6,4,2,0,1,1,0,0,0,0,Spandau,Accident with minor injuries,Collision between vehicle and pedestrian,Pedestrian crossing accident,Dark,Dry
13275,202578,12,Waldidyll/Flughafensee,2019,12,10,6,3,0,5,0,1,1,0,0,0,0,1,Reinickendorf,Accident with minor injuries,Others,Accident involving parked vehicles,Daylight,Wet/moist/slippery
13276,202579,4,Hindemithplatz,2019,12,9,6,3,5,3,0,1,1,0,0,0,0,1,Charlottenburg - Wilmersdorf,Accident with minor injuries,Collision with a turning/crossing vehicle,Turning/Crossing accident,Daylight,Wet/moist/slippery
13277,202580,4,Kaiserin-Augusta-Allee,2019,12,9,6,3,5,3,0,0,1,0,0,0,0,0,Charlottenburg - Wilmersdorf,Accident with minor injuries,Collision with a turning/crossing vehicle,Turning/Crossing accident,Daylight,Dry
13278,202581,10,Alte Hellersdorfer Straße,2019,12,8,6,2,6,4,0,0,1,1,0,0,0,1,Marzahn-Hellersdorf,Accident with serious injuries,Collision between vehicle and pedestrian,Pedestrian crossing accident,Daylight,Wet/moist/slippery
13279,202582,1,Leipziger Straße,2019,12,7,6,3,2,2,1,1,1,0,0,0,0,0,Mitte,Accident with minor injuries,Collision with the vehicle in front/waiting vehicle,Turning accident,Twilight,Dry
13280,202583,11,Gensinger Straße,2019,12,7,6,3,6,4,2,0,1,1,0,0,0,1,Lichtenberg,Accident with minor injuries,Collision between vehicle and pedestrian,Pedestrian crossing accident,Dark,Wet/moist/slippery
13281,202586,2,Mehringplatz,2019,12,6,6,3,1,5,2,1,1,0,0,0,0,1,Friedrichshain - Kreuzberg,Accident with minor injuries,Collision with a moving/standing/parked vehicle,Accident involving parked vehicles,Dark,Wet/moist/slippery
13282,202587,11,Rüdigerstraße,2019,12,6,6,3,6,2,2,0,1,1,0,0,0,0,Lichtenberg,Accident with minor injuries,Collision between vehicle and pedestrian,Turning accident,Dark,Dry
13283,202590,12,Teichstraße,2019,12,16,6,3,5,2,1,1,1,0,0,0,0,0,Reinickendorf,Accident with minor injuries,Collision with a turning/crossing vehicle,Turning accident,Twilight,Dry
13284,202591,2,Lausitzer Platz,2019,12,15,6,3,0,3,1,1,1,0,0,0,0,1,Friedrichshain - Kreuzberg,Accident with minor injuries,Others,Turning/Crossing accident,Twilight,Wet/moist/slippery
13285,202593,6,Krumme Lanke,2019,12,15,6,3,6,4,1,0,1,1,0,0,0,1,Steglitz-Zehlendorf,Accident with minor injuries,Collision between vehicle and pedestrian,Pedestrian crossing accident,Twilight,Wet/moist/slippery
13286,202595,8,Zittauer Straße,2019,12,14,6,2,6,4,0,0,1,1,0,0,0,1,Neukölln,Accident with serious injuries,Collision between vehicle and pedestrian,Pedestrian crossing accident,Daylight,Wet/moist/slippery
13287,202596,7,Rathausstraße,2019,12,14,6,3,5,3,0,1,0,0,0,1,0,0,Tempelhof-Schöneberg,Accident with minor injuries,Collision with a turning/crossing vehicle,Turning/Crossing accident,Daylight,Dry
13288,202599,4,Breitscheidplatz,2019,12,14,6,3,0,6,0,0,1,0,0,0,1,0,Charlottenburg - Wilmersdorf,Accident with minor injuries,Others,Collision involving vehicles going in the same way,Daylight,Dry
13289,202600,2,Boxhagener Platz,2019,12,23,6,3,5,3,2,0,1,0,0,0,0,1,Friedrichshain - Kreuzberg,Accident with minor injuries,Collision with a turning/crossing vehicle,Turning/Crossing accident,Dark,Wet/moist/slippery
13290,202602,10,Landsberger Tor,2019,12,22,6,2,0,1,2,1,0,0,0,0,0,1,Marzahn-Hellersdorf,Accident with serious injuries,Others,Driving accident,Dark,Wet/moist/slippery
13291,202603,3,Humannplatz,2019,12,22,6,3,0,5,2,0,1,1,0,0,0,0,Pankow,Accident with minor injuries,Others,Accident involving parked vehicles,Dark,Dry
13292,202606,4,Schloßstraße,2019,12,21,6,3,5,3,2,0,1,0,0,0,1,0,Charlottenburg - Wilmersdorf,Accident with minor injuries,Collision with a turning/crossing vehicle,Turning/Crossing accident,Dark,Dry
13293,202607,10,Biesdorf Süd,2019,12,14,6,3,5,2,0,1,0,0,0,0,1,0,Marzahn-Hellersdorf,Accident with minor injuries,Collision with a turning/crossing vehicle,Turning accident,Daylight,Dry
13294,202608,7,Wittenbergplatz/Viktoria-Luise-Platz,2019,12,14,6,3,3,6,0,1,0,0,0,0,0,0,Tempelhof-Schöneberg,Accident with minor injuries,Collision with a vehicle traveling laterally in the same direction,Collision involving vehicles going in the same way,Daylight,Dry
13295,202609,10,Helle Mitte,2019,12,17,6,2,5,2,2,1,1,0,0,0,0,1,Marzahn-Hellersdorf,Accident with serious injuries,Collision with a turning/crossing vehicle,Turning accident,Dark,Wet/moist/slippery
13296,202610,10,Alt-Marzahn,2019,12,16,6,3,5,2,2,1,1,0,0,0,0,0,Marzahn-Hellersdorf,Accident with minor injuries,Collision with a turning/crossing vehicle,Turning accident,Dark,Dry
13297,202613,6,Krumme Lanke,2019,12,14,6,3,3,6,0,0,1,0,0,0,0,0,Steglitz-Zehlendorf,Accident with minor injuries,Collision with a vehicle traveling laterally in the same direction,Collision involving vehicles going in the same way,Daylight,Dry
13298,202615,6,Alt-Lankwitz,2019,12,16,6,2,6,2,2,0,1,1,0,0,0,0,Steglitz-Zehlendorf,Accident with serious injuries,Collision between vehicle and pedestrian,Turning accident,Dark,Dry
13299,202618,8,Flughafenstraße,2019,12,13,6,3,5,7,0,0,1,0,0,0,0,0,Neukölln,Accident with minor injuries,Collision with a turning/crossing vehicle,Others,Daylight,Dry
13300,202622,6,Augustaplatz,2019,12,7,6,3,5,2,0,1,1,0,0,0,0,0,Steglitz-Zehlendorf,Accident with minor injuries,Collision with a turning/crossing vehicle,Turning accident,Daylight,Dry
13301,202623,1,Brunnenstraße,2019,12,21,6,3,5,2,2,1,1,0,0,0,0,1,Mitte,Accident with minor injuries,Collision with a turning/crossing vehicle,Turning accident,Dark,Wet/moist/slippery
13302,202626,5,Motardstraße,2019,12,20,6,3,6,2,2,0,1,1,0,0,0,1,Spandau,Accident with minor injuries,Collision between vehicle and pedestrian,Turning accident,Dark,Wet/moist/slippery
13303,202629,1,Stephankiez,2019,12,13,6,3,5,3,0,1,1,0,0,0,0,1,Mitte,Accident with minor injuries,Collision with a turning/crossing vehicle,Turning/Crossing accident,Daylight,Wet/moist/slippery
13304,202630,3,Buchholz,2019,12,20,6,3,6,2,2,0,1,1,0,0,0,0,Pankow,Accident with minor injuries,Collision between vehicle and pedestrian,Turning accident,Dark,Dry
13305,202633,5,Eiswerder,2019,12,13,6,3,5,7,0,0,1,0,1,0,0,1,Spandau,Accident with minor injuries,Collision with a turning/crossing vehicle,Others,Daylight,Wet/moist/slippery
13306,202634,6,Schloßstraße,2019,12,13,6,3,3,6,0,1,1,0,0,0,0,0,Steglitz-Zehlendorf,Accident with minor injuries,Collision with a vehicle traveling laterally in the same direction,Collision involving vehicles going in the same way,Daylight,Dry
13307,202638,5,Goltzstraße,2019,12,12,6,3,6,4,0,0,1,1,0,0,0,0,Spandau,Accident with minor injuries,Collision between vehicle and pedestrian,Pedestrian crossing accident,Daylight,Dry
13308,202640,7,Neu-Tempelhof,2019,12,12,6,3,6,7,0,0,1,1,0,0,0,0,Tempelhof-Schöneberg,Accident with minor injuries,Collision between vehicle and pedestrian,Others,Daylight,Dry
13309,202643,1,Stülerstraße,2019,12,12,6,3,0,7,0,1,1,0,0,0,0,1,Mitte,Accident with minor injuries,Others,Others,Daylight,Wet/moist/slippery
13310,202647,11,Sewanstraße,2019,12,10,6,3,6,4,0,0,1,1,0,0,0,0,Lichtenberg,Accident with minor injuries,Collision between vehicle and pedestrian,Pedestrian crossing accident,Daylight,Dry
13311,202648,1,Leopoldplatz,2019,12,12,5,3,0,2,0,1,1,0,0,0,0,0,Mitte,Accident with minor injuries,Others,Turning accident,Daylight,Dry
13312,202651,7,Kettinger Straße/Schillerstraße,2019,12,18,5,3,6,2,2,0,1,1,0,0,0,0,Tempelhof-Schöneberg,Accident with minor injuries,Collision between vehicle and pedestrian,Turning accident,Dark,Dry
13313,202652,8,Reuterkiez,2019,12,17,5,3,0,7,2,0,0,1,0,0,1,0,Neukölln,Accident with minor injuries,Others,Others,Dark,Dry
13314,202655,7,Eisenacher Straße,2019,12,17,5,2,6,4,2,0,1,1,0,0,0,0,Tempelhof-Schöneberg,Accident with serious injuries,Collision between vehicle and pedestrian,Pedestrian crossing accident,Dark,Dry
13315,202658,7,John-Locke-Straße,2019,12,17,5,2,6,4,2,0,1,1,0,0,0,1,Tempelhof-Schöneberg,Accident with serious injuries,Collision between vehicle and pedestrian,Pedestrian crossing accident,Dark,Wet/moist/slippery
13316,202659,4,Babelsberger Straße,2019,12,17,5,3,5,2,2,1,1,0,0,0,0,0,Charlottenburg - Wilmersdorf,Accident with minor injuries,Collision with a turning/crossing vehicle,Turning accident,Dark,Dry
13317,202663,3,Buchholz,2019,12,17,5,2,6,2,2,0,1,1,0,0,0,1,Pankow,Accident with serious injuries,Collision between vehicle and pedestrian,Turning accident,Dark,Wet/moist/slippery
13318,202665,5,Carl-Schurz-Straße,2019,12,16,5,3,3,6,2,0,1,0,0,0,0,0,Spandau,Accident with minor injuries,Collision with a vehicle traveling laterally in the same direction,Collision involving vehicles going in the same way,Dark,Dry
13319,202668,10,Mahlsdorf Nord,2019,12,16,5,3,0,3,2,0,1,0,1,0,0,1,Marzahn-Hellersdorf,Accident with minor injuries,Others,Turning/Crossing accident,Dark,Wet/moist/slippery
13320,202669,4,Schloßstraße,2019,12,22,5,3,5,2,2,0,1,0,0,0,0,0,Charlottenburg - Wilmersdorf,Accident with minor injuries,Collision with a turning/crossing vehicle,Turning accident,Dark,Dry
13321,202671,6,Zehlendorf Süd,2019,12,21,5,3,5,3,2,0,1,0,1,0,0,1,Steglitz-Zehlendorf,Accident with minor injuries,Collision with a turning/crossing vehicle,Turning/Crossing accident,Dark,Wet/moist/slippery
13322,202674,7,Nollendorfplatz,2019,12,22,5,3,5,3,2,1,1,0,0,0,0,0,Tempelhof-Schöneberg,Accident with minor injuries,Collision with a turning/crossing vehicle,Turning/Crossing accident,Dark,Dry
13323,202675,2,Viktoriapark,2019,12,20,5,3,5,3,2,0,1,0,0,0,1,0,Friedrichshain - Kreuzberg,Accident with minor injuries,Collision with a turning/crossing vehicle,Turning/Crossing accident,Dark,Dry
13324,202678,2,Oranienplatz,2019,12,18,5,3,5,3,2,1,0,0,0,0,0,1,Friedrichshain - Kreuzberg,Accident with minor injuries,Collision with a turning/crossing vehicle,Turning/Crossing accident,Dark,Wet/moist/slippery
13325,202679,7,Volkspark (Rudolf-Wilde-Park),2019,12,18,5,3,2,6,2,0,1,0,0,0,1,1,Tempelhof-Schöneberg,Accident with minor injuries,Collision with the vehicle in front/waiting vehicle,Collision involving vehicles going in the same way,Dark,Wet/moist/slippery
13326,202682,6,Teltower Damm,2019,12,17,5,3,0,2,2,1,1,0,0,0,0,1,Steglitz-Zehlendorf,Accident with minor injuries,Others,Turning accident,Dark,Wet/moist/slippery
13327,202684,4,Breitscheidplatz,2019,12,15,5,3,6,4,0,0,1,1,0,0,0,0,Charlottenburg - Wilmersdorf,Accident with minor injuries,Collision between vehicle and pedestrian,Pedestrian crossing accident,Daylight,Dry
13328,202687,8,Alt-Rudow,2019,12,13,5,3,5,3,0,0,1,0,0,0,0,0,Neukölln,Accident with minor injuries,Collision with a turning/crossing vehicle,Turning/Crossing accident,Daylight,Dry
13329,202688,11,Weitlingstraße,2019,12,12,5,3,5,3,0,1,0,0,0,0,0,0,Lichtenberg,Accident with minor injuries,Collision with a turning/crossing vehicle,Turning/Crossing accident,Daylight,Dry
13330,202691,4,Schloßstraße,2019,12,12,5,3,5,2,0,1,1,0,0,0,0,0,Charlottenburg - Wilmersdorf,Accident with minor injuries,Collision with a turning/crossing vehicle,Turning accident,Daylight,Dry
13331,202692,11,Malchower Weg,2019,12,9,5,3,2,7,0,0,1,0,0,0,1,0,Lichtenberg,Accident with minor injuries,Collision with the vehicle in front/waiting vehicle,Others,Daylight,Dry
13332,202695,7,Fritz-Werner-Straße,2019,12,8,5,3,2,6,0,0,1,0,0,0,1,1,Tempelhof-Schöneberg,Accident with minor injuries,Collision with the vehicle in front/waiting vehicle,Collision involving vehicles going in the same way,Daylight,Wet/moist/slippery
13333,202696,1,Heine-Viertel West,2019,12,8,5,3,5,7,0,1,1,0,0,0,0,0,Mitte,Accident with minor injuries,Collision with a turning/crossing vehicle,Others,Daylight,Dry
13334,202700,12,Ziekowstraße/Freie Scholle,2019,12,8,5,3,0,2,0,0,1,0,0,0,1,0,Reinickendorf,Accident with minor injuries,Others,Turning accident,Daylight,Dry
13335,202701,6,Zehlendorf Mitte,2019,12,8,5,3,2,6,0,0,1,0,0,0,0,0,Steglitz-Zehlendorf,Accident with minor injuries,Collision with the vehicle in front/waiting vehicle,Collision involving vehicles going in the same way,Daylight,Dry
13336,202704,12,Waldidyll/Flughafensee,2019,12,16,5,3,5,3,2,1,1,0,0,0,0,0,Reinickendorf,Accident with minor injuries,Collision with a turning/crossing vehicle,Turning/Crossing accident,Dark,Dry
13337,202705,11,Hauptstraße,2019,12,6,5,3,5,3,2,0,1,0,0,0,0,0,Lichtenberg,Accident with minor injuries,Collision with a turning/crossing vehicle,Turning/Crossing accident,Dark,Dry
13338,202708,2,Moritzplatz,2019,12,14,5,3,2,6,0,0,1,0,0,0,0,0,Friedrichshain - Kreuzberg,Accident with minor injuries,Collision with the vehicle in front/waiting vehicle,Collision involving vehicles going in the same way,Daylight,Dry
13339,202710,8,Gewerbegebiet Köllnische Heide,2019,12,14,5,3,1,5,0,1,1,0,0,0,0,0,Neukölln,Accident with minor injuries,Collision with a moving/standing/parked vehicle,Accident involving parked vehicles,Daylight,Dry
13340,202713,9,Johannisthal Ost,2019,12,15,5,3,2,6,0,0,1,0,0,0,0,0,Treptow-Köpenick,Accident with minor injuries,Collision with the vehicle in front/waiting vehicle,Collision involving vehicles going in the same way,Daylight,Dry
13341,202714,1,Alexanderplatzviertel,2019,12,15,5,3,6,2,0,0,1,1,0,0,0,0,Mitte,Accident with minor injuries,Collision between vehicle and pedestrian,Turning accident,Daylight,Dry
13342,202717,11,Landsberger Allee,2019,12,15,5,3,5,3,0,1,1,0,0,0,0,1,Lichtenberg,Accident with minor injuries,Collision with a turning/crossing vehicle,Turning/Crossing accident,Daylight,Wet/moist/slippery
13343,202718,7,Kettinger Straße/Schillerstraße,2019,12,13,5,3,2,2,0,0,1,0,0,0,1,0,Tempelhof-Schöneberg,Accident with minor injuries,Collision with the vehicle in front/waiting vehicle,Turning accident,Daylight,Dry
13344,202721,5,Carl-Schurz-Straße,2019,12,12,4,3,2,6,0,0,1,0,0,0,0,0,Spandau,Accident with minor injuries,Collision with the vehicle in front/waiting vehicle,Collision involving vehicles going in the same way,Daylight,Dry
13345,202723,10,Hellersdorfer Promenade,2019,12,18,4,3,1,6,2,1,1,0,0,0,0,0,Marzahn-Hellersdorf,Accident with minor injuries,Collision with a moving/standing/parked vehicle,Collision involving vehicles going in the same way,Dark,Dry
13346,202724,10,Alt-Marzahn,2019,12,4,4,3,0,6,2,0,1,0,1,0,0,1,Marzahn-Hellersdorf,Accident with minor injuries,Others,Collision involving vehicles going in the same way,Dark,Wet/moist/slippery
13347,202726,7,Nollendorfplatz,2019,12,18,4,3,1,7,2,0,1,0,0,0,0,0,Tempelhof-Schöneberg,Accident with minor injuries,Collision with a moving/standing/parked vehicle,Others,Dark,Dry
13348,202728,4,Plötzensee,2019,12,6,4,3,5,7,2,0,1,0,0,1,0,0,Charlottenburg - Wilmersdorf,Accident with minor injuries,Collision with a turning/crossing vehicle,Others,Dark,Dry
13349,202729,12,Klixstraße,2019,12,9,4,3,5,3,0,0,1,0,0,0,0,0,Reinickendorf,Accident with minor injuries,Collision with a turning/crossing vehicle,Turning/Crossing accident,Daylight,Dry
13350,202732,6,Schweizer Viertel,2019,12,8,4,2,5,2,0,1,1,0,0,0,0,0,Steglitz-Zehlendorf,Accident with serious injuries,Collision with a turning/crossing vehicle,Turning accident,Daylight,Dry
13351,202738,3,Weißenseer Spitze,2019,12,8,4,3,5,3,0,1,1,0,0,0,0,0,Pankow,Accident with minor injuries,Collision with a turning/crossing vehicle,Turning/Crossing accident,Daylight,Dry
13352,202739,8,Alt-Rudow,2019,12,7,4,3,6,4,2,0,1,1,0,0,0,0,Neukölln,Accident with minor injuries,Collision between vehicle and pedestrian,Pedestrian crossing accident,Dark,Dry
13353,202743,3,Bucher Forst,2019,12,23,4,3,8,1,2,0,1,0,0,0,0,0,Pankow,Accident with minor injuries,Departure from the roadway to the right,Driving accident,Dark,Dry
13354,202744,2,Boxhagener Platz,2019,12,21,3,3,6,4,2,0,1,1,0,0,0,0,Friedrichshain - Kreuzberg,Accident with minor injuries,Collision between vehicle and pedestrian,Pedestrian crossing accident,Dark,Dry
13355,202745,12,Rollbergesiedlung,2019,12,21,4,3,1,5,2,1,1,0,0,0,0,0,Reinickendorf,Accident with minor injuries,Collision with a moving/standing/parked vehicle,Accident involving parked vehicles,Dark,Dry
13356,202746,4,Amtsgerichtsplatz,2019,12,15,3,3,5,5,0,0,1,0,0,0,0,0,Charlottenburg - Wilmersdorf,Accident with minor injuries,Collision with a turning/crossing vehicle,Accident involving parked vehicles,Daylight,Dry
13357,202747,12,Wittenau Nord,2019,12,15,3,3,1,7,1,0,1,0,0,0,0,0,Reinickendorf,Accident with minor injuries,Collision with a moving/standing/parked vehicle,Others,Twilight,Dry
13358,202748,9,Elsenstraße,2019,12,17,4,3,5,3,2,1,1,0,0,0,0,0,Treptow-Köpenick,Accident with minor injuries,Collision with a turning/crossing vehicle,Turning/Crossing accident,Dark,Dry
13359,202749,1,Rehberge,2019,12,13,3,3,5,3,0,1,1,0,0,0,0,0,Mitte,Accident with minor injuries,Collision with a turning/crossing vehicle,Turning/Crossing accident,Daylight,Dry
13360,202750,6,Mittelstraße,2019,12,12,3,3,0,6,0,0,1,0,0,0,1,0,Steglitz-Zehlendorf,Accident with minor injuries,Others,Collision involving vehicles going in the same way,Daylight,Dry
13361,202751,4,Breitscheidplatz,2019,12,12,3,3,1,5,0,1,1,0,0,0,0,0,Charlottenburg - Wilmersdorf,Accident with minor injuries,Collision with a moving/standing/parked vehicle,Accident involving parked vehicles,Daylight,Dry
13362,202752,8,Tempelhofer Weg,2019,12,21,4,3,3,6,2,1,1,0,0,0,0,0,Neukölln,Accident with minor injuries,Collision with a vehicle traveling laterally in the same direction,Collision involving vehicles going in the same way,Dark,Dry
13363,202753,1,Heine-Viertel Ost,2019,12,2,3,3,2,7,2,1,1,0,0,0,0,1,Mitte,Accident with minor injuries,Collision with the vehicle in front/waiting vehicle,Others,Dark,Wet/moist/slippery
13364,202754,8,Treptower Straße Nord,2019,12,18,3,2,5,2,2,0,1,0,0,0,0,0,Neukölln,Accident with serious injuries,Collision with a turning/crossing vehicle,Turning accident,Dark,Dry
13365,202755,1,Soldiner Straße,2019,12,21,4,3,5,2,2,0,1,0,0,0,0,0,Mitte,Accident with minor injuries,Collision with a turning/crossing vehicle,Turning accident,Dark,Dry
13366,202756,3,Weißenseer Spitze,2019,12,15,3,2,5,2,0,0,1,0,0,0,0,0,Pankow,Accident with serious injuries,Collision with a turning/crossing vehicle,Turning accident,Daylight,Dry
13367,202757,7,Nollendorfplatz,2019,12,14,4,3,3,6,0,0,1,0,0,0,0,0,Tempelhof-Schöneberg,Accident with minor injuries,Collision with a vehicle traveling laterally in the same direction,Collision involving vehicles going in the same way,Daylight,Dry
13368,202758,11,Dorf Falkenberg,2019,12,11,3,2,6,4,0,0,1,1,0,0,0,0,Lichtenberg,Accident with serious injuries,Collision between vehicle and pedestrian,Pedestrian crossing accident,Daylight,Dry
13369,202759,2,Viktoriapark,2019,12,19,2,3,6,7,2,1,0,1,0,0,0,0,Friedrichshain - Kreuzberg,Accident with minor injuries,Collision between vehicle and pedestrian,Others,Dark,Dry
13370,202760,4,Amtsgerichtsplatz,2019,12,8,4,3,2,6,0,1,1,0,0,0,0,0,Charlottenburg - Wilmersdorf,Accident with minor injuries,Collision with the vehicle in front/waiting vehicle,Collision involving vehicles going in the same way,Daylight,Dry
13371,202761,10,Kaulsdorf Nord,2019,12,16,4,3,5,3,2,0,1,0,0,0,0,0,Marzahn-Hellersdorf,Accident with minor injuries,Collision with a turning/crossing vehicle,Turning/Crossing accident,Dark,Dry
13372,202762,6,Schütte-Lanz-Straße,2019,12,22,2,3,0,3,2,0,0,0,0,0,1,0,Steglitz-Zehlendorf,Accident with minor injuries,Others,Turning/Crossing accident,Dark,Dry
13373,202763,4,Breitscheidplatz,2019,12,19,2,3,2,2,2,0,1,0,0,0,0,0,Charlottenburg - Wilmersdorf,Accident with minor injuries,Collision with the vehicle in front/waiting vehicle,Turning accident,Dark,Dry
13374,202764,6,Kaiser-Wilhelm-Straße,2019,12,18,4,3,0,7,2,0,1,0,0,0,0,0,Steglitz-Zehlendorf,Accident with minor injuries,Others,Others,Dark,Dry
13375,202765,11,Rüdigerstraße,2019,12,15,4,3,2,6,1,0,1,0,0,0,0,0,Lichtenberg,Accident with minor injuries,Collision with the vehicle in front/waiting vehicle,Collision involving vehicles going in the same way,Twilight,Dry
13376,202766,1,Leopoldplatz,2019,12,18,2,3,5,2,2,0,1,0,0,0,0,0,Mitte,Accident with minor injuries,Collision with a turning/crossing vehicle,Turning accident,Dark,Dry
13377,202767,1,Karl-Marx-Allee,2019,12,18,2,3,6,7,2,1,1,1,0,0,0,0,Mitte,Accident with minor injuries,Collision between vehicle and pedestrian,Others,Dark,Dry
13378,202768,1,Lüneburger Straße,2019,12,17,2,3,5,3,2,0,1,0,1,0,0,0,Mitte,Accident with minor injuries,Collision with a turning/crossing vehicle,Turning/Crossing accident,Dark,Dry
13379,202769,1,Sparrplatz,2019,12,15,4,3,5,2,0,0,1,0,0,0,0,0,Mitte,Accident with minor injuries,Collision with a turning/crossing vehicle,Turning accident,Daylight,Dry
13380,202770,3,Volkspark Prenzlauer Berg,2019,12,17,2,3,2,6,2,0,1,0,0,0,0,0,Pankow,Accident with minor injuries,Collision with the vehicle in front/waiting vehicle,Collision involving vehicles going in the same way,Dark,Dry
13381,202771,7,Rathaus Tempelhof,2019,12,18,4,3,0,7,2,1,0,0,0,0,0,1,Tempelhof-Schöneberg,Accident with minor injuries,Others,Others,Dark,Wet/moist/slippery
13382,202772,11,Herzbergstraße,2019,12,16,2,3,5,3,2,1,1,0,0,0,0,0,Lichtenberg,Accident with minor injuries,Collision with a turning/crossing vehicle,Turning/Crossing accident,Dark,Dry
13383,202773,10,Biesdorf Süd,2019,12,16,2,3,2,6,1,0,1,0,1,0,0,0,Marzahn-Hellersdorf,Accident with minor injuries,Collision with the vehicle in front/waiting vehicle,Collision involving vehicles going in the same way,Twilight,Dry
13384,202774,2,Urbanstraße,2019,12,18,4,3,1,5,2,1,1,0,0,0,0,1,Friedrichshain - Kreuzberg,Accident with minor injuries,Collision with a moving/standing/parked vehicle,Accident involving parked vehicles,Dark,Wet/moist/slippery
13385,202775,1,Alexanderplatzviertel,2019,12,15,2,3,3,6,0,0,1,1,0,0,0,0,Mitte,Accident with minor injuries,Collision with a vehicle traveling laterally in the same direction,Collision involving vehicles going in the same way,Daylight,Dry
13386,202776,1,Wilhelmstraße,2019,12,14,2,3,1,5,0,1,1,0,0,0,0,0,Mitte,Accident with minor injuries,Collision with a moving/standing/parked vehicle,Accident involving parked vehicles,Daylight,Dry
13387,202777,1,Karl-Marx-Allee,2019,12,14,2,3,2,2,0,0,1,0,0,0,1,0,Mitte,Accident with minor injuries,Collision with the vehicle in front/waiting vehicle,Turning accident,Daylight,Dry
13388,202778,11,Rüdigerstraße,2019,12,18,4,2,5,2,2,0,1,0,1,0,0,0,Lichtenberg,Accident with serious injuries,Collision with a turning/crossing vehicle,Turning accident,Dark,Dry
13389,202779,1,Unter den Linden Nord,2019,12,14,4,3,2,2,0,1,1,0,0,0,0,0,Mitte,Accident with minor injuries,Collision with the vehicle in front/waiting vehicle,Turning accident,Daylight,Dry